Run case stanby/standby_sstable_replay
[2026-10-03 04:39:14.790][INFO ] [MyTest         :78] - print args => [-use_ob_connector, true, -result_file, r/stanby/standby_sstable_replay.result, -test_file, t/stanby/standby_sstable_replay.test]
[-use_ob_connector, true, -result_file, r/stanby/standby_sstable_replay.result, -test_file, t/stanby/standby_sstable_replay.test]
[2026-10-03 04:39:14.792][INFO ] [MyTest         :81] - start case => t/stanby/standby_sstable_replay.test
[2026-10-03 04:39:14.798][INFO ] [MyTest         :84] - use data id => obtest_nijia.nj_6.12.232.130
[2026-10-03 04:39:14.875][INFO ] [TestCase       :107] - initilize deploy processor
[2026-10-03 04:39:14.886][INFO ] [DeployConfig   :590] - config port and dataid. port_base=>1124, obs_port=>1124, mysql_port=>1159, data_id=>obtest_nijia.nj_6.12.232.130_0, port_offset=>0
[2026-10-03 04:39:14.938][INFO ] [DeployConfig   :577] - config port and dataid. port_base=>42000, obs_port=>42000, mysql_port=>42035, data_id=>obtest_nijia.nj_6.12.232.130_042000
[2026-10-03 04:39:14.944][INFO ] [OfsProcessor   :53] - ofs_deployer: null/hap.py
[2026-10-03 04:39:14.945][INFO ] [OfsCreateTenantProcessor:32] - ofsshell: null/../../bin/ofsshell
[2026-10-03 04:39:14.945][INFO ] [TestCase       :761] - Read file => t/stanby/standby_sstable_replay.test
[2026-10-03 04:39:14.946][INFO ] [TestCase       :721] - Finish read case: file_lines => 161, lineNo => 101
[2026-10-03 04:39:14.956][INFO ] [Command        :536] - > LINE => 7, CMD => Q_DISABLE_ALL_RESULT_LOG, CONTENT => --disable_all_result_log
[2026-10-03 04:39:14.958][INFO ] [Command        :353] - start[1790973554957] time[0] tag[Q_DISABLE_ALL_RESULT_LOG]
[2026-10-03 04:39:14.962][INFO ] [Command        :536] - > LINE => 8, CMD => Q_DEPLOY, CONTENT => db_p=OBI(cluster=1,proxy_num=0,role=primary);
[2026-10-03 04:39:14.966][INFO ] [DeployProcessor:78] - OBI define => db_p=OBI(cluster=1,proxy_num=0,role=primary)
[2026-10-03 04:39:14.981][INFO ] [Deploy         :381] - execute db_p.z_num result => 1 result type => java.lang.Integer
[2026-10-03 04:39:15.48][INFO ] [Deploy         :464] - assign rpc port. observer=>db_p.z1.obs0, rpc_port=>42000
[2026-10-03 04:39:15.48][INFO ] [Deploy         :471] - assign mysql port. observer=>db_p.z1.obs0, mysql_port=>42035
[2026-10-03 04:39:15.48][INFO ] [Deploy         :478] - assign backup io rpc port. observer=>db_p.z1.obs0, obesi_port=>42070
[2026-10-03 04:39:15.53][INFO ] [OBLog          :99] - config.ob_version='.'
[2026-10-03 04:39:15.53][INFO ] [OBLog          :100] - config.oblog_version='default'
[2026-10-03 04:39:15.53][INFO ] [OBLog          :117] - set oblog version='.'
[2026-10-03 04:39:15.53][INFO ] [OBLog          :126] - set oblog work_dir=''
[2026-10-03 04:39:15.54][INFO ] [OBLog          :148] - oblog.is_obcdc_exist: false
[2026-10-03 04:39:15.54][INFO ] [OBLog          :149] - oblog.exec: oblog/oblog_tailf
[2026-10-03 04:39:15.54][INFO ] [OBLog          :150] - oblog.configFile: oblog/liboblog.conf
[2026-10-03 04:39:15.54][INFO ] [OBLog          :151] - oblog.dataFile: oblog/data.log
[2026-10-03 04:39:15.54][INFO ] [OBLog          :152] - oblog.envCon: LD_LIBRARY_PATH=oblog:$LD_LIBRARY_PATH
[2026-10-03 04:39:15.55][INFO ] [OBLog          :153] - oblog.startCmdHead: ulimit -c unlimited; LD_LIBRARY_PATH=oblog:$LD_LIBRARY_PATH oblog/oblog_tailf
[2026-10-03 04:39:15.55][INFO ] [OBLog          :154] - oblog.defaultStartCmd: ulimit -c unlimited; LD_LIBRARY_PATH=oblog:$LD_LIBRARY_PATH oblog/oblog_tailf  -f oblog/liboblog.conf -D oblog/data.log -H oblog/heartbeat.log -d
[2026-10-03 04:39:15.322][INFO ] [Deploy         :1128] - start observer version is lite mode: true
[2026-10-03 04:39:15.323][INFO ] [Command        :353] - start[1790973554962] time[360] tag[Q_DEPLOY]
[2026-10-03 04:39:15.324][INFO ] [Command        :536] - > LINE => 9, CMD => Q_DEPLOY, CONTENT => db_p.reboot;
[2026-10-03 04:39:15.325][INFO ] [DeployProcessor:93] - deploy => db_p.reboot
[2026-10-03 04:39:15.326][INFO ] [Deploy         :287] - execute db_p.reset
[2026-10-03 04:39:15.326][INFO ] [Deploy         :381] - execute db_p.lite_mode result => true result type => java.lang.Boolean
[2026-10-03 04:39:15.326][INFO ] [Deploy         :294] - execute db_p.reset result => true
[2026-10-03 04:39:15.327][INFO ] [Deploy         :287] - execute db_p.clean_asvr
[2026-10-03 04:39:15.327][INFO ] [Deploy         :294] - execute db_p.clean_asvr result => true
[2026-10-03 04:39:15.332][INFO ] [Deploy         :287] - execute db_p.z1.obs0.force_stop_asvr
[2026-10-03 04:39:15.334][INFO ] [Role           :1228] - pkill -9 -u nijia.nj -f '^/data/1/nijia.nj/test/namespace_standby_20261003_v1/work/db_p.asvr0/bin/observer' on 6.12.232.130
[2026-10-03 04:39:15.365][INFO ] [Role           :1230] - pkill asvr result is => 1
[2026-10-03 04:39:15.365][INFO ] [Deploy         :294] - execute db_p.z1.obs0.force_stop_asvr result => true
[2026-10-03 04:39:15.366][INFO ] [Deploy         :287] - execute db_p.z1.obs0.rmdir_asvr
[2026-10-03 04:39:15.366][INFO ] [Role           :1237] - try to remove asvr dir server  => db_p.z1.obs0
[2026-10-03 04:39:15.372][INFO ] [Role           :1264] - rm -fr /data/1/nijia.nj/test/namespace_standby_20261003_v1/work/db_p.asvr0 , on => 6.12.232.130 rc => 0 stdout => null
[2026-10-03 04:39:15.372][INFO ] [Deploy         :294] - execute db_p.z1.obs0.rmdir_asvr result => true
[2026-10-03 04:39:15.372][INFO ] [Deploy         :331] - execute db_p.z1.obs0.clean_asvr  result => true
[2026-10-03 04:39:15.373][INFO ] [Deploy         :362] - execute db_p.z1.clean_asvr  result => true [true]
[2026-10-03 04:39:15.373][INFO ] [Deploy         :362] - execute db_p.clean_asvr_everywhere result => true [true]
[2026-10-03 04:39:15.374][INFO ] [Deploy         :331] - execute db_p.clean_all_asvr result => true
[2026-10-03 04:39:15.374][INFO ] [Deploy         :287] - execute db_p.deploy_logservice
[2026-10-03 04:39:15.374][INFO ] [Deploy         :294] - execute db_p.deploy_logservice result => true
[2026-10-03 04:39:15.375][INFO ] [Deploy         :287] - execute db_p.bootstrap_logservice
[2026-10-03 04:39:15.375][INFO ] [Deploy         :294] - execute db_p.bootstrap_logservice result => true
[2026-10-03 04:39:15.375][INFO ] [Deploy         :331] - execute db_p.reboot_logservice result => true
[2026-10-03 04:39:15.377][INFO ] [Deploy         :287] - execute db_p.z1.check_local_bin
[2026-10-03 04:39:15.383][INFO ] [Deploy         :294] - execute db_p.z1.check_local_bin result => true
[2026-10-03 04:39:15.384][INFO ] [Deploy         :287] - execute db_p.z1.check_ssh
[2026-10-03 04:39:15.384][INFO ] [Deploy         :294] - execute db_p.z1.check_ssh result => true
[2026-10-03 04:39:15.385][INFO ] [Deploy         :287] - execute db_p.z1.obs0.check_dir 
[2026-10-03 04:39:15.392][INFO ] [Deploy         :294] - execute db_p.z1.obs0.check_dir  result => true
[2026-10-03 04:39:15.405][INFO ] [Deploy         :362] - execute db_p.z1.check_dir result => true [true]
[2026-10-03 04:39:15.406][INFO ] [Deploy         :287] - execute db_p.z1.obs0.force_stop 
[2026-10-03 04:39:15.410][INFO ] [Role           :1307] - pkill -9 -u nijia.nj -f '^/data/1/nijia.nj/test/namespace_standby_20261003_v1/work/db_p.z1.obs0/bin/observer|^/data/1/nijia.nj/test/namespace_standby_20261003_v1/work/db_p.z1.obs0/bin/obesi' on 6.12.232.130
[2026-10-03 04:39:15.432][INFO ] [Role           :1309] - pkill result is => 1
[2026-10-03 04:39:15.433][INFO ] [Role           :1142] - wait stop /data/1/nijia.nj/test/namespace_standby_20261003_v1/work/db_p.z1.obs0/bin/observer on 6.12.232.130
[2026-10-03 04:39:15.433][INFO ] [Role           :1190] - ps uxf | grep "/data/1/nijia.nj/test/namespace_standby_20261003_v1/work/db_p.z1.obs0/bin/observer" | grep -v grep
[2026-10-03 04:39:15.478][INFO ] [Role           :1154] - check port on 6.12.232.130
[2026-10-03 04:39:15.480][INFO ] [RemoteShell    :143] - netstat -lpnt 2>/dev/null | grep '0.0.0.0:42000 ' | awk -F ' ' '{print $7}'
[2026-10-03 04:39:15.513][INFO ] [RemoteShell    :143] - netstat -lpnt 2>/dev/null | grep '0.0.0.0:42035 ' | awk -F ' ' '{print $7}'
[2026-10-03 04:39:15.554][INFO ] [Role           :1164] - stop obs0 took 2 s
[2026-10-03 04:39:15.554][INFO ] [Deploy         :294] - execute db_p.z1.obs0.force_stop  result => true
[2026-10-03 04:39:15.555][INFO ] [Deploy         :362] - execute db_p.z1.force_stop result => true [true]
[2026-10-03 04:39:15.556][INFO ] [Deploy         :362] - execute db_p.z1.force_stop_logstore result => true []
[2026-10-03 04:39:15.556][INFO ] [Deploy         :331] - execute db_p.z1.force_stop_all result => true
[2026-10-03 04:39:15.557][INFO ] [Deploy         :287] - execute db_p.z1.obs0.rmdir 
[2026-10-03 04:39:15.557][INFO ] [Deploy         :381] - execute db_p.lite_mode result => true result type => java.lang.Boolean
[2026-10-03 04:39:15.559][INFO ] [Role           :1395] - rm -fr /data/1/nijia.nj/test/namespace_standby_20261003_v1/data/db_p.z1.obs0.nijia.nj/sstable /data/1/nijia.nj/test/namespace_standby_20261003_v1/clog/db_p.z1.obs0.nijia.nj/store /data/1/nijia.nj/test/namespace_standby_20261003_v1/clog/db_p.z1.obs0.nijia.nj/store/slog /data/1/nijia.nj/test/namespace_standby_20261003_v1/data/db_p.z1.obs0.nijia.nj/sort_dir , on => 6.12.232.130
[2026-10-03 04:39:15.567][INFO ] [Role           :1397] - rm -fr /data/1/nijia.nj/test/namespace_standby_20261003_v1/data/db_p.z1.obs0.nijia.nj/sstable /data/1/nijia.nj/test/namespace_standby_20261003_v1/clog/db_p.z1.obs0.nijia.nj/store /data/1/nijia.nj/test/namespace_standby_20261003_v1/clog/db_p.z1.obs0.nijia.nj/store/slog /data/1/nijia.nj/test/namespace_standby_20261003_v1/data/db_p.z1.obs0.nijia.nj/sort_dir , on => 6.12.232.130 rc => 0 stdout => null
[2026-10-03 04:39:15.646][INFO ] [Role           :1402] - rm -fr /data/1/nijia.nj/test/namespace_standby_20261003_v1/work/db_p.z1.obs0/log , on => 6.12.232.130 rc => 0 stdout => null
[2026-10-03 04:39:15.652][INFO ] [Role           :1407] - rm -fr /data/1/nijia.nj/test/namespace_standby_20261003_v1/work/db_p.z1.obs0/admin , on => 6.12.232.130 rc => 0 stdout => null
[2026-10-03 04:39:15.657][INFO ] [Role           :1412] - rm -fr /data/1/nijia.nj/test/namespace_standby_20261003_v1/work/db_p.z1.obs0/wallet , on => 6.12.232.130 rc => 0 stdout => null
[2026-10-03 04:39:15.663][INFO ] [Role           :1417] - rm -fr /data/1/nijia.nj/test/namespace_standby_20261003_v1/work/db_p.z1.obs0/etc/observer.c*nf*.bin* /data/1/nijia.nj/test/namespace_standby_20261003_v1/work/db_p.z1.obs0/etc/seekdb.c*nf*.bin* , on => 6.12.232.130 rc => 0 stdout => null
[2026-10-03 04:39:15.669][INFO ] [Role           :1423] - rm -fr /data/1/nijia.nj/test/namespace_standby_20261003_v1/work/db_p.z1.obs0/etc/observer.data_version.bin* /data/1/nijia.nj/test/namespace_standby_20261003_v1/work/db_p.z1.obs0/etc/seekdb.data_version.bin* , on => 6.12.232.130 rc => 0 stdout => null
[2026-10-03 04:39:15.674][INFO ] [Role           :1429] - rm -fr /data/1/nijia.nj/test/namespace_standby_20261003_v1/work/db_p.z1.obs0/etc2/observer.c*nf*.bin* , on => 6.12.232.130 rc => 0 stdout => null
[2026-10-03 04:39:15.678][INFO ] [Role           :1434] - rm -fr /data/1/nijia.nj/test/namespace_standby_20261003_v1/work/db_p.z1.obs0/etc3/observer.c*nf*.bin* , on => 6.12.232.130 rc => 0 stdout => null
[2026-10-03 04:39:15.683][INFO ] [Role           :1439] - rm -fr /data/1/nijia.nj/test/namespace_standby_20261003_v1/work/db_p.z1.obs0/run/observer.pid /data/1/nijia.nj/test/namespace_standby_20261003_v1/work/db_p.z1.obs0/run/seekdb.pid , on => 6.12.232.130 rc => 0 stdout => null
[2026-10-03 04:39:15.688][INFO ] [Role           :1444] - rm -fr /data/1/nijia.nj/test/namespace_standby_20261003_v1/work/db_p.z1.obs0/store/clog_shm , on => 6.12.232.130 rc => 0 stdout => null
[2026-10-03 04:39:15.693][INFO ] [Role           :1449] - rm -fr /data/1/nijia.nj/test/namespace_standby_20261003_v1/work/db_p.z1.obs0/store/ilog_shm , on => 6.12.232.130 rc => 0 stdout => null
[2026-10-03 04:39:15.699][INFO ] [Role           :1454] - rm -fr /data/1/nijia.nj/test/namespace_standby_20261003_v1/work/db_p.z1.obs0/store/manifest* , on => 6.12.232.130 rc => 0 stdout => null
[2026-10-03 04:39:15.708][INFO ] [Role           :1467] - rm -fr /data/1/nijia.nj/test/namespace_standby_20261003_v1/work/db_p.z1.obs0/core* , on => 6.12.232.130 rc => 0 stdout => null
[2026-10-03 04:39:15.714][INFO ] [Role           :1504] - rm -fr /data/1/nijia.nj/test/namespace_standby_20261003_v1/clog/db_p.z1.obs0.nijia.nj/ /data/1/nijia.nj/test/namespace_standby_20261003_v1/data/db_p.z1.obs0.nijia.nj/ , on => 6.12.232.130 rc => 0 stdout => null
[2026-10-03 04:39:15.937][INFO ] [Role           :1510] - rm -fr /data/1/nijia.nj/test/namespace_standby_20261003_v1/work/db_p.z1.obs0 , on => 6.12.232.130 rc => 0 stdout => null
[2026-10-03 04:39:15.942][INFO ] [Deploy         :294] - execute db_p.z1.obs0.rmdir  result => true
[2026-10-03 04:39:15.942][INFO ] [Deploy         :362] - execute db_p.z1.rmdir result => true [true]
[2026-10-03 04:39:15.942][INFO ] [Deploy         :331] - execute db_p.z1.cleanup result => true
[2026-10-03 04:39:15.943][INFO ] [Deploy         :362] - execute db_p.z1.cleanup_logstore result => true []
[2026-10-03 04:39:15.943][INFO ] [Deploy         :331] - execute db_p.z1.cleanup_all result => true
[2026-10-03 04:39:15.943][INFO ] [Deploy         :287] - execute db_p.z1.genconf
[2026-10-03 04:39:15.944][INFO ] [Deploy         :294] - execute db_p.z1.genconf result => true
[2026-10-03 04:39:15.944][INFO ] [Deploy         :287] - execute db_p.z1.obs0.mkdir 
[2026-10-03 04:39:15.945][INFO ] [Role           :1768] - mkdir -p /data/1/nijia.nj/test/namespace_standby_20261003_v1/work/db_p.z1.obs0/store/;mkdir -p /data/1/nijia.nj/test/namespace_standby_20261003_v1/clog/db_p.z1.obs0.nijia.nj/store/clog /data/1/nijia.nj/test/namespace_standby_20261003_v1/clog/db_p.z1.obs0.nijia.nj/store/ilog /data/1/nijia.nj/test/namespace_standby_20261003_v1/clog/db_p.z1.obs0.nijia.nj/store/slog /data/1/nijia.nj/test/namespace_standby_20261003_v1/data/db_p.z1.obs0.nijia.nj/sort_dir /data/1/nijia.nj/test/namespace_standby_20261003_v1/data/db_p.z1.obs0.nijia.nj/sstable;ln -sf /data/1/nijia.nj/test/namespace_standby_20261003_v1/data/db_p.z1.obs0.nijia.nj/sstable /data/1/nijia.nj/test/namespace_standby_20261003_v1/work/db_p.z1.obs0/store/;ln -sf /data/1/nijia.nj/test/namespace_standby_20261003_v1/clog/db_p.z1.obs0.nijia.nj/store/clog /data/1/nijia.nj/test/namespace_standby_20261003_v1/work/db_p.z1.obs0/store/;ln -sf /data/1/nijia.nj/test/namespace_standby_20261003_v1/clog/db_p.z1.obs0.nijia.nj/store/ilog /data/1/nijia.nj/test/namespace_standby_20261003_v1/work/db_p.z1.obs0/store/;ln -sf /data/1/nijia.nj/test/namespace_standby_20261003_v1/clog/db_p.z1.obs0.nijia.nj/store/slog /data/1/nijia.nj/test/namespace_standby_20261003_v1/work/db_p.z1.obs0/store/;ln -sf /data/1/nijia.nj/test/namespace_standby_20261003_v1/data/db_p.z1.obs0.nijia.nj/sort_dir /data/1/nijia.nj/test/namespace_standby_20261003_v1/work/db_p.z1.obs0/store/ on 6.12.232.130
[2026-10-03 04:39:15.960][INFO ] [Deploy         :294] - execute db_p.z1.obs0.mkdir  result => true
[2026-10-03 04:39:15.960][INFO ] [Deploy         :362] - execute db_p.z1.mkdir_obs result => true [true]
[2026-10-03 04:39:15.961][INFO ] [Deploy         :362] - execute db_p.z1.mkdir_logstore result => true []
[2026-10-03 04:39:15.961][INFO ] [Deploy         :331] - execute db_p.z1.mkdir result => true
[2026-10-03 04:39:15.962][INFO ] [Deploy         :287] - execute db_p.z1.obs0.rsync 
[2026-10-03 04:39:15.962][INFO ] [Role           :1648] - sync server finish, time = 0
[2026-10-03 04:39:15.963][INFO ] [Role           :1563] - rsync server => db_p.z1.obs0 version if specified => .
[2026-10-03 04:39:15.968][INFO ] [Role           :1635] - check disk dir ==> './admin' exist
[2026-10-03 04:39:15.973][WARN ] [Role           :1638] - check disk dir ==> './plugin_dir' not exist
[2026-10-03 04:39:15.978][INFO ] [Role           :1635] - check disk dir ==> './wallet' exist
[2026-10-03 04:39:15.978][INFO ] [Role           :1590] - transfer cmd to =>  rsync -WrptgoDRLv --timeout=600 bin etc lib  admin  wallet /data/1/nijia.nj/test/namespace_standby_20261003_v1/work/db_p.z1.obs0
[2026-10-03 04:39:21.274][INFO ] [Role           :1604] - rsync cmd =>  rsync -WrptgoDRLv --timeout=600 bin etc lib  admin  wallet /data/1/nijia.nj/test/namespace_standby_20261003_v1/work/db_p.z1.obs0
[2026-10-03 04:39:21.275][INFO ] [Deploy         :294] - execute db_p.z1.obs0.rsync  result => true
[2026-10-03 04:39:21.276][INFO ] [Deploy         :362] - execute db_p.z1.rsync_obs result => true [true]
[2026-10-03 04:39:21.277][INFO ] [Deploy         :362] - execute db_p.z1.rsync_logstore result => true []
[2026-10-03 04:39:21.277][INFO ] [Deploy         :331] - execute db_p.z1.rsync result => true
[2026-10-03 04:39:21.277][INFO ] [Deploy         :362] - execute db_p.z1.start_logstore result => true []
[2026-10-03 04:39:21.278][INFO ] [Deploy         :287] - execute db_p.z1.sleep 5
[2026-10-03 04:39:26.279][INFO ] [Deploy         :294] - execute db_p.z1.sleep 5 result => true
[2026-10-03 04:39:26.280][INFO ] [Deploy         :287] - execute db_p.z1.obs0.start 
[2026-10-03 04:39:26.280][INFO ] [Deploy         :381] - execute db_p.lite_mode result => true result type => java.lang.Boolean
[2026-10-03 04:39:26.281][INFO ] [Deploy         :381] - execute db_p.lite_mode result => true result type => java.lang.Boolean
6.12.232.130 is not a valid IPv6 address.
[2026-10-03 04:39:26.283][INFO ] [Role           :539] - cluster_id1
[2026-10-03 04:39:26.283][INFO ] [Deploy         :381] - execute db_p.z_num result => 1 result type => java.lang.Integer
[2026-10-03 04:39:26.283][INFO ] [Role           :552] - db_p have 1 ZONE
[2026-10-03 04:39:26.284][INFO ] [Role           :584] - ofs_list ofs_list='z1@' has_ofs_zone false
[2026-10-03 04:39:26.284][INFO ] [Role           :637] - ulimit -c unlimited -s 4096;cd /data/1/nijia.nj/test/namespace_standby_20261003_v1/work/db_p.z1.obs0;LD_LIBRARY_PATH=./lib:/usr/local/lib:/usr/lib:/usr/lib64:/usr/local/lib64:$LD_LIBRARY_PATH /data/1/nijia.nj/test/namespace_standby_20261003_v1/work/db_p.z1.obs0/bin/observer --port 42035 --data-dir /data/1/nijia.nj/test/namespace_standby_20261003_v1/work/db_p.z1.obs0/store --redo-dir /data/1/nijia.nj/test/namespace_standby_20261003_v1/work/db_p.z1.obs0/store/clog  --role=PRIMARY --parameter enable_rpc_service=true --parameter rpc_port=42000 --parameter datafile_size='2G' --parameter log_disk_size='2G' --parameter cpu_count=4 --parameter memory_limit='8G' on 6.12.232.130
[2026-10-03 04:39:26.359][INFO ] [Deploy         :294] - execute db_p.z1.obs0.start  result => true
[2026-10-03 04:39:26.360][INFO ] [Deploy         :362] - execute db_p.z1.start_obs result => true [true]
[2026-10-03 04:39:26.361][INFO ] [Deploy         :331] - execute db_p.z1.start result => true
[2026-10-03 04:39:26.361][INFO ] [Deploy         :287] - execute db_p.z1.sleep 8
[2026-10-03 04:39:34.362][INFO ] [Deploy         :294] - execute db_p.z1.sleep 8 result => true
[2026-10-03 04:39:34.362][INFO ] [Deploy         :331] - execute db_p.z1.reboot  result => true
[2026-10-03 04:39:34.362][INFO ] [Deploy         :362] - execute db_p.deploy result => true [true]
[2026-10-03 04:39:34.363][INFO ] [Deploy         :287] - execute db_p.sleep 5
[2026-10-03 04:39:39.363][INFO ] [Deploy         :294] - execute db_p.sleep 5 result => true
[2026-10-03 04:39:39.364][INFO ] [Deploy         :287] - execute db_p.bootstrap
[2026-10-03 04:39:39.365][INFO ] [Deploy         :381] - execute db_p.z_num result => 1 result type => java.lang.Integer
[2026-10-03 04:39:39.365][INFO ] [Deploy         :381] - execute db_p.zone_names result => [Ljava.lang.String;@23ceabc1 result type => [Ljava.lang.String;
[2026-10-03 04:39:39.365][INFO ] [Deploy         :381] - execute db_p.z1.obs_num result => 1 result type => java.lang.Integer
[2026-10-03 04:39:39.366][INFO ] [Deploy         :287] - execute db_p.z1.obs0.get status
[2026-10-03 04:39:39.366][WARN ] [Deploy         :298] - execute db_p.z1.obs0.get status result => null
[2026-10-03 04:39:39.366][INFO ] [Deploy         :381] - execute db_p.lite_mode result => true result type => java.lang.Boolean
[2026-10-03 04:39:39.367][INFO ] [Deploy         :294] - execute db_p.bootstrap result => true
[2026-10-03 04:39:39.367][INFO ] [Deploy         :287] - execute db_p.addserver
[2026-10-03 04:39:39.367][INFO ] [Deploy         :381] - execute db_p.z_num result => 1 result type => java.lang.Integer
[2026-10-03 04:39:39.367][INFO ] [Deploy         :381] - execute db_p.zone_names result => [Ljava.lang.String;@23ceabc1 result type => [Ljava.lang.String;
[2026-10-03 04:39:39.367][INFO ] [Deploy         :381] - execute db_p.z1.obs_num result => 1 result type => java.lang.Integer
[2026-10-03 04:39:39.368][INFO ] [Deploy         :294] - execute db_p.addserver result => true
[2026-10-03 04:39:39.368][INFO ] [Deploy         :287] - execute db_p.exec_init_sql
[2026-10-03 04:39:39.368][INFO ] [Deploy         :381] - execute db_p.lite_mode result => true result type => java.lang.Boolean
[2026-10-03 04:39:39.369][INFO ] [Deploy         :287] - execute db_p.z1.obs0.mysql_tenant_root create user 'admin' IDENTIFIED BY 'admin';use oceanbase;grant all on *.* to 'admin' WITH GRANT OPTION;create database if not exists test;
[2026-10-03 04:39:39.369][INFO ] [Role           :3182] - sql =>create user 'admin' IDENTIFIED BY 'admin';use oceanbase;grant all on *.* to 'admin' WITH GRANT OPTION;create database if not exists test;
 will be executed with connection[z1.obs0]root@sys:@6.12.232.130:42035
[2026-10-03 04:39:39.450][INFO ] [Deploy         :294] - execute db_p.z1.obs0.mysql_tenant_root create user 'admin' IDENTIFIED BY 'admin';use oceanbase;grant all on *.* to 'admin' WITH GRANT OPTION;create database if not exists test; result => true
[2026-10-03 04:39:39.452][INFO ] [Deploy         :381] - execute db_p.lite_mode result => true result type => java.lang.Boolean
[2026-10-03 04:39:39.453][INFO ] [Deploy         :381] - execute db_p.lite_mode result => true result type => java.lang.Boolean
[2026-10-03 04:39:39.453][INFO ] [Deploy         :287] - execute db_p.z1.obs0.mysql_tenant_root create user 'proxyro' IDENTIFIED BY '3u^0kCdpE';grant select on oceanbase.* to 'proxyro' WITH GRANT OPTION;
[2026-10-03 04:39:39.453][INFO ] [Role           :3182] - sql =>create user 'proxyro' IDENTIFIED BY '3u^0kCdpE';grant select on oceanbase.* to 'proxyro' WITH GRANT OPTION;
 will be executed with connection[z1.obs0]root@sys:@6.12.232.130:42035
[2026-10-03 04:39:39.511][INFO ] [Deploy         :294] - execute db_p.z1.obs0.mysql_tenant_root create user 'proxyro' IDENTIFIED BY '3u^0kCdpE';grant select on oceanbase.* to 'proxyro' WITH GRANT OPTION; result => true
[2026-10-03 04:39:39.512][INFO ] [Deploy         :287] - execute db_p.z1.obs0.mysql_tenant_root create user 'sysslaveuser' IDENTIFIED BY 'sysslaveuser';grant select on *.* to 'sysslaveuser' WITH GRANT OPTION;
[2026-10-03 04:39:39.512][INFO ] [Role           :3182] - sql =>create user 'sysslaveuser' IDENTIFIED BY 'sysslaveuser';grant select on *.* to 'sysslaveuser' WITH GRANT OPTION;
 will be executed with connection[z1.obs0]root@sys:@6.12.232.130:42035
[2026-10-03 04:39:39.574][INFO ] [Deploy         :294] - execute db_p.z1.obs0.mysql_tenant_root create user 'sysslaveuser' IDENTIFIED BY 'sysslaveuser';grant select on *.* to 'sysslaveuser' WITH GRANT OPTION; result => true
[2026-10-03 04:39:39.575][INFO ] [Deploy         :294] - execute db_p.exec_init_sql result => true
[2026-10-03 04:39:39.575][INFO ] [Deploy         :287] - execute db_p.register_proxy
[2026-10-03 04:39:39.576][INFO ] [Deploy         :294] - execute db_p.register_proxy result => true
[2026-10-03 04:39:39.576][INFO ] [Deploy         :287] - execute db_p.deploy_proxy
[2026-10-03 04:39:39.576][INFO ] [Deploy         :294] - execute db_p.deploy_proxy result => true
[2026-10-03 04:39:39.576][INFO ] [Deploy         :287] - execute db_p.sleep 5
[2026-10-03 04:39:44.577][INFO ] [Deploy         :294] - execute db_p.sleep 5 result => true
[2026-10-03 04:39:44.577][INFO ] [Deploy         :331] - execute db_p.reboot_proxy result => true
[2026-10-03 04:39:44.578][INFO ] [Deploy         :287] - execute db_p.deploy_asvr
[2026-10-03 04:39:44.578][INFO ] [Deploy         :294] - execute db_p.deploy_asvr result => true
[2026-10-03 04:39:44.578][INFO ] [Deploy         :287] - execute db_p.sleep 5
[2026-10-03 04:39:49.579][INFO ] [Deploy         :294] - execute db_p.sleep 5 result => true
[2026-10-03 04:39:49.579][INFO ] [Deploy         :331] - execute db_p.reboot_asvr result => true
[2026-10-03 04:39:49.579][INFO ] [Deploy         :287] - execute db_p.add_asvr
[2026-10-03 04:39:49.580][INFO ] [OBI            :1509] - There is no need to add asvr.
[2026-10-03 04:39:49.580][INFO ] [Deploy         :294] - execute db_p.add_asvr result => true
[2026-10-03 04:39:49.580][INFO ] [Deploy         :287] - execute db_p.prepare_agent
[2026-10-03 04:39:49.581][INFO ] [Deploy         :294] - execute db_p.prepare_agent result => true
[2026-10-03 04:39:49.581][INFO ] [Deploy         :331] - execute db_p.reboot result => true
[2026-10-03 04:39:49.581][INFO ] [Command        :353] - start[1790973555325] time[34256] tag[Q_DEPLOY]
[2026-10-03 04:39:49.581][INFO ] [Command        :536] - > LINE => 11, CMD => Q_SLEEP, CONTENT => 5
[2026-10-03 04:39:54.583][INFO ] [Command        :353] - start[1790973589582] time[5001] tag[Q_SLEEP]
[2026-10-03 04:39:54.584][INFO ] [Command        :536] - > LINE => 12, CMD => Q_ENABLE_ALL_RESULT_LOG, CONTENT => --enable_all_result_log
[2026-10-03 04:39:54.584][INFO ] [Command        :353] - start[1790973594584] time[0] tag[Q_ENABLE_ALL_RESULT_LOG]
[2026-10-03 04:39:54.585][INFO ] [Command        :536] - > LINE => 17, CMD => Q_ECHO, CONTENT => ========== Phase 1: Prepare primary SSTable and log tail ==========
[2026-10-03 04:39:54.586][INFO ] [Command        :353] - start[1790973594585] time[0] tag[Q_ECHO]
[2026-10-03 04:39:54.587][INFO ] [Command        :536] - > LINE => 19, CMD => Q_DISABLE_QUERY_LOG, CONTENT => --disable_query_log
[2026-10-03 04:39:54.587][INFO ] [Command        :353] - start[1790973594587] time[0] tag[Q_DISABLE_QUERY_LOG]
[2026-10-03 04:39:54.588][INFO ] [Command        :536] - > LINE => 20, CMD => Q_DISABLE_RESULT_LOG, CONTENT => --disable_result_log
[2026-10-03 04:39:54.588][INFO ] [Command        :353] - start[1790973594588] time[0] tag[Q_DISABLE_RESULT_LOG]
[2026-10-03 04:39:54.589][INFO ] [Command        :536] - > LINE => 22, CMD => Q_DEPLOY, CONTENT => db_p.check_until_timeout select count(*) from oceanbase.__all_virtual_server_stat where role = 'PRIMARY', 1, 30;
[2026-10-03 04:39:54.590][INFO ] [DeployProcessor:93] - deploy => db_p.check_until_timeout select count(*) from oceanbase.__all_virtual_server_stat where role = 'PRIMARY', 1, 30
[2026-10-03 04:39:54.590][INFO ] [Deploy         :287] - execute db_p.check_until_timeout select count(*) from oceanbase.__all_virtual_server_stat where role = 'PRIMARY', 1, 30
[2026-10-03 04:39:54.591][INFO ] [Deploy         :287] - execute db_p.select_one_value select count(*) from oceanbase.__all_virtual_server_stat where role = 'PRIMARY'
Loading class `com.mysql.jdbc.Driver'. This is deprecated. The new driver class is `com.mysql.cj.jdbc.Driver'. The driver is automatically registered via the SPI and manual loading of the driver class is generally unnecessary.
[2026-10-03 04:39:54.725][INFO ] [SQLProcessor   :2086] - execute sql => select count(*) from oceanbase.__all_virtual_server_stat where role = 'PRIMARY'
[2026-10-03 04:39:54.993][INFO ] [Deploy         :294] - execute db_p.select_one_value select count(*) from oceanbase.__all_virtual_server_stat where role = 'PRIMARY' result => 1
[2026-10-03 04:39:54.993][INFO ] [OBI            :5345] - check success! use time = 0
[2026-10-03 04:39:54.993][INFO ] [Deploy         :294] - execute db_p.check_until_timeout select count(*) from oceanbase.__all_virtual_server_stat where role = 'PRIMARY', 1, 30 result => true
[2026-10-03 04:39:54.993][INFO ] [Command        :353] - start[1790973594589] time[404] tag[Q_DEPLOY]
[2026-10-03 04:39:54.994][INFO ] [Command        :536] - > LINE => 23, CMD => Q_DEPLOY, CONTENT => db_p.mysql alter system set ob_compaction_schedule_interval = '3s';
[2026-10-03 04:39:54.995][INFO ] [DeployProcessor:93] - deploy => db_p.mysql alter system set ob_compaction_schedule_interval = '3s'
[2026-10-03 04:39:54.995][INFO ] [Deploy         :287] - execute db_p.mysql alter system set ob_compaction_schedule_interval = '3s'
[2026-10-03 04:39:54.995][INFO ] [Deploy         :287] - execute db_p.z1.obs0.mysql alter system set ob_compaction_schedule_interval = '3s'
[2026-10-03 04:39:54.996][INFO ] [Role           :3236] - sql =>alter system set ob_compaction_schedule_interval = '3s'
 will be executed with connection[z1.obs0]admin:admin@6.12.232.130:42035
[2026-10-03 04:39:55.29][INFO ] [Deploy         :294] - execute db_p.z1.obs0.mysql alter system set ob_compaction_schedule_interval = '3s' result => true
[2026-10-03 04:39:55.30][INFO ] [Deploy         :294] - execute db_p.mysql alter system set ob_compaction_schedule_interval = '3s' result => true
[2026-10-03 04:39:55.30][INFO ] [Command        :353] - start[1790973594994] time[35] tag[Q_DEPLOY]
[2026-10-03 04:39:55.30][INFO ] [Command        :536] - > LINE => 25, CMD => Q_CONNECT, CONTENT => ob_connect(conn_sys_p, db_p.z1.obs0, root@sys, , oceanbase, , USE_MYSQL_CONNECTOR)
[2026-10-03 04:39:55.33][INFO ] [SQLProcessor   :1505] - conn_sys_p create a physical connection  using jdbc:mysql://6.12.232.130:42035/oceanbase?useAffectedRows=true&emulateUnsupportedPstmts=false&characterEncoding=utf8&useServerPrepStmts=true&prepStmtCacheSqlLimit=1000&enableQueryTimeouts=false&useLocalSessionState=false&useLocalTransactionState=false&rewriteBatchedStatements=true&allowMultiQueries=true&socketTimeout=1800000 user/pwd is root@sys/
[2026-10-03 04:39:55.44][INFO ] [SQLProcessor   :1519] - connection => conn_sys_p is mysql mode.
[2026-10-03 04:39:55.44][INFO ] [SQLProcessor   :1522] - put conn: dataid=conn_sys_p currentConn=com.mysql.cj.jdbc.ConnectionImpl@5119fb47 hashcode => 1360657223
[2026-10-03 04:39:55.44][INFO ] [Command        :353] - start[1790973595030] time[13] tag[Q_CONNECT]
[2026-10-03 04:39:55.44][INFO ] [Command        :536] - > LINE => 26, CMD => Q_CONNECTION, CONTENT => connection conn_sys_p
[2026-10-03 04:39:55.45][INFO ] [SQLProcessor   :1128] - use connection => conn_sys_p hashcode => 1360657223
[2026-10-03 04:39:55.47][INFO ] [SQLProcessor   :1158] - connection => conn_sys_p is mysql mode. conn=com.mysql.cj.jdbc.ConnectionImpl@5119fb47
[2026-10-03 04:39:55.47][INFO ] [Command        :353] - start[1790973595045] time[2] tag[Q_CONNECTION]
[2026-10-03 04:39:55.48][INFO ] [Command        :536] - > LINE => 28, CMD => Q_ENABLE_QUERY_LOG, CONTENT => --enable_query_log
[2026-10-03 04:39:55.48][INFO ] [Command        :353] - start[1790973595048] time[0] tag[Q_ENABLE_QUERY_LOG]
[2026-10-03 04:39:55.48][INFO ] [Command        :536] - > LINE => 29, CMD => Q_ENABLE_RESULT_LOG, CONTENT => --enable_result_log
[2026-10-03 04:39:55.49][INFO ] [Command        :353] - start[1790973595049] time[0] tag[Q_ENABLE_RESULT_LOG]
[2026-10-03 04:39:55.49][INFO ] [Command        :536] - > LINE => 31, CMD => Q_QUERY, CONTENT => create table test_bootstrap_sstable_replay(id int primary key, name varchar(64), value int);
[2026-10-03 04:39:55.152][INFO ] [Command        :353] - start[1790973595049] time[102] tag[Q_QUERY]
[2026-10-03 04:39:55.153][INFO ] [Command        :536] - > LINE => 32, CMD => Q_QUERY, CONTENT => insert into test_bootstrap_sstable_replay values(1, 'major_1', 10);
[2026-10-03 04:39:55.162][INFO ] [Command        :353] - start[1790973595153] time[8] tag[Q_QUERY]
[2026-10-03 04:39:55.162][INFO ] [Command        :536] - > LINE => 33, CMD => Q_QUERY, CONTENT => insert into test_bootstrap_sstable_replay values(2, 'major_2', 20);
[2026-10-03 04:39:55.166][INFO ] [Command        :353] - start[1790973595162] time[3] tag[Q_QUERY]
[2026-10-03 04:39:55.167][INFO ] [Command        :536] - > LINE => 34, CMD => Q_QUERY, CONTENT => insert into test_bootstrap_sstable_replay values(3, 'major_3', 30);
[2026-10-03 04:39:55.171][INFO ] [Command        :353] - start[1790973595167] time[3] tag[Q_QUERY]
[2026-10-03 04:39:55.172][INFO ] [Command        :536] - > LINE => 35, CMD => Q_QUERY, CONTENT => select count(*) from test_bootstrap_sstable_replay;
[2026-10-03 04:39:55.178][INFO ] [Command        :353] - start[1790973595172] time[5] tag[Q_QUERY]
[2026-10-03 04:39:55.178][INFO ] [Command        :536] - > LINE => 36, CMD => Q_QUERY, CONTENT => select sum(value) from test_bootstrap_sstable_replay;
[2026-10-03 04:39:55.183][INFO ] [Command        :353] - start[1790973595178] time[5] tag[Q_QUERY]
[2026-10-03 04:39:55.184][INFO ] [Command        :536] - > LINE => 38, CMD => Q_DISABLE_QUERY_LOG, CONTENT => --disable_query_log
[2026-10-03 04:39:55.184][INFO ] [Command        :353] - start[1790973595184] time[0] tag[Q_DISABLE_QUERY_LOG]
[2026-10-03 04:39:55.185][INFO ] [Command        :536] - > LINE => 39, CMD => Q_DISABLE_RESULT_LOG, CONTENT => --disable_result_log
[2026-10-03 04:39:55.185][INFO ] [Command        :353] - start[1790973595185] time[0] tag[Q_DISABLE_RESULT_LOG]
[2026-10-03 04:39:55.185][INFO ] [Command        :536] - > LINE => 41, CMD => Q_QUERY, CONTENT => ALTER SYSTEM MINOR FREEZE;
[2026-10-03 04:39:55.190][INFO ] [Command        :353] - start[1790973595185] time[4] tag[Q_QUERY]
[2026-10-03 04:39:55.191][INFO ] [Command        :536] - > LINE => 42, CMD => Q_SLEEP, CONTENT => 5
[2026-10-03 04:40:00.191][INFO ] [Command        :353] - start[1790973595191] time[5000] tag[Q_SLEEP]
[2026-10-03 04:40:00.192][INFO ] [Command        :536] - > LINE => 44, CMD => Q_QUERY, CONTENT => ALTER SYSTEM MAJOR FREEZE;
[2026-10-03 04:40:00.210][INFO ] [Command        :353] - start[1790973600193] time[17] tag[Q_QUERY]
[2026-10-03 04:40:00.211][INFO ] [Command        :536] - > LINE => 45, CMD => Q_DEPLOY, CONTENT => db_p.check_until_timeout select count(*) from oceanbase.DBA_OB_MAJOR_COMPACTION where LAST_SCN != GLOBAL_BROADCAST_SCN, 1, 100;
[2026-10-03 04:40:00.212][INFO ] [DeployProcessor:93] - deploy => db_p.check_until_timeout select count(*) from oceanbase.DBA_OB_MAJOR_COMPACTION where LAST_SCN != GLOBAL_BROADCAST_SCN, 1, 100
[2026-10-03 04:40:00.212][INFO ] [Deploy         :287] - execute db_p.check_until_timeout select count(*) from oceanbase.DBA_OB_MAJOR_COMPACTION where LAST_SCN != GLOBAL_BROADCAST_SCN, 1, 100
[2026-10-03 04:40:00.213][INFO ] [Deploy         :287] - execute db_p.select_one_value select count(*) from oceanbase.DBA_OB_MAJOR_COMPACTION where LAST_SCN != GLOBAL_BROADCAST_SCN
[2026-10-03 04:40:00.214][INFO ] [SQLProcessor   :2086] - execute sql => select count(*) from oceanbase.DBA_OB_MAJOR_COMPACTION where LAST_SCN != GLOBAL_BROADCAST_SCN
[2026-10-03 04:40:00.232][INFO ] [Deploy         :294] - execute db_p.select_one_value select count(*) from oceanbase.DBA_OB_MAJOR_COMPACTION where LAST_SCN != GLOBAL_BROADCAST_SCN result => 0
[2026-10-03 04:40:00.232][WARN ] [OBI            :5348] - expect => 1, actual => 0, left timeout => 100, totaltime => 100, file => 45/161, file_percent => 27
[2026-10-03 04:40:01.234][INFO ] [Deploy         :287] - execute db_p.select_one_value select count(*) from oceanbase.DBA_OB_MAJOR_COMPACTION where LAST_SCN != GLOBAL_BROADCAST_SCN
[2026-10-03 04:40:01.235][INFO ] [SQLProcessor   :2086] - execute sql => select count(*) from oceanbase.DBA_OB_MAJOR_COMPACTION where LAST_SCN != GLOBAL_BROADCAST_SCN
[2026-10-03 04:40:01.252][INFO ] [Deploy         :294] - execute db_p.select_one_value select count(*) from oceanbase.DBA_OB_MAJOR_COMPACTION where LAST_SCN != GLOBAL_BROADCAST_SCN result => 1
[2026-10-03 04:40:01.252][INFO ] [OBI            :5345] - check success! use time = 1
[2026-10-03 04:40:01.253][INFO ] [Deploy         :294] - execute db_p.check_until_timeout select count(*) from oceanbase.DBA_OB_MAJOR_COMPACTION where LAST_SCN != GLOBAL_BROADCAST_SCN, 1, 100 result => true
[2026-10-03 04:40:01.253][INFO ] [Command        :353] - start[1790973600211] time[1041] tag[Q_DEPLOY]
[2026-10-03 04:40:01.253][INFO ] [Command        :536] - > LINE => 47, CMD => Q_LET, CONTENT => $__i__
[2026-10-03 04:40:01.254][INFO ] [Command        :353] - start[1790973601253] time[0] tag[Q_LET]
[2026-10-03 04:40:01.254][INFO ] [Command        :536] - > LINE => 47, CMD => Q_WHILE, CONTENT => $__i__ > 0
[2026-10-03 04:40:01.758][INFO ] [Command        :536] - > LINE => 0, CMD => Q_SLEEP, CONTENT => 1
[2026-10-03 04:40:02.759][INFO ] [Command        :353] - start[1790973601759] time[1000] tag[Q_SLEEP]
[2026-10-03 04:40:02.759][INFO ] [Command        :536] - > LINE => 0, CMD => Q_DEC, CONTENT => $__i__
[2026-10-03 04:40:02.760][INFO ] [Command        :353] - start[1790973602760] time[0] tag[Q_DEC]
[2026-10-03 04:40:02.760][INFO ] [Command        :536] - > LINE => 0, CMD => Q_LET_DEPLOY, CONTENT => $__not_finish_tenant_cnt__
[2026-10-03 04:40:02.761][INFO ] [Deploy         :287] - execute db_p.select select count(*) as cnt from oceanbase.DBA_OB_MAJOR_COMPACTION where frozen_scn != last_scn, cnt, 1
[2026-10-03 04:40:02.761][INFO ] [SQLProcessor   :2086] - execute sql => select count(*) as cnt from oceanbase.DBA_OB_MAJOR_COMPACTION where frozen_scn != last_scn
[2026-10-03 04:40:02.785][INFO ] [Deploy         :294] - execute db_p.select select count(*) as cnt from oceanbase.DBA_OB_MAJOR_COMPACTION where frozen_scn != last_scn, cnt, 1 result => 1
[2026-10-03 04:40:02.786][INFO ] [Command        :353] - start[1790973602760] time[25] tag[Q_LET_DEPLOY]
[2026-10-03 04:40:02.786][INFO ] [Command        :536] - > LINE => 0, CMD => Q_IF, CONTENT => $__not_finish_tenant_cnt__ == 0
[2026-10-03 04:40:02.801][INFO ] [Command        :353] - start[1790973602786] time[14] tag[Q_IF]
[2026-10-03 04:40:02.837][INFO ] [Command        :536] - > LINE => 0, CMD => Q_SLEEP, CONTENT => 1
[2026-10-03 04:40:03.837][INFO ] [Command        :353] - start[1790973602837] time[1000] tag[Q_SLEEP]
[2026-10-03 04:40:03.838][INFO ] [Command        :536] - > LINE => 0, CMD => Q_DEC, CONTENT => $__i__
[2026-10-03 04:40:03.838][INFO ] [Command        :353] - start[1790973603838] time[0] tag[Q_DEC]
[2026-10-03 04:40:03.838][INFO ] [Command        :536] - > LINE => 0, CMD => Q_LET_DEPLOY, CONTENT => $__not_finish_tenant_cnt__
[2026-10-03 04:40:03.838][INFO ] [Deploy         :287] - execute db_p.select select count(*) as cnt from oceanbase.DBA_OB_MAJOR_COMPACTION where frozen_scn != last_scn, cnt, 1
[2026-10-03 04:40:03.839][INFO ] [SQLProcessor   :2086] - execute sql => select count(*) as cnt from oceanbase.DBA_OB_MAJOR_COMPACTION where frozen_scn != last_scn
[2026-10-03 04:40:03.847][INFO ] [Deploy         :294] - execute db_p.select select count(*) as cnt from oceanbase.DBA_OB_MAJOR_COMPACTION where frozen_scn != last_scn, cnt, 1 result => 1
[2026-10-03 04:40:03.848][INFO ] [Command        :353] - start[1790973603838] time[9] tag[Q_LET_DEPLOY]
[2026-10-03 04:40:03.848][INFO ] [Command        :536] - > LINE => 0, CMD => Q_IF, CONTENT => $__not_finish_tenant_cnt__ == 0
[2026-10-03 04:40:03.857][INFO ] [Command        :353] - start[1790973603848] time[8] tag[Q_IF]
[2026-10-03 04:40:03.865][INFO ] [Command        :536] - > LINE => 0, CMD => Q_SLEEP, CONTENT => 1
[2026-10-03 04:40:04.866][INFO ] [Command        :353] - start[1790973603866] time[1000] tag[Q_SLEEP]
[2026-10-03 04:40:04.866][INFO ] [Command        :536] - > LINE => 0, CMD => Q_DEC, CONTENT => $__i__
[2026-10-03 04:40:04.866][INFO ] [Command        :353] - start[1790973604866] time[0] tag[Q_DEC]
[2026-10-03 04:40:04.867][INFO ] [Command        :536] - > LINE => 0, CMD => Q_LET_DEPLOY, CONTENT => $__not_finish_tenant_cnt__
[2026-10-03 04:40:04.867][INFO ] [Deploy         :287] - execute db_p.select select count(*) as cnt from oceanbase.DBA_OB_MAJOR_COMPACTION where frozen_scn != last_scn, cnt, 1
[2026-10-03 04:40:04.867][INFO ] [SQLProcessor   :2086] - execute sql => select count(*) as cnt from oceanbase.DBA_OB_MAJOR_COMPACTION where frozen_scn != last_scn
[2026-10-03 04:40:04.877][INFO ] [Deploy         :294] - execute db_p.select select count(*) as cnt from oceanbase.DBA_OB_MAJOR_COMPACTION where frozen_scn != last_scn, cnt, 1 result => 1
[2026-10-03 04:40:04.877][INFO ] [Command        :353] - start[1790973604867] time[10] tag[Q_LET_DEPLOY]
[2026-10-03 04:40:04.877][INFO ] [Command        :536] - > LINE => 0, CMD => Q_IF, CONTENT => $__not_finish_tenant_cnt__ == 0
[2026-10-03 04:40:04.888][INFO ] [Command        :353] - start[1790973604877] time[10] tag[Q_IF]
[2026-10-03 04:40:04.914][INFO ] [Command        :536] - > LINE => 0, CMD => Q_SLEEP, CONTENT => 1
[2026-10-03 04:40:05.914][INFO ] [Command        :353] - start[1790973604914] time[1000] tag[Q_SLEEP]
[2026-10-03 04:40:05.915][INFO ] [Command        :536] - > LINE => 0, CMD => Q_DEC, CONTENT => $__i__
[2026-10-03 04:40:05.915][INFO ] [Command        :353] - start[1790973605915] time[0] tag[Q_DEC]
[2026-10-03 04:40:05.915][INFO ] [Command        :536] - > LINE => 0, CMD => Q_LET_DEPLOY, CONTENT => $__not_finish_tenant_cnt__
[2026-10-03 04:40:05.915][INFO ] [Deploy         :287] - execute db_p.select select count(*) as cnt from oceanbase.DBA_OB_MAJOR_COMPACTION where frozen_scn != last_scn, cnt, 1
[2026-10-03 04:40:05.916][INFO ] [SQLProcessor   :2086] - execute sql => select count(*) as cnt from oceanbase.DBA_OB_MAJOR_COMPACTION where frozen_scn != last_scn
[2026-10-03 04:40:05.923][INFO ] [Deploy         :294] - execute db_p.select select count(*) as cnt from oceanbase.DBA_OB_MAJOR_COMPACTION where frozen_scn != last_scn, cnt, 1 result => 1
[2026-10-03 04:40:05.924][INFO ] [Command        :353] - start[1790973605915] time[8] tag[Q_LET_DEPLOY]
[2026-10-03 04:40:05.924][INFO ] [Command        :536] - > LINE => 0, CMD => Q_IF, CONTENT => $__not_finish_tenant_cnt__ == 0
[2026-10-03 04:40:05.931][INFO ] [Command        :353] - start[1790973605924] time[6] tag[Q_IF]
[2026-10-03 04:40:05.937][INFO ] [Command        :536] - > LINE => 0, CMD => Q_SLEEP, CONTENT => 1
[2026-10-03 04:40:06.937][INFO ] [Command        :353] - start[1790973605937] time[1000] tag[Q_SLEEP]
[2026-10-03 04:40:06.938][INFO ] [Command        :536] - > LINE => 0, CMD => Q_DEC, CONTENT => $__i__
[2026-10-03 04:40:06.938][INFO ] [Command        :353] - start[1790973606938] time[0] tag[Q_DEC]
[2026-10-03 04:40:06.938][INFO ] [Command        :536] - > LINE => 0, CMD => Q_LET_DEPLOY, CONTENT => $__not_finish_tenant_cnt__
[2026-10-03 04:40:06.938][INFO ] [Deploy         :287] - execute db_p.select select count(*) as cnt from oceanbase.DBA_OB_MAJOR_COMPACTION where frozen_scn != last_scn, cnt, 1
[2026-10-03 04:40:06.939][INFO ] [SQLProcessor   :2086] - execute sql => select count(*) as cnt from oceanbase.DBA_OB_MAJOR_COMPACTION where frozen_scn != last_scn
[2026-10-03 04:40:06.948][INFO ] [Deploy         :294] - execute db_p.select select count(*) as cnt from oceanbase.DBA_OB_MAJOR_COMPACTION where frozen_scn != last_scn, cnt, 1 result => 1
[2026-10-03 04:40:06.948][INFO ] [Command        :353] - start[1790973606938] time[9] tag[Q_LET_DEPLOY]
[2026-10-03 04:40:06.949][INFO ] [Command        :536] - > LINE => 0, CMD => Q_IF, CONTENT => $__not_finish_tenant_cnt__ == 0
[2026-10-03 04:40:06.957][INFO ] [Command        :353] - start[1790973606949] time[8] tag[Q_IF]
[2026-10-03 04:40:06.965][INFO ] [Command        :536] - > LINE => 0, CMD => Q_SLEEP, CONTENT => 1
[2026-10-03 04:40:07.966][INFO ] [Command        :353] - start[1790973606966] time[1000] tag[Q_SLEEP]
[2026-10-03 04:40:07.966][INFO ] [Command        :536] - > LINE => 0, CMD => Q_DEC, CONTENT => $__i__
[2026-10-03 04:40:07.966][INFO ] [Command        :353] - start[1790973607966] time[0] tag[Q_DEC]
[2026-10-03 04:40:07.967][INFO ] [Command        :536] - > LINE => 0, CMD => Q_LET_DEPLOY, CONTENT => $__not_finish_tenant_cnt__
[2026-10-03 04:40:07.967][INFO ] [Deploy         :287] - execute db_p.select select count(*) as cnt from oceanbase.DBA_OB_MAJOR_COMPACTION where frozen_scn != last_scn, cnt, 1
[2026-10-03 04:40:07.967][INFO ] [SQLProcessor   :2086] - execute sql => select count(*) as cnt from oceanbase.DBA_OB_MAJOR_COMPACTION where frozen_scn != last_scn
[2026-10-03 04:40:07.976][INFO ] [Deploy         :294] - execute db_p.select select count(*) as cnt from oceanbase.DBA_OB_MAJOR_COMPACTION where frozen_scn != last_scn, cnt, 1 result => 1
[2026-10-03 04:40:07.976][INFO ] [Command        :353] - start[1790973607967] time[9] tag[Q_LET_DEPLOY]
[2026-10-03 04:40:07.977][INFO ] [Command        :536] - > LINE => 0, CMD => Q_IF, CONTENT => $__not_finish_tenant_cnt__ == 0
[2026-10-03 04:40:07.984][INFO ] [Command        :353] - start[1790973607977] time[6] tag[Q_IF]
[2026-10-03 04:40:07.991][INFO ] [Command        :536] - > LINE => 0, CMD => Q_SLEEP, CONTENT => 1
[2026-10-03 04:40:08.991][INFO ] [Command        :353] - start[1790973607991] time[1000] tag[Q_SLEEP]
[2026-10-03 04:40:08.991][INFO ] [Command        :536] - > LINE => 0, CMD => Q_DEC, CONTENT => $__i__
[2026-10-03 04:40:08.991][INFO ] [Command        :353] - start[1790973608991] time[0] tag[Q_DEC]
[2026-10-03 04:40:08.992][INFO ] [Command        :536] - > LINE => 0, CMD => Q_LET_DEPLOY, CONTENT => $__not_finish_tenant_cnt__
[2026-10-03 04:40:08.992][INFO ] [Deploy         :287] - execute db_p.select select count(*) as cnt from oceanbase.DBA_OB_MAJOR_COMPACTION where frozen_scn != last_scn, cnt, 1
[2026-10-03 04:40:08.992][INFO ] [SQLProcessor   :2086] - execute sql => select count(*) as cnt from oceanbase.DBA_OB_MAJOR_COMPACTION where frozen_scn != last_scn
[2026-10-03 04:40:09.05][INFO ] [Deploy         :294] - execute db_p.select select count(*) as cnt from oceanbase.DBA_OB_MAJOR_COMPACTION where frozen_scn != last_scn, cnt, 1 result => 1
[2026-10-03 04:40:09.06][INFO ] [Command        :353] - start[1790973608992] time[14] tag[Q_LET_DEPLOY]
[2026-10-03 04:40:09.06][INFO ] [Command        :536] - > LINE => 0, CMD => Q_IF, CONTENT => $__not_finish_tenant_cnt__ == 0
[2026-10-03 04:40:09.14][INFO ] [Command        :353] - start[1790973609006] time[7] tag[Q_IF]
[2026-10-03 04:40:09.21][INFO ] [Command        :536] - > LINE => 0, CMD => Q_SLEEP, CONTENT => 1
[2026-10-03 04:40:10.21][INFO ] [Command        :353] - start[1790973609021] time[1000] tag[Q_SLEEP]
[2026-10-03 04:40:10.22][INFO ] [Command        :536] - > LINE => 0, CMD => Q_DEC, CONTENT => $__i__
[2026-10-03 04:40:10.22][INFO ] [Command        :353] - start[1790973610022] time[0] tag[Q_DEC]
[2026-10-03 04:40:10.22][INFO ] [Command        :536] - > LINE => 0, CMD => Q_LET_DEPLOY, CONTENT => $__not_finish_tenant_cnt__
[2026-10-03 04:40:10.22][INFO ] [Deploy         :287] - execute db_p.select select count(*) as cnt from oceanbase.DBA_OB_MAJOR_COMPACTION where frozen_scn != last_scn, cnt, 1
[2026-10-03 04:40:10.23][INFO ] [SQLProcessor   :2086] - execute sql => select count(*) as cnt from oceanbase.DBA_OB_MAJOR_COMPACTION where frozen_scn != last_scn
[2026-10-03 04:40:10.30][INFO ] [Deploy         :294] - execute db_p.select select count(*) as cnt from oceanbase.DBA_OB_MAJOR_COMPACTION where frozen_scn != last_scn, cnt, 1 result => 1
[2026-10-03 04:40:10.31][INFO ] [Command        :353] - start[1790973610022] time[8] tag[Q_LET_DEPLOY]
[2026-10-03 04:40:10.31][INFO ] [Command        :536] - > LINE => 0, CMD => Q_IF, CONTENT => $__not_finish_tenant_cnt__ == 0
[2026-10-03 04:40:10.43][INFO ] [Command        :353] - start[1790973610031] time[11] tag[Q_IF]
[2026-10-03 04:40:10.48][INFO ] [Command        :536] - > LINE => 0, CMD => Q_SLEEP, CONTENT => 1
[2026-10-03 04:40:11.49][INFO ] [Command        :353] - start[1790973610049] time[1000] tag[Q_SLEEP]
[2026-10-03 04:40:11.49][INFO ] [Command        :536] - > LINE => 0, CMD => Q_DEC, CONTENT => $__i__
[2026-10-03 04:40:11.49][INFO ] [Command        :353] - start[1790973611049] time[0] tag[Q_DEC]
[2026-10-03 04:40:11.50][INFO ] [Command        :536] - > LINE => 0, CMD => Q_LET_DEPLOY, CONTENT => $__not_finish_tenant_cnt__
[2026-10-03 04:40:11.50][INFO ] [Deploy         :287] - execute db_p.select select count(*) as cnt from oceanbase.DBA_OB_MAJOR_COMPACTION where frozen_scn != last_scn, cnt, 1
[2026-10-03 04:40:11.50][INFO ] [SQLProcessor   :2086] - execute sql => select count(*) as cnt from oceanbase.DBA_OB_MAJOR_COMPACTION where frozen_scn != last_scn
[2026-10-03 04:40:11.60][INFO ] [Deploy         :294] - execute db_p.select select count(*) as cnt from oceanbase.DBA_OB_MAJOR_COMPACTION where frozen_scn != last_scn, cnt, 1 result => 1
[2026-10-03 04:40:11.61][INFO ] [Command        :353] - start[1790973611050] time[11] tag[Q_LET_DEPLOY]
[2026-10-03 04:40:11.61][INFO ] [Command        :536] - > LINE => 0, CMD => Q_IF, CONTENT => $__not_finish_tenant_cnt__ == 0
[2026-10-03 04:40:11.69][INFO ] [Command        :353] - start[1790973611061] time[8] tag[Q_IF]
[2026-10-03 04:40:11.80][INFO ] [Command        :536] - > LINE => 0, CMD => Q_SLEEP, CONTENT => 1
[2026-10-03 04:40:12.80][INFO ] [Command        :353] - start[1790973611080] time[1000] tag[Q_SLEEP]
[2026-10-03 04:40:12.81][INFO ] [Command        :536] - > LINE => 0, CMD => Q_DEC, CONTENT => $__i__
[2026-10-03 04:40:12.81][INFO ] [Command        :353] - start[1790973612081] time[0] tag[Q_DEC]
[2026-10-03 04:40:12.81][INFO ] [Command        :536] - > LINE => 0, CMD => Q_LET_DEPLOY, CONTENT => $__not_finish_tenant_cnt__
[2026-10-03 04:40:12.82][INFO ] [Deploy         :287] - execute db_p.select select count(*) as cnt from oceanbase.DBA_OB_MAJOR_COMPACTION where frozen_scn != last_scn, cnt, 1
[2026-10-03 04:40:12.83][INFO ] [SQLProcessor   :2086] - execute sql => select count(*) as cnt from oceanbase.DBA_OB_MAJOR_COMPACTION where frozen_scn != last_scn
[2026-10-03 04:40:12.91][INFO ] [Deploy         :294] - execute db_p.select select count(*) as cnt from oceanbase.DBA_OB_MAJOR_COMPACTION where frozen_scn != last_scn, cnt, 1 result => 1
[2026-10-03 04:40:12.92][INFO ] [Command        :353] - start[1790973612082] time[10] tag[Q_LET_DEPLOY]
[2026-10-03 04:40:12.92][INFO ] [Command        :536] - > LINE => 0, CMD => Q_IF, CONTENT => $__not_finish_tenant_cnt__ == 0
[2026-10-03 04:40:12.100][INFO ] [Command        :353] - start[1790973612092] time[7] tag[Q_IF]
[2026-10-03 04:40:12.105][INFO ] [Command        :536] - > LINE => 0, CMD => Q_SLEEP, CONTENT => 1
[2026-10-03 04:40:13.106][INFO ] [Command        :353] - start[1790973612105] time[1000] tag[Q_SLEEP]
[2026-10-03 04:40:13.106][INFO ] [Command        :536] - > LINE => 0, CMD => Q_DEC, CONTENT => $__i__
[2026-10-03 04:40:13.106][INFO ] [Command        :353] - start[1790973613106] time[0] tag[Q_DEC]
[2026-10-03 04:40:13.107][INFO ] [Command        :536] - > LINE => 0, CMD => Q_LET_DEPLOY, CONTENT => $__not_finish_tenant_cnt__
[2026-10-03 04:40:13.107][INFO ] [Deploy         :287] - execute db_p.select select count(*) as cnt from oceanbase.DBA_OB_MAJOR_COMPACTION where frozen_scn != last_scn, cnt, 1
[2026-10-03 04:40:13.107][INFO ] [SQLProcessor   :2086] - execute sql => select count(*) as cnt from oceanbase.DBA_OB_MAJOR_COMPACTION where frozen_scn != last_scn
[2026-10-03 04:40:13.115][INFO ] [Deploy         :294] - execute db_p.select select count(*) as cnt from oceanbase.DBA_OB_MAJOR_COMPACTION where frozen_scn != last_scn, cnt, 1 result => 1
[2026-10-03 04:40:13.116][INFO ] [Command        :353] - start[1790973613107] time[9] tag[Q_LET_DEPLOY]
[2026-10-03 04:40:13.116][INFO ] [Command        :536] - > LINE => 0, CMD => Q_IF, CONTENT => $__not_finish_tenant_cnt__ == 0
[2026-10-03 04:40:13.126][INFO ] [Command        :353] - start[1790973613116] time[9] tag[Q_IF]
[2026-10-03 04:40:13.132][INFO ] [Command        :536] - > LINE => 0, CMD => Q_SLEEP, CONTENT => 1
[2026-10-03 04:40:14.132][INFO ] [Command        :353] - start[1790973613132] time[1000] tag[Q_SLEEP]
[2026-10-03 04:40:14.133][INFO ] [Command        :536] - > LINE => 0, CMD => Q_DEC, CONTENT => $__i__
[2026-10-03 04:40:14.133][INFO ] [Command        :353] - start[1790973614133] time[0] tag[Q_DEC]
[2026-10-03 04:40:14.133][INFO ] [Command        :536] - > LINE => 0, CMD => Q_LET_DEPLOY, CONTENT => $__not_finish_tenant_cnt__
[2026-10-03 04:40:14.133][INFO ] [Deploy         :287] - execute db_p.select select count(*) as cnt from oceanbase.DBA_OB_MAJOR_COMPACTION where frozen_scn != last_scn, cnt, 1
[2026-10-03 04:40:14.134][INFO ] [SQLProcessor   :2086] - execute sql => select count(*) as cnt from oceanbase.DBA_OB_MAJOR_COMPACTION where frozen_scn != last_scn
[2026-10-03 04:40:14.144][INFO ] [Deploy         :294] - execute db_p.select select count(*) as cnt from oceanbase.DBA_OB_MAJOR_COMPACTION where frozen_scn != last_scn, cnt, 1 result => 1
[2026-10-03 04:40:14.144][INFO ] [Command        :353] - start[1790973614133] time[10] tag[Q_LET_DEPLOY]
[2026-10-03 04:40:14.145][INFO ] [Command        :536] - > LINE => 0, CMD => Q_IF, CONTENT => $__not_finish_tenant_cnt__ == 0
[2026-10-03 04:40:14.151][INFO ] [Command        :353] - start[1790973614145] time[6] tag[Q_IF]
[2026-10-03 04:40:14.157][INFO ] [Command        :536] - > LINE => 0, CMD => Q_SLEEP, CONTENT => 1
[2026-10-03 04:40:15.158][INFO ] [Command        :353] - start[1790973614158] time[1000] tag[Q_SLEEP]
[2026-10-03 04:40:15.159][INFO ] [Command        :536] - > LINE => 0, CMD => Q_DEC, CONTENT => $__i__
[2026-10-03 04:40:15.159][INFO ] [Command        :353] - start[1790973615159] time[0] tag[Q_DEC]
[2026-10-03 04:40:15.159][INFO ] [Command        :536] - > LINE => 0, CMD => Q_LET_DEPLOY, CONTENT => $__not_finish_tenant_cnt__
[2026-10-03 04:40:15.159][INFO ] [Deploy         :287] - execute db_p.select select count(*) as cnt from oceanbase.DBA_OB_MAJOR_COMPACTION where frozen_scn != last_scn, cnt, 1
[2026-10-03 04:40:15.160][INFO ] [SQLProcessor   :2086] - execute sql => select count(*) as cnt from oceanbase.DBA_OB_MAJOR_COMPACTION where frozen_scn != last_scn
[2026-10-03 04:40:15.167][INFO ] [Deploy         :294] - execute db_p.select select count(*) as cnt from oceanbase.DBA_OB_MAJOR_COMPACTION where frozen_scn != last_scn, cnt, 1 result => 1
[2026-10-03 04:40:15.168][INFO ] [Command        :353] - start[1790973615159] time[8] tag[Q_LET_DEPLOY]
[2026-10-03 04:40:15.168][INFO ] [Command        :536] - > LINE => 0, CMD => Q_IF, CONTENT => $__not_finish_tenant_cnt__ == 0
[2026-10-03 04:40:15.174][INFO ] [Command        :353] - start[1790973615168] time[6] tag[Q_IF]
[2026-10-03 04:40:15.181][INFO ] [Command        :536] - > LINE => 0, CMD => Q_SLEEP, CONTENT => 1
[2026-10-03 04:40:16.181][INFO ] [Command        :353] - start[1790973615181] time[1000] tag[Q_SLEEP]
[2026-10-03 04:40:16.182][INFO ] [Command        :536] - > LINE => 0, CMD => Q_DEC, CONTENT => $__i__
[2026-10-03 04:40:16.182][INFO ] [Command        :353] - start[1790973616182] time[0] tag[Q_DEC]
[2026-10-03 04:40:16.182][INFO ] [Command        :536] - > LINE => 0, CMD => Q_LET_DEPLOY, CONTENT => $__not_finish_tenant_cnt__
[2026-10-03 04:40:16.182][INFO ] [Deploy         :287] - execute db_p.select select count(*) as cnt from oceanbase.DBA_OB_MAJOR_COMPACTION where frozen_scn != last_scn, cnt, 1
[2026-10-03 04:40:16.183][INFO ] [SQLProcessor   :2086] - execute sql => select count(*) as cnt from oceanbase.DBA_OB_MAJOR_COMPACTION where frozen_scn != last_scn
[2026-10-03 04:40:16.191][INFO ] [Deploy         :294] - execute db_p.select select count(*) as cnt from oceanbase.DBA_OB_MAJOR_COMPACTION where frozen_scn != last_scn, cnt, 1 result => 1
[2026-10-03 04:40:16.192][INFO ] [Command        :353] - start[1790973616182] time[9] tag[Q_LET_DEPLOY]
[2026-10-03 04:40:16.192][INFO ] [Command        :536] - > LINE => 0, CMD => Q_IF, CONTENT => $__not_finish_tenant_cnt__ == 0
[2026-10-03 04:40:16.198][INFO ] [Command        :353] - start[1790973616192] time[6] tag[Q_IF]
[2026-10-03 04:40:16.205][INFO ] [Command        :536] - > LINE => 0, CMD => Q_SLEEP, CONTENT => 1
[2026-10-03 04:40:17.205][INFO ] [Command        :353] - start[1790973616205] time[1000] tag[Q_SLEEP]
[2026-10-03 04:40:17.206][INFO ] [Command        :536] - > LINE => 0, CMD => Q_DEC, CONTENT => $__i__
[2026-10-03 04:40:17.206][INFO ] [Command        :353] - start[1790973617206] time[0] tag[Q_DEC]
[2026-10-03 04:40:17.206][INFO ] [Command        :536] - > LINE => 0, CMD => Q_LET_DEPLOY, CONTENT => $__not_finish_tenant_cnt__
[2026-10-03 04:40:17.206][INFO ] [Deploy         :287] - execute db_p.select select count(*) as cnt from oceanbase.DBA_OB_MAJOR_COMPACTION where frozen_scn != last_scn, cnt, 1
[2026-10-03 04:40:17.207][INFO ] [SQLProcessor   :2086] - execute sql => select count(*) as cnt from oceanbase.DBA_OB_MAJOR_COMPACTION where frozen_scn != last_scn
[2026-10-03 04:40:17.217][INFO ] [Deploy         :294] - execute db_p.select select count(*) as cnt from oceanbase.DBA_OB_MAJOR_COMPACTION where frozen_scn != last_scn, cnt, 1 result => 1
[2026-10-03 04:40:17.218][INFO ] [Command        :353] - start[1790973617206] time[11] tag[Q_LET_DEPLOY]
[2026-10-03 04:40:17.218][INFO ] [Command        :536] - > LINE => 0, CMD => Q_IF, CONTENT => $__not_finish_tenant_cnt__ == 0
[2026-10-03 04:40:17.246][INFO ] [Command        :353] - start[1790973617218] time[27] tag[Q_IF]
[2026-10-03 04:40:17.262][INFO ] [Command        :536] - > LINE => 0, CMD => Q_SLEEP, CONTENT => 1
[2026-10-03 04:40:18.263][INFO ] [Command        :353] - start[1790973617263] time[1000] tag[Q_SLEEP]
[2026-10-03 04:40:18.263][INFO ] [Command        :536] - > LINE => 0, CMD => Q_DEC, CONTENT => $__i__
[2026-10-03 04:40:18.263][INFO ] [Command        :353] - start[1790973618263] time[0] tag[Q_DEC]
[2026-10-03 04:40:18.264][INFO ] [Command        :536] - > LINE => 0, CMD => Q_LET_DEPLOY, CONTENT => $__not_finish_tenant_cnt__
[2026-10-03 04:40:18.264][INFO ] [Deploy         :287] - execute db_p.select select count(*) as cnt from oceanbase.DBA_OB_MAJOR_COMPACTION where frozen_scn != last_scn, cnt, 1
[2026-10-03 04:40:18.265][INFO ] [SQLProcessor   :2086] - execute sql => select count(*) as cnt from oceanbase.DBA_OB_MAJOR_COMPACTION where frozen_scn != last_scn
[2026-10-03 04:40:18.272][INFO ] [Deploy         :294] - execute db_p.select select count(*) as cnt from oceanbase.DBA_OB_MAJOR_COMPACTION where frozen_scn != last_scn, cnt, 1 result => 1
[2026-10-03 04:40:18.273][INFO ] [Command        :353] - start[1790973618264] time[9] tag[Q_LET_DEPLOY]
[2026-10-03 04:40:18.273][INFO ] [Command        :536] - > LINE => 0, CMD => Q_IF, CONTENT => $__not_finish_tenant_cnt__ == 0
[2026-10-03 04:40:18.279][INFO ] [Command        :353] - start[1790973618273] time[6] tag[Q_IF]
[2026-10-03 04:40:18.285][INFO ] [Command        :536] - > LINE => 0, CMD => Q_SLEEP, CONTENT => 1
[2026-10-03 04:40:19.286][INFO ] [Command        :353] - start[1790973618286] time[1000] tag[Q_SLEEP]
[2026-10-03 04:40:19.286][INFO ] [Command        :536] - > LINE => 0, CMD => Q_DEC, CONTENT => $__i__
[2026-10-03 04:40:19.286][INFO ] [Command        :353] - start[1790973619286] time[0] tag[Q_DEC]
[2026-10-03 04:40:19.287][INFO ] [Command        :536] - > LINE => 0, CMD => Q_LET_DEPLOY, CONTENT => $__not_finish_tenant_cnt__
[2026-10-03 04:40:19.287][INFO ] [Deploy         :287] - execute db_p.select select count(*) as cnt from oceanbase.DBA_OB_MAJOR_COMPACTION where frozen_scn != last_scn, cnt, 1
[2026-10-03 04:40:19.289][INFO ] [SQLProcessor   :2086] - execute sql => select count(*) as cnt from oceanbase.DBA_OB_MAJOR_COMPACTION where frozen_scn != last_scn
[2026-10-03 04:40:19.299][INFO ] [Deploy         :294] - execute db_p.select select count(*) as cnt from oceanbase.DBA_OB_MAJOR_COMPACTION where frozen_scn != last_scn, cnt, 1 result => 1
[2026-10-03 04:40:19.300][INFO ] [Command        :353] - start[1790973619287] time[12] tag[Q_LET_DEPLOY]
[2026-10-03 04:40:19.300][INFO ] [Command        :536] - > LINE => 0, CMD => Q_IF, CONTENT => $__not_finish_tenant_cnt__ == 0
[2026-10-03 04:40:19.305][INFO ] [Command        :353] - start[1790973619301] time[4] tag[Q_IF]
[2026-10-03 04:40:19.310][INFO ] [Command        :536] - > LINE => 0, CMD => Q_SLEEP, CONTENT => 1
[2026-10-03 04:40:20.311][INFO ] [Command        :353] - start[1790973619311] time[1000] tag[Q_SLEEP]
[2026-10-03 04:40:20.311][INFO ] [Command        :536] - > LINE => 0, CMD => Q_DEC, CONTENT => $__i__
[2026-10-03 04:40:20.312][INFO ] [Command        :353] - start[1790973620311] time[0] tag[Q_DEC]
[2026-10-03 04:40:20.312][INFO ] [Command        :536] - > LINE => 0, CMD => Q_LET_DEPLOY, CONTENT => $__not_finish_tenant_cnt__
[2026-10-03 04:40:20.312][INFO ] [Deploy         :287] - execute db_p.select select count(*) as cnt from oceanbase.DBA_OB_MAJOR_COMPACTION where frozen_scn != last_scn, cnt, 1
[2026-10-03 04:40:20.312][INFO ] [SQLProcessor   :2086] - execute sql => select count(*) as cnt from oceanbase.DBA_OB_MAJOR_COMPACTION where frozen_scn != last_scn
[2026-10-03 04:40:20.321][INFO ] [Deploy         :294] - execute db_p.select select count(*) as cnt from oceanbase.DBA_OB_MAJOR_COMPACTION where frozen_scn != last_scn, cnt, 1 result => 1
[2026-10-03 04:40:20.321][INFO ] [Command        :353] - start[1790973620312] time[9] tag[Q_LET_DEPLOY]
[2026-10-03 04:40:20.321][INFO ] [Command        :536] - > LINE => 0, CMD => Q_IF, CONTENT => $__not_finish_tenant_cnt__ == 0
[2026-10-03 04:40:20.327][INFO ] [Command        :353] - start[1790973620321] time[5] tag[Q_IF]
[2026-10-03 04:40:20.333][INFO ] [Command        :536] - > LINE => 0, CMD => Q_SLEEP, CONTENT => 1
[2026-10-03 04:40:21.334][INFO ] [Command        :353] - start[1790973620334] time[1000] tag[Q_SLEEP]
[2026-10-03 04:40:21.334][INFO ] [Command        :536] - > LINE => 0, CMD => Q_DEC, CONTENT => $__i__
[2026-10-03 04:40:21.335][INFO ] [Command        :353] - start[1790973621335] time[0] tag[Q_DEC]
[2026-10-03 04:40:21.335][INFO ] [Command        :536] - > LINE => 0, CMD => Q_LET_DEPLOY, CONTENT => $__not_finish_tenant_cnt__
[2026-10-03 04:40:21.335][INFO ] [Deploy         :287] - execute db_p.select select count(*) as cnt from oceanbase.DBA_OB_MAJOR_COMPACTION where frozen_scn != last_scn, cnt, 1
[2026-10-03 04:40:21.335][INFO ] [SQLProcessor   :2086] - execute sql => select count(*) as cnt from oceanbase.DBA_OB_MAJOR_COMPACTION where frozen_scn != last_scn
[2026-10-03 04:40:21.348][INFO ] [Deploy         :294] - execute db_p.select select count(*) as cnt from oceanbase.DBA_OB_MAJOR_COMPACTION where frozen_scn != last_scn, cnt, 1 result => 1
[2026-10-03 04:40:21.348][INFO ] [Command        :353] - start[1790973621335] time[13] tag[Q_LET_DEPLOY]
[2026-10-03 04:40:21.348][INFO ] [Command        :536] - > LINE => 0, CMD => Q_IF, CONTENT => $__not_finish_tenant_cnt__ == 0
[2026-10-03 04:40:21.355][INFO ] [Command        :353] - start[1790973621348] time[6] tag[Q_IF]
[2026-10-03 04:40:21.361][INFO ] [Command        :536] - > LINE => 0, CMD => Q_SLEEP, CONTENT => 1
[2026-10-03 04:40:22.362][INFO ] [Command        :353] - start[1790973621362] time[1000] tag[Q_SLEEP]
[2026-10-03 04:40:22.362][INFO ] [Command        :536] - > LINE => 0, CMD => Q_DEC, CONTENT => $__i__
[2026-10-03 04:40:22.362][INFO ] [Command        :353] - start[1790973622362] time[0] tag[Q_DEC]
[2026-10-03 04:40:22.363][INFO ] [Command        :536] - > LINE => 0, CMD => Q_LET_DEPLOY, CONTENT => $__not_finish_tenant_cnt__
[2026-10-03 04:40:22.363][INFO ] [Deploy         :287] - execute db_p.select select count(*) as cnt from oceanbase.DBA_OB_MAJOR_COMPACTION where frozen_scn != last_scn, cnt, 1
[2026-10-03 04:40:22.363][INFO ] [SQLProcessor   :2086] - execute sql => select count(*) as cnt from oceanbase.DBA_OB_MAJOR_COMPACTION where frozen_scn != last_scn
[2026-10-03 04:40:22.371][INFO ] [Deploy         :294] - execute db_p.select select count(*) as cnt from oceanbase.DBA_OB_MAJOR_COMPACTION where frozen_scn != last_scn, cnt, 1 result => 1
[2026-10-03 04:40:22.372][INFO ] [Command        :353] - start[1790973622363] time[8] tag[Q_LET_DEPLOY]
[2026-10-03 04:40:22.372][INFO ] [Command        :536] - > LINE => 0, CMD => Q_IF, CONTENT => $__not_finish_tenant_cnt__ == 0
[2026-10-03 04:40:22.377][INFO ] [Command        :353] - start[1790973622372] time[5] tag[Q_IF]
[2026-10-03 04:40:22.383][INFO ] [Command        :536] - > LINE => 0, CMD => Q_SLEEP, CONTENT => 1
[2026-10-03 04:40:23.383][INFO ] [Command        :353] - start[1790973622383] time[1000] tag[Q_SLEEP]
[2026-10-03 04:40:23.383][INFO ] [Command        :536] - > LINE => 0, CMD => Q_DEC, CONTENT => $__i__
[2026-10-03 04:40:23.384][INFO ] [Command        :353] - start[1790973623384] time[0] tag[Q_DEC]
[2026-10-03 04:40:23.384][INFO ] [Command        :536] - > LINE => 0, CMD => Q_LET_DEPLOY, CONTENT => $__not_finish_tenant_cnt__
[2026-10-03 04:40:23.384][INFO ] [Deploy         :287] - execute db_p.select select count(*) as cnt from oceanbase.DBA_OB_MAJOR_COMPACTION where frozen_scn != last_scn, cnt, 1
[2026-10-03 04:40:23.384][INFO ] [SQLProcessor   :2086] - execute sql => select count(*) as cnt from oceanbase.DBA_OB_MAJOR_COMPACTION where frozen_scn != last_scn
[2026-10-03 04:40:23.392][INFO ] [Deploy         :294] - execute db_p.select select count(*) as cnt from oceanbase.DBA_OB_MAJOR_COMPACTION where frozen_scn != last_scn, cnt, 1 result => 1
[2026-10-03 04:40:23.393][INFO ] [Command        :353] - start[1790973623384] time[8] tag[Q_LET_DEPLOY]
[2026-10-03 04:40:23.393][INFO ] [Command        :536] - > LINE => 0, CMD => Q_IF, CONTENT => $__not_finish_tenant_cnt__ == 0
[2026-10-03 04:40:23.398][INFO ] [Command        :353] - start[1790973623393] time[5] tag[Q_IF]
[2026-10-03 04:40:23.407][INFO ] [Command        :536] - > LINE => 0, CMD => Q_SLEEP, CONTENT => 1
[2026-10-03 04:40:24.407][INFO ] [Command        :353] - start[1790973623407] time[1000] tag[Q_SLEEP]
[2026-10-03 04:40:24.408][INFO ] [Command        :536] - > LINE => 0, CMD => Q_DEC, CONTENT => $__i__
[2026-10-03 04:40:24.408][INFO ] [Command        :353] - start[1790973624408] time[0] tag[Q_DEC]
[2026-10-03 04:40:24.408][INFO ] [Command        :536] - > LINE => 0, CMD => Q_LET_DEPLOY, CONTENT => $__not_finish_tenant_cnt__
[2026-10-03 04:40:24.408][INFO ] [Deploy         :287] - execute db_p.select select count(*) as cnt from oceanbase.DBA_OB_MAJOR_COMPACTION where frozen_scn != last_scn, cnt, 1
[2026-10-03 04:40:24.409][INFO ] [SQLProcessor   :2086] - execute sql => select count(*) as cnt from oceanbase.DBA_OB_MAJOR_COMPACTION where frozen_scn != last_scn
[2026-10-03 04:40:24.419][INFO ] [Deploy         :294] - execute db_p.select select count(*) as cnt from oceanbase.DBA_OB_MAJOR_COMPACTION where frozen_scn != last_scn, cnt, 1 result => 1
[2026-10-03 04:40:24.419][INFO ] [Command        :353] - start[1790973624408] time[10] tag[Q_LET_DEPLOY]
[2026-10-03 04:40:24.420][INFO ] [Command        :536] - > LINE => 0, CMD => Q_IF, CONTENT => $__not_finish_tenant_cnt__ == 0
[2026-10-03 04:40:24.424][INFO ] [Command        :353] - start[1790973624420] time[4] tag[Q_IF]
[2026-10-03 04:40:24.428][INFO ] [Command        :536] - > LINE => 0, CMD => Q_SLEEP, CONTENT => 1
[2026-10-03 04:40:25.429][INFO ] [Command        :353] - start[1790973624428] time[1000] tag[Q_SLEEP]
[2026-10-03 04:40:25.429][INFO ] [Command        :536] - > LINE => 0, CMD => Q_DEC, CONTENT => $__i__
[2026-10-03 04:40:25.429][INFO ] [Command        :353] - start[1790973625429] time[0] tag[Q_DEC]
[2026-10-03 04:40:25.429][INFO ] [Command        :536] - > LINE => 0, CMD => Q_LET_DEPLOY, CONTENT => $__not_finish_tenant_cnt__
[2026-10-03 04:40:25.430][INFO ] [Deploy         :287] - execute db_p.select select count(*) as cnt from oceanbase.DBA_OB_MAJOR_COMPACTION where frozen_scn != last_scn, cnt, 1
[2026-10-03 04:40:25.430][INFO ] [SQLProcessor   :2086] - execute sql => select count(*) as cnt from oceanbase.DBA_OB_MAJOR_COMPACTION where frozen_scn != last_scn
[2026-10-03 04:40:25.438][INFO ] [Deploy         :294] - execute db_p.select select count(*) as cnt from oceanbase.DBA_OB_MAJOR_COMPACTION where frozen_scn != last_scn, cnt, 1 result => 1
[2026-10-03 04:40:25.438][INFO ] [Command        :353] - start[1790973625430] time[8] tag[Q_LET_DEPLOY]
[2026-10-03 04:40:25.439][INFO ] [Command        :536] - > LINE => 0, CMD => Q_IF, CONTENT => $__not_finish_tenant_cnt__ == 0
[2026-10-03 04:40:25.444][INFO ] [Command        :353] - start[1790973625439] time[4] tag[Q_IF]
[2026-10-03 04:40:25.448][INFO ] [Command        :536] - > LINE => 0, CMD => Q_SLEEP, CONTENT => 1
[2026-10-03 04:40:26.449][INFO ] [Command        :353] - start[1790973625449] time[1000] tag[Q_SLEEP]
[2026-10-03 04:40:26.449][INFO ] [Command        :536] - > LINE => 0, CMD => Q_DEC, CONTENT => $__i__
[2026-10-03 04:40:26.449][INFO ] [Command        :353] - start[1790973626449] time[0] tag[Q_DEC]
[2026-10-03 04:40:26.450][INFO ] [Command        :536] - > LINE => 0, CMD => Q_LET_DEPLOY, CONTENT => $__not_finish_tenant_cnt__
[2026-10-03 04:40:26.450][INFO ] [Deploy         :287] - execute db_p.select select count(*) as cnt from oceanbase.DBA_OB_MAJOR_COMPACTION where frozen_scn != last_scn, cnt, 1
[2026-10-03 04:40:26.450][INFO ] [SQLProcessor   :2086] - execute sql => select count(*) as cnt from oceanbase.DBA_OB_MAJOR_COMPACTION where frozen_scn != last_scn
[2026-10-03 04:40:26.460][INFO ] [Deploy         :294] - execute db_p.select select count(*) as cnt from oceanbase.DBA_OB_MAJOR_COMPACTION where frozen_scn != last_scn, cnt, 1 result => 1
[2026-10-03 04:40:26.460][INFO ] [Command        :353] - start[1790973626450] time[10] tag[Q_LET_DEPLOY]
[2026-10-03 04:40:26.461][INFO ] [Command        :536] - > LINE => 0, CMD => Q_IF, CONTENT => $__not_finish_tenant_cnt__ == 0
[2026-10-03 04:40:26.466][INFO ] [Command        :353] - start[1790973626461] time[5] tag[Q_IF]
[2026-10-03 04:40:26.471][INFO ] [Command        :536] - > LINE => 0, CMD => Q_SLEEP, CONTENT => 1
[2026-10-03 04:40:27.472][INFO ] [Command        :353] - start[1790973626472] time[1000] tag[Q_SLEEP]
[2026-10-03 04:40:27.472][INFO ] [Command        :536] - > LINE => 0, CMD => Q_DEC, CONTENT => $__i__
[2026-10-03 04:40:27.472][INFO ] [Command        :353] - start[1790973627472] time[0] tag[Q_DEC]
[2026-10-03 04:40:27.473][INFO ] [Command        :536] - > LINE => 0, CMD => Q_LET_DEPLOY, CONTENT => $__not_finish_tenant_cnt__
[2026-10-03 04:40:27.473][INFO ] [Deploy         :287] - execute db_p.select select count(*) as cnt from oceanbase.DBA_OB_MAJOR_COMPACTION where frozen_scn != last_scn, cnt, 1
[2026-10-03 04:40:27.473][INFO ] [SQLProcessor   :2086] - execute sql => select count(*) as cnt from oceanbase.DBA_OB_MAJOR_COMPACTION where frozen_scn != last_scn
[2026-10-03 04:40:27.481][INFO ] [Deploy         :294] - execute db_p.select select count(*) as cnt from oceanbase.DBA_OB_MAJOR_COMPACTION where frozen_scn != last_scn, cnt, 1 result => 1
[2026-10-03 04:40:27.482][INFO ] [Command        :353] - start[1790973627473] time[8] tag[Q_LET_DEPLOY]
[2026-10-03 04:40:27.482][INFO ] [Command        :536] - > LINE => 0, CMD => Q_IF, CONTENT => $__not_finish_tenant_cnt__ == 0
[2026-10-03 04:40:27.486][INFO ] [Command        :353] - start[1790973627482] time[4] tag[Q_IF]
[2026-10-03 04:40:27.491][INFO ] [Command        :536] - > LINE => 0, CMD => Q_SLEEP, CONTENT => 1
[2026-10-03 04:40:28.492][INFO ] [Command        :353] - start[1790973627491] time[1000] tag[Q_SLEEP]
[2026-10-03 04:40:28.492][INFO ] [Command        :536] - > LINE => 0, CMD => Q_DEC, CONTENT => $__i__
[2026-10-03 04:40:28.492][INFO ] [Command        :353] - start[1790973628492] time[0] tag[Q_DEC]
[2026-10-03 04:40:28.493][INFO ] [Command        :536] - > LINE => 0, CMD => Q_LET_DEPLOY, CONTENT => $__not_finish_tenant_cnt__
[2026-10-03 04:40:28.493][INFO ] [Deploy         :287] - execute db_p.select select count(*) as cnt from oceanbase.DBA_OB_MAJOR_COMPACTION where frozen_scn != last_scn, cnt, 1
[2026-10-03 04:40:28.493][INFO ] [SQLProcessor   :2086] - execute sql => select count(*) as cnt from oceanbase.DBA_OB_MAJOR_COMPACTION where frozen_scn != last_scn
[2026-10-03 04:40:28.500][INFO ] [Deploy         :294] - execute db_p.select select count(*) as cnt from oceanbase.DBA_OB_MAJOR_COMPACTION where frozen_scn != last_scn, cnt, 1 result => 1
[2026-10-03 04:40:28.501][INFO ] [Command        :353] - start[1790973628493] time[8] tag[Q_LET_DEPLOY]
[2026-10-03 04:40:28.501][INFO ] [Command        :536] - > LINE => 0, CMD => Q_IF, CONTENT => $__not_finish_tenant_cnt__ == 0
[2026-10-03 04:40:28.508][INFO ] [Command        :353] - start[1790973628501] time[6] tag[Q_IF]
[2026-10-03 04:40:28.513][INFO ] [Command        :536] - > LINE => 0, CMD => Q_SLEEP, CONTENT => 1
[2026-10-03 04:40:29.514][INFO ] [Command        :353] - start[1790973628514] time[1000] tag[Q_SLEEP]
[2026-10-03 04:40:29.514][INFO ] [Command        :536] - > LINE => 0, CMD => Q_DEC, CONTENT => $__i__
[2026-10-03 04:40:29.514][INFO ] [Command        :353] - start[1790973629514] time[0] tag[Q_DEC]
[2026-10-03 04:40:29.515][INFO ] [Command        :536] - > LINE => 0, CMD => Q_LET_DEPLOY, CONTENT => $__not_finish_tenant_cnt__
[2026-10-03 04:40:29.515][INFO ] [Deploy         :287] - execute db_p.select select count(*) as cnt from oceanbase.DBA_OB_MAJOR_COMPACTION where frozen_scn != last_scn, cnt, 1
[2026-10-03 04:40:29.515][INFO ] [SQLProcessor   :2086] - execute sql => select count(*) as cnt from oceanbase.DBA_OB_MAJOR_COMPACTION where frozen_scn != last_scn
[2026-10-03 04:40:29.523][INFO ] [Deploy         :294] - execute db_p.select select count(*) as cnt from oceanbase.DBA_OB_MAJOR_COMPACTION where frozen_scn != last_scn, cnt, 1 result => 1
[2026-10-03 04:40:29.523][INFO ] [Command        :353] - start[1790973629515] time[8] tag[Q_LET_DEPLOY]
[2026-10-03 04:40:29.524][INFO ] [Command        :536] - > LINE => 0, CMD => Q_IF, CONTENT => $__not_finish_tenant_cnt__ == 0
[2026-10-03 04:40:29.528][INFO ] [Command        :353] - start[1790973629524] time[4] tag[Q_IF]
[2026-10-03 04:40:29.532][INFO ] [Command        :536] - > LINE => 0, CMD => Q_SLEEP, CONTENT => 1
[2026-10-03 04:40:30.533][INFO ] [Command        :353] - start[1790973629533] time[1000] tag[Q_SLEEP]
[2026-10-03 04:40:30.533][INFO ] [Command        :536] - > LINE => 0, CMD => Q_DEC, CONTENT => $__i__
[2026-10-03 04:40:30.534][INFO ] [Command        :353] - start[1790973630534] time[0] tag[Q_DEC]
[2026-10-03 04:40:30.534][INFO ] [Command        :536] - > LINE => 0, CMD => Q_LET_DEPLOY, CONTENT => $__not_finish_tenant_cnt__
[2026-10-03 04:40:30.534][INFO ] [Deploy         :287] - execute db_p.select select count(*) as cnt from oceanbase.DBA_OB_MAJOR_COMPACTION where frozen_scn != last_scn, cnt, 1
[2026-10-03 04:40:30.535][INFO ] [SQLProcessor   :2086] - execute sql => select count(*) as cnt from oceanbase.DBA_OB_MAJOR_COMPACTION where frozen_scn != last_scn
[2026-10-03 04:40:30.543][INFO ] [Deploy         :294] - execute db_p.select select count(*) as cnt from oceanbase.DBA_OB_MAJOR_COMPACTION where frozen_scn != last_scn, cnt, 1 result => 1
[2026-10-03 04:40:30.543][INFO ] [Command        :353] - start[1790973630534] time[8] tag[Q_LET_DEPLOY]
[2026-10-03 04:40:30.543][INFO ] [Command        :536] - > LINE => 0, CMD => Q_IF, CONTENT => $__not_finish_tenant_cnt__ == 0
[2026-10-03 04:40:30.548][INFO ] [Command        :353] - start[1790973630543] time[4] tag[Q_IF]
[2026-10-03 04:40:30.552][INFO ] [Command        :536] - > LINE => 0, CMD => Q_SLEEP, CONTENT => 1
[2026-10-03 04:40:31.553][INFO ] [Command        :353] - start[1790973630553] time[1000] tag[Q_SLEEP]
[2026-10-03 04:40:31.553][INFO ] [Command        :536] - > LINE => 0, CMD => Q_DEC, CONTENT => $__i__
[2026-10-03 04:40:31.554][INFO ] [Command        :353] - start[1790973631554] time[0] tag[Q_DEC]
[2026-10-03 04:40:31.554][INFO ] [Command        :536] - > LINE => 0, CMD => Q_LET_DEPLOY, CONTENT => $__not_finish_tenant_cnt__
[2026-10-03 04:40:31.555][INFO ] [Deploy         :287] - execute db_p.select select count(*) as cnt from oceanbase.DBA_OB_MAJOR_COMPACTION where frozen_scn != last_scn, cnt, 1
[2026-10-03 04:40:31.555][INFO ] [SQLProcessor   :2086] - execute sql => select count(*) as cnt from oceanbase.DBA_OB_MAJOR_COMPACTION where frozen_scn != last_scn
[2026-10-03 04:40:31.563][INFO ] [Deploy         :294] - execute db_p.select select count(*) as cnt from oceanbase.DBA_OB_MAJOR_COMPACTION where frozen_scn != last_scn, cnt, 1 result => 1
[2026-10-03 04:40:31.563][INFO ] [Command        :353] - start[1790973631554] time[8] tag[Q_LET_DEPLOY]
[2026-10-03 04:40:31.563][INFO ] [Command        :536] - > LINE => 0, CMD => Q_IF, CONTENT => $__not_finish_tenant_cnt__ == 0
[2026-10-03 04:40:31.567][INFO ] [Command        :353] - start[1790973631563] time[3] tag[Q_IF]
[2026-10-03 04:40:31.571][INFO ] [Command        :536] - > LINE => 0, CMD => Q_SLEEP, CONTENT => 1
[2026-10-03 04:40:32.571][INFO ] [Command        :353] - start[1790973631571] time[1000] tag[Q_SLEEP]
[2026-10-03 04:40:32.572][INFO ] [Command        :536] - > LINE => 0, CMD => Q_DEC, CONTENT => $__i__
[2026-10-03 04:40:32.572][INFO ] [Command        :353] - start[1790973632572] time[0] tag[Q_DEC]
[2026-10-03 04:40:32.572][INFO ] [Command        :536] - > LINE => 0, CMD => Q_LET_DEPLOY, CONTENT => $__not_finish_tenant_cnt__
[2026-10-03 04:40:32.572][INFO ] [Deploy         :287] - execute db_p.select select count(*) as cnt from oceanbase.DBA_OB_MAJOR_COMPACTION where frozen_scn != last_scn, cnt, 1
[2026-10-03 04:40:32.573][INFO ] [SQLProcessor   :2086] - execute sql => select count(*) as cnt from oceanbase.DBA_OB_MAJOR_COMPACTION where frozen_scn != last_scn
[2026-10-03 04:40:32.580][INFO ] [Deploy         :294] - execute db_p.select select count(*) as cnt from oceanbase.DBA_OB_MAJOR_COMPACTION where frozen_scn != last_scn, cnt, 1 result => 1
[2026-10-03 04:40:32.581][INFO ] [Command        :353] - start[1790973632572] time[8] tag[Q_LET_DEPLOY]
[2026-10-03 04:40:32.581][INFO ] [Command        :536] - > LINE => 0, CMD => Q_IF, CONTENT => $__not_finish_tenant_cnt__ == 0
[2026-10-03 04:40:32.585][INFO ] [Command        :353] - start[1790973632581] time[3] tag[Q_IF]
[2026-10-03 04:40:32.589][INFO ] [Command        :536] - > LINE => 0, CMD => Q_SLEEP, CONTENT => 1
[2026-10-03 04:40:33.590][INFO ] [Command        :353] - start[1790973632590] time[1000] tag[Q_SLEEP]
[2026-10-03 04:40:33.590][INFO ] [Command        :536] - > LINE => 0, CMD => Q_DEC, CONTENT => $__i__
[2026-10-03 04:40:33.590][INFO ] [Command        :353] - start[1790973633590] time[0] tag[Q_DEC]
[2026-10-03 04:40:33.591][INFO ] [Command        :536] - > LINE => 0, CMD => Q_LET_DEPLOY, CONTENT => $__not_finish_tenant_cnt__
[2026-10-03 04:40:33.591][INFO ] [Deploy         :287] - execute db_p.select select count(*) as cnt from oceanbase.DBA_OB_MAJOR_COMPACTION where frozen_scn != last_scn, cnt, 1
[2026-10-03 04:40:33.591][INFO ] [SQLProcessor   :2086] - execute sql => select count(*) as cnt from oceanbase.DBA_OB_MAJOR_COMPACTION where frozen_scn != last_scn
[2026-10-03 04:40:33.599][INFO ] [Deploy         :294] - execute db_p.select select count(*) as cnt from oceanbase.DBA_OB_MAJOR_COMPACTION where frozen_scn != last_scn, cnt, 1 result => 1
[2026-10-03 04:40:33.600][INFO ] [Command        :353] - start[1790973633591] time[8] tag[Q_LET_DEPLOY]
[2026-10-03 04:40:33.600][INFO ] [Command        :536] - > LINE => 0, CMD => Q_IF, CONTENT => $__not_finish_tenant_cnt__ == 0
[2026-10-03 04:40:33.605][INFO ] [Command        :353] - start[1790973633600] time[4] tag[Q_IF]
[2026-10-03 04:40:33.610][INFO ] [Command        :536] - > LINE => 0, CMD => Q_SLEEP, CONTENT => 1
[2026-10-03 04:40:34.610][INFO ] [Command        :353] - start[1790973633610] time[1000] tag[Q_SLEEP]
[2026-10-03 04:40:34.611][INFO ] [Command        :536] - > LINE => 0, CMD => Q_DEC, CONTENT => $__i__
[2026-10-03 04:40:34.611][INFO ] [Command        :353] - start[1790973634611] time[0] tag[Q_DEC]
[2026-10-03 04:40:34.611][INFO ] [Command        :536] - > LINE => 0, CMD => Q_LET_DEPLOY, CONTENT => $__not_finish_tenant_cnt__
[2026-10-03 04:40:34.611][INFO ] [Deploy         :287] - execute db_p.select select count(*) as cnt from oceanbase.DBA_OB_MAJOR_COMPACTION where frozen_scn != last_scn, cnt, 1
[2026-10-03 04:40:34.612][INFO ] [SQLProcessor   :2086] - execute sql => select count(*) as cnt from oceanbase.DBA_OB_MAJOR_COMPACTION where frozen_scn != last_scn
[2026-10-03 04:40:34.618][INFO ] [Deploy         :294] - execute db_p.select select count(*) as cnt from oceanbase.DBA_OB_MAJOR_COMPACTION where frozen_scn != last_scn, cnt, 1 result => 1
[2026-10-03 04:40:34.619][INFO ] [Command        :353] - start[1790973634611] time[7] tag[Q_LET_DEPLOY]
[2026-10-03 04:40:34.619][INFO ] [Command        :536] - > LINE => 0, CMD => Q_IF, CONTENT => $__not_finish_tenant_cnt__ == 0
[2026-10-03 04:40:34.626][INFO ] [Command        :353] - start[1790973634619] time[6] tag[Q_IF]
[2026-10-03 04:40:34.630][INFO ] [Command        :536] - > LINE => 0, CMD => Q_SLEEP, CONTENT => 1
[2026-10-03 04:40:35.631][INFO ] [Command        :353] - start[1790973634630] time[1000] tag[Q_SLEEP]
[2026-10-03 04:40:35.631][INFO ] [Command        :536] - > LINE => 0, CMD => Q_DEC, CONTENT => $__i__
[2026-10-03 04:40:35.631][INFO ] [Command        :353] - start[1790973635631] time[0] tag[Q_DEC]
[2026-10-03 04:40:35.632][INFO ] [Command        :536] - > LINE => 0, CMD => Q_LET_DEPLOY, CONTENT => $__not_finish_tenant_cnt__
[2026-10-03 04:40:35.632][INFO ] [Deploy         :287] - execute db_p.select select count(*) as cnt from oceanbase.DBA_OB_MAJOR_COMPACTION where frozen_scn != last_scn, cnt, 1
[2026-10-03 04:40:35.632][INFO ] [SQLProcessor   :2086] - execute sql => select count(*) as cnt from oceanbase.DBA_OB_MAJOR_COMPACTION where frozen_scn != last_scn
[2026-10-03 04:40:35.641][INFO ] [Deploy         :294] - execute db_p.select select count(*) as cnt from oceanbase.DBA_OB_MAJOR_COMPACTION where frozen_scn != last_scn, cnt, 1 result => 1
[2026-10-03 04:40:35.641][INFO ] [Command        :353] - start[1790973635632] time[9] tag[Q_LET_DEPLOY]
[2026-10-03 04:40:35.642][INFO ] [Command        :536] - > LINE => 0, CMD => Q_IF, CONTENT => $__not_finish_tenant_cnt__ == 0
[2026-10-03 04:40:35.646][INFO ] [Command        :353] - start[1790973635642] time[3] tag[Q_IF]
[2026-10-03 04:40:35.651][INFO ] [Command        :536] - > LINE => 0, CMD => Q_SLEEP, CONTENT => 1
[2026-10-03 04:40:36.651][INFO ] [Command        :353] - start[1790973635651] time[1000] tag[Q_SLEEP]
[2026-10-03 04:40:36.652][INFO ] [Command        :536] - > LINE => 0, CMD => Q_DEC, CONTENT => $__i__
[2026-10-03 04:40:36.652][INFO ] [Command        :353] - start[1790973636652] time[0] tag[Q_DEC]
[2026-10-03 04:40:36.652][INFO ] [Command        :536] - > LINE => 0, CMD => Q_LET_DEPLOY, CONTENT => $__not_finish_tenant_cnt__
[2026-10-03 04:40:36.652][INFO ] [Deploy         :287] - execute db_p.select select count(*) as cnt from oceanbase.DBA_OB_MAJOR_COMPACTION where frozen_scn != last_scn, cnt, 1
[2026-10-03 04:40:36.653][INFO ] [SQLProcessor   :2086] - execute sql => select count(*) as cnt from oceanbase.DBA_OB_MAJOR_COMPACTION where frozen_scn != last_scn
[2026-10-03 04:40:36.661][INFO ] [Deploy         :294] - execute db_p.select select count(*) as cnt from oceanbase.DBA_OB_MAJOR_COMPACTION where frozen_scn != last_scn, cnt, 1 result => 1
[2026-10-03 04:40:36.662][INFO ] [Command        :353] - start[1790973636652] time[9] tag[Q_LET_DEPLOY]
[2026-10-03 04:40:36.662][INFO ] [Command        :536] - > LINE => 0, CMD => Q_IF, CONTENT => $__not_finish_tenant_cnt__ == 0
[2026-10-03 04:40:36.667][INFO ] [Command        :353] - start[1790973636662] time[4] tag[Q_IF]
[2026-10-03 04:40:36.671][INFO ] [Command        :536] - > LINE => 0, CMD => Q_SLEEP, CONTENT => 1
[2026-10-03 04:40:37.671][INFO ] [Command        :353] - start[1790973636671] time[1000] tag[Q_SLEEP]
[2026-10-03 04:40:37.671][INFO ] [Command        :536] - > LINE => 0, CMD => Q_DEC, CONTENT => $__i__
[2026-10-03 04:40:37.671][INFO ] [Command        :353] - start[1790973637671] time[0] tag[Q_DEC]
[2026-10-03 04:40:37.672][INFO ] [Command        :536] - > LINE => 0, CMD => Q_LET_DEPLOY, CONTENT => $__not_finish_tenant_cnt__
[2026-10-03 04:40:37.672][INFO ] [Deploy         :287] - execute db_p.select select count(*) as cnt from oceanbase.DBA_OB_MAJOR_COMPACTION where frozen_scn != last_scn, cnt, 1
[2026-10-03 04:40:37.672][INFO ] [SQLProcessor   :2086] - execute sql => select count(*) as cnt from oceanbase.DBA_OB_MAJOR_COMPACTION where frozen_scn != last_scn
[2026-10-03 04:40:37.679][INFO ] [Deploy         :294] - execute db_p.select select count(*) as cnt from oceanbase.DBA_OB_MAJOR_COMPACTION where frozen_scn != last_scn, cnt, 1 result => 1
[2026-10-03 04:40:37.680][INFO ] [Command        :353] - start[1790973637672] time[8] tag[Q_LET_DEPLOY]
[2026-10-03 04:40:37.680][INFO ] [Command        :536] - > LINE => 0, CMD => Q_IF, CONTENT => $__not_finish_tenant_cnt__ == 0
[2026-10-03 04:40:37.684][INFO ] [Command        :353] - start[1790973637680] time[4] tag[Q_IF]
[2026-10-03 04:40:37.689][INFO ] [Command        :536] - > LINE => 0, CMD => Q_SLEEP, CONTENT => 1
[2026-10-03 04:40:38.689][INFO ] [Command        :353] - start[1790973637689] time[1000] tag[Q_SLEEP]
[2026-10-03 04:40:38.689][INFO ] [Command        :536] - > LINE => 0, CMD => Q_DEC, CONTENT => $__i__
[2026-10-03 04:40:38.690][INFO ] [Command        :353] - start[1790973638690] time[0] tag[Q_DEC]
[2026-10-03 04:40:38.690][INFO ] [Command        :536] - > LINE => 0, CMD => Q_LET_DEPLOY, CONTENT => $__not_finish_tenant_cnt__
[2026-10-03 04:40:38.690][INFO ] [Deploy         :287] - execute db_p.select select count(*) as cnt from oceanbase.DBA_OB_MAJOR_COMPACTION where frozen_scn != last_scn, cnt, 1
[2026-10-03 04:40:38.690][INFO ] [SQLProcessor   :2086] - execute sql => select count(*) as cnt from oceanbase.DBA_OB_MAJOR_COMPACTION where frozen_scn != last_scn
[2026-10-03 04:40:38.699][INFO ] [Deploy         :294] - execute db_p.select select count(*) as cnt from oceanbase.DBA_OB_MAJOR_COMPACTION where frozen_scn != last_scn, cnt, 1 result => 1
[2026-10-03 04:40:38.700][INFO ] [Command        :353] - start[1790973638690] time[9] tag[Q_LET_DEPLOY]
[2026-10-03 04:40:38.700][INFO ] [Command        :536] - > LINE => 0, CMD => Q_IF, CONTENT => $__not_finish_tenant_cnt__ == 0
[2026-10-03 04:40:38.705][INFO ] [Command        :353] - start[1790973638700] time[4] tag[Q_IF]
[2026-10-03 04:40:38.709][INFO ] [Command        :536] - > LINE => 0, CMD => Q_SLEEP, CONTENT => 1
[2026-10-03 04:40:39.709][INFO ] [Command        :353] - start[1790973638709] time[1000] tag[Q_SLEEP]
[2026-10-03 04:40:39.709][INFO ] [Command        :536] - > LINE => 0, CMD => Q_DEC, CONTENT => $__i__
[2026-10-03 04:40:39.710][INFO ] [Command        :353] - start[1790973639710] time[0] tag[Q_DEC]
[2026-10-03 04:40:39.710][INFO ] [Command        :536] - > LINE => 0, CMD => Q_LET_DEPLOY, CONTENT => $__not_finish_tenant_cnt__
[2026-10-03 04:40:39.710][INFO ] [Deploy         :287] - execute db_p.select select count(*) as cnt from oceanbase.DBA_OB_MAJOR_COMPACTION where frozen_scn != last_scn, cnt, 1
[2026-10-03 04:40:39.710][INFO ] [SQLProcessor   :2086] - execute sql => select count(*) as cnt from oceanbase.DBA_OB_MAJOR_COMPACTION where frozen_scn != last_scn
[2026-10-03 04:40:39.718][INFO ] [Deploy         :294] - execute db_p.select select count(*) as cnt from oceanbase.DBA_OB_MAJOR_COMPACTION where frozen_scn != last_scn, cnt, 1 result => 1
[2026-10-03 04:40:39.719][INFO ] [Command        :353] - start[1790973639710] time[8] tag[Q_LET_DEPLOY]
[2026-10-03 04:40:39.719][INFO ] [Command        :536] - > LINE => 0, CMD => Q_IF, CONTENT => $__not_finish_tenant_cnt__ == 0
[2026-10-03 04:40:39.724][INFO ] [Command        :353] - start[1790973639719] time[4] tag[Q_IF]
[2026-10-03 04:40:39.729][INFO ] [Command        :536] - > LINE => 0, CMD => Q_SLEEP, CONTENT => 1
[2026-10-03 04:40:40.729][INFO ] [Command        :353] - start[1790973639729] time[1000] tag[Q_SLEEP]
[2026-10-03 04:40:40.730][INFO ] [Command        :536] - > LINE => 0, CMD => Q_DEC, CONTENT => $__i__
[2026-10-03 04:40:40.730][INFO ] [Command        :353] - start[1790973640730] time[0] tag[Q_DEC]
[2026-10-03 04:40:40.730][INFO ] [Command        :536] - > LINE => 0, CMD => Q_LET_DEPLOY, CONTENT => $__not_finish_tenant_cnt__
[2026-10-03 04:40:40.730][INFO ] [Deploy         :287] - execute db_p.select select count(*) as cnt from oceanbase.DBA_OB_MAJOR_COMPACTION where frozen_scn != last_scn, cnt, 1
[2026-10-03 04:40:40.730][INFO ] [SQLProcessor   :2086] - execute sql => select count(*) as cnt from oceanbase.DBA_OB_MAJOR_COMPACTION where frozen_scn != last_scn
[2026-10-03 04:40:40.738][INFO ] [Deploy         :294] - execute db_p.select select count(*) as cnt from oceanbase.DBA_OB_MAJOR_COMPACTION where frozen_scn != last_scn, cnt, 1 result => 1
[2026-10-03 04:40:40.739][INFO ] [Command        :353] - start[1790973640730] time[8] tag[Q_LET_DEPLOY]
[2026-10-03 04:40:40.739][INFO ] [Command        :536] - > LINE => 0, CMD => Q_IF, CONTENT => $__not_finish_tenant_cnt__ == 0
[2026-10-03 04:40:40.744][INFO ] [Command        :353] - start[1790973640739] time[4] tag[Q_IF]
[2026-10-03 04:40:40.748][INFO ] [Command        :536] - > LINE => 0, CMD => Q_SLEEP, CONTENT => 1
[2026-10-03 04:40:41.748][INFO ] [Command        :353] - start[1790973640748] time[1000] tag[Q_SLEEP]
[2026-10-03 04:40:41.748][INFO ] [Command        :536] - > LINE => 0, CMD => Q_DEC, CONTENT => $__i__
[2026-10-03 04:40:41.749][INFO ] [Command        :353] - start[1790973641748] time[0] tag[Q_DEC]
[2026-10-03 04:40:41.749][INFO ] [Command        :536] - > LINE => 0, CMD => Q_LET_DEPLOY, CONTENT => $__not_finish_tenant_cnt__
[2026-10-03 04:40:41.749][INFO ] [Deploy         :287] - execute db_p.select select count(*) as cnt from oceanbase.DBA_OB_MAJOR_COMPACTION where frozen_scn != last_scn, cnt, 1
[2026-10-03 04:40:41.749][INFO ] [SQLProcessor   :2086] - execute sql => select count(*) as cnt from oceanbase.DBA_OB_MAJOR_COMPACTION where frozen_scn != last_scn
[2026-10-03 04:40:41.757][INFO ] [Deploy         :294] - execute db_p.select select count(*) as cnt from oceanbase.DBA_OB_MAJOR_COMPACTION where frozen_scn != last_scn, cnt, 1 result => 1
[2026-10-03 04:40:41.757][INFO ] [Command        :353] - start[1790973641749] time[8] tag[Q_LET_DEPLOY]
[2026-10-03 04:40:41.758][INFO ] [Command        :536] - > LINE => 0, CMD => Q_IF, CONTENT => $__not_finish_tenant_cnt__ == 0
[2026-10-03 04:40:41.762][INFO ] [Command        :353] - start[1790973641758] time[4] tag[Q_IF]
[2026-10-03 04:40:41.766][INFO ] [Command        :536] - > LINE => 0, CMD => Q_SLEEP, CONTENT => 1
[2026-10-03 04:40:42.766][INFO ] [Command        :353] - start[1790973641766] time[1000] tag[Q_SLEEP]
[2026-10-03 04:40:42.767][INFO ] [Command        :536] - > LINE => 0, CMD => Q_DEC, CONTENT => $__i__
[2026-10-03 04:40:42.767][INFO ] [Command        :353] - start[1790973642767] time[0] tag[Q_DEC]
[2026-10-03 04:40:42.767][INFO ] [Command        :536] - > LINE => 0, CMD => Q_LET_DEPLOY, CONTENT => $__not_finish_tenant_cnt__
[2026-10-03 04:40:42.767][INFO ] [Deploy         :287] - execute db_p.select select count(*) as cnt from oceanbase.DBA_OB_MAJOR_COMPACTION where frozen_scn != last_scn, cnt, 1
[2026-10-03 04:40:42.768][INFO ] [SQLProcessor   :2086] - execute sql => select count(*) as cnt from oceanbase.DBA_OB_MAJOR_COMPACTION where frozen_scn != last_scn
[2026-10-03 04:40:42.774][INFO ] [Deploy         :294] - execute db_p.select select count(*) as cnt from oceanbase.DBA_OB_MAJOR_COMPACTION where frozen_scn != last_scn, cnt, 1 result => 1
[2026-10-03 04:40:42.774][INFO ] [Command        :353] - start[1790973642767] time[6] tag[Q_LET_DEPLOY]
[2026-10-03 04:40:42.774][INFO ] [Command        :536] - > LINE => 0, CMD => Q_IF, CONTENT => $__not_finish_tenant_cnt__ == 0
[2026-10-03 04:40:42.778][INFO ] [Command        :353] - start[1790973642774] time[3] tag[Q_IF]
[2026-10-03 04:40:42.782][INFO ] [Command        :536] - > LINE => 0, CMD => Q_SLEEP, CONTENT => 1
[2026-10-03 04:40:43.782][INFO ] [Command        :353] - start[1790973642782] time[1000] tag[Q_SLEEP]
[2026-10-03 04:40:43.783][INFO ] [Command        :536] - > LINE => 0, CMD => Q_DEC, CONTENT => $__i__
[2026-10-03 04:40:43.783][INFO ] [Command        :353] - start[1790973643783] time[0] tag[Q_DEC]
[2026-10-03 04:40:43.784][INFO ] [Command        :536] - > LINE => 0, CMD => Q_LET_DEPLOY, CONTENT => $__not_finish_tenant_cnt__
[2026-10-03 04:40:43.784][INFO ] [Deploy         :287] - execute db_p.select select count(*) as cnt from oceanbase.DBA_OB_MAJOR_COMPACTION where frozen_scn != last_scn, cnt, 1
[2026-10-03 04:40:43.785][INFO ] [SQLProcessor   :2086] - execute sql => select count(*) as cnt from oceanbase.DBA_OB_MAJOR_COMPACTION where frozen_scn != last_scn
[2026-10-03 04:40:43.792][INFO ] [Deploy         :294] - execute db_p.select select count(*) as cnt from oceanbase.DBA_OB_MAJOR_COMPACTION where frozen_scn != last_scn, cnt, 1 result => 1
[2026-10-03 04:40:43.792][INFO ] [Command        :353] - start[1790973643784] time[8] tag[Q_LET_DEPLOY]
[2026-10-03 04:40:43.793][INFO ] [Command        :536] - > LINE => 0, CMD => Q_IF, CONTENT => $__not_finish_tenant_cnt__ == 0
[2026-10-03 04:40:43.797][INFO ] [Command        :353] - start[1790973643793] time[4] tag[Q_IF]
[2026-10-03 04:40:43.801][INFO ] [Command        :536] - > LINE => 0, CMD => Q_SLEEP, CONTENT => 1
[2026-10-03 04:40:44.801][INFO ] [Command        :353] - start[1790973643801] time[1000] tag[Q_SLEEP]
[2026-10-03 04:40:44.802][INFO ] [Command        :536] - > LINE => 0, CMD => Q_DEC, CONTENT => $__i__
[2026-10-03 04:40:44.802][INFO ] [Command        :353] - start[1790973644802] time[0] tag[Q_DEC]
[2026-10-03 04:40:44.802][INFO ] [Command        :536] - > LINE => 0, CMD => Q_LET_DEPLOY, CONTENT => $__not_finish_tenant_cnt__
[2026-10-03 04:40:44.802][INFO ] [Deploy         :287] - execute db_p.select select count(*) as cnt from oceanbase.DBA_OB_MAJOR_COMPACTION where frozen_scn != last_scn, cnt, 1
[2026-10-03 04:40:44.803][INFO ] [SQLProcessor   :2086] - execute sql => select count(*) as cnt from oceanbase.DBA_OB_MAJOR_COMPACTION where frozen_scn != last_scn
[2026-10-03 04:40:44.810][INFO ] [Deploy         :294] - execute db_p.select select count(*) as cnt from oceanbase.DBA_OB_MAJOR_COMPACTION where frozen_scn != last_scn, cnt, 1 result => 1
[2026-10-03 04:40:44.810][INFO ] [Command        :353] - start[1790973644802] time[8] tag[Q_LET_DEPLOY]
[2026-10-03 04:40:44.811][INFO ] [Command        :536] - > LINE => 0, CMD => Q_IF, CONTENT => $__not_finish_tenant_cnt__ == 0
[2026-10-03 04:40:44.814][INFO ] [Command        :353] - start[1790973644811] time[3] tag[Q_IF]
[2026-10-03 04:40:44.817][INFO ] [Command        :536] - > LINE => 0, CMD => Q_SLEEP, CONTENT => 1
[2026-10-03 04:40:45.818][INFO ] [Command        :353] - start[1790973644818] time[1000] tag[Q_SLEEP]
[2026-10-03 04:40:45.818][INFO ] [Command        :536] - > LINE => 0, CMD => Q_DEC, CONTENT => $__i__
[2026-10-03 04:40:45.818][INFO ] [Command        :353] - start[1790973645818] time[0] tag[Q_DEC]
[2026-10-03 04:40:45.818][INFO ] [Command        :536] - > LINE => 0, CMD => Q_LET_DEPLOY, CONTENT => $__not_finish_tenant_cnt__
[2026-10-03 04:40:45.819][INFO ] [Deploy         :287] - execute db_p.select select count(*) as cnt from oceanbase.DBA_OB_MAJOR_COMPACTION where frozen_scn != last_scn, cnt, 1
[2026-10-03 04:40:45.819][INFO ] [SQLProcessor   :2086] - execute sql => select count(*) as cnt from oceanbase.DBA_OB_MAJOR_COMPACTION where frozen_scn != last_scn
[2026-10-03 04:40:45.826][INFO ] [Deploy         :294] - execute db_p.select select count(*) as cnt from oceanbase.DBA_OB_MAJOR_COMPACTION where frozen_scn != last_scn, cnt, 1 result => 1
[2026-10-03 04:40:45.826][INFO ] [Command        :353] - start[1790973645818] time[7] tag[Q_LET_DEPLOY]
[2026-10-03 04:40:45.826][INFO ] [Command        :536] - > LINE => 0, CMD => Q_IF, CONTENT => $__not_finish_tenant_cnt__ == 0
[2026-10-03 04:40:45.832][INFO ] [Command        :353] - start[1790973645826] time[5] tag[Q_IF]
[2026-10-03 04:40:45.837][INFO ] [Command        :536] - > LINE => 0, CMD => Q_SLEEP, CONTENT => 1
[2026-10-03 04:40:46.837][INFO ] [Command        :353] - start[1790973645837] time[1000] tag[Q_SLEEP]
[2026-10-03 04:40:46.838][INFO ] [Command        :536] - > LINE => 0, CMD => Q_DEC, CONTENT => $__i__
[2026-10-03 04:40:46.838][INFO ] [Command        :353] - start[1790973646838] time[0] tag[Q_DEC]
[2026-10-03 04:40:46.838][INFO ] [Command        :536] - > LINE => 0, CMD => Q_LET_DEPLOY, CONTENT => $__not_finish_tenant_cnt__
[2026-10-03 04:40:46.838][INFO ] [Deploy         :287] - execute db_p.select select count(*) as cnt from oceanbase.DBA_OB_MAJOR_COMPACTION where frozen_scn != last_scn, cnt, 1
[2026-10-03 04:40:46.839][INFO ] [SQLProcessor   :2086] - execute sql => select count(*) as cnt from oceanbase.DBA_OB_MAJOR_COMPACTION where frozen_scn != last_scn
[2026-10-03 04:40:46.846][INFO ] [Deploy         :294] - execute db_p.select select count(*) as cnt from oceanbase.DBA_OB_MAJOR_COMPACTION where frozen_scn != last_scn, cnt, 1 result => 1
[2026-10-03 04:40:46.846][INFO ] [Command        :353] - start[1790973646838] time[7] tag[Q_LET_DEPLOY]
[2026-10-03 04:40:46.847][INFO ] [Command        :536] - > LINE => 0, CMD => Q_IF, CONTENT => $__not_finish_tenant_cnt__ == 0
[2026-10-03 04:40:46.852][INFO ] [Command        :353] - start[1790973646847] time[4] tag[Q_IF]
[2026-10-03 04:40:46.856][INFO ] [Command        :536] - > LINE => 0, CMD => Q_SLEEP, CONTENT => 1
[2026-10-03 04:40:47.856][INFO ] [Command        :353] - start[1790973646856] time[1000] tag[Q_SLEEP]
[2026-10-03 04:40:47.857][INFO ] [Command        :536] - > LINE => 0, CMD => Q_DEC, CONTENT => $__i__
[2026-10-03 04:40:47.857][INFO ] [Command        :353] - start[1790973647857] time[0] tag[Q_DEC]
[2026-10-03 04:40:47.857][INFO ] [Command        :536] - > LINE => 0, CMD => Q_LET_DEPLOY, CONTENT => $__not_finish_tenant_cnt__
[2026-10-03 04:40:47.857][INFO ] [Deploy         :287] - execute db_p.select select count(*) as cnt from oceanbase.DBA_OB_MAJOR_COMPACTION where frozen_scn != last_scn, cnt, 1
[2026-10-03 04:40:47.858][INFO ] [SQLProcessor   :2086] - execute sql => select count(*) as cnt from oceanbase.DBA_OB_MAJOR_COMPACTION where frozen_scn != last_scn
[2026-10-03 04:40:47.864][INFO ] [Deploy         :294] - execute db_p.select select count(*) as cnt from oceanbase.DBA_OB_MAJOR_COMPACTION where frozen_scn != last_scn, cnt, 1 result => 1
[2026-10-03 04:40:47.864][INFO ] [Command        :353] - start[1790973647857] time[6] tag[Q_LET_DEPLOY]
[2026-10-03 04:40:47.865][INFO ] [Command        :536] - > LINE => 0, CMD => Q_IF, CONTENT => $__not_finish_tenant_cnt__ == 0
[2026-10-03 04:40:47.870][INFO ] [Command        :353] - start[1790973647865] time[5] tag[Q_IF]
[2026-10-03 04:40:47.873][INFO ] [Command        :536] - > LINE => 0, CMD => Q_SLEEP, CONTENT => 1
[2026-10-03 04:40:48.874][INFO ] [Command        :353] - start[1790973647874] time[1000] tag[Q_SLEEP]
[2026-10-03 04:40:48.874][INFO ] [Command        :536] - > LINE => 0, CMD => Q_DEC, CONTENT => $__i__
[2026-10-03 04:40:48.875][INFO ] [Command        :353] - start[1790973648875] time[0] tag[Q_DEC]
[2026-10-03 04:40:48.875][INFO ] [Command        :536] - > LINE => 0, CMD => Q_LET_DEPLOY, CONTENT => $__not_finish_tenant_cnt__
[2026-10-03 04:40:48.875][INFO ] [Deploy         :287] - execute db_p.select select count(*) as cnt from oceanbase.DBA_OB_MAJOR_COMPACTION where frozen_scn != last_scn, cnt, 1
[2026-10-03 04:40:48.876][INFO ] [SQLProcessor   :2086] - execute sql => select count(*) as cnt from oceanbase.DBA_OB_MAJOR_COMPACTION where frozen_scn != last_scn
[2026-10-03 04:40:48.882][INFO ] [Deploy         :294] - execute db_p.select select count(*) as cnt from oceanbase.DBA_OB_MAJOR_COMPACTION where frozen_scn != last_scn, cnt, 1 result => 1
[2026-10-03 04:40:48.883][INFO ] [Command        :353] - start[1790973648875] time[7] tag[Q_LET_DEPLOY]
[2026-10-03 04:40:48.883][INFO ] [Command        :536] - > LINE => 0, CMD => Q_IF, CONTENT => $__not_finish_tenant_cnt__ == 0
[2026-10-03 04:40:48.887][INFO ] [Command        :353] - start[1790973648883] time[3] tag[Q_IF]
[2026-10-03 04:40:48.890][INFO ] [Command        :536] - > LINE => 0, CMD => Q_SLEEP, CONTENT => 1
[2026-10-03 04:40:49.890][INFO ] [Command        :353] - start[1790973648890] time[1000] tag[Q_SLEEP]
[2026-10-03 04:40:49.891][INFO ] [Command        :536] - > LINE => 0, CMD => Q_DEC, CONTENT => $__i__
[2026-10-03 04:40:49.891][INFO ] [Command        :353] - start[1790973649891] time[0] tag[Q_DEC]
[2026-10-03 04:40:49.891][INFO ] [Command        :536] - > LINE => 0, CMD => Q_LET_DEPLOY, CONTENT => $__not_finish_tenant_cnt__
[2026-10-03 04:40:49.891][INFO ] [Deploy         :287] - execute db_p.select select count(*) as cnt from oceanbase.DBA_OB_MAJOR_COMPACTION where frozen_scn != last_scn, cnt, 1
[2026-10-03 04:40:49.892][INFO ] [SQLProcessor   :2086] - execute sql => select count(*) as cnt from oceanbase.DBA_OB_MAJOR_COMPACTION where frozen_scn != last_scn
[2026-10-03 04:40:49.898][INFO ] [Deploy         :294] - execute db_p.select select count(*) as cnt from oceanbase.DBA_OB_MAJOR_COMPACTION where frozen_scn != last_scn, cnt, 1 result => 1
[2026-10-03 04:40:49.898][INFO ] [Command        :353] - start[1790973649891] time[7] tag[Q_LET_DEPLOY]
[2026-10-03 04:40:49.899][INFO ] [Command        :536] - > LINE => 0, CMD => Q_IF, CONTENT => $__not_finish_tenant_cnt__ == 0
[2026-10-03 04:40:49.904][INFO ] [Command        :353] - start[1790973649899] time[4] tag[Q_IF]
[2026-10-03 04:40:49.907][INFO ] [Command        :536] - > LINE => 0, CMD => Q_SLEEP, CONTENT => 1
[2026-10-03 04:40:50.908][INFO ] [Command        :353] - start[1790973649907] time[1000] tag[Q_SLEEP]
[2026-10-03 04:40:50.908][INFO ] [Command        :536] - > LINE => 0, CMD => Q_DEC, CONTENT => $__i__
[2026-10-03 04:40:50.908][INFO ] [Command        :353] - start[1790973650908] time[0] tag[Q_DEC]
[2026-10-03 04:40:50.908][INFO ] [Command        :536] - > LINE => 0, CMD => Q_LET_DEPLOY, CONTENT => $__not_finish_tenant_cnt__
[2026-10-03 04:40:50.909][INFO ] [Deploy         :287] - execute db_p.select select count(*) as cnt from oceanbase.DBA_OB_MAJOR_COMPACTION where frozen_scn != last_scn, cnt, 1
[2026-10-03 04:40:50.909][INFO ] [SQLProcessor   :2086] - execute sql => select count(*) as cnt from oceanbase.DBA_OB_MAJOR_COMPACTION where frozen_scn != last_scn
[2026-10-03 04:40:50.916][INFO ] [Deploy         :294] - execute db_p.select select count(*) as cnt from oceanbase.DBA_OB_MAJOR_COMPACTION where frozen_scn != last_scn, cnt, 1 result => 1
[2026-10-03 04:40:50.916][INFO ] [Command        :353] - start[1790973650909] time[7] tag[Q_LET_DEPLOY]
[2026-10-03 04:40:50.917][INFO ] [Command        :536] - > LINE => 0, CMD => Q_IF, CONTENT => $__not_finish_tenant_cnt__ == 0
[2026-10-03 04:40:50.922][INFO ] [Command        :353] - start[1790973650917] time[5] tag[Q_IF]
[2026-10-03 04:40:50.925][INFO ] [Command        :536] - > LINE => 0, CMD => Q_SLEEP, CONTENT => 1
[2026-10-03 04:40:51.926][INFO ] [Command        :353] - start[1790973650925] time[1000] tag[Q_SLEEP]
[2026-10-03 04:40:51.926][INFO ] [Command        :536] - > LINE => 0, CMD => Q_DEC, CONTENT => $__i__
[2026-10-03 04:40:51.926][INFO ] [Command        :353] - start[1790973651926] time[0] tag[Q_DEC]
[2026-10-03 04:40:51.926][INFO ] [Command        :536] - > LINE => 0, CMD => Q_LET_DEPLOY, CONTENT => $__not_finish_tenant_cnt__
[2026-10-03 04:40:51.927][INFO ] [Deploy         :287] - execute db_p.select select count(*) as cnt from oceanbase.DBA_OB_MAJOR_COMPACTION where frozen_scn != last_scn, cnt, 1
[2026-10-03 04:40:51.927][INFO ] [SQLProcessor   :2086] - execute sql => select count(*) as cnt from oceanbase.DBA_OB_MAJOR_COMPACTION where frozen_scn != last_scn
[2026-10-03 04:40:51.934][INFO ] [Deploy         :294] - execute db_p.select select count(*) as cnt from oceanbase.DBA_OB_MAJOR_COMPACTION where frozen_scn != last_scn, cnt, 1 result => 1
[2026-10-03 04:40:51.934][INFO ] [Command        :353] - start[1790973651927] time[7] tag[Q_LET_DEPLOY]
[2026-10-03 04:40:51.935][INFO ] [Command        :536] - > LINE => 0, CMD => Q_IF, CONTENT => $__not_finish_tenant_cnt__ == 0
[2026-10-03 04:40:51.939][INFO ] [Command        :353] - start[1790973651935] time[4] tag[Q_IF]
[2026-10-03 04:40:51.942][INFO ] [Command        :536] - > LINE => 0, CMD => Q_SLEEP, CONTENT => 1
[2026-10-03 04:40:52.943][INFO ] [Command        :353] - start[1790973651943] time[1000] tag[Q_SLEEP]
[2026-10-03 04:40:52.943][INFO ] [Command        :536] - > LINE => 0, CMD => Q_DEC, CONTENT => $__i__
[2026-10-03 04:40:52.943][INFO ] [Command        :353] - start[1790973652943] time[0] tag[Q_DEC]
[2026-10-03 04:40:52.944][INFO ] [Command        :536] - > LINE => 0, CMD => Q_LET_DEPLOY, CONTENT => $__not_finish_tenant_cnt__
[2026-10-03 04:40:52.944][INFO ] [Deploy         :287] - execute db_p.select select count(*) as cnt from oceanbase.DBA_OB_MAJOR_COMPACTION where frozen_scn != last_scn, cnt, 1
[2026-10-03 04:40:52.944][INFO ] [SQLProcessor   :2086] - execute sql => select count(*) as cnt from oceanbase.DBA_OB_MAJOR_COMPACTION where frozen_scn != last_scn
[2026-10-03 04:40:52.950][INFO ] [Deploy         :294] - execute db_p.select select count(*) as cnt from oceanbase.DBA_OB_MAJOR_COMPACTION where frozen_scn != last_scn, cnt, 1 result => 1
[2026-10-03 04:40:52.951][INFO ] [Command        :353] - start[1790973652944] time[6] tag[Q_LET_DEPLOY]
[2026-10-03 04:40:52.951][INFO ] [Command        :536] - > LINE => 0, CMD => Q_IF, CONTENT => $__not_finish_tenant_cnt__ == 0
[2026-10-03 04:40:52.955][INFO ] [Command        :353] - start[1790973652951] time[4] tag[Q_IF]
[2026-10-03 04:40:52.958][INFO ] [Command        :536] - > LINE => 0, CMD => Q_SLEEP, CONTENT => 1
[2026-10-03 04:40:53.958][INFO ] [Command        :353] - start[1790973652958] time[1000] tag[Q_SLEEP]
[2026-10-03 04:40:53.959][INFO ] [Command        :536] - > LINE => 0, CMD => Q_DEC, CONTENT => $__i__
[2026-10-03 04:40:53.959][INFO ] [Command        :353] - start[1790973653959] time[0] tag[Q_DEC]
[2026-10-03 04:40:53.959][INFO ] [Command        :536] - > LINE => 0, CMD => Q_LET_DEPLOY, CONTENT => $__not_finish_tenant_cnt__
[2026-10-03 04:40:53.959][INFO ] [Deploy         :287] - execute db_p.select select count(*) as cnt from oceanbase.DBA_OB_MAJOR_COMPACTION where frozen_scn != last_scn, cnt, 1
[2026-10-03 04:40:53.960][INFO ] [SQLProcessor   :2086] - execute sql => select count(*) as cnt from oceanbase.DBA_OB_MAJOR_COMPACTION where frozen_scn != last_scn
[2026-10-03 04:40:53.968][INFO ] [Deploy         :294] - execute db_p.select select count(*) as cnt from oceanbase.DBA_OB_MAJOR_COMPACTION where frozen_scn != last_scn, cnt, 1 result => 1
[2026-10-03 04:40:53.968][INFO ] [Command        :353] - start[1790973653959] time[8] tag[Q_LET_DEPLOY]
[2026-10-03 04:40:53.968][INFO ] [Command        :536] - > LINE => 0, CMD => Q_IF, CONTENT => $__not_finish_tenant_cnt__ == 0
[2026-10-03 04:40:53.973][INFO ] [Command        :353] - start[1790973653968] time[4] tag[Q_IF]
[2026-10-03 04:40:53.976][INFO ] [Command        :536] - > LINE => 0, CMD => Q_SLEEP, CONTENT => 1
[2026-10-03 04:40:54.976][INFO ] [Command        :353] - start[1790973653976] time[1000] tag[Q_SLEEP]
[2026-10-03 04:40:54.977][INFO ] [Command        :536] - > LINE => 0, CMD => Q_DEC, CONTENT => $__i__
[2026-10-03 04:40:54.977][INFO ] [Command        :353] - start[1790973654977] time[0] tag[Q_DEC]
[2026-10-03 04:40:54.977][INFO ] [Command        :536] - > LINE => 0, CMD => Q_LET_DEPLOY, CONTENT => $__not_finish_tenant_cnt__
[2026-10-03 04:40:54.977][INFO ] [Deploy         :287] - execute db_p.select select count(*) as cnt from oceanbase.DBA_OB_MAJOR_COMPACTION where frozen_scn != last_scn, cnt, 1
[2026-10-03 04:40:54.978][INFO ] [SQLProcessor   :2086] - execute sql => select count(*) as cnt from oceanbase.DBA_OB_MAJOR_COMPACTION where frozen_scn != last_scn
[2026-10-03 04:40:54.985][INFO ] [Deploy         :294] - execute db_p.select select count(*) as cnt from oceanbase.DBA_OB_MAJOR_COMPACTION where frozen_scn != last_scn, cnt, 1 result => 1
[2026-10-03 04:40:54.985][INFO ] [Command        :353] - start[1790973654977] time[7] tag[Q_LET_DEPLOY]
[2026-10-03 04:40:54.986][INFO ] [Command        :536] - > LINE => 0, CMD => Q_IF, CONTENT => $__not_finish_tenant_cnt__ == 0
[2026-10-03 04:40:54.990][INFO ] [Command        :353] - start[1790973654986] time[3] tag[Q_IF]
[2026-10-03 04:40:54.992][INFO ] [Command        :536] - > LINE => 0, CMD => Q_SLEEP, CONTENT => 1
[2026-10-03 04:40:55.993][INFO ] [Command        :353] - start[1790973654993] time[1000] tag[Q_SLEEP]
[2026-10-03 04:40:55.993][INFO ] [Command        :536] - > LINE => 0, CMD => Q_DEC, CONTENT => $__i__
[2026-10-03 04:40:55.993][INFO ] [Command        :353] - start[1790973655993] time[0] tag[Q_DEC]
[2026-10-03 04:40:55.994][INFO ] [Command        :536] - > LINE => 0, CMD => Q_LET_DEPLOY, CONTENT => $__not_finish_tenant_cnt__
[2026-10-03 04:40:55.994][INFO ] [Deploy         :287] - execute db_p.select select count(*) as cnt from oceanbase.DBA_OB_MAJOR_COMPACTION where frozen_scn != last_scn, cnt, 1
[2026-10-03 04:40:55.994][INFO ] [SQLProcessor   :2086] - execute sql => select count(*) as cnt from oceanbase.DBA_OB_MAJOR_COMPACTION where frozen_scn != last_scn
[2026-10-03 04:40:56.02][INFO ] [Deploy         :294] - execute db_p.select select count(*) as cnt from oceanbase.DBA_OB_MAJOR_COMPACTION where frozen_scn != last_scn, cnt, 1 result => 1
[2026-10-03 04:40:56.02][INFO ] [Command        :353] - start[1790973655994] time[8] tag[Q_LET_DEPLOY]
[2026-10-03 04:40:56.02][INFO ] [Command        :536] - > LINE => 0, CMD => Q_IF, CONTENT => $__not_finish_tenant_cnt__ == 0
[2026-10-03 04:40:56.07][INFO ] [Command        :353] - start[1790973656002] time[4] tag[Q_IF]
[2026-10-03 04:40:56.10][INFO ] [Command        :536] - > LINE => 0, CMD => Q_SLEEP, CONTENT => 1
[2026-10-03 04:40:57.11][INFO ] [Command        :353] - start[1790973656010] time[1000] tag[Q_SLEEP]
[2026-10-03 04:40:57.11][INFO ] [Command        :536] - > LINE => 0, CMD => Q_DEC, CONTENT => $__i__
[2026-10-03 04:40:57.11][INFO ] [Command        :353] - start[1790973657011] time[0] tag[Q_DEC]
[2026-10-03 04:40:57.12][INFO ] [Command        :536] - > LINE => 0, CMD => Q_LET_DEPLOY, CONTENT => $__not_finish_tenant_cnt__
[2026-10-03 04:40:57.12][INFO ] [Deploy         :287] - execute db_p.select select count(*) as cnt from oceanbase.DBA_OB_MAJOR_COMPACTION where frozen_scn != last_scn, cnt, 1
[2026-10-03 04:40:57.12][INFO ] [SQLProcessor   :2086] - execute sql => select count(*) as cnt from oceanbase.DBA_OB_MAJOR_COMPACTION where frozen_scn != last_scn
[2026-10-03 04:40:57.20][INFO ] [Deploy         :294] - execute db_p.select select count(*) as cnt from oceanbase.DBA_OB_MAJOR_COMPACTION where frozen_scn != last_scn, cnt, 1 result => 1
[2026-10-03 04:40:57.20][INFO ] [Command        :353] - start[1790973657012] time[8] tag[Q_LET_DEPLOY]
[2026-10-03 04:40:57.20][INFO ] [Command        :536] - > LINE => 0, CMD => Q_IF, CONTENT => $__not_finish_tenant_cnt__ == 0
[2026-10-03 04:40:57.26][INFO ] [Command        :353] - start[1790973657021] time[5] tag[Q_IF]
[2026-10-03 04:40:57.30][INFO ] [Command        :536] - > LINE => 0, CMD => Q_SLEEP, CONTENT => 1
[2026-10-03 04:40:58.30][INFO ] [Command        :353] - start[1790973657030] time[1000] tag[Q_SLEEP]
[2026-10-03 04:40:58.31][INFO ] [Command        :536] - > LINE => 0, CMD => Q_DEC, CONTENT => $__i__
[2026-10-03 04:40:58.32][INFO ] [Command        :353] - start[1790973658031] time[0] tag[Q_DEC]
[2026-10-03 04:40:58.35][INFO ] [Command        :536] - > LINE => 0, CMD => Q_LET_DEPLOY, CONTENT => $__not_finish_tenant_cnt__
[2026-10-03 04:40:58.35][INFO ] [Deploy         :287] - execute db_p.select select count(*) as cnt from oceanbase.DBA_OB_MAJOR_COMPACTION where frozen_scn != last_scn, cnt, 1
[2026-10-03 04:40:58.35][INFO ] [SQLProcessor   :2086] - execute sql => select count(*) as cnt from oceanbase.DBA_OB_MAJOR_COMPACTION where frozen_scn != last_scn
[2026-10-03 04:40:58.44][INFO ] [Deploy         :294] - execute db_p.select select count(*) as cnt from oceanbase.DBA_OB_MAJOR_COMPACTION where frozen_scn != last_scn, cnt, 1 result => 1
[2026-10-03 04:40:58.44][INFO ] [Command        :353] - start[1790973658035] time[9] tag[Q_LET_DEPLOY]
[2026-10-03 04:40:58.44][INFO ] [Command        :536] - > LINE => 0, CMD => Q_IF, CONTENT => $__not_finish_tenant_cnt__ == 0
[2026-10-03 04:40:58.50][INFO ] [Command        :353] - start[1790973658044] time[5] tag[Q_IF]
[2026-10-03 04:40:58.55][INFO ] [Command        :536] - > LINE => 0, CMD => Q_SLEEP, CONTENT => 1
[2026-10-03 04:40:59.55][INFO ] [Command        :353] - start[1790973658055] time[1000] tag[Q_SLEEP]
[2026-10-03 04:40:59.55][INFO ] [Command        :536] - > LINE => 0, CMD => Q_DEC, CONTENT => $__i__
[2026-10-03 04:40:59.55][INFO ] [Command        :353] - start[1790973659055] time[0] tag[Q_DEC]
[2026-10-03 04:40:59.56][INFO ] [Command        :536] - > LINE => 0, CMD => Q_LET_DEPLOY, CONTENT => $__not_finish_tenant_cnt__
[2026-10-03 04:40:59.56][INFO ] [Deploy         :287] - execute db_p.select select count(*) as cnt from oceanbase.DBA_OB_MAJOR_COMPACTION where frozen_scn != last_scn, cnt, 1
[2026-10-03 04:40:59.56][INFO ] [SQLProcessor   :2086] - execute sql => select count(*) as cnt from oceanbase.DBA_OB_MAJOR_COMPACTION where frozen_scn != last_scn
[2026-10-03 04:40:59.63][INFO ] [Deploy         :294] - execute db_p.select select count(*) as cnt from oceanbase.DBA_OB_MAJOR_COMPACTION where frozen_scn != last_scn, cnt, 1 result => 1
[2026-10-03 04:40:59.63][INFO ] [Command        :353] - start[1790973659056] time[7] tag[Q_LET_DEPLOY]
[2026-10-03 04:40:59.63][INFO ] [Command        :536] - > LINE => 0, CMD => Q_IF, CONTENT => $__not_finish_tenant_cnt__ == 0
[2026-10-03 04:40:59.68][INFO ] [Command        :353] - start[1790973659063] time[4] tag[Q_IF]
[2026-10-03 04:40:59.71][INFO ] [Command        :536] - > LINE => 0, CMD => Q_SLEEP, CONTENT => 1
[2026-10-03 04:41:00.72][INFO ] [Command        :353] - start[1790973659071] time[1000] tag[Q_SLEEP]
[2026-10-03 04:41:00.76][INFO ] [Command        :536] - > LINE => 0, CMD => Q_DEC, CONTENT => $__i__
[2026-10-03 04:41:00.76][INFO ] [Command        :353] - start[1790973660076] time[0] tag[Q_DEC]
[2026-10-03 04:41:00.76][INFO ] [Command        :536] - > LINE => 0, CMD => Q_LET_DEPLOY, CONTENT => $__not_finish_tenant_cnt__
[2026-10-03 04:41:00.76][INFO ] [Deploy         :287] - execute db_p.select select count(*) as cnt from oceanbase.DBA_OB_MAJOR_COMPACTION where frozen_scn != last_scn, cnt, 1
[2026-10-03 04:41:00.77][INFO ] [SQLProcessor   :2086] - execute sql => select count(*) as cnt from oceanbase.DBA_OB_MAJOR_COMPACTION where frozen_scn != last_scn
[2026-10-03 04:41:00.84][INFO ] [Deploy         :294] - execute db_p.select select count(*) as cnt from oceanbase.DBA_OB_MAJOR_COMPACTION where frozen_scn != last_scn, cnt, 1 result => 1
[2026-10-03 04:41:00.84][INFO ] [Command        :353] - start[1790973660076] time[7] tag[Q_LET_DEPLOY]
[2026-10-03 04:41:00.84][INFO ] [Command        :536] - > LINE => 0, CMD => Q_IF, CONTENT => $__not_finish_tenant_cnt__ == 0
[2026-10-03 04:41:00.89][INFO ] [Command        :353] - start[1790973660084] time[4] tag[Q_IF]
[2026-10-03 04:41:00.92][INFO ] [Command        :536] - > LINE => 0, CMD => Q_SLEEP, CONTENT => 1
[2026-10-03 04:41:01.92][INFO ] [Command        :353] - start[1790973660092] time[1000] tag[Q_SLEEP]
[2026-10-03 04:41:01.93][INFO ] [Command        :536] - > LINE => 0, CMD => Q_DEC, CONTENT => $__i__
[2026-10-03 04:41:01.93][INFO ] [Command        :353] - start[1790973661093] time[0] tag[Q_DEC]
[2026-10-03 04:41:01.93][INFO ] [Command        :536] - > LINE => 0, CMD => Q_LET_DEPLOY, CONTENT => $__not_finish_tenant_cnt__
[2026-10-03 04:41:01.94][INFO ] [Deploy         :287] - execute db_p.select select count(*) as cnt from oceanbase.DBA_OB_MAJOR_COMPACTION where frozen_scn != last_scn, cnt, 1
[2026-10-03 04:41:01.95][INFO ] [SQLProcessor   :2086] - execute sql => select count(*) as cnt from oceanbase.DBA_OB_MAJOR_COMPACTION where frozen_scn != last_scn
[2026-10-03 04:41:01.109][INFO ] [Deploy         :294] - execute db_p.select select count(*) as cnt from oceanbase.DBA_OB_MAJOR_COMPACTION where frozen_scn != last_scn, cnt, 1 result => 1
[2026-10-03 04:41:01.109][INFO ] [Command        :353] - start[1790973661094] time[15] tag[Q_LET_DEPLOY]
[2026-10-03 04:41:01.110][INFO ] [Command        :536] - > LINE => 0, CMD => Q_IF, CONTENT => $__not_finish_tenant_cnt__ == 0
[2026-10-03 04:41:01.114][INFO ] [Command        :353] - start[1790973661110] time[4] tag[Q_IF]
[2026-10-03 04:41:01.118][INFO ] [Command        :536] - > LINE => 0, CMD => Q_SLEEP, CONTENT => 1
[2026-10-03 04:41:02.118][INFO ] [Command        :353] - start[1790973661118] time[1000] tag[Q_SLEEP]
[2026-10-03 04:41:02.119][INFO ] [Command        :536] - > LINE => 0, CMD => Q_DEC, CONTENT => $__i__
[2026-10-03 04:41:02.119][INFO ] [Command        :353] - start[1790973662119] time[0] tag[Q_DEC]
[2026-10-03 04:41:02.119][INFO ] [Command        :536] - > LINE => 0, CMD => Q_LET_DEPLOY, CONTENT => $__not_finish_tenant_cnt__
[2026-10-03 04:41:02.119][INFO ] [Deploy         :287] - execute db_p.select select count(*) as cnt from oceanbase.DBA_OB_MAJOR_COMPACTION where frozen_scn != last_scn, cnt, 1
[2026-10-03 04:41:02.119][INFO ] [SQLProcessor   :2086] - execute sql => select count(*) as cnt from oceanbase.DBA_OB_MAJOR_COMPACTION where frozen_scn != last_scn
[2026-10-03 04:41:02.127][INFO ] [Deploy         :294] - execute db_p.select select count(*) as cnt from oceanbase.DBA_OB_MAJOR_COMPACTION where frozen_scn != last_scn, cnt, 1 result => 1
[2026-10-03 04:41:02.127][INFO ] [Command        :353] - start[1790973662119] time[7] tag[Q_LET_DEPLOY]
[2026-10-03 04:41:02.127][INFO ] [Command        :536] - > LINE => 0, CMD => Q_IF, CONTENT => $__not_finish_tenant_cnt__ == 0
[2026-10-03 04:41:02.132][INFO ] [Command        :353] - start[1790973662127] time[4] tag[Q_IF]
[2026-10-03 04:41:02.136][INFO ] [Command        :536] - > LINE => 0, CMD => Q_SLEEP, CONTENT => 1
[2026-10-03 04:41:03.136][INFO ] [Command        :353] - start[1790973662136] time[1000] tag[Q_SLEEP]
[2026-10-03 04:41:03.137][INFO ] [Command        :536] - > LINE => 0, CMD => Q_DEC, CONTENT => $__i__
[2026-10-03 04:41:03.137][INFO ] [Command        :353] - start[1790973663137] time[0] tag[Q_DEC]
[2026-10-03 04:41:03.137][INFO ] [Command        :536] - > LINE => 0, CMD => Q_LET_DEPLOY, CONTENT => $__not_finish_tenant_cnt__
[2026-10-03 04:41:03.137][INFO ] [Deploy         :287] - execute db_p.select select count(*) as cnt from oceanbase.DBA_OB_MAJOR_COMPACTION where frozen_scn != last_scn, cnt, 1
[2026-10-03 04:41:03.138][INFO ] [SQLProcessor   :2086] - execute sql => select count(*) as cnt from oceanbase.DBA_OB_MAJOR_COMPACTION where frozen_scn != last_scn
[2026-10-03 04:41:03.144][INFO ] [Deploy         :294] - execute db_p.select select count(*) as cnt from oceanbase.DBA_OB_MAJOR_COMPACTION where frozen_scn != last_scn, cnt, 1 result => 1
[2026-10-03 04:41:03.144][INFO ] [Command        :353] - start[1790973663137] time[7] tag[Q_LET_DEPLOY]
[2026-10-03 04:41:03.145][INFO ] [Command        :536] - > LINE => 0, CMD => Q_IF, CONTENT => $__not_finish_tenant_cnt__ == 0
[2026-10-03 04:41:03.148][INFO ] [Command        :353] - start[1790973663145] time[3] tag[Q_IF]
[2026-10-03 04:41:03.151][INFO ] [Command        :536] - > LINE => 0, CMD => Q_SLEEP, CONTENT => 1
[2026-10-03 04:41:04.151][INFO ] [Command        :353] - start[1790973663151] time[1000] tag[Q_SLEEP]
[2026-10-03 04:41:04.152][INFO ] [Command        :536] - > LINE => 0, CMD => Q_DEC, CONTENT => $__i__
[2026-10-03 04:41:04.152][INFO ] [Command        :353] - start[1790973664152] time[0] tag[Q_DEC]
[2026-10-03 04:41:04.152][INFO ] [Command        :536] - > LINE => 0, CMD => Q_LET_DEPLOY, CONTENT => $__not_finish_tenant_cnt__
[2026-10-03 04:41:04.152][INFO ] [Deploy         :287] - execute db_p.select select count(*) as cnt from oceanbase.DBA_OB_MAJOR_COMPACTION where frozen_scn != last_scn, cnt, 1
[2026-10-03 04:41:04.153][INFO ] [SQLProcessor   :2086] - execute sql => select count(*) as cnt from oceanbase.DBA_OB_MAJOR_COMPACTION where frozen_scn != last_scn
[2026-10-03 04:41:04.160][INFO ] [Deploy         :294] - execute db_p.select select count(*) as cnt from oceanbase.DBA_OB_MAJOR_COMPACTION where frozen_scn != last_scn, cnt, 1 result => 1
[2026-10-03 04:41:04.160][INFO ] [Command        :353] - start[1790973664152] time[7] tag[Q_LET_DEPLOY]
[2026-10-03 04:41:04.160][INFO ] [Command        :536] - > LINE => 0, CMD => Q_IF, CONTENT => $__not_finish_tenant_cnt__ == 0
[2026-10-03 04:41:04.164][INFO ] [Command        :353] - start[1790973664160] time[4] tag[Q_IF]
[2026-10-03 04:41:04.168][INFO ] [Command        :536] - > LINE => 0, CMD => Q_SLEEP, CONTENT => 1
[2026-10-03 04:41:05.169][INFO ] [Command        :353] - start[1790973664168] time[1000] tag[Q_SLEEP]
[2026-10-03 04:41:05.169][INFO ] [Command        :536] - > LINE => 0, CMD => Q_DEC, CONTENT => $__i__
[2026-10-03 04:41:05.169][INFO ] [Command        :353] - start[1790973665169] time[0] tag[Q_DEC]
[2026-10-03 04:41:05.169][INFO ] [Command        :536] - > LINE => 0, CMD => Q_LET_DEPLOY, CONTENT => $__not_finish_tenant_cnt__
[2026-10-03 04:41:05.170][INFO ] [Deploy         :287] - execute db_p.select select count(*) as cnt from oceanbase.DBA_OB_MAJOR_COMPACTION where frozen_scn != last_scn, cnt, 1
[2026-10-03 04:41:05.170][INFO ] [SQLProcessor   :2086] - execute sql => select count(*) as cnt from oceanbase.DBA_OB_MAJOR_COMPACTION where frozen_scn != last_scn
[2026-10-03 04:41:05.176][INFO ] [Deploy         :294] - execute db_p.select select count(*) as cnt from oceanbase.DBA_OB_MAJOR_COMPACTION where frozen_scn != last_scn, cnt, 1 result => 1
[2026-10-03 04:41:05.176][INFO ] [Command        :353] - start[1790973665169] time[6] tag[Q_LET_DEPLOY]
[2026-10-03 04:41:05.177][INFO ] [Command        :536] - > LINE => 0, CMD => Q_IF, CONTENT => $__not_finish_tenant_cnt__ == 0
[2026-10-03 04:41:05.180][INFO ] [Command        :353] - start[1790973665177] time[3] tag[Q_IF]
[2026-10-03 04:41:05.184][INFO ] [Command        :536] - > LINE => 0, CMD => Q_SLEEP, CONTENT => 1
[2026-10-03 04:41:06.184][INFO ] [Command        :353] - start[1790973665184] time[1000] tag[Q_SLEEP]
[2026-10-03 04:41:06.184][INFO ] [Command        :536] - > LINE => 0, CMD => Q_DEC, CONTENT => $__i__
[2026-10-03 04:41:06.185][INFO ] [Command        :353] - start[1790973666185] time[0] tag[Q_DEC]
[2026-10-03 04:41:06.185][INFO ] [Command        :536] - > LINE => 0, CMD => Q_LET_DEPLOY, CONTENT => $__not_finish_tenant_cnt__
[2026-10-03 04:41:06.185][INFO ] [Deploy         :287] - execute db_p.select select count(*) as cnt from oceanbase.DBA_OB_MAJOR_COMPACTION where frozen_scn != last_scn, cnt, 1
[2026-10-03 04:41:06.185][INFO ] [SQLProcessor   :2086] - execute sql => select count(*) as cnt from oceanbase.DBA_OB_MAJOR_COMPACTION where frozen_scn != last_scn
[2026-10-03 04:41:06.192][INFO ] [Deploy         :294] - execute db_p.select select count(*) as cnt from oceanbase.DBA_OB_MAJOR_COMPACTION where frozen_scn != last_scn, cnt, 1 result => 1
[2026-10-03 04:41:06.192][INFO ] [Command        :353] - start[1790973666185] time[7] tag[Q_LET_DEPLOY]
[2026-10-03 04:41:06.192][INFO ] [Command        :536] - > LINE => 0, CMD => Q_IF, CONTENT => $__not_finish_tenant_cnt__ == 0
[2026-10-03 04:41:06.197][INFO ] [Command        :353] - start[1790973666192] time[4] tag[Q_IF]
[2026-10-03 04:41:06.201][INFO ] [Command        :536] - > LINE => 0, CMD => Q_SLEEP, CONTENT => 1
[2026-10-03 04:41:07.201][INFO ] [Command        :353] - start[1790973666201] time[1000] tag[Q_SLEEP]
[2026-10-03 04:41:07.202][INFO ] [Command        :536] - > LINE => 0, CMD => Q_DEC, CONTENT => $__i__
[2026-10-03 04:41:07.202][INFO ] [Command        :353] - start[1790973667202] time[0] tag[Q_DEC]
[2026-10-03 04:41:07.202][INFO ] [Command        :536] - > LINE => 0, CMD => Q_LET_DEPLOY, CONTENT => $__not_finish_tenant_cnt__
[2026-10-03 04:41:07.202][INFO ] [Deploy         :287] - execute db_p.select select count(*) as cnt from oceanbase.DBA_OB_MAJOR_COMPACTION where frozen_scn != last_scn, cnt, 1
[2026-10-03 04:41:07.203][INFO ] [SQLProcessor   :2086] - execute sql => select count(*) as cnt from oceanbase.DBA_OB_MAJOR_COMPACTION where frozen_scn != last_scn
[2026-10-03 04:41:07.209][INFO ] [Deploy         :294] - execute db_p.select select count(*) as cnt from oceanbase.DBA_OB_MAJOR_COMPACTION where frozen_scn != last_scn, cnt, 1 result => 1
[2026-10-03 04:41:07.210][INFO ] [Command        :353] - start[1790973667202] time[7] tag[Q_LET_DEPLOY]
[2026-10-03 04:41:07.210][INFO ] [Command        :536] - > LINE => 0, CMD => Q_IF, CONTENT => $__not_finish_tenant_cnt__ == 0
[2026-10-03 04:41:07.222][INFO ] [Command        :353] - start[1790973667210] time[12] tag[Q_IF]
[2026-10-03 04:41:07.226][INFO ] [Command        :536] - > LINE => 0, CMD => Q_SLEEP, CONTENT => 1
[2026-10-03 04:41:08.228][INFO ] [Command        :353] - start[1790973667226] time[1002] tag[Q_SLEEP]
[2026-10-03 04:41:08.229][INFO ] [Command        :536] - > LINE => 0, CMD => Q_DEC, CONTENT => $__i__
[2026-10-03 04:41:08.229][INFO ] [Command        :353] - start[1790973668229] time[0] tag[Q_DEC]
[2026-10-03 04:41:08.229][INFO ] [Command        :536] - > LINE => 0, CMD => Q_LET_DEPLOY, CONTENT => $__not_finish_tenant_cnt__
[2026-10-03 04:41:08.229][INFO ] [Deploy         :287] - execute db_p.select select count(*) as cnt from oceanbase.DBA_OB_MAJOR_COMPACTION where frozen_scn != last_scn, cnt, 1
[2026-10-03 04:41:08.230][INFO ] [SQLProcessor   :2086] - execute sql => select count(*) as cnt from oceanbase.DBA_OB_MAJOR_COMPACTION where frozen_scn != last_scn
[2026-10-03 04:41:08.238][INFO ] [Deploy         :294] - execute db_p.select select count(*) as cnt from oceanbase.DBA_OB_MAJOR_COMPACTION where frozen_scn != last_scn, cnt, 1 result => 1
[2026-10-03 04:41:08.238][INFO ] [Command        :353] - start[1790973668229] time[8] tag[Q_LET_DEPLOY]
[2026-10-03 04:41:08.238][INFO ] [Command        :536] - > LINE => 0, CMD => Q_IF, CONTENT => $__not_finish_tenant_cnt__ == 0
[2026-10-03 04:41:08.242][INFO ] [Command        :353] - start[1790973668238] time[3] tag[Q_IF]
[2026-10-03 04:41:08.246][INFO ] [Command        :536] - > LINE => 0, CMD => Q_SLEEP, CONTENT => 1
[2026-10-03 04:41:09.246][INFO ] [Command        :353] - start[1790973668246] time[1000] tag[Q_SLEEP]
[2026-10-03 04:41:09.247][INFO ] [Command        :536] - > LINE => 0, CMD => Q_DEC, CONTENT => $__i__
[2026-10-03 04:41:09.247][INFO ] [Command        :353] - start[1790973669247] time[0] tag[Q_DEC]
[2026-10-03 04:41:09.247][INFO ] [Command        :536] - > LINE => 0, CMD => Q_LET_DEPLOY, CONTENT => $__not_finish_tenant_cnt__
[2026-10-03 04:41:09.247][INFO ] [Deploy         :287] - execute db_p.select select count(*) as cnt from oceanbase.DBA_OB_MAJOR_COMPACTION where frozen_scn != last_scn, cnt, 1
[2026-10-03 04:41:09.248][INFO ] [SQLProcessor   :2086] - execute sql => select count(*) as cnt from oceanbase.DBA_OB_MAJOR_COMPACTION where frozen_scn != last_scn
[2026-10-03 04:41:09.255][INFO ] [Deploy         :294] - execute db_p.select select count(*) as cnt from oceanbase.DBA_OB_MAJOR_COMPACTION where frozen_scn != last_scn, cnt, 1 result => 1
[2026-10-03 04:41:09.255][INFO ] [Command        :353] - start[1790973669247] time[7] tag[Q_LET_DEPLOY]
[2026-10-03 04:41:09.255][INFO ] [Command        :536] - > LINE => 0, CMD => Q_IF, CONTENT => $__not_finish_tenant_cnt__ == 0
[2026-10-03 04:41:09.259][INFO ] [Command        :353] - start[1790973669255] time[3] tag[Q_IF]
[2026-10-03 04:41:09.262][INFO ] [Command        :536] - > LINE => 0, CMD => Q_SLEEP, CONTENT => 1
[2026-10-03 04:41:10.263][INFO ] [Command        :353] - start[1790973669262] time[1000] tag[Q_SLEEP]
[2026-10-03 04:41:10.263][INFO ] [Command        :536] - > LINE => 0, CMD => Q_DEC, CONTENT => $__i__
[2026-10-03 04:41:10.263][INFO ] [Command        :353] - start[1790973670263] time[0] tag[Q_DEC]
[2026-10-03 04:41:10.263][INFO ] [Command        :536] - > LINE => 0, CMD => Q_LET_DEPLOY, CONTENT => $__not_finish_tenant_cnt__
[2026-10-03 04:41:10.263][INFO ] [Deploy         :287] - execute db_p.select select count(*) as cnt from oceanbase.DBA_OB_MAJOR_COMPACTION where frozen_scn != last_scn, cnt, 1
[2026-10-03 04:41:10.264][INFO ] [SQLProcessor   :2086] - execute sql => select count(*) as cnt from oceanbase.DBA_OB_MAJOR_COMPACTION where frozen_scn != last_scn
[2026-10-03 04:41:10.270][INFO ] [Deploy         :294] - execute db_p.select select count(*) as cnt from oceanbase.DBA_OB_MAJOR_COMPACTION where frozen_scn != last_scn, cnt, 1 result => 1
[2026-10-03 04:41:10.271][INFO ] [Command        :353] - start[1790973670263] time[7] tag[Q_LET_DEPLOY]
[2026-10-03 04:41:10.271][INFO ] [Command        :536] - > LINE => 0, CMD => Q_IF, CONTENT => $__not_finish_tenant_cnt__ == 0
[2026-10-03 04:41:10.274][INFO ] [Command        :353] - start[1790973670271] time[2] tag[Q_IF]
[2026-10-03 04:41:10.277][INFO ] [Command        :536] - > LINE => 0, CMD => Q_SLEEP, CONTENT => 1
[2026-10-03 04:41:11.277][INFO ] [Command        :353] - start[1790973670277] time[1000] tag[Q_SLEEP]
[2026-10-03 04:41:11.277][INFO ] [Command        :536] - > LINE => 0, CMD => Q_DEC, CONTENT => $__i__
[2026-10-03 04:41:11.277][INFO ] [Command        :353] - start[1790973671277] time[0] tag[Q_DEC]
[2026-10-03 04:41:11.278][INFO ] [Command        :536] - > LINE => 0, CMD => Q_LET_DEPLOY, CONTENT => $__not_finish_tenant_cnt__
[2026-10-03 04:41:11.278][INFO ] [Deploy         :287] - execute db_p.select select count(*) as cnt from oceanbase.DBA_OB_MAJOR_COMPACTION where frozen_scn != last_scn, cnt, 1
[2026-10-03 04:41:11.278][INFO ] [SQLProcessor   :2086] - execute sql => select count(*) as cnt from oceanbase.DBA_OB_MAJOR_COMPACTION where frozen_scn != last_scn
[2026-10-03 04:41:11.283][INFO ] [Deploy         :294] - execute db_p.select select count(*) as cnt from oceanbase.DBA_OB_MAJOR_COMPACTION where frozen_scn != last_scn, cnt, 1 result => 1
[2026-10-03 04:41:11.284][INFO ] [Command        :353] - start[1790973671278] time[5] tag[Q_LET_DEPLOY]
[2026-10-03 04:41:11.284][INFO ] [Command        :536] - > LINE => 0, CMD => Q_IF, CONTENT => $__not_finish_tenant_cnt__ == 0
[2026-10-03 04:41:11.287][INFO ] [Command        :353] - start[1790973671284] time[2] tag[Q_IF]
[2026-10-03 04:41:11.289][INFO ] [Command        :536] - > LINE => 0, CMD => Q_SLEEP, CONTENT => 1
[2026-10-03 04:41:12.289][INFO ] [Command        :353] - start[1790973671289] time[1000] tag[Q_SLEEP]
[2026-10-03 04:41:12.290][INFO ] [Command        :536] - > LINE => 0, CMD => Q_DEC, CONTENT => $__i__
[2026-10-03 04:41:12.290][INFO ] [Command        :353] - start[1790973672290] time[0] tag[Q_DEC]
[2026-10-03 04:41:12.290][INFO ] [Command        :536] - > LINE => 0, CMD => Q_LET_DEPLOY, CONTENT => $__not_finish_tenant_cnt__
[2026-10-03 04:41:12.290][INFO ] [Deploy         :287] - execute db_p.select select count(*) as cnt from oceanbase.DBA_OB_MAJOR_COMPACTION where frozen_scn != last_scn, cnt, 1
[2026-10-03 04:41:12.291][INFO ] [SQLProcessor   :2086] - execute sql => select count(*) as cnt from oceanbase.DBA_OB_MAJOR_COMPACTION where frozen_scn != last_scn
[2026-10-03 04:41:12.303][INFO ] [Deploy         :294] - execute db_p.select select count(*) as cnt from oceanbase.DBA_OB_MAJOR_COMPACTION where frozen_scn != last_scn, cnt, 1 result => 1
[2026-10-03 04:41:12.303][INFO ] [Command        :353] - start[1790973672290] time[13] tag[Q_LET_DEPLOY]
[2026-10-03 04:41:12.304][INFO ] [Command        :536] - > LINE => 0, CMD => Q_IF, CONTENT => $__not_finish_tenant_cnt__ == 0
[2026-10-03 04:41:12.307][INFO ] [Command        :353] - start[1790973672304] time[3] tag[Q_IF]
[2026-10-03 04:41:12.309][INFO ] [Command        :536] - > LINE => 0, CMD => Q_SLEEP, CONTENT => 1
[2026-10-03 04:41:13.310][INFO ] [Command        :353] - start[1790973672309] time[1000] tag[Q_SLEEP]
[2026-10-03 04:41:13.310][INFO ] [Command        :536] - > LINE => 0, CMD => Q_DEC, CONTENT => $__i__
[2026-10-03 04:41:13.310][INFO ] [Command        :353] - start[1790973673310] time[0] tag[Q_DEC]
[2026-10-03 04:41:13.310][INFO ] [Command        :536] - > LINE => 0, CMD => Q_LET_DEPLOY, CONTENT => $__not_finish_tenant_cnt__
[2026-10-03 04:41:13.310][INFO ] [Deploy         :287] - execute db_p.select select count(*) as cnt from oceanbase.DBA_OB_MAJOR_COMPACTION where frozen_scn != last_scn, cnt, 1
[2026-10-03 04:41:13.310][INFO ] [SQLProcessor   :2086] - execute sql => select count(*) as cnt from oceanbase.DBA_OB_MAJOR_COMPACTION where frozen_scn != last_scn
[2026-10-03 04:41:13.316][INFO ] [Deploy         :294] - execute db_p.select select count(*) as cnt from oceanbase.DBA_OB_MAJOR_COMPACTION where frozen_scn != last_scn, cnt, 1 result => 1
[2026-10-03 04:41:13.316][INFO ] [Command        :353] - start[1790973673310] time[6] tag[Q_LET_DEPLOY]
[2026-10-03 04:41:13.317][INFO ] [Command        :536] - > LINE => 0, CMD => Q_IF, CONTENT => $__not_finish_tenant_cnt__ == 0
[2026-10-03 04:41:13.320][INFO ] [Command        :353] - start[1790973673317] time[3] tag[Q_IF]
[2026-10-03 04:41:13.324][INFO ] [Command        :536] - > LINE => 0, CMD => Q_SLEEP, CONTENT => 1
[2026-10-03 04:41:14.324][INFO ] [Command        :353] - start[1790973673324] time[1000] tag[Q_SLEEP]
[2026-10-03 04:41:14.324][INFO ] [Command        :536] - > LINE => 0, CMD => Q_DEC, CONTENT => $__i__
[2026-10-03 04:41:14.324][INFO ] [Command        :353] - start[1790973674324] time[0] tag[Q_DEC]
[2026-10-03 04:41:14.324][INFO ] [Command        :536] - > LINE => 0, CMD => Q_LET_DEPLOY, CONTENT => $__not_finish_tenant_cnt__
[2026-10-03 04:41:14.324][INFO ] [Deploy         :287] - execute db_p.select select count(*) as cnt from oceanbase.DBA_OB_MAJOR_COMPACTION where frozen_scn != last_scn, cnt, 1
[2026-10-03 04:41:14.325][INFO ] [SQLProcessor   :2086] - execute sql => select count(*) as cnt from oceanbase.DBA_OB_MAJOR_COMPACTION where frozen_scn != last_scn
[2026-10-03 04:41:14.332][INFO ] [Deploy         :294] - execute db_p.select select count(*) as cnt from oceanbase.DBA_OB_MAJOR_COMPACTION where frozen_scn != last_scn, cnt, 1 result => 1
[2026-10-03 04:41:14.333][INFO ] [Command        :353] - start[1790973674324] time[8] tag[Q_LET_DEPLOY]
[2026-10-03 04:41:14.333][INFO ] [Command        :536] - > LINE => 0, CMD => Q_IF, CONTENT => $__not_finish_tenant_cnt__ == 0
[2026-10-03 04:41:14.337][INFO ] [Command        :353] - start[1790973674333] time[3] tag[Q_IF]
[2026-10-03 04:41:14.340][INFO ] [Command        :536] - > LINE => 0, CMD => Q_SLEEP, CONTENT => 1
[2026-10-03 04:41:15.340][INFO ] [Command        :353] - start[1790973674340] time[1000] tag[Q_SLEEP]
[2026-10-03 04:41:15.341][INFO ] [Command        :536] - > LINE => 0, CMD => Q_DEC, CONTENT => $__i__
[2026-10-03 04:41:15.341][INFO ] [Command        :353] - start[1790973675341] time[0] tag[Q_DEC]
[2026-10-03 04:41:15.341][INFO ] [Command        :536] - > LINE => 0, CMD => Q_LET_DEPLOY, CONTENT => $__not_finish_tenant_cnt__
[2026-10-03 04:41:15.341][INFO ] [Deploy         :287] - execute db_p.select select count(*) as cnt from oceanbase.DBA_OB_MAJOR_COMPACTION where frozen_scn != last_scn, cnt, 1
[2026-10-03 04:41:15.342][INFO ] [SQLProcessor   :2086] - execute sql => select count(*) as cnt from oceanbase.DBA_OB_MAJOR_COMPACTION where frozen_scn != last_scn
[2026-10-03 04:41:15.350][INFO ] [Deploy         :294] - execute db_p.select select count(*) as cnt from oceanbase.DBA_OB_MAJOR_COMPACTION where frozen_scn != last_scn, cnt, 1 result => 1
[2026-10-03 04:41:15.350][INFO ] [Command        :353] - start[1790973675341] time[8] tag[Q_LET_DEPLOY]
[2026-10-03 04:41:15.350][INFO ] [Command        :536] - > LINE => 0, CMD => Q_IF, CONTENT => $__not_finish_tenant_cnt__ == 0
[2026-10-03 04:41:15.354][INFO ] [Command        :353] - start[1790973675350] time[3] tag[Q_IF]
[2026-10-03 04:41:15.356][INFO ] [Command        :536] - > LINE => 0, CMD => Q_SLEEP, CONTENT => 1
[2026-10-03 04:41:16.357][INFO ] [Command        :353] - start[1790973675356] time[1000] tag[Q_SLEEP]
[2026-10-03 04:41:16.357][INFO ] [Command        :536] - > LINE => 0, CMD => Q_DEC, CONTENT => $__i__
[2026-10-03 04:41:16.357][INFO ] [Command        :353] - start[1790973676357] time[0] tag[Q_DEC]
[2026-10-03 04:41:16.357][INFO ] [Command        :536] - > LINE => 0, CMD => Q_LET_DEPLOY, CONTENT => $__not_finish_tenant_cnt__
[2026-10-03 04:41:16.357][INFO ] [Deploy         :287] - execute db_p.select select count(*) as cnt from oceanbase.DBA_OB_MAJOR_COMPACTION where frozen_scn != last_scn, cnt, 1
[2026-10-03 04:41:16.358][INFO ] [SQLProcessor   :2086] - execute sql => select count(*) as cnt from oceanbase.DBA_OB_MAJOR_COMPACTION where frozen_scn != last_scn
[2026-10-03 04:41:16.364][INFO ] [Deploy         :294] - execute db_p.select select count(*) as cnt from oceanbase.DBA_OB_MAJOR_COMPACTION where frozen_scn != last_scn, cnt, 1 result => 1
[2026-10-03 04:41:16.365][INFO ] [Command        :353] - start[1790973676357] time[7] tag[Q_LET_DEPLOY]
[2026-10-03 04:41:16.365][INFO ] [Command        :536] - > LINE => 0, CMD => Q_IF, CONTENT => $__not_finish_tenant_cnt__ == 0
[2026-10-03 04:41:16.368][INFO ] [Command        :353] - start[1790973676365] time[3] tag[Q_IF]
[2026-10-03 04:41:16.371][INFO ] [Command        :536] - > LINE => 0, CMD => Q_SLEEP, CONTENT => 1
[2026-10-03 04:41:17.371][INFO ] [Command        :353] - start[1790973676371] time[1000] tag[Q_SLEEP]
[2026-10-03 04:41:17.371][INFO ] [Command        :536] - > LINE => 0, CMD => Q_DEC, CONTENT => $__i__
[2026-10-03 04:41:17.372][INFO ] [Command        :353] - start[1790973677371] time[0] tag[Q_DEC]
[2026-10-03 04:41:17.372][INFO ] [Command        :536] - > LINE => 0, CMD => Q_LET_DEPLOY, CONTENT => $__not_finish_tenant_cnt__
[2026-10-03 04:41:17.372][INFO ] [Deploy         :287] - execute db_p.select select count(*) as cnt from oceanbase.DBA_OB_MAJOR_COMPACTION where frozen_scn != last_scn, cnt, 1
[2026-10-03 04:41:17.372][INFO ] [SQLProcessor   :2086] - execute sql => select count(*) as cnt from oceanbase.DBA_OB_MAJOR_COMPACTION where frozen_scn != last_scn
[2026-10-03 04:41:17.379][INFO ] [Deploy         :294] - execute db_p.select select count(*) as cnt from oceanbase.DBA_OB_MAJOR_COMPACTION where frozen_scn != last_scn, cnt, 1 result => 1
[2026-10-03 04:41:17.379][INFO ] [Command        :353] - start[1790973677372] time[7] tag[Q_LET_DEPLOY]
[2026-10-03 04:41:17.379][INFO ] [Command        :536] - > LINE => 0, CMD => Q_IF, CONTENT => $__not_finish_tenant_cnt__ == 0
[2026-10-03 04:41:17.383][INFO ] [Command        :353] - start[1790973677379] time[3] tag[Q_IF]
[2026-10-03 04:41:17.385][INFO ] [Command        :536] - > LINE => 0, CMD => Q_SLEEP, CONTENT => 1
[2026-10-03 04:41:18.385][INFO ] [Command        :353] - start[1790973677385] time[1000] tag[Q_SLEEP]
[2026-10-03 04:41:18.386][INFO ] [Command        :536] - > LINE => 0, CMD => Q_DEC, CONTENT => $__i__
[2026-10-03 04:41:18.386][INFO ] [Command        :353] - start[1790973678386] time[0] tag[Q_DEC]
[2026-10-03 04:41:18.386][INFO ] [Command        :536] - > LINE => 0, CMD => Q_LET_DEPLOY, CONTENT => $__not_finish_tenant_cnt__
[2026-10-03 04:41:18.386][INFO ] [Deploy         :287] - execute db_p.select select count(*) as cnt from oceanbase.DBA_OB_MAJOR_COMPACTION where frozen_scn != last_scn, cnt, 1
[2026-10-03 04:41:18.386][INFO ] [SQLProcessor   :2086] - execute sql => select count(*) as cnt from oceanbase.DBA_OB_MAJOR_COMPACTION where frozen_scn != last_scn
[2026-10-03 04:41:18.393][INFO ] [Deploy         :294] - execute db_p.select select count(*) as cnt from oceanbase.DBA_OB_MAJOR_COMPACTION where frozen_scn != last_scn, cnt, 1 result => 1
[2026-10-03 04:41:18.393][INFO ] [Command        :353] - start[1790973678386] time[7] tag[Q_LET_DEPLOY]
[2026-10-03 04:41:18.393][INFO ] [Command        :536] - > LINE => 0, CMD => Q_IF, CONTENT => $__not_finish_tenant_cnt__ == 0
[2026-10-03 04:41:18.398][INFO ] [Command        :353] - start[1790973678394] time[4] tag[Q_IF]
[2026-10-03 04:41:18.400][INFO ] [Command        :536] - > LINE => 0, CMD => Q_SLEEP, CONTENT => 1
[2026-10-03 04:41:19.401][INFO ] [Command        :353] - start[1790973678401] time[1000] tag[Q_SLEEP]
[2026-10-03 04:41:19.404][INFO ] [Command        :536] - > LINE => 0, CMD => Q_DEC, CONTENT => $__i__
[2026-10-03 04:41:19.404][INFO ] [Command        :353] - start[1790973679404] time[0] tag[Q_DEC]
[2026-10-03 04:41:19.405][INFO ] [Command        :536] - > LINE => 0, CMD => Q_LET_DEPLOY, CONTENT => $__not_finish_tenant_cnt__
[2026-10-03 04:41:19.405][INFO ] [Deploy         :287] - execute db_p.select select count(*) as cnt from oceanbase.DBA_OB_MAJOR_COMPACTION where frozen_scn != last_scn, cnt, 1
[2026-10-03 04:41:19.405][INFO ] [SQLProcessor   :2086] - execute sql => select count(*) as cnt from oceanbase.DBA_OB_MAJOR_COMPACTION where frozen_scn != last_scn
[2026-10-03 04:41:19.413][INFO ] [Deploy         :294] - execute db_p.select select count(*) as cnt from oceanbase.DBA_OB_MAJOR_COMPACTION where frozen_scn != last_scn, cnt, 1 result => 1
[2026-10-03 04:41:19.413][INFO ] [Command        :353] - start[1790973679405] time[8] tag[Q_LET_DEPLOY]
[2026-10-03 04:41:19.413][INFO ] [Command        :536] - > LINE => 0, CMD => Q_IF, CONTENT => $__not_finish_tenant_cnt__ == 0
[2026-10-03 04:41:19.417][INFO ] [Command        :353] - start[1790973679413] time[3] tag[Q_IF]
[2026-10-03 04:41:19.420][INFO ] [Command        :536] - > LINE => 0, CMD => Q_SLEEP, CONTENT => 1
[2026-10-03 04:41:20.420][INFO ] [Command        :353] - start[1790973679420] time[1000] tag[Q_SLEEP]
[2026-10-03 04:41:20.420][INFO ] [Command        :536] - > LINE => 0, CMD => Q_DEC, CONTENT => $__i__
[2026-10-03 04:41:20.421][INFO ] [Command        :353] - start[1790973680420] time[0] tag[Q_DEC]
[2026-10-03 04:41:20.421][INFO ] [Command        :536] - > LINE => 0, CMD => Q_LET_DEPLOY, CONTENT => $__not_finish_tenant_cnt__
[2026-10-03 04:41:20.421][INFO ] [Deploy         :287] - execute db_p.select select count(*) as cnt from oceanbase.DBA_OB_MAJOR_COMPACTION where frozen_scn != last_scn, cnt, 1
[2026-10-03 04:41:20.421][INFO ] [SQLProcessor   :2086] - execute sql => select count(*) as cnt from oceanbase.DBA_OB_MAJOR_COMPACTION where frozen_scn != last_scn
[2026-10-03 04:41:20.428][INFO ] [Deploy         :294] - execute db_p.select select count(*) as cnt from oceanbase.DBA_OB_MAJOR_COMPACTION where frozen_scn != last_scn, cnt, 1 result => 1
[2026-10-03 04:41:20.429][INFO ] [Command        :353] - start[1790973680421] time[7] tag[Q_LET_DEPLOY]
[2026-10-03 04:41:20.429][INFO ] [Command        :536] - > LINE => 0, CMD => Q_IF, CONTENT => $__not_finish_tenant_cnt__ == 0
[2026-10-03 04:41:20.433][INFO ] [Command        :353] - start[1790973680429] time[4] tag[Q_IF]
[2026-10-03 04:41:20.436][INFO ] [Command        :536] - > LINE => 0, CMD => Q_SLEEP, CONTENT => 1
[2026-10-03 04:41:21.436][INFO ] [Command        :353] - start[1790973680436] time[1000] tag[Q_SLEEP]
[2026-10-03 04:41:21.436][INFO ] [Command        :536] - > LINE => 0, CMD => Q_DEC, CONTENT => $__i__
[2026-10-03 04:41:21.437][INFO ] [Command        :353] - start[1790973681437] time[0] tag[Q_DEC]
[2026-10-03 04:41:21.437][INFO ] [Command        :536] - > LINE => 0, CMD => Q_LET_DEPLOY, CONTENT => $__not_finish_tenant_cnt__
[2026-10-03 04:41:21.437][INFO ] [Deploy         :287] - execute db_p.select select count(*) as cnt from oceanbase.DBA_OB_MAJOR_COMPACTION where frozen_scn != last_scn, cnt, 1
[2026-10-03 04:41:21.438][INFO ] [SQLProcessor   :2086] - execute sql => select count(*) as cnt from oceanbase.DBA_OB_MAJOR_COMPACTION where frozen_scn != last_scn
[2026-10-03 04:41:21.445][INFO ] [Deploy         :294] - execute db_p.select select count(*) as cnt from oceanbase.DBA_OB_MAJOR_COMPACTION where frozen_scn != last_scn, cnt, 1 result => 1
[2026-10-03 04:41:21.446][INFO ] [Command        :353] - start[1790973681437] time[8] tag[Q_LET_DEPLOY]
[2026-10-03 04:41:21.446][INFO ] [Command        :536] - > LINE => 0, CMD => Q_IF, CONTENT => $__not_finish_tenant_cnt__ == 0
[2026-10-03 04:41:21.449][INFO ] [Command        :353] - start[1790973681446] time[3] tag[Q_IF]
[2026-10-03 04:41:21.452][INFO ] [Command        :536] - > LINE => 0, CMD => Q_SLEEP, CONTENT => 1
[2026-10-03 04:41:22.453][INFO ] [Command        :353] - start[1790973681452] time[1000] tag[Q_SLEEP]
[2026-10-03 04:41:22.453][INFO ] [Command        :536] - > LINE => 0, CMD => Q_DEC, CONTENT => $__i__
[2026-10-03 04:41:22.453][INFO ] [Command        :353] - start[1790973682453] time[0] tag[Q_DEC]
[2026-10-03 04:41:22.453][INFO ] [Command        :536] - > LINE => 0, CMD => Q_LET_DEPLOY, CONTENT => $__not_finish_tenant_cnt__
[2026-10-03 04:41:22.453][INFO ] [Deploy         :287] - execute db_p.select select count(*) as cnt from oceanbase.DBA_OB_MAJOR_COMPACTION where frozen_scn != last_scn, cnt, 1
[2026-10-03 04:41:22.454][INFO ] [SQLProcessor   :2086] - execute sql => select count(*) as cnt from oceanbase.DBA_OB_MAJOR_COMPACTION where frozen_scn != last_scn
[2026-10-03 04:41:22.460][INFO ] [Deploy         :294] - execute db_p.select select count(*) as cnt from oceanbase.DBA_OB_MAJOR_COMPACTION where frozen_scn != last_scn, cnt, 1 result => 1
[2026-10-03 04:41:22.460][INFO ] [Command        :353] - start[1790973682453] time[6] tag[Q_LET_DEPLOY]
[2026-10-03 04:41:22.460][INFO ] [Command        :536] - > LINE => 0, CMD => Q_IF, CONTENT => $__not_finish_tenant_cnt__ == 0
[2026-10-03 04:41:22.464][INFO ] [Command        :353] - start[1790973682460] time[3] tag[Q_IF]
[2026-10-03 04:41:22.467][INFO ] [Command        :536] - > LINE => 0, CMD => Q_SLEEP, CONTENT => 1
[2026-10-03 04:41:23.467][INFO ] [Command        :353] - start[1790973682467] time[1000] tag[Q_SLEEP]
[2026-10-03 04:41:23.468][INFO ] [Command        :536] - > LINE => 0, CMD => Q_DEC, CONTENT => $__i__
[2026-10-03 04:41:23.468][INFO ] [Command        :353] - start[1790973683468] time[0] tag[Q_DEC]
[2026-10-03 04:41:23.468][INFO ] [Command        :536] - > LINE => 0, CMD => Q_LET_DEPLOY, CONTENT => $__not_finish_tenant_cnt__
[2026-10-03 04:41:23.468][INFO ] [Deploy         :287] - execute db_p.select select count(*) as cnt from oceanbase.DBA_OB_MAJOR_COMPACTION where frozen_scn != last_scn, cnt, 1
[2026-10-03 04:41:23.469][INFO ] [SQLProcessor   :2086] - execute sql => select count(*) as cnt from oceanbase.DBA_OB_MAJOR_COMPACTION where frozen_scn != last_scn
[2026-10-03 04:41:23.475][INFO ] [Deploy         :294] - execute db_p.select select count(*) as cnt from oceanbase.DBA_OB_MAJOR_COMPACTION where frozen_scn != last_scn, cnt, 1 result => 1
[2026-10-03 04:41:23.476][INFO ] [Command        :353] - start[1790973683468] time[7] tag[Q_LET_DEPLOY]
[2026-10-03 04:41:23.476][INFO ] [Command        :536] - > LINE => 0, CMD => Q_IF, CONTENT => $__not_finish_tenant_cnt__ == 0
[2026-10-03 04:41:23.481][INFO ] [Command        :353] - start[1790973683476] time[4] tag[Q_IF]
[2026-10-03 04:41:23.484][INFO ] [Command        :536] - > LINE => 0, CMD => Q_SLEEP, CONTENT => 1
[2026-10-03 04:41:24.485][INFO ] [Command        :353] - start[1790973683485] time[1000] tag[Q_SLEEP]
[2026-10-03 04:41:24.485][INFO ] [Command        :536] - > LINE => 0, CMD => Q_DEC, CONTENT => $__i__
[2026-10-03 04:41:24.485][INFO ] [Command        :353] - start[1790973684485] time[0] tag[Q_DEC]
[2026-10-03 04:41:24.486][INFO ] [Command        :536] - > LINE => 0, CMD => Q_LET_DEPLOY, CONTENT => $__not_finish_tenant_cnt__
[2026-10-03 04:41:24.486][INFO ] [Deploy         :287] - execute db_p.select select count(*) as cnt from oceanbase.DBA_OB_MAJOR_COMPACTION where frozen_scn != last_scn, cnt, 1
[2026-10-03 04:41:24.486][INFO ] [SQLProcessor   :2086] - execute sql => select count(*) as cnt from oceanbase.DBA_OB_MAJOR_COMPACTION where frozen_scn != last_scn
[2026-10-03 04:41:24.493][INFO ] [Deploy         :294] - execute db_p.select select count(*) as cnt from oceanbase.DBA_OB_MAJOR_COMPACTION where frozen_scn != last_scn, cnt, 1 result => 1
[2026-10-03 04:41:24.493][INFO ] [Command        :353] - start[1790973684486] time[7] tag[Q_LET_DEPLOY]
[2026-10-03 04:41:24.494][INFO ] [Command        :536] - > LINE => 0, CMD => Q_IF, CONTENT => $__not_finish_tenant_cnt__ == 0
[2026-10-03 04:41:24.497][INFO ] [Command        :353] - start[1790973684494] time[3] tag[Q_IF]
[2026-10-03 04:41:24.500][INFO ] [Command        :536] - > LINE => 0, CMD => Q_SLEEP, CONTENT => 1
[2026-10-03 04:41:25.500][INFO ] [Command        :353] - start[1790973684500] time[1000] tag[Q_SLEEP]
[2026-10-03 04:41:25.501][INFO ] [Command        :536] - > LINE => 0, CMD => Q_DEC, CONTENT => $__i__
[2026-10-03 04:41:25.501][INFO ] [Command        :353] - start[1790973685501] time[0] tag[Q_DEC]
[2026-10-03 04:41:25.501][INFO ] [Command        :536] - > LINE => 0, CMD => Q_LET_DEPLOY, CONTENT => $__not_finish_tenant_cnt__
[2026-10-03 04:41:25.501][INFO ] [Deploy         :287] - execute db_p.select select count(*) as cnt from oceanbase.DBA_OB_MAJOR_COMPACTION where frozen_scn != last_scn, cnt, 1
[2026-10-03 04:41:25.501][INFO ] [SQLProcessor   :2086] - execute sql => select count(*) as cnt from oceanbase.DBA_OB_MAJOR_COMPACTION where frozen_scn != last_scn
[2026-10-03 04:41:25.509][INFO ] [Deploy         :294] - execute db_p.select select count(*) as cnt from oceanbase.DBA_OB_MAJOR_COMPACTION where frozen_scn != last_scn, cnt, 1 result => 1
[2026-10-03 04:41:25.509][INFO ] [Command        :353] - start[1790973685501] time[8] tag[Q_LET_DEPLOY]
[2026-10-03 04:41:25.509][INFO ] [Command        :536] - > LINE => 0, CMD => Q_IF, CONTENT => $__not_finish_tenant_cnt__ == 0
[2026-10-03 04:41:25.514][INFO ] [Command        :353] - start[1790973685509] time[4] tag[Q_IF]
[2026-10-03 04:41:25.517][INFO ] [Command        :536] - > LINE => 0, CMD => Q_SLEEP, CONTENT => 1
[2026-10-03 04:41:26.517][INFO ] [Command        :353] - start[1790973685517] time[1000] tag[Q_SLEEP]
[2026-10-03 04:41:26.518][INFO ] [Command        :536] - > LINE => 0, CMD => Q_DEC, CONTENT => $__i__
[2026-10-03 04:41:26.518][INFO ] [Command        :353] - start[1790973686518] time[0] tag[Q_DEC]
[2026-10-03 04:41:26.518][INFO ] [Command        :536] - > LINE => 0, CMD => Q_LET_DEPLOY, CONTENT => $__not_finish_tenant_cnt__
[2026-10-03 04:41:26.518][INFO ] [Deploy         :287] - execute db_p.select select count(*) as cnt from oceanbase.DBA_OB_MAJOR_COMPACTION where frozen_scn != last_scn, cnt, 1
[2026-10-03 04:41:26.518][INFO ] [SQLProcessor   :2086] - execute sql => select count(*) as cnt from oceanbase.DBA_OB_MAJOR_COMPACTION where frozen_scn != last_scn
[2026-10-03 04:41:26.525][INFO ] [Deploy         :294] - execute db_p.select select count(*) as cnt from oceanbase.DBA_OB_MAJOR_COMPACTION where frozen_scn != last_scn, cnt, 1 result => 1
[2026-10-03 04:41:26.525][INFO ] [Command        :353] - start[1790973686518] time[7] tag[Q_LET_DEPLOY]
[2026-10-03 04:41:26.526][INFO ] [Command        :536] - > LINE => 0, CMD => Q_IF, CONTENT => $__not_finish_tenant_cnt__ == 0
[2026-10-03 04:41:26.529][INFO ] [Command        :353] - start[1790973686526] time[3] tag[Q_IF]
[2026-10-03 04:41:26.532][INFO ] [Command        :536] - > LINE => 0, CMD => Q_SLEEP, CONTENT => 1
[2026-10-03 04:41:27.532][INFO ] [Command        :353] - start[1790973686532] time[1000] tag[Q_SLEEP]
[2026-10-03 04:41:27.532][INFO ] [Command        :536] - > LINE => 0, CMD => Q_DEC, CONTENT => $__i__
[2026-10-03 04:41:27.532][INFO ] [Command        :353] - start[1790973687532] time[0] tag[Q_DEC]
[2026-10-03 04:41:27.533][INFO ] [Command        :536] - > LINE => 0, CMD => Q_LET_DEPLOY, CONTENT => $__not_finish_tenant_cnt__
[2026-10-03 04:41:27.533][INFO ] [Deploy         :287] - execute db_p.select select count(*) as cnt from oceanbase.DBA_OB_MAJOR_COMPACTION where frozen_scn != last_scn, cnt, 1
[2026-10-03 04:41:27.533][INFO ] [SQLProcessor   :2086] - execute sql => select count(*) as cnt from oceanbase.DBA_OB_MAJOR_COMPACTION where frozen_scn != last_scn
[2026-10-03 04:41:27.539][INFO ] [Deploy         :294] - execute db_p.select select count(*) as cnt from oceanbase.DBA_OB_MAJOR_COMPACTION where frozen_scn != last_scn, cnt, 1 result => 1
[2026-10-03 04:41:27.539][INFO ] [Command        :353] - start[1790973687533] time[6] tag[Q_LET_DEPLOY]
[2026-10-03 04:41:27.540][INFO ] [Command        :536] - > LINE => 0, CMD => Q_IF, CONTENT => $__not_finish_tenant_cnt__ == 0
[2026-10-03 04:41:27.543][INFO ] [Command        :353] - start[1790973687540] time[3] tag[Q_IF]
[2026-10-03 04:41:27.546][INFO ] [Command        :536] - > LINE => 0, CMD => Q_SLEEP, CONTENT => 1
[2026-10-03 04:41:28.546][INFO ] [Command        :353] - start[1790973687546] time[1000] tag[Q_SLEEP]
[2026-10-03 04:41:28.546][INFO ] [Command        :536] - > LINE => 0, CMD => Q_DEC, CONTENT => $__i__
[2026-10-03 04:41:28.546][INFO ] [Command        :353] - start[1790973688546] time[0] tag[Q_DEC]
[2026-10-03 04:41:28.546][INFO ] [Command        :536] - > LINE => 0, CMD => Q_LET_DEPLOY, CONTENT => $__not_finish_tenant_cnt__
[2026-10-03 04:41:28.547][INFO ] [Deploy         :287] - execute db_p.select select count(*) as cnt from oceanbase.DBA_OB_MAJOR_COMPACTION where frozen_scn != last_scn, cnt, 1
[2026-10-03 04:41:28.547][INFO ] [SQLProcessor   :2086] - execute sql => select count(*) as cnt from oceanbase.DBA_OB_MAJOR_COMPACTION where frozen_scn != last_scn
[2026-10-03 04:41:28.555][INFO ] [Deploy         :294] - execute db_p.select select count(*) as cnt from oceanbase.DBA_OB_MAJOR_COMPACTION where frozen_scn != last_scn, cnt, 1 result => 1
[2026-10-03 04:41:28.555][INFO ] [Command        :353] - start[1790973688546] time[8] tag[Q_LET_DEPLOY]
[2026-10-03 04:41:28.555][INFO ] [Command        :536] - > LINE => 0, CMD => Q_IF, CONTENT => $__not_finish_tenant_cnt__ == 0
[2026-10-03 04:41:28.558][INFO ] [Command        :353] - start[1790973688555] time[3] tag[Q_IF]
[2026-10-03 04:41:28.560][INFO ] [Command        :536] - > LINE => 0, CMD => Q_SLEEP, CONTENT => 1
[2026-10-03 04:41:29.561][INFO ] [Command        :353] - start[1790973688561] time[1000] tag[Q_SLEEP]
[2026-10-03 04:41:29.561][INFO ] [Command        :536] - > LINE => 0, CMD => Q_DEC, CONTENT => $__i__
[2026-10-03 04:41:29.561][INFO ] [Command        :353] - start[1790973689561] time[0] tag[Q_DEC]
[2026-10-03 04:41:29.561][INFO ] [Command        :536] - > LINE => 0, CMD => Q_LET_DEPLOY, CONTENT => $__not_finish_tenant_cnt__
[2026-10-03 04:41:29.561][INFO ] [Deploy         :287] - execute db_p.select select count(*) as cnt from oceanbase.DBA_OB_MAJOR_COMPACTION where frozen_scn != last_scn, cnt, 1
[2026-10-03 04:41:29.562][INFO ] [SQLProcessor   :2086] - execute sql => select count(*) as cnt from oceanbase.DBA_OB_MAJOR_COMPACTION where frozen_scn != last_scn
[2026-10-03 04:41:29.568][INFO ] [Deploy         :294] - execute db_p.select select count(*) as cnt from oceanbase.DBA_OB_MAJOR_COMPACTION where frozen_scn != last_scn, cnt, 1 result => 1
[2026-10-03 04:41:29.568][INFO ] [Command        :353] - start[1790973689561] time[6] tag[Q_LET_DEPLOY]
[2026-10-03 04:41:29.568][INFO ] [Command        :536] - > LINE => 0, CMD => Q_IF, CONTENT => $__not_finish_tenant_cnt__ == 0
[2026-10-03 04:41:29.571][INFO ] [Command        :353] - start[1790973689568] time[3] tag[Q_IF]
[2026-10-03 04:41:29.574][INFO ] [Command        :536] - > LINE => 0, CMD => Q_SLEEP, CONTENT => 1
[2026-10-03 04:41:30.574][INFO ] [Command        :353] - start[1790973689574] time[1000] tag[Q_SLEEP]
[2026-10-03 04:41:30.574][INFO ] [Command        :536] - > LINE => 0, CMD => Q_DEC, CONTENT => $__i__
[2026-10-03 04:41:30.575][INFO ] [Command        :353] - start[1790973690575] time[0] tag[Q_DEC]
[2026-10-03 04:41:30.575][INFO ] [Command        :536] - > LINE => 0, CMD => Q_LET_DEPLOY, CONTENT => $__not_finish_tenant_cnt__
[2026-10-03 04:41:30.575][INFO ] [Deploy         :287] - execute db_p.select select count(*) as cnt from oceanbase.DBA_OB_MAJOR_COMPACTION where frozen_scn != last_scn, cnt, 1
[2026-10-03 04:41:30.575][INFO ] [SQLProcessor   :2086] - execute sql => select count(*) as cnt from oceanbase.DBA_OB_MAJOR_COMPACTION where frozen_scn != last_scn
[2026-10-03 04:41:30.581][INFO ] [Deploy         :294] - execute db_p.select select count(*) as cnt from oceanbase.DBA_OB_MAJOR_COMPACTION where frozen_scn != last_scn, cnt, 1 result => 1
[2026-10-03 04:41:30.581][INFO ] [Command        :353] - start[1790973690575] time[6] tag[Q_LET_DEPLOY]
[2026-10-03 04:41:30.581][INFO ] [Command        :536] - > LINE => 0, CMD => Q_IF, CONTENT => $__not_finish_tenant_cnt__ == 0
[2026-10-03 04:41:30.584][INFO ] [Command        :353] - start[1790973690581] time[3] tag[Q_IF]
[2026-10-03 04:41:30.587][INFO ] [Command        :536] - > LINE => 0, CMD => Q_SLEEP, CONTENT => 1
[2026-10-03 04:41:31.587][INFO ] [Command        :353] - start[1790973690587] time[1000] tag[Q_SLEEP]
[2026-10-03 04:41:31.587][INFO ] [Command        :536] - > LINE => 0, CMD => Q_DEC, CONTENT => $__i__
[2026-10-03 04:41:31.587][INFO ] [Command        :353] - start[1790973691587] time[0] tag[Q_DEC]
[2026-10-03 04:41:31.587][INFO ] [Command        :536] - > LINE => 0, CMD => Q_LET_DEPLOY, CONTENT => $__not_finish_tenant_cnt__
[2026-10-03 04:41:31.588][INFO ] [Deploy         :287] - execute db_p.select select count(*) as cnt from oceanbase.DBA_OB_MAJOR_COMPACTION where frozen_scn != last_scn, cnt, 1
[2026-10-03 04:41:31.588][INFO ] [SQLProcessor   :2086] - execute sql => select count(*) as cnt from oceanbase.DBA_OB_MAJOR_COMPACTION where frozen_scn != last_scn
[2026-10-03 04:41:31.593][INFO ] [Deploy         :294] - execute db_p.select select count(*) as cnt from oceanbase.DBA_OB_MAJOR_COMPACTION where frozen_scn != last_scn, cnt, 1 result => 1
[2026-10-03 04:41:31.593][INFO ] [Command        :353] - start[1790973691587] time[5] tag[Q_LET_DEPLOY]
[2026-10-03 04:41:31.593][INFO ] [Command        :536] - > LINE => 0, CMD => Q_IF, CONTENT => $__not_finish_tenant_cnt__ == 0
[2026-10-03 04:41:31.596][INFO ] [Command        :353] - start[1790973691593] time[2] tag[Q_IF]
[2026-10-03 04:41:31.599][INFO ] [Command        :536] - > LINE => 0, CMD => Q_SLEEP, CONTENT => 1
[2026-10-03 04:41:32.599][INFO ] [Command        :353] - start[1790973691599] time[1000] tag[Q_SLEEP]
[2026-10-03 04:41:32.599][INFO ] [Command        :536] - > LINE => 0, CMD => Q_DEC, CONTENT => $__i__
[2026-10-03 04:41:32.599][INFO ] [Command        :353] - start[1790973692599] time[0] tag[Q_DEC]
[2026-10-03 04:41:32.599][INFO ] [Command        :536] - > LINE => 0, CMD => Q_LET_DEPLOY, CONTENT => $__not_finish_tenant_cnt__
[2026-10-03 04:41:32.599][INFO ] [Deploy         :287] - execute db_p.select select count(*) as cnt from oceanbase.DBA_OB_MAJOR_COMPACTION where frozen_scn != last_scn, cnt, 1
[2026-10-03 04:41:32.600][INFO ] [SQLProcessor   :2086] - execute sql => select count(*) as cnt from oceanbase.DBA_OB_MAJOR_COMPACTION where frozen_scn != last_scn
[2026-10-03 04:41:32.607][INFO ] [Deploy         :294] - execute db_p.select select count(*) as cnt from oceanbase.DBA_OB_MAJOR_COMPACTION where frozen_scn != last_scn, cnt, 1 result => 1
[2026-10-03 04:41:32.607][INFO ] [Command        :353] - start[1790973692599] time[7] tag[Q_LET_DEPLOY]
[2026-10-03 04:41:32.607][INFO ] [Command        :536] - > LINE => 0, CMD => Q_IF, CONTENT => $__not_finish_tenant_cnt__ == 0
[2026-10-03 04:41:32.612][INFO ] [Command        :353] - start[1790973692607] time[4] tag[Q_IF]
[2026-10-03 04:41:32.615][INFO ] [Command        :536] - > LINE => 0, CMD => Q_SLEEP, CONTENT => 1
[2026-10-03 04:41:33.616][INFO ] [Command        :353] - start[1790973692615] time[1000] tag[Q_SLEEP]
[2026-10-03 04:41:33.616][INFO ] [Command        :536] - > LINE => 0, CMD => Q_DEC, CONTENT => $__i__
[2026-10-03 04:41:33.616][INFO ] [Command        :353] - start[1790973693616] time[0] tag[Q_DEC]
[2026-10-03 04:41:33.616][INFO ] [Command        :536] - > LINE => 0, CMD => Q_LET_DEPLOY, CONTENT => $__not_finish_tenant_cnt__
[2026-10-03 04:41:33.617][INFO ] [Deploy         :287] - execute db_p.select select count(*) as cnt from oceanbase.DBA_OB_MAJOR_COMPACTION where frozen_scn != last_scn, cnt, 1
[2026-10-03 04:41:33.617][INFO ] [SQLProcessor   :2086] - execute sql => select count(*) as cnt from oceanbase.DBA_OB_MAJOR_COMPACTION where frozen_scn != last_scn
[2026-10-03 04:41:33.623][INFO ] [Deploy         :294] - execute db_p.select select count(*) as cnt from oceanbase.DBA_OB_MAJOR_COMPACTION where frozen_scn != last_scn, cnt, 1 result => 1
[2026-10-03 04:41:33.624][INFO ] [Command        :353] - start[1790973693617] time[7] tag[Q_LET_DEPLOY]
[2026-10-03 04:41:33.624][INFO ] [Command        :536] - > LINE => 0, CMD => Q_IF, CONTENT => $__not_finish_tenant_cnt__ == 0
[2026-10-03 04:41:33.628][INFO ] [Command        :353] - start[1790973693624] time[3] tag[Q_IF]
[2026-10-03 04:41:33.631][INFO ] [Command        :536] - > LINE => 0, CMD => Q_SLEEP, CONTENT => 1
[2026-10-03 04:41:34.631][INFO ] [Command        :353] - start[1790973693631] time[1000] tag[Q_SLEEP]
[2026-10-03 04:41:34.632][INFO ] [Command        :536] - > LINE => 0, CMD => Q_DEC, CONTENT => $__i__
[2026-10-03 04:41:34.632][INFO ] [Command        :353] - start[1790973694632] time[0] tag[Q_DEC]
[2026-10-03 04:41:34.632][INFO ] [Command        :536] - > LINE => 0, CMD => Q_LET_DEPLOY, CONTENT => $__not_finish_tenant_cnt__
[2026-10-03 04:41:34.632][INFO ] [Deploy         :287] - execute db_p.select select count(*) as cnt from oceanbase.DBA_OB_MAJOR_COMPACTION where frozen_scn != last_scn, cnt, 1
[2026-10-03 04:41:34.632][INFO ] [SQLProcessor   :2086] - execute sql => select count(*) as cnt from oceanbase.DBA_OB_MAJOR_COMPACTION where frozen_scn != last_scn
[2026-10-03 04:41:34.638][INFO ] [Deploy         :294] - execute db_p.select select count(*) as cnt from oceanbase.DBA_OB_MAJOR_COMPACTION where frozen_scn != last_scn, cnt, 1 result => 1
[2026-10-03 04:41:34.639][INFO ] [Command        :353] - start[1790973694632] time[6] tag[Q_LET_DEPLOY]
[2026-10-03 04:41:34.639][INFO ] [Command        :536] - > LINE => 0, CMD => Q_IF, CONTENT => $__not_finish_tenant_cnt__ == 0
[2026-10-03 04:41:34.642][INFO ] [Command        :353] - start[1790973694639] time[3] tag[Q_IF]
[2026-10-03 04:41:34.645][INFO ] [Command        :536] - > LINE => 0, CMD => Q_SLEEP, CONTENT => 1
[2026-10-03 04:41:35.645][INFO ] [Command        :353] - start[1790973694645] time[1000] tag[Q_SLEEP]
[2026-10-03 04:41:35.645][INFO ] [Command        :536] - > LINE => 0, CMD => Q_DEC, CONTENT => $__i__
[2026-10-03 04:41:35.645][INFO ] [Command        :353] - start[1790973695645] time[0] tag[Q_DEC]
[2026-10-03 04:41:35.646][INFO ] [Command        :536] - > LINE => 0, CMD => Q_LET_DEPLOY, CONTENT => $__not_finish_tenant_cnt__
[2026-10-03 04:41:35.646][INFO ] [Deploy         :287] - execute db_p.select select count(*) as cnt from oceanbase.DBA_OB_MAJOR_COMPACTION where frozen_scn != last_scn, cnt, 1
[2026-10-03 04:41:35.646][INFO ] [SQLProcessor   :2086] - execute sql => select count(*) as cnt from oceanbase.DBA_OB_MAJOR_COMPACTION where frozen_scn != last_scn
[2026-10-03 04:41:35.653][INFO ] [Deploy         :294] - execute db_p.select select count(*) as cnt from oceanbase.DBA_OB_MAJOR_COMPACTION where frozen_scn != last_scn, cnt, 1 result => 1
[2026-10-03 04:41:35.653][INFO ] [Command        :353] - start[1790973695646] time[7] tag[Q_LET_DEPLOY]
[2026-10-03 04:41:35.653][INFO ] [Command        :536] - > LINE => 0, CMD => Q_IF, CONTENT => $__not_finish_tenant_cnt__ == 0
[2026-10-03 04:41:35.656][INFO ] [Command        :353] - start[1790973695653] time[2] tag[Q_IF]
[2026-10-03 04:41:35.658][INFO ] [Command        :536] - > LINE => 0, CMD => Q_SLEEP, CONTENT => 1
[2026-10-03 04:41:36.659][INFO ] [Command        :353] - start[1790973695659] time[1000] tag[Q_SLEEP]
[2026-10-03 04:41:36.659][INFO ] [Command        :536] - > LINE => 0, CMD => Q_DEC, CONTENT => $__i__
[2026-10-03 04:41:36.659][INFO ] [Command        :353] - start[1790973696659] time[0] tag[Q_DEC]
[2026-10-03 04:41:36.660][INFO ] [Command        :536] - > LINE => 0, CMD => Q_LET_DEPLOY, CONTENT => $__not_finish_tenant_cnt__
[2026-10-03 04:41:36.660][INFO ] [Deploy         :287] - execute db_p.select select count(*) as cnt from oceanbase.DBA_OB_MAJOR_COMPACTION where frozen_scn != last_scn, cnt, 1
[2026-10-03 04:41:36.660][INFO ] [SQLProcessor   :2086] - execute sql => select count(*) as cnt from oceanbase.DBA_OB_MAJOR_COMPACTION where frozen_scn != last_scn
[2026-10-03 04:41:36.667][INFO ] [Deploy         :294] - execute db_p.select select count(*) as cnt from oceanbase.DBA_OB_MAJOR_COMPACTION where frozen_scn != last_scn, cnt, 1 result => 1
[2026-10-03 04:41:36.667][INFO ] [Command        :353] - start[1790973696660] time[7] tag[Q_LET_DEPLOY]
[2026-10-03 04:41:36.667][INFO ] [Command        :536] - > LINE => 0, CMD => Q_IF, CONTENT => $__not_finish_tenant_cnt__ == 0
[2026-10-03 04:41:36.671][INFO ] [Command        :353] - start[1790973696667] time[3] tag[Q_IF]
[2026-10-03 04:41:36.674][INFO ] [Command        :536] - > LINE => 0, CMD => Q_SLEEP, CONTENT => 1
[2026-10-03 04:41:37.674][INFO ] [Command        :353] - start[1790973696674] time[1000] tag[Q_SLEEP]
[2026-10-03 04:41:37.675][INFO ] [Command        :536] - > LINE => 0, CMD => Q_DEC, CONTENT => $__i__
[2026-10-03 04:41:37.675][INFO ] [Command        :353] - start[1790973697675] time[0] tag[Q_DEC]
[2026-10-03 04:41:37.675][INFO ] [Command        :536] - > LINE => 0, CMD => Q_LET_DEPLOY, CONTENT => $__not_finish_tenant_cnt__
[2026-10-03 04:41:37.675][INFO ] [Deploy         :287] - execute db_p.select select count(*) as cnt from oceanbase.DBA_OB_MAJOR_COMPACTION where frozen_scn != last_scn, cnt, 1
[2026-10-03 04:41:37.675][INFO ] [SQLProcessor   :2086] - execute sql => select count(*) as cnt from oceanbase.DBA_OB_MAJOR_COMPACTION where frozen_scn != last_scn
[2026-10-03 04:41:37.682][INFO ] [Deploy         :294] - execute db_p.select select count(*) as cnt from oceanbase.DBA_OB_MAJOR_COMPACTION where frozen_scn != last_scn, cnt, 1 result => 1
[2026-10-03 04:41:37.682][INFO ] [Command        :353] - start[1790973697675] time[7] tag[Q_LET_DEPLOY]
[2026-10-03 04:41:37.682][INFO ] [Command        :536] - > LINE => 0, CMD => Q_IF, CONTENT => $__not_finish_tenant_cnt__ == 0
[2026-10-03 04:41:37.686][INFO ] [Command        :353] - start[1790973697682] time[3] tag[Q_IF]
[2026-10-03 04:41:37.688][INFO ] [Command        :536] - > LINE => 0, CMD => Q_SLEEP, CONTENT => 1
[2026-10-03 04:41:38.689][INFO ] [Command        :353] - start[1790973697688] time[1000] tag[Q_SLEEP]
[2026-10-03 04:41:38.689][INFO ] [Command        :536] - > LINE => 0, CMD => Q_DEC, CONTENT => $__i__
[2026-10-03 04:41:38.689][INFO ] [Command        :353] - start[1790973698689] time[0] tag[Q_DEC]
[2026-10-03 04:41:38.689][INFO ] [Command        :536] - > LINE => 0, CMD => Q_LET_DEPLOY, CONTENT => $__not_finish_tenant_cnt__
[2026-10-03 04:41:38.689][INFO ] [Deploy         :287] - execute db_p.select select count(*) as cnt from oceanbase.DBA_OB_MAJOR_COMPACTION where frozen_scn != last_scn, cnt, 1
[2026-10-03 04:41:38.690][INFO ] [SQLProcessor   :2086] - execute sql => select count(*) as cnt from oceanbase.DBA_OB_MAJOR_COMPACTION where frozen_scn != last_scn
[2026-10-03 04:41:38.696][INFO ] [Deploy         :294] - execute db_p.select select count(*) as cnt from oceanbase.DBA_OB_MAJOR_COMPACTION where frozen_scn != last_scn, cnt, 1 result => 1
[2026-10-03 04:41:38.696][INFO ] [Command        :353] - start[1790973698689] time[6] tag[Q_LET_DEPLOY]
[2026-10-03 04:41:38.696][INFO ] [Command        :536] - > LINE => 0, CMD => Q_IF, CONTENT => $__not_finish_tenant_cnt__ == 0
[2026-10-03 04:41:38.699][INFO ] [Command        :353] - start[1790973698696] time[2] tag[Q_IF]
[2026-10-03 04:41:38.702][INFO ] [Command        :536] - > LINE => 0, CMD => Q_SLEEP, CONTENT => 1
[2026-10-03 04:41:39.702][INFO ] [Command        :353] - start[1790973698702] time[1000] tag[Q_SLEEP]
[2026-10-03 04:41:39.702][INFO ] [Command        :536] - > LINE => 0, CMD => Q_DEC, CONTENT => $__i__
[2026-10-03 04:41:39.702][INFO ] [Command        :353] - start[1790973699702] time[0] tag[Q_DEC]
[2026-10-03 04:41:39.703][INFO ] [Command        :536] - > LINE => 0, CMD => Q_LET_DEPLOY, CONTENT => $__not_finish_tenant_cnt__
[2026-10-03 04:41:39.703][INFO ] [Deploy         :287] - execute db_p.select select count(*) as cnt from oceanbase.DBA_OB_MAJOR_COMPACTION where frozen_scn != last_scn, cnt, 1
[2026-10-03 04:41:39.703][INFO ] [SQLProcessor   :2086] - execute sql => select count(*) as cnt from oceanbase.DBA_OB_MAJOR_COMPACTION where frozen_scn != last_scn
[2026-10-03 04:41:39.709][INFO ] [Deploy         :294] - execute db_p.select select count(*) as cnt from oceanbase.DBA_OB_MAJOR_COMPACTION where frozen_scn != last_scn, cnt, 1 result => 1
[2026-10-03 04:41:39.709][INFO ] [Command        :353] - start[1790973699703] time[6] tag[Q_LET_DEPLOY]
[2026-10-03 04:41:39.710][INFO ] [Command        :536] - > LINE => 0, CMD => Q_IF, CONTENT => $__not_finish_tenant_cnt__ == 0
[2026-10-03 04:41:39.715][INFO ] [Command        :353] - start[1790973699710] time[4] tag[Q_IF]
[2026-10-03 04:41:39.719][INFO ] [Command        :536] - > LINE => 0, CMD => Q_SLEEP, CONTENT => 1
[2026-10-03 04:41:40.719][INFO ] [Command        :353] - start[1790973699719] time[1000] tag[Q_SLEEP]
[2026-10-03 04:41:40.719][INFO ] [Command        :536] - > LINE => 0, CMD => Q_DEC, CONTENT => $__i__
[2026-10-03 04:41:40.719][INFO ] [Command        :353] - start[1790973700719] time[0] tag[Q_DEC]
[2026-10-03 04:41:40.720][INFO ] [Command        :536] - > LINE => 0, CMD => Q_LET_DEPLOY, CONTENT => $__not_finish_tenant_cnt__
[2026-10-03 04:41:40.720][INFO ] [Deploy         :287] - execute db_p.select select count(*) as cnt from oceanbase.DBA_OB_MAJOR_COMPACTION where frozen_scn != last_scn, cnt, 1
[2026-10-03 04:41:40.720][INFO ] [SQLProcessor   :2086] - execute sql => select count(*) as cnt from oceanbase.DBA_OB_MAJOR_COMPACTION where frozen_scn != last_scn
[2026-10-03 04:41:40.726][INFO ] [Deploy         :294] - execute db_p.select select count(*) as cnt from oceanbase.DBA_OB_MAJOR_COMPACTION where frozen_scn != last_scn, cnt, 1 result => 1
[2026-10-03 04:41:40.726][INFO ] [Command        :353] - start[1790973700720] time[6] tag[Q_LET_DEPLOY]
[2026-10-03 04:41:40.726][INFO ] [Command        :536] - > LINE => 0, CMD => Q_IF, CONTENT => $__not_finish_tenant_cnt__ == 0
[2026-10-03 04:41:40.730][INFO ] [Command        :353] - start[1790973700727] time[3] tag[Q_IF]
[2026-10-03 04:41:40.733][INFO ] [Command        :536] - > LINE => 0, CMD => Q_SLEEP, CONTENT => 1
[2026-10-03 04:41:41.734][INFO ] [Command        :353] - start[1790973700733] time[1000] tag[Q_SLEEP]
[2026-10-03 04:41:41.734][INFO ] [Command        :536] - > LINE => 0, CMD => Q_DEC, CONTENT => $__i__
[2026-10-03 04:41:41.734][INFO ] [Command        :353] - start[1790973701734] time[0] tag[Q_DEC]
[2026-10-03 04:41:41.734][INFO ] [Command        :536] - > LINE => 0, CMD => Q_LET_DEPLOY, CONTENT => $__not_finish_tenant_cnt__
[2026-10-03 04:41:41.734][INFO ] [Deploy         :287] - execute db_p.select select count(*) as cnt from oceanbase.DBA_OB_MAJOR_COMPACTION where frozen_scn != last_scn, cnt, 1
[2026-10-03 04:41:41.735][INFO ] [SQLProcessor   :2086] - execute sql => select count(*) as cnt from oceanbase.DBA_OB_MAJOR_COMPACTION where frozen_scn != last_scn
[2026-10-03 04:41:41.742][INFO ] [Deploy         :294] - execute db_p.select select count(*) as cnt from oceanbase.DBA_OB_MAJOR_COMPACTION where frozen_scn != last_scn, cnt, 1 result => 1
[2026-10-03 04:41:41.742][INFO ] [Command        :353] - start[1790973701734] time[7] tag[Q_LET_DEPLOY]
[2026-10-03 04:41:41.743][INFO ] [Command        :536] - > LINE => 0, CMD => Q_IF, CONTENT => $__not_finish_tenant_cnt__ == 0
[2026-10-03 04:41:41.746][INFO ] [Command        :353] - start[1790973701743] time[2] tag[Q_IF]
[2026-10-03 04:41:41.748][INFO ] [Command        :536] - > LINE => 0, CMD => Q_SLEEP, CONTENT => 1
[2026-10-03 04:41:42.748][INFO ] [Command        :353] - start[1790973701748] time[1000] tag[Q_SLEEP]
[2026-10-03 04:41:42.749][INFO ] [Command        :536] - > LINE => 0, CMD => Q_DEC, CONTENT => $__i__
[2026-10-03 04:41:42.749][INFO ] [Command        :353] - start[1790973702749] time[0] tag[Q_DEC]
[2026-10-03 04:41:42.749][INFO ] [Command        :536] - > LINE => 0, CMD => Q_LET_DEPLOY, CONTENT => $__not_finish_tenant_cnt__
[2026-10-03 04:41:42.749][INFO ] [Deploy         :287] - execute db_p.select select count(*) as cnt from oceanbase.DBA_OB_MAJOR_COMPACTION where frozen_scn != last_scn, cnt, 1
[2026-10-03 04:41:42.750][INFO ] [SQLProcessor   :2086] - execute sql => select count(*) as cnt from oceanbase.DBA_OB_MAJOR_COMPACTION where frozen_scn != last_scn
[2026-10-03 04:41:42.759][INFO ] [Deploy         :294] - execute db_p.select select count(*) as cnt from oceanbase.DBA_OB_MAJOR_COMPACTION where frozen_scn != last_scn, cnt, 1 result => 1
[2026-10-03 04:41:42.760][INFO ] [Command        :353] - start[1790973702749] time[10] tag[Q_LET_DEPLOY]
[2026-10-03 04:41:42.760][INFO ] [Command        :536] - > LINE => 0, CMD => Q_IF, CONTENT => $__not_finish_tenant_cnt__ == 0
[2026-10-03 04:41:42.764][INFO ] [Command        :353] - start[1790973702760] time[4] tag[Q_IF]
[2026-10-03 04:41:42.767][INFO ] [Command        :536] - > LINE => 0, CMD => Q_SLEEP, CONTENT => 1
[2026-10-03 04:41:43.767][INFO ] [Command        :353] - start[1790973702767] time[1000] tag[Q_SLEEP]
[2026-10-03 04:41:43.768][INFO ] [Command        :536] - > LINE => 0, CMD => Q_DEC, CONTENT => $__i__
[2026-10-03 04:41:43.768][INFO ] [Command        :353] - start[1790973703768] time[0] tag[Q_DEC]
[2026-10-03 04:41:43.768][INFO ] [Command        :536] - > LINE => 0, CMD => Q_LET_DEPLOY, CONTENT => $__not_finish_tenant_cnt__
[2026-10-03 04:41:43.768][INFO ] [Deploy         :287] - execute db_p.select select count(*) as cnt from oceanbase.DBA_OB_MAJOR_COMPACTION where frozen_scn != last_scn, cnt, 1
[2026-10-03 04:41:43.768][INFO ] [SQLProcessor   :2086] - execute sql => select count(*) as cnt from oceanbase.DBA_OB_MAJOR_COMPACTION where frozen_scn != last_scn
[2026-10-03 04:41:43.783][INFO ] [Deploy         :294] - execute db_p.select select count(*) as cnt from oceanbase.DBA_OB_MAJOR_COMPACTION where frozen_scn != last_scn, cnt, 1 result => 1
[2026-10-03 04:41:43.783][INFO ] [Command        :353] - start[1790973703768] time[15] tag[Q_LET_DEPLOY]
[2026-10-03 04:41:43.784][INFO ] [Command        :536] - > LINE => 0, CMD => Q_IF, CONTENT => $__not_finish_tenant_cnt__ == 0
[2026-10-03 04:41:43.787][INFO ] [Command        :353] - start[1790973703784] time[3] tag[Q_IF]
[2026-10-03 04:41:43.790][INFO ] [Command        :536] - > LINE => 0, CMD => Q_SLEEP, CONTENT => 1
[2026-10-03 04:41:44.790][INFO ] [Command        :353] - start[1790973703790] time[1000] tag[Q_SLEEP]
[2026-10-03 04:41:44.791][INFO ] [Command        :536] - > LINE => 0, CMD => Q_DEC, CONTENT => $__i__
[2026-10-03 04:41:44.791][INFO ] [Command        :353] - start[1790973704791] time[0] tag[Q_DEC]
[2026-10-03 04:41:44.791][INFO ] [Command        :536] - > LINE => 0, CMD => Q_LET_DEPLOY, CONTENT => $__not_finish_tenant_cnt__
[2026-10-03 04:41:44.791][INFO ] [Deploy         :287] - execute db_p.select select count(*) as cnt from oceanbase.DBA_OB_MAJOR_COMPACTION where frozen_scn != last_scn, cnt, 1
[2026-10-03 04:41:44.791][INFO ] [SQLProcessor   :2086] - execute sql => select count(*) as cnt from oceanbase.DBA_OB_MAJOR_COMPACTION where frozen_scn != last_scn
[2026-10-03 04:41:44.797][INFO ] [Deploy         :294] - execute db_p.select select count(*) as cnt from oceanbase.DBA_OB_MAJOR_COMPACTION where frozen_scn != last_scn, cnt, 1 result => 1
[2026-10-03 04:41:44.798][INFO ] [Command        :353] - start[1790973704791] time[6] tag[Q_LET_DEPLOY]
[2026-10-03 04:41:44.798][INFO ] [Command        :536] - > LINE => 0, CMD => Q_IF, CONTENT => $__not_finish_tenant_cnt__ == 0
[2026-10-03 04:41:44.801][INFO ] [Command        :353] - start[1790973704798] time[3] tag[Q_IF]
[2026-10-03 04:41:44.804][INFO ] [Command        :536] - > LINE => 0, CMD => Q_SLEEP, CONTENT => 1
[2026-10-03 04:41:45.804][INFO ] [Command        :353] - start[1790973704804] time[1000] tag[Q_SLEEP]
[2026-10-03 04:41:45.805][INFO ] [Command        :536] - > LINE => 0, CMD => Q_DEC, CONTENT => $__i__
[2026-10-03 04:41:45.805][INFO ] [Command        :353] - start[1790973705805] time[0] tag[Q_DEC]
[2026-10-03 04:41:45.805][INFO ] [Command        :536] - > LINE => 0, CMD => Q_LET_DEPLOY, CONTENT => $__not_finish_tenant_cnt__
[2026-10-03 04:41:45.805][INFO ] [Deploy         :287] - execute db_p.select select count(*) as cnt from oceanbase.DBA_OB_MAJOR_COMPACTION where frozen_scn != last_scn, cnt, 1
[2026-10-03 04:41:45.806][INFO ] [SQLProcessor   :2086] - execute sql => select count(*) as cnt from oceanbase.DBA_OB_MAJOR_COMPACTION where frozen_scn != last_scn
[2026-10-03 04:41:45.812][INFO ] [Deploy         :294] - execute db_p.select select count(*) as cnt from oceanbase.DBA_OB_MAJOR_COMPACTION where frozen_scn != last_scn, cnt, 1 result => 1
[2026-10-03 04:41:45.812][INFO ] [Command        :353] - start[1790973705805] time[6] tag[Q_LET_DEPLOY]
[2026-10-03 04:41:45.812][INFO ] [Command        :536] - > LINE => 0, CMD => Q_IF, CONTENT => $__not_finish_tenant_cnt__ == 0
[2026-10-03 04:41:45.816][INFO ] [Command        :353] - start[1790973705812] time[3] tag[Q_IF]
[2026-10-03 04:41:45.818][INFO ] [Command        :536] - > LINE => 0, CMD => Q_SLEEP, CONTENT => 1
[2026-10-03 04:41:46.819][INFO ] [Command        :353] - start[1790973705819] time[1000] tag[Q_SLEEP]
[2026-10-03 04:41:46.819][INFO ] [Command        :536] - > LINE => 0, CMD => Q_DEC, CONTENT => $__i__
[2026-10-03 04:41:46.819][INFO ] [Command        :353] - start[1790973706819] time[0] tag[Q_DEC]
[2026-10-03 04:41:46.819][INFO ] [Command        :536] - > LINE => 0, CMD => Q_LET_DEPLOY, CONTENT => $__not_finish_tenant_cnt__
[2026-10-03 04:41:46.819][INFO ] [Deploy         :287] - execute db_p.select select count(*) as cnt from oceanbase.DBA_OB_MAJOR_COMPACTION where frozen_scn != last_scn, cnt, 1
[2026-10-03 04:41:46.820][INFO ] [SQLProcessor   :2086] - execute sql => select count(*) as cnt from oceanbase.DBA_OB_MAJOR_COMPACTION where frozen_scn != last_scn
[2026-10-03 04:41:46.852][INFO ] [Deploy         :294] - execute db_p.select select count(*) as cnt from oceanbase.DBA_OB_MAJOR_COMPACTION where frozen_scn != last_scn, cnt, 1 result => 1
[2026-10-03 04:41:46.852][INFO ] [Command        :353] - start[1790973706819] time[32] tag[Q_LET_DEPLOY]
[2026-10-03 04:41:46.852][INFO ] [Command        :536] - > LINE => 0, CMD => Q_IF, CONTENT => $__not_finish_tenant_cnt__ == 0
[2026-10-03 04:41:46.856][INFO ] [Command        :353] - start[1790973706852] time[4] tag[Q_IF]
[2026-10-03 04:41:46.859][INFO ] [Command        :536] - > LINE => 0, CMD => Q_SLEEP, CONTENT => 1
[2026-10-03 04:41:47.859][INFO ] [Command        :353] - start[1790973706859] time[1000] tag[Q_SLEEP]
[2026-10-03 04:41:47.860][INFO ] [Command        :536] - > LINE => 0, CMD => Q_DEC, CONTENT => $__i__
[2026-10-03 04:41:47.860][INFO ] [Command        :353] - start[1790973707860] time[0] tag[Q_DEC]
[2026-10-03 04:41:47.860][INFO ] [Command        :536] - > LINE => 0, CMD => Q_LET_DEPLOY, CONTENT => $__not_finish_tenant_cnt__
[2026-10-03 04:41:47.860][INFO ] [Deploy         :287] - execute db_p.select select count(*) as cnt from oceanbase.DBA_OB_MAJOR_COMPACTION where frozen_scn != last_scn, cnt, 1
[2026-10-03 04:41:47.861][INFO ] [SQLProcessor   :2086] - execute sql => select count(*) as cnt from oceanbase.DBA_OB_MAJOR_COMPACTION where frozen_scn != last_scn
[2026-10-03 04:41:47.866][INFO ] [Deploy         :294] - execute db_p.select select count(*) as cnt from oceanbase.DBA_OB_MAJOR_COMPACTION where frozen_scn != last_scn, cnt, 1 result => 1
[2026-10-03 04:41:47.866][INFO ] [Command        :353] - start[1790973707860] time[6] tag[Q_LET_DEPLOY]
[2026-10-03 04:41:47.866][INFO ] [Command        :536] - > LINE => 0, CMD => Q_IF, CONTENT => $__not_finish_tenant_cnt__ == 0
[2026-10-03 04:41:47.870][INFO ] [Command        :353] - start[1790973707867] time[3] tag[Q_IF]
[2026-10-03 04:41:47.872][INFO ] [Command        :536] - > LINE => 0, CMD => Q_SLEEP, CONTENT => 1
[2026-10-03 04:41:48.872][INFO ] [Command        :353] - start[1790973707872] time[1000] tag[Q_SLEEP]
[2026-10-03 04:41:48.873][INFO ] [Command        :536] - > LINE => 0, CMD => Q_DEC, CONTENT => $__i__
[2026-10-03 04:41:48.873][INFO ] [Command        :353] - start[1790973708873] time[0] tag[Q_DEC]
[2026-10-03 04:41:48.873][INFO ] [Command        :536] - > LINE => 0, CMD => Q_LET_DEPLOY, CONTENT => $__not_finish_tenant_cnt__
[2026-10-03 04:41:48.873][INFO ] [Deploy         :287] - execute db_p.select select count(*) as cnt from oceanbase.DBA_OB_MAJOR_COMPACTION where frozen_scn != last_scn, cnt, 1
[2026-10-03 04:41:48.873][INFO ] [SQLProcessor   :2086] - execute sql => select count(*) as cnt from oceanbase.DBA_OB_MAJOR_COMPACTION where frozen_scn != last_scn
[2026-10-03 04:41:48.879][INFO ] [Deploy         :294] - execute db_p.select select count(*) as cnt from oceanbase.DBA_OB_MAJOR_COMPACTION where frozen_scn != last_scn, cnt, 1 result => 1
[2026-10-03 04:41:48.880][INFO ] [Command        :353] - start[1790973708873] time[6] tag[Q_LET_DEPLOY]
[2026-10-03 04:41:48.880][INFO ] [Command        :536] - > LINE => 0, CMD => Q_IF, CONTENT => $__not_finish_tenant_cnt__ == 0
[2026-10-03 04:41:48.883][INFO ] [Command        :353] - start[1790973708880] time[3] tag[Q_IF]
[2026-10-03 04:41:48.886][INFO ] [Command        :536] - > LINE => 0, CMD => Q_SLEEP, CONTENT => 1
[2026-10-03 04:41:49.886][INFO ] [Command        :353] - start[1790973708886] time[1000] tag[Q_SLEEP]
[2026-10-03 04:41:49.887][INFO ] [Command        :536] - > LINE => 0, CMD => Q_DEC, CONTENT => $__i__
[2026-10-03 04:41:49.887][INFO ] [Command        :353] - start[1790973709887] time[0] tag[Q_DEC]
[2026-10-03 04:41:49.887][INFO ] [Command        :536] - > LINE => 0, CMD => Q_LET_DEPLOY, CONTENT => $__not_finish_tenant_cnt__
[2026-10-03 04:41:49.887][INFO ] [Deploy         :287] - execute db_p.select select count(*) as cnt from oceanbase.DBA_OB_MAJOR_COMPACTION where frozen_scn != last_scn, cnt, 1
[2026-10-03 04:41:49.887][INFO ] [SQLProcessor   :2086] - execute sql => select count(*) as cnt from oceanbase.DBA_OB_MAJOR_COMPACTION where frozen_scn != last_scn
[2026-10-03 04:41:49.893][INFO ] [Deploy         :294] - execute db_p.select select count(*) as cnt from oceanbase.DBA_OB_MAJOR_COMPACTION where frozen_scn != last_scn, cnt, 1 result => 1
[2026-10-03 04:41:49.893][INFO ] [Command        :353] - start[1790973709887] time[6] tag[Q_LET_DEPLOY]
[2026-10-03 04:41:49.894][INFO ] [Command        :536] - > LINE => 0, CMD => Q_IF, CONTENT => $__not_finish_tenant_cnt__ == 0
[2026-10-03 04:41:49.898][INFO ] [Command        :353] - start[1790973709894] time[4] tag[Q_IF]
[2026-10-03 04:41:49.902][INFO ] [Command        :536] - > LINE => 0, CMD => Q_SLEEP, CONTENT => 1
[2026-10-03 04:41:50.902][INFO ] [Command        :353] - start[1790973709902] time[1000] tag[Q_SLEEP]
[2026-10-03 04:41:50.903][INFO ] [Command        :536] - > LINE => 0, CMD => Q_DEC, CONTENT => $__i__
[2026-10-03 04:41:50.903][INFO ] [Command        :353] - start[1790973710903] time[0] tag[Q_DEC]
[2026-10-03 04:41:50.903][INFO ] [Command        :536] - > LINE => 0, CMD => Q_LET_DEPLOY, CONTENT => $__not_finish_tenant_cnt__
[2026-10-03 04:41:50.903][INFO ] [Deploy         :287] - execute db_p.select select count(*) as cnt from oceanbase.DBA_OB_MAJOR_COMPACTION where frozen_scn != last_scn, cnt, 1
[2026-10-03 04:41:50.904][INFO ] [SQLProcessor   :2086] - execute sql => select count(*) as cnt from oceanbase.DBA_OB_MAJOR_COMPACTION where frozen_scn != last_scn
[2026-10-03 04:41:50.911][INFO ] [Deploy         :294] - execute db_p.select select count(*) as cnt from oceanbase.DBA_OB_MAJOR_COMPACTION where frozen_scn != last_scn, cnt, 1 result => 1
[2026-10-03 04:41:50.911][INFO ] [Command        :353] - start[1790973710903] time[7] tag[Q_LET_DEPLOY]
[2026-10-03 04:41:50.911][INFO ] [Command        :536] - > LINE => 0, CMD => Q_IF, CONTENT => $__not_finish_tenant_cnt__ == 0
[2026-10-03 04:41:50.916][INFO ] [Command        :353] - start[1790973710911] time[4] tag[Q_IF]
[2026-10-03 04:41:50.919][INFO ] [Command        :536] - > LINE => 0, CMD => Q_SLEEP, CONTENT => 1
[2026-10-03 04:41:51.921][INFO ] [Command        :353] - start[1790973710919] time[1001] tag[Q_SLEEP]
[2026-10-03 04:41:51.921][INFO ] [Command        :536] - > LINE => 0, CMD => Q_DEC, CONTENT => $__i__
[2026-10-03 04:41:51.922][INFO ] [Command        :353] - start[1790973711922] time[0] tag[Q_DEC]
[2026-10-03 04:41:51.922][INFO ] [Command        :536] - > LINE => 0, CMD => Q_LET_DEPLOY, CONTENT => $__not_finish_tenant_cnt__
[2026-10-03 04:41:51.922][INFO ] [Deploy         :287] - execute db_p.select select count(*) as cnt from oceanbase.DBA_OB_MAJOR_COMPACTION where frozen_scn != last_scn, cnt, 1
[2026-10-03 04:41:51.923][INFO ] [SQLProcessor   :2086] - execute sql => select count(*) as cnt from oceanbase.DBA_OB_MAJOR_COMPACTION where frozen_scn != last_scn
[2026-10-03 04:41:51.930][INFO ] [Deploy         :294] - execute db_p.select select count(*) as cnt from oceanbase.DBA_OB_MAJOR_COMPACTION where frozen_scn != last_scn, cnt, 1 result => 1
[2026-10-03 04:41:51.930][INFO ] [Command        :353] - start[1790973711922] time[8] tag[Q_LET_DEPLOY]
[2026-10-03 04:41:51.930][INFO ] [Command        :536] - > LINE => 0, CMD => Q_IF, CONTENT => $__not_finish_tenant_cnt__ == 0
[2026-10-03 04:41:51.934][INFO ] [Command        :353] - start[1790973711931] time[3] tag[Q_IF]
[2026-10-03 04:41:51.937][INFO ] [Command        :536] - > LINE => 0, CMD => Q_SLEEP, CONTENT => 1
[2026-10-03 04:41:52.937][INFO ] [Command        :353] - start[1790973711937] time[1000] tag[Q_SLEEP]
[2026-10-03 04:41:52.937][INFO ] [Command        :536] - > LINE => 0, CMD => Q_DEC, CONTENT => $__i__
[2026-10-03 04:41:52.938][INFO ] [Command        :353] - start[1790973712938] time[0] tag[Q_DEC]
[2026-10-03 04:41:52.938][INFO ] [Command        :536] - > LINE => 0, CMD => Q_LET_DEPLOY, CONTENT => $__not_finish_tenant_cnt__
[2026-10-03 04:41:52.938][INFO ] [Deploy         :287] - execute db_p.select select count(*) as cnt from oceanbase.DBA_OB_MAJOR_COMPACTION where frozen_scn != last_scn, cnt, 1
[2026-10-03 04:41:52.939][INFO ] [SQLProcessor   :2086] - execute sql => select count(*) as cnt from oceanbase.DBA_OB_MAJOR_COMPACTION where frozen_scn != last_scn
[2026-10-03 04:41:52.948][INFO ] [Deploy         :294] - execute db_p.select select count(*) as cnt from oceanbase.DBA_OB_MAJOR_COMPACTION where frozen_scn != last_scn, cnt, 1 result => 1
[2026-10-03 04:41:52.948][INFO ] [Command        :353] - start[1790973712938] time[10] tag[Q_LET_DEPLOY]
[2026-10-03 04:41:52.949][INFO ] [Command        :536] - > LINE => 0, CMD => Q_IF, CONTENT => $__not_finish_tenant_cnt__ == 0
[2026-10-03 04:41:52.953][INFO ] [Command        :353] - start[1790973712949] time[4] tag[Q_IF]
[2026-10-03 04:41:52.957][INFO ] [Command        :536] - > LINE => 0, CMD => Q_SLEEP, CONTENT => 1
[2026-10-03 04:41:53.957][INFO ] [Command        :353] - start[1790973712957] time[1000] tag[Q_SLEEP]
[2026-10-03 04:41:53.958][INFO ] [Command        :536] - > LINE => 0, CMD => Q_DEC, CONTENT => $__i__
[2026-10-03 04:41:53.958][INFO ] [Command        :353] - start[1790973713958] time[0] tag[Q_DEC]
[2026-10-03 04:41:53.958][INFO ] [Command        :536] - > LINE => 0, CMD => Q_LET_DEPLOY, CONTENT => $__not_finish_tenant_cnt__
[2026-10-03 04:41:53.958][INFO ] [Deploy         :287] - execute db_p.select select count(*) as cnt from oceanbase.DBA_OB_MAJOR_COMPACTION where frozen_scn != last_scn, cnt, 1
[2026-10-03 04:41:53.958][INFO ] [SQLProcessor   :2086] - execute sql => select count(*) as cnt from oceanbase.DBA_OB_MAJOR_COMPACTION where frozen_scn != last_scn
[2026-10-03 04:41:53.964][INFO ] [Deploy         :294] - execute db_p.select select count(*) as cnt from oceanbase.DBA_OB_MAJOR_COMPACTION where frozen_scn != last_scn, cnt, 1 result => 1
[2026-10-03 04:41:53.964][INFO ] [Command        :353] - start[1790973713958] time[6] tag[Q_LET_DEPLOY]
[2026-10-03 04:41:53.965][INFO ] [Command        :536] - > LINE => 0, CMD => Q_IF, CONTENT => $__not_finish_tenant_cnt__ == 0
[2026-10-03 04:41:53.968][INFO ] [Command        :353] - start[1790973713965] time[2] tag[Q_IF]
[2026-10-03 04:41:53.970][INFO ] [Command        :536] - > LINE => 0, CMD => Q_SLEEP, CONTENT => 1
[2026-10-03 04:41:54.970][INFO ] [Command        :353] - start[1790973713970] time[1000] tag[Q_SLEEP]
[2026-10-03 04:41:54.971][INFO ] [Command        :536] - > LINE => 0, CMD => Q_DEC, CONTENT => $__i__
[2026-10-03 04:41:54.971][INFO ] [Command        :353] - start[1790973714971] time[0] tag[Q_DEC]
[2026-10-03 04:41:54.971][INFO ] [Command        :536] - > LINE => 0, CMD => Q_LET_DEPLOY, CONTENT => $__not_finish_tenant_cnt__
[2026-10-03 04:41:54.971][INFO ] [Deploy         :287] - execute db_p.select select count(*) as cnt from oceanbase.DBA_OB_MAJOR_COMPACTION where frozen_scn != last_scn, cnt, 1
[2026-10-03 04:41:54.972][INFO ] [SQLProcessor   :2086] - execute sql => select count(*) as cnt from oceanbase.DBA_OB_MAJOR_COMPACTION where frozen_scn != last_scn
[2026-10-03 04:41:54.977][INFO ] [Deploy         :294] - execute db_p.select select count(*) as cnt from oceanbase.DBA_OB_MAJOR_COMPACTION where frozen_scn != last_scn, cnt, 1 result => 1
[2026-10-03 04:41:54.977][INFO ] [Command        :353] - start[1790973714971] time[5] tag[Q_LET_DEPLOY]
[2026-10-03 04:41:54.977][INFO ] [Command        :536] - > LINE => 0, CMD => Q_IF, CONTENT => $__not_finish_tenant_cnt__ == 0
[2026-10-03 04:41:54.982][INFO ] [Command        :353] - start[1790973714977] time[4] tag[Q_IF]
[2026-10-03 04:41:54.985][INFO ] [Command        :536] - > LINE => 0, CMD => Q_SLEEP, CONTENT => 1
[2026-10-03 04:41:55.985][INFO ] [Command        :353] - start[1790973714985] time[1000] tag[Q_SLEEP]
[2026-10-03 04:41:55.985][INFO ] [Command        :536] - > LINE => 0, CMD => Q_DEC, CONTENT => $__i__
[2026-10-03 04:41:55.985][INFO ] [Command        :353] - start[1790973715985] time[0] tag[Q_DEC]
[2026-10-03 04:41:55.986][INFO ] [Command        :536] - > LINE => 0, CMD => Q_LET_DEPLOY, CONTENT => $__not_finish_tenant_cnt__
[2026-10-03 04:41:55.986][INFO ] [Deploy         :287] - execute db_p.select select count(*) as cnt from oceanbase.DBA_OB_MAJOR_COMPACTION where frozen_scn != last_scn, cnt, 1
[2026-10-03 04:41:55.986][INFO ] [SQLProcessor   :2086] - execute sql => select count(*) as cnt from oceanbase.DBA_OB_MAJOR_COMPACTION where frozen_scn != last_scn
[2026-10-03 04:41:55.993][INFO ] [Deploy         :294] - execute db_p.select select count(*) as cnt from oceanbase.DBA_OB_MAJOR_COMPACTION where frozen_scn != last_scn, cnt, 1 result => 1
[2026-10-03 04:41:55.993][INFO ] [Command        :353] - start[1790973715986] time[7] tag[Q_LET_DEPLOY]
[2026-10-03 04:41:55.993][INFO ] [Command        :536] - > LINE => 0, CMD => Q_IF, CONTENT => $__not_finish_tenant_cnt__ == 0
[2026-10-03 04:41:55.997][INFO ] [Command        :353] - start[1790973715993] time[3] tag[Q_IF]
[2026-10-03 04:41:55.999][INFO ] [Command        :536] - > LINE => 0, CMD => Q_SLEEP, CONTENT => 1
[2026-10-03 04:41:56.999][INFO ] [Command        :353] - start[1790973715999] time[1000] tag[Q_SLEEP]
[2026-10-03 04:41:57.00][INFO ] [Command        :536] - > LINE => 0, CMD => Q_DEC, CONTENT => $__i__
[2026-10-03 04:41:57.00][INFO ] [Command        :353] - start[1790973717000] time[0] tag[Q_DEC]
[2026-10-03 04:41:57.00][INFO ] [Command        :536] - > LINE => 0, CMD => Q_LET_DEPLOY, CONTENT => $__not_finish_tenant_cnt__
[2026-10-03 04:41:57.00][INFO ] [Deploy         :287] - execute db_p.select select count(*) as cnt from oceanbase.DBA_OB_MAJOR_COMPACTION where frozen_scn != last_scn, cnt, 1
[2026-10-03 04:41:57.01][INFO ] [SQLProcessor   :2086] - execute sql => select count(*) as cnt from oceanbase.DBA_OB_MAJOR_COMPACTION where frozen_scn != last_scn
[2026-10-03 04:41:57.07][INFO ] [Deploy         :294] - execute db_p.select select count(*) as cnt from oceanbase.DBA_OB_MAJOR_COMPACTION where frozen_scn != last_scn, cnt, 1 result => 1
[2026-10-03 04:41:57.08][INFO ] [Command        :353] - start[1790973717000] time[7] tag[Q_LET_DEPLOY]
[2026-10-03 04:41:57.08][INFO ] [Command        :536] - > LINE => 0, CMD => Q_IF, CONTENT => $__not_finish_tenant_cnt__ == 0
[2026-10-03 04:41:57.13][INFO ] [Command        :353] - start[1790973717008] time[4] tag[Q_IF]
[2026-10-03 04:41:57.17][INFO ] [Command        :536] - > LINE => 0, CMD => Q_SLEEP, CONTENT => 1
[2026-10-03 04:41:58.17][INFO ] [Command        :353] - start[1790973717017] time[1000] tag[Q_SLEEP]
[2026-10-03 04:41:58.17][INFO ] [Command        :536] - > LINE => 0, CMD => Q_DEC, CONTENT => $__i__
[2026-10-03 04:41:58.17][INFO ] [Command        :353] - start[1790973718017] time[0] tag[Q_DEC]
[2026-10-03 04:41:58.18][INFO ] [Command        :536] - > LINE => 0, CMD => Q_LET_DEPLOY, CONTENT => $__not_finish_tenant_cnt__
[2026-10-03 04:41:58.18][INFO ] [Deploy         :287] - execute db_p.select select count(*) as cnt from oceanbase.DBA_OB_MAJOR_COMPACTION where frozen_scn != last_scn, cnt, 1
[2026-10-03 04:41:58.18][INFO ] [SQLProcessor   :2086] - execute sql => select count(*) as cnt from oceanbase.DBA_OB_MAJOR_COMPACTION where frozen_scn != last_scn
[2026-10-03 04:41:58.25][INFO ] [Deploy         :294] - execute db_p.select select count(*) as cnt from oceanbase.DBA_OB_MAJOR_COMPACTION where frozen_scn != last_scn, cnt, 1 result => 1
[2026-10-03 04:41:58.26][INFO ] [Command        :353] - start[1790973718018] time[8] tag[Q_LET_DEPLOY]
[2026-10-03 04:41:58.26][INFO ] [Command        :536] - > LINE => 0, CMD => Q_IF, CONTENT => $__not_finish_tenant_cnt__ == 0
[2026-10-03 04:41:58.30][INFO ] [Command        :353] - start[1790973718026] time[3] tag[Q_IF]
[2026-10-03 04:41:58.32][INFO ] [Command        :536] - > LINE => 0, CMD => Q_SLEEP, CONTENT => 1
[2026-10-03 04:41:59.33][INFO ] [Command        :353] - start[1790973718033] time[1000] tag[Q_SLEEP]
[2026-10-03 04:41:59.33][INFO ] [Command        :536] - > LINE => 0, CMD => Q_DEC, CONTENT => $__i__
[2026-10-03 04:41:59.33][INFO ] [Command        :353] - start[1790973719033] time[0] tag[Q_DEC]
[2026-10-03 04:41:59.33][INFO ] [Command        :536] - > LINE => 0, CMD => Q_LET_DEPLOY, CONTENT => $__not_finish_tenant_cnt__
[2026-10-03 04:41:59.33][INFO ] [Deploy         :287] - execute db_p.select select count(*) as cnt from oceanbase.DBA_OB_MAJOR_COMPACTION where frozen_scn != last_scn, cnt, 1
[2026-10-03 04:41:59.34][INFO ] [SQLProcessor   :2086] - execute sql => select count(*) as cnt from oceanbase.DBA_OB_MAJOR_COMPACTION where frozen_scn != last_scn
[2026-10-03 04:41:59.41][INFO ] [Deploy         :294] - execute db_p.select select count(*) as cnt from oceanbase.DBA_OB_MAJOR_COMPACTION where frozen_scn != last_scn, cnt, 1 result => 1
[2026-10-03 04:41:59.41][INFO ] [Command        :353] - start[1790973719033] time[7] tag[Q_LET_DEPLOY]
[2026-10-03 04:41:59.41][INFO ] [Command        :536] - > LINE => 0, CMD => Q_IF, CONTENT => $__not_finish_tenant_cnt__ == 0
[2026-10-03 04:41:59.45][INFO ] [Command        :353] - start[1790973719041] time[3] tag[Q_IF]
[2026-10-03 04:41:59.48][INFO ] [Command        :536] - > LINE => 0, CMD => Q_SLEEP, CONTENT => 1
[2026-10-03 04:42:00.48][INFO ] [Command        :353] - start[1790973719048] time[1000] tag[Q_SLEEP]
[2026-10-03 04:42:00.49][INFO ] [Command        :536] - > LINE => 0, CMD => Q_DEC, CONTENT => $__i__
[2026-10-03 04:42:00.49][INFO ] [Command        :353] - start[1790973720049] time[0] tag[Q_DEC]
[2026-10-03 04:42:00.49][INFO ] [Command        :536] - > LINE => 0, CMD => Q_LET_DEPLOY, CONTENT => $__not_finish_tenant_cnt__
[2026-10-03 04:42:00.50][INFO ] [Deploy         :287] - execute db_p.select select count(*) as cnt from oceanbase.DBA_OB_MAJOR_COMPACTION where frozen_scn != last_scn, cnt, 1
[2026-10-03 04:42:00.50][INFO ] [SQLProcessor   :2086] - execute sql => select count(*) as cnt from oceanbase.DBA_OB_MAJOR_COMPACTION where frozen_scn != last_scn
[2026-10-03 04:42:00.57][INFO ] [Deploy         :294] - execute db_p.select select count(*) as cnt from oceanbase.DBA_OB_MAJOR_COMPACTION where frozen_scn != last_scn, cnt, 1 result => 1
[2026-10-03 04:42:00.58][INFO ] [Command        :353] - start[1790973720049] time[8] tag[Q_LET_DEPLOY]
[2026-10-03 04:42:00.58][INFO ] [Command        :536] - > LINE => 0, CMD => Q_IF, CONTENT => $__not_finish_tenant_cnt__ == 0
[2026-10-03 04:42:00.62][INFO ] [Command        :353] - start[1790973720058] time[3] tag[Q_IF]
[2026-10-03 04:42:00.66][INFO ] [Command        :536] - > LINE => 0, CMD => Q_SLEEP, CONTENT => 1
[2026-10-03 04:42:01.66][INFO ] [Command        :353] - start[1790973720066] time[1000] tag[Q_SLEEP]
[2026-10-03 04:42:01.67][INFO ] [Command        :536] - > LINE => 0, CMD => Q_DEC, CONTENT => $__i__
[2026-10-03 04:42:01.67][INFO ] [Command        :353] - start[1790973721067] time[0] tag[Q_DEC]
[2026-10-03 04:42:01.67][INFO ] [Command        :536] - > LINE => 0, CMD => Q_LET_DEPLOY, CONTENT => $__not_finish_tenant_cnt__
[2026-10-03 04:42:01.68][INFO ] [Deploy         :287] - execute db_p.select select count(*) as cnt from oceanbase.DBA_OB_MAJOR_COMPACTION where frozen_scn != last_scn, cnt, 1
[2026-10-03 04:42:01.68][INFO ] [SQLProcessor   :2086] - execute sql => select count(*) as cnt from oceanbase.DBA_OB_MAJOR_COMPACTION where frozen_scn != last_scn
[2026-10-03 04:42:01.82][INFO ] [Deploy         :294] - execute db_p.select select count(*) as cnt from oceanbase.DBA_OB_MAJOR_COMPACTION where frozen_scn != last_scn, cnt, 1 result => 1
[2026-10-03 04:42:01.82][INFO ] [Command        :353] - start[1790973721068] time[14] tag[Q_LET_DEPLOY]
[2026-10-03 04:42:01.83][INFO ] [Command        :536] - > LINE => 0, CMD => Q_IF, CONTENT => $__not_finish_tenant_cnt__ == 0
[2026-10-03 04:42:01.86][INFO ] [Command        :353] - start[1790973721083] time[3] tag[Q_IF]
[2026-10-03 04:42:01.90][INFO ] [Command        :536] - > LINE => 0, CMD => Q_SLEEP, CONTENT => 1
[2026-10-03 04:42:02.90][INFO ] [Command        :353] - start[1790973721090] time[1000] tag[Q_SLEEP]
[2026-10-03 04:42:02.90][INFO ] [Command        :536] - > LINE => 0, CMD => Q_DEC, CONTENT => $__i__
[2026-10-03 04:42:02.91][INFO ] [Command        :353] - start[1790973722091] time[0] tag[Q_DEC]
[2026-10-03 04:42:02.91][INFO ] [Command        :536] - > LINE => 0, CMD => Q_LET_DEPLOY, CONTENT => $__not_finish_tenant_cnt__
[2026-10-03 04:42:02.91][INFO ] [Deploy         :287] - execute db_p.select select count(*) as cnt from oceanbase.DBA_OB_MAJOR_COMPACTION where frozen_scn != last_scn, cnt, 1
[2026-10-03 04:42:02.92][INFO ] [SQLProcessor   :2086] - execute sql => select count(*) as cnt from oceanbase.DBA_OB_MAJOR_COMPACTION where frozen_scn != last_scn
[2026-10-03 04:42:02.102][INFO ] [Deploy         :294] - execute db_p.select select count(*) as cnt from oceanbase.DBA_OB_MAJOR_COMPACTION where frozen_scn != last_scn, cnt, 1 result => 1
[2026-10-03 04:42:02.102][INFO ] [Command        :353] - start[1790973722091] time[10] tag[Q_LET_DEPLOY]
[2026-10-03 04:42:02.102][INFO ] [Command        :536] - > LINE => 0, CMD => Q_IF, CONTENT => $__not_finish_tenant_cnt__ == 0
[2026-10-03 04:42:02.107][INFO ] [Command        :353] - start[1790973722102] time[4] tag[Q_IF]
[2026-10-03 04:42:02.110][INFO ] [Command        :536] - > LINE => 0, CMD => Q_SLEEP, CONTENT => 1
[2026-10-03 04:42:03.110][INFO ] [Command        :353] - start[1790973722110] time[1000] tag[Q_SLEEP]
[2026-10-03 04:42:03.111][INFO ] [Command        :536] - > LINE => 0, CMD => Q_DEC, CONTENT => $__i__
[2026-10-03 04:42:03.111][INFO ] [Command        :353] - start[1790973723111] time[0] tag[Q_DEC]
[2026-10-03 04:42:03.111][INFO ] [Command        :536] - > LINE => 0, CMD => Q_LET_DEPLOY, CONTENT => $__not_finish_tenant_cnt__
[2026-10-03 04:42:03.111][INFO ] [Deploy         :287] - execute db_p.select select count(*) as cnt from oceanbase.DBA_OB_MAJOR_COMPACTION where frozen_scn != last_scn, cnt, 1
[2026-10-03 04:42:03.112][INFO ] [SQLProcessor   :2086] - execute sql => select count(*) as cnt from oceanbase.DBA_OB_MAJOR_COMPACTION where frozen_scn != last_scn
[2026-10-03 04:42:03.120][INFO ] [Deploy         :294] - execute db_p.select select count(*) as cnt from oceanbase.DBA_OB_MAJOR_COMPACTION where frozen_scn != last_scn, cnt, 1 result => 1
[2026-10-03 04:42:03.120][INFO ] [Command        :353] - start[1790973723111] time[8] tag[Q_LET_DEPLOY]
[2026-10-03 04:42:03.120][INFO ] [Command        :536] - > LINE => 0, CMD => Q_IF, CONTENT => $__not_finish_tenant_cnt__ == 0
[2026-10-03 04:42:03.125][INFO ] [Command        :353] - start[1790973723120] time[4] tag[Q_IF]
[2026-10-03 04:42:03.127][INFO ] [Command        :536] - > LINE => 0, CMD => Q_SLEEP, CONTENT => 1
[2026-10-03 04:42:04.128][INFO ] [Command        :353] - start[1790973723127] time[1000] tag[Q_SLEEP]
[2026-10-03 04:42:04.128][INFO ] [Command        :536] - > LINE => 0, CMD => Q_DEC, CONTENT => $__i__
[2026-10-03 04:42:04.128][INFO ] [Command        :353] - start[1790973724128] time[0] tag[Q_DEC]
[2026-10-03 04:42:04.128][INFO ] [Command        :536] - > LINE => 0, CMD => Q_LET_DEPLOY, CONTENT => $__not_finish_tenant_cnt__
[2026-10-03 04:42:04.128][INFO ] [Deploy         :287] - execute db_p.select select count(*) as cnt from oceanbase.DBA_OB_MAJOR_COMPACTION where frozen_scn != last_scn, cnt, 1
[2026-10-03 04:42:04.129][INFO ] [SQLProcessor   :2086] - execute sql => select count(*) as cnt from oceanbase.DBA_OB_MAJOR_COMPACTION where frozen_scn != last_scn
[2026-10-03 04:42:04.135][INFO ] [Deploy         :294] - execute db_p.select select count(*) as cnt from oceanbase.DBA_OB_MAJOR_COMPACTION where frozen_scn != last_scn, cnt, 1 result => 1
[2026-10-03 04:42:04.135][INFO ] [Command        :353] - start[1790973724128] time[6] tag[Q_LET_DEPLOY]
[2026-10-03 04:42:04.135][INFO ] [Command        :536] - > LINE => 0, CMD => Q_IF, CONTENT => $__not_finish_tenant_cnt__ == 0
[2026-10-03 04:42:04.139][INFO ] [Command        :353] - start[1790973724135] time[3] tag[Q_IF]
[2026-10-03 04:42:04.141][INFO ] [Command        :536] - > LINE => 0, CMD => Q_SLEEP, CONTENT => 1
[2026-10-03 04:42:05.141][INFO ] [Command        :353] - start[1790973724141] time[1000] tag[Q_SLEEP]
[2026-10-03 04:42:05.142][INFO ] [Command        :536] - > LINE => 0, CMD => Q_DEC, CONTENT => $__i__
[2026-10-03 04:42:05.142][INFO ] [Command        :353] - start[1790973725142] time[0] tag[Q_DEC]
[2026-10-03 04:42:05.142][INFO ] [Command        :536] - > LINE => 0, CMD => Q_LET_DEPLOY, CONTENT => $__not_finish_tenant_cnt__
[2026-10-03 04:42:05.142][INFO ] [Deploy         :287] - execute db_p.select select count(*) as cnt from oceanbase.DBA_OB_MAJOR_COMPACTION where frozen_scn != last_scn, cnt, 1
[2026-10-03 04:42:05.143][INFO ] [SQLProcessor   :2086] - execute sql => select count(*) as cnt from oceanbase.DBA_OB_MAJOR_COMPACTION where frozen_scn != last_scn
[2026-10-03 04:42:05.149][INFO ] [Deploy         :294] - execute db_p.select select count(*) as cnt from oceanbase.DBA_OB_MAJOR_COMPACTION where frozen_scn != last_scn, cnt, 1 result => 1
[2026-10-03 04:42:05.149][INFO ] [Command        :353] - start[1790973725142] time[7] tag[Q_LET_DEPLOY]
[2026-10-03 04:42:05.150][INFO ] [Command        :536] - > LINE => 0, CMD => Q_IF, CONTENT => $__not_finish_tenant_cnt__ == 0
[2026-10-03 04:42:05.154][INFO ] [Command        :353] - start[1790973725150] time[3] tag[Q_IF]
[2026-10-03 04:42:05.157][INFO ] [Command        :536] - > LINE => 0, CMD => Q_SLEEP, CONTENT => 1
[2026-10-03 04:42:06.157][INFO ] [Command        :353] - start[1790973725157] time[1000] tag[Q_SLEEP]
[2026-10-03 04:42:06.157][INFO ] [Command        :536] - > LINE => 0, CMD => Q_DEC, CONTENT => $__i__
[2026-10-03 04:42:06.157][INFO ] [Command        :353] - start[1790973726157] time[0] tag[Q_DEC]
[2026-10-03 04:42:06.157][INFO ] [Command        :536] - > LINE => 0, CMD => Q_LET_DEPLOY, CONTENT => $__not_finish_tenant_cnt__
[2026-10-03 04:42:06.158][INFO ] [Deploy         :287] - execute db_p.select select count(*) as cnt from oceanbase.DBA_OB_MAJOR_COMPACTION where frozen_scn != last_scn, cnt, 1
[2026-10-03 04:42:06.158][INFO ] [SQLProcessor   :2086] - execute sql => select count(*) as cnt from oceanbase.DBA_OB_MAJOR_COMPACTION where frozen_scn != last_scn
[2026-10-03 04:42:06.164][INFO ] [Deploy         :294] - execute db_p.select select count(*) as cnt from oceanbase.DBA_OB_MAJOR_COMPACTION where frozen_scn != last_scn, cnt, 1 result => 1
[2026-10-03 04:42:06.164][INFO ] [Command        :353] - start[1790973726158] time[6] tag[Q_LET_DEPLOY]
[2026-10-03 04:42:06.165][INFO ] [Command        :536] - > LINE => 0, CMD => Q_IF, CONTENT => $__not_finish_tenant_cnt__ == 0
[2026-10-03 04:42:06.168][INFO ] [Command        :353] - start[1790973726165] time[3] tag[Q_IF]
[2026-10-03 04:42:06.171][INFO ] [Command        :536] - > LINE => 0, CMD => Q_SLEEP, CONTENT => 1
[2026-10-03 04:42:07.171][INFO ] [Command        :353] - start[1790973726171] time[1000] tag[Q_SLEEP]
[2026-10-03 04:42:07.172][INFO ] [Command        :536] - > LINE => 0, CMD => Q_DEC, CONTENT => $__i__
[2026-10-03 04:42:07.172][INFO ] [Command        :353] - start[1790973727172] time[0] tag[Q_DEC]
[2026-10-03 04:42:07.173][INFO ] [Command        :536] - > LINE => 0, CMD => Q_LET_DEPLOY, CONTENT => $__not_finish_tenant_cnt__
[2026-10-03 04:42:07.173][INFO ] [Deploy         :287] - execute db_p.select select count(*) as cnt from oceanbase.DBA_OB_MAJOR_COMPACTION where frozen_scn != last_scn, cnt, 1
[2026-10-03 04:42:07.173][INFO ] [SQLProcessor   :2086] - execute sql => select count(*) as cnt from oceanbase.DBA_OB_MAJOR_COMPACTION where frozen_scn != last_scn
[2026-10-03 04:42:07.181][INFO ] [Deploy         :294] - execute db_p.select select count(*) as cnt from oceanbase.DBA_OB_MAJOR_COMPACTION where frozen_scn != last_scn, cnt, 1 result => 1
[2026-10-03 04:42:07.182][INFO ] [Command        :353] - start[1790973727173] time[8] tag[Q_LET_DEPLOY]
[2026-10-03 04:42:07.182][INFO ] [Command        :536] - > LINE => 0, CMD => Q_IF, CONTENT => $__not_finish_tenant_cnt__ == 0
[2026-10-03 04:42:07.187][INFO ] [Command        :353] - start[1790973727182] time[4] tag[Q_IF]
[2026-10-03 04:42:07.190][INFO ] [Command        :536] - > LINE => 0, CMD => Q_SLEEP, CONTENT => 1
[2026-10-03 04:42:08.190][INFO ] [Command        :353] - start[1790973727190] time[1000] tag[Q_SLEEP]
[2026-10-03 04:42:08.191][INFO ] [Command        :536] - > LINE => 0, CMD => Q_DEC, CONTENT => $__i__
[2026-10-03 04:42:08.191][INFO ] [Command        :353] - start[1790973728191] time[0] tag[Q_DEC]
[2026-10-03 04:42:08.191][INFO ] [Command        :536] - > LINE => 0, CMD => Q_LET_DEPLOY, CONTENT => $__not_finish_tenant_cnt__
[2026-10-03 04:42:08.191][INFO ] [Deploy         :287] - execute db_p.select select count(*) as cnt from oceanbase.DBA_OB_MAJOR_COMPACTION where frozen_scn != last_scn, cnt, 1
[2026-10-03 04:42:08.191][INFO ] [SQLProcessor   :2086] - execute sql => select count(*) as cnt from oceanbase.DBA_OB_MAJOR_COMPACTION where frozen_scn != last_scn
[2026-10-03 04:42:08.199][INFO ] [Deploy         :294] - execute db_p.select select count(*) as cnt from oceanbase.DBA_OB_MAJOR_COMPACTION where frozen_scn != last_scn, cnt, 1 result => 1
[2026-10-03 04:42:08.200][INFO ] [Command        :353] - start[1790973728191] time[8] tag[Q_LET_DEPLOY]
[2026-10-03 04:42:08.200][INFO ] [Command        :536] - > LINE => 0, CMD => Q_IF, CONTENT => $__not_finish_tenant_cnt__ == 0
[2026-10-03 04:42:08.203][INFO ] [Command        :353] - start[1790973728200] time[3] tag[Q_IF]
[2026-10-03 04:42:08.205][INFO ] [Command        :536] - > LINE => 0, CMD => Q_SLEEP, CONTENT => 1
[2026-10-03 04:42:09.206][INFO ] [Command        :353] - start[1790973728206] time[1000] tag[Q_SLEEP]
[2026-10-03 04:42:09.206][INFO ] [Command        :536] - > LINE => 0, CMD => Q_DEC, CONTENT => $__i__
[2026-10-03 04:42:09.206][INFO ] [Command        :353] - start[1790973729206] time[0] tag[Q_DEC]
[2026-10-03 04:42:09.206][INFO ] [Command        :536] - > LINE => 0, CMD => Q_LET_DEPLOY, CONTENT => $__not_finish_tenant_cnt__
[2026-10-03 04:42:09.206][INFO ] [Deploy         :287] - execute db_p.select select count(*) as cnt from oceanbase.DBA_OB_MAJOR_COMPACTION where frozen_scn != last_scn, cnt, 1
[2026-10-03 04:42:09.207][INFO ] [SQLProcessor   :2086] - execute sql => select count(*) as cnt from oceanbase.DBA_OB_MAJOR_COMPACTION where frozen_scn != last_scn
[2026-10-03 04:42:09.214][INFO ] [Deploy         :294] - execute db_p.select select count(*) as cnt from oceanbase.DBA_OB_MAJOR_COMPACTION where frozen_scn != last_scn, cnt, 1 result => 1
[2026-10-03 04:42:09.214][INFO ] [Command        :353] - start[1790973729206] time[7] tag[Q_LET_DEPLOY]
[2026-10-03 04:42:09.214][INFO ] [Command        :536] - > LINE => 0, CMD => Q_IF, CONTENT => $__not_finish_tenant_cnt__ == 0
[2026-10-03 04:42:09.217][INFO ] [Command        :353] - start[1790973729214] time[3] tag[Q_IF]
[2026-10-03 04:42:09.220][INFO ] [Command        :536] - > LINE => 0, CMD => Q_SLEEP, CONTENT => 1
[2026-10-03 04:42:10.220][INFO ] [Command        :353] - start[1790973729220] time[1000] tag[Q_SLEEP]
[2026-10-03 04:42:10.221][INFO ] [Command        :536] - > LINE => 0, CMD => Q_DEC, CONTENT => $__i__
[2026-10-03 04:42:10.221][INFO ] [Command        :353] - start[1790973730221] time[0] tag[Q_DEC]
[2026-10-03 04:42:10.221][INFO ] [Command        :536] - > LINE => 0, CMD => Q_LET_DEPLOY, CONTENT => $__not_finish_tenant_cnt__
[2026-10-03 04:42:10.221][INFO ] [Deploy         :287] - execute db_p.select select count(*) as cnt from oceanbase.DBA_OB_MAJOR_COMPACTION where frozen_scn != last_scn, cnt, 1
[2026-10-03 04:42:10.222][INFO ] [SQLProcessor   :2086] - execute sql => select count(*) as cnt from oceanbase.DBA_OB_MAJOR_COMPACTION where frozen_scn != last_scn
[2026-10-03 04:42:10.230][INFO ] [Deploy         :294] - execute db_p.select select count(*) as cnt from oceanbase.DBA_OB_MAJOR_COMPACTION where frozen_scn != last_scn, cnt, 1 result => 1
[2026-10-03 04:42:10.230][INFO ] [Command        :353] - start[1790973730221] time[8] tag[Q_LET_DEPLOY]
[2026-10-03 04:42:10.230][INFO ] [Command        :536] - > LINE => 0, CMD => Q_IF, CONTENT => $__not_finish_tenant_cnt__ == 0
[2026-10-03 04:42:10.236][INFO ] [Command        :353] - start[1790973730231] time[5] tag[Q_IF]
[2026-10-03 04:42:10.240][INFO ] [Command        :536] - > LINE => 0, CMD => Q_SLEEP, CONTENT => 1
[2026-10-03 04:42:11.240][INFO ] [Command        :353] - start[1790973730240] time[1000] tag[Q_SLEEP]
[2026-10-03 04:42:11.240][INFO ] [Command        :536] - > LINE => 0, CMD => Q_DEC, CONTENT => $__i__
[2026-10-03 04:42:11.240][INFO ] [Command        :353] - start[1790973731240] time[0] tag[Q_DEC]
[2026-10-03 04:42:11.241][INFO ] [Command        :536] - > LINE => 0, CMD => Q_LET_DEPLOY, CONTENT => $__not_finish_tenant_cnt__
[2026-10-03 04:42:11.241][INFO ] [Deploy         :287] - execute db_p.select select count(*) as cnt from oceanbase.DBA_OB_MAJOR_COMPACTION where frozen_scn != last_scn, cnt, 1
[2026-10-03 04:42:11.241][INFO ] [SQLProcessor   :2086] - execute sql => select count(*) as cnt from oceanbase.DBA_OB_MAJOR_COMPACTION where frozen_scn != last_scn
[2026-10-03 04:42:11.247][INFO ] [Deploy         :294] - execute db_p.select select count(*) as cnt from oceanbase.DBA_OB_MAJOR_COMPACTION where frozen_scn != last_scn, cnt, 1 result => 1
[2026-10-03 04:42:11.247][INFO ] [Command        :353] - start[1790973731241] time[6] tag[Q_LET_DEPLOY]
[2026-10-03 04:42:11.247][INFO ] [Command        :536] - > LINE => 0, CMD => Q_IF, CONTENT => $__not_finish_tenant_cnt__ == 0
[2026-10-03 04:42:11.252][INFO ] [Command        :353] - start[1790973731247] time[4] tag[Q_IF]
[2026-10-03 04:42:11.256][INFO ] [Command        :536] - > LINE => 0, CMD => Q_SLEEP, CONTENT => 1
[2026-10-03 04:42:12.256][INFO ] [Command        :353] - start[1790973731256] time[1000] tag[Q_SLEEP]
[2026-10-03 04:42:12.257][INFO ] [Command        :536] - > LINE => 0, CMD => Q_DEC, CONTENT => $__i__
[2026-10-03 04:42:12.257][INFO ] [Command        :353] - start[1790973732257] time[0] tag[Q_DEC]
[2026-10-03 04:42:12.257][INFO ] [Command        :536] - > LINE => 0, CMD => Q_LET_DEPLOY, CONTENT => $__not_finish_tenant_cnt__
[2026-10-03 04:42:12.257][INFO ] [Deploy         :287] - execute db_p.select select count(*) as cnt from oceanbase.DBA_OB_MAJOR_COMPACTION where frozen_scn != last_scn, cnt, 1
[2026-10-03 04:42:12.258][INFO ] [SQLProcessor   :2086] - execute sql => select count(*) as cnt from oceanbase.DBA_OB_MAJOR_COMPACTION where frozen_scn != last_scn
[2026-10-03 04:42:12.264][INFO ] [Deploy         :294] - execute db_p.select select count(*) as cnt from oceanbase.DBA_OB_MAJOR_COMPACTION where frozen_scn != last_scn, cnt, 1 result => 1
[2026-10-03 04:42:12.265][INFO ] [Command        :353] - start[1790973732257] time[7] tag[Q_LET_DEPLOY]
[2026-10-03 04:42:12.265][INFO ] [Command        :536] - > LINE => 0, CMD => Q_IF, CONTENT => $__not_finish_tenant_cnt__ == 0
[2026-10-03 04:42:12.273][INFO ] [Command        :353] - start[1790973732265] time[7] tag[Q_IF]
[2026-10-03 04:42:12.279][INFO ] [Command        :536] - > LINE => 0, CMD => Q_SLEEP, CONTENT => 1
[2026-10-03 04:42:13.279][INFO ] [Command        :353] - start[1790973732279] time[1000] tag[Q_SLEEP]
[2026-10-03 04:42:13.280][INFO ] [Command        :536] - > LINE => 0, CMD => Q_DEC, CONTENT => $__i__
[2026-10-03 04:42:13.280][INFO ] [Command        :353] - start[1790973733280] time[0] tag[Q_DEC]
[2026-10-03 04:42:13.280][INFO ] [Command        :536] - > LINE => 0, CMD => Q_LET_DEPLOY, CONTENT => $__not_finish_tenant_cnt__
[2026-10-03 04:42:13.280][INFO ] [Deploy         :287] - execute db_p.select select count(*) as cnt from oceanbase.DBA_OB_MAJOR_COMPACTION where frozen_scn != last_scn, cnt, 1
[2026-10-03 04:42:13.281][INFO ] [SQLProcessor   :2086] - execute sql => select count(*) as cnt from oceanbase.DBA_OB_MAJOR_COMPACTION where frozen_scn != last_scn
[2026-10-03 04:42:13.288][INFO ] [Deploy         :294] - execute db_p.select select count(*) as cnt from oceanbase.DBA_OB_MAJOR_COMPACTION where frozen_scn != last_scn, cnt, 1 result => 1
[2026-10-03 04:42:13.288][INFO ] [Command        :353] - start[1790973733280] time[7] tag[Q_LET_DEPLOY]
[2026-10-03 04:42:13.288][INFO ] [Command        :536] - > LINE => 0, CMD => Q_IF, CONTENT => $__not_finish_tenant_cnt__ == 0
[2026-10-03 04:42:13.292][INFO ] [Command        :353] - start[1790973733288] time[3] tag[Q_IF]
[2026-10-03 04:42:13.294][INFO ] [Command        :536] - > LINE => 0, CMD => Q_SLEEP, CONTENT => 1
[2026-10-03 04:42:14.294][INFO ] [Command        :353] - start[1790973733294] time[1000] tag[Q_SLEEP]
[2026-10-03 04:42:14.295][INFO ] [Command        :536] - > LINE => 0, CMD => Q_DEC, CONTENT => $__i__
[2026-10-03 04:42:14.295][INFO ] [Command        :353] - start[1790973734295] time[0] tag[Q_DEC]
[2026-10-03 04:42:14.295][INFO ] [Command        :536] - > LINE => 0, CMD => Q_LET_DEPLOY, CONTENT => $__not_finish_tenant_cnt__
[2026-10-03 04:42:14.295][INFO ] [Deploy         :287] - execute db_p.select select count(*) as cnt from oceanbase.DBA_OB_MAJOR_COMPACTION where frozen_scn != last_scn, cnt, 1
[2026-10-03 04:42:14.295][INFO ] [SQLProcessor   :2086] - execute sql => select count(*) as cnt from oceanbase.DBA_OB_MAJOR_COMPACTION where frozen_scn != last_scn
[2026-10-03 04:42:14.301][INFO ] [Deploy         :294] - execute db_p.select select count(*) as cnt from oceanbase.DBA_OB_MAJOR_COMPACTION where frozen_scn != last_scn, cnt, 1 result => 1
[2026-10-03 04:42:14.302][INFO ] [Command        :353] - start[1790973734295] time[6] tag[Q_LET_DEPLOY]
[2026-10-03 04:42:14.302][INFO ] [Command        :536] - > LINE => 0, CMD => Q_IF, CONTENT => $__not_finish_tenant_cnt__ == 0
[2026-10-03 04:42:14.307][INFO ] [Command        :353] - start[1790973734302] time[4] tag[Q_IF]
[2026-10-03 04:42:14.310][INFO ] [Command        :536] - > LINE => 0, CMD => Q_SLEEP, CONTENT => 1
[2026-10-03 04:42:15.311][INFO ] [Command        :353] - start[1790973734311] time[1000] tag[Q_SLEEP]
[2026-10-03 04:42:15.311][INFO ] [Command        :536] - > LINE => 0, CMD => Q_DEC, CONTENT => $__i__
[2026-10-03 04:42:15.311][INFO ] [Command        :353] - start[1790973735311] time[0] tag[Q_DEC]
[2026-10-03 04:42:15.312][INFO ] [Command        :536] - > LINE => 0, CMD => Q_LET_DEPLOY, CONTENT => $__not_finish_tenant_cnt__
[2026-10-03 04:42:15.312][INFO ] [Deploy         :287] - execute db_p.select select count(*) as cnt from oceanbase.DBA_OB_MAJOR_COMPACTION where frozen_scn != last_scn, cnt, 1
[2026-10-03 04:42:15.312][INFO ] [SQLProcessor   :2086] - execute sql => select count(*) as cnt from oceanbase.DBA_OB_MAJOR_COMPACTION where frozen_scn != last_scn
[2026-10-03 04:42:15.320][INFO ] [Deploy         :294] - execute db_p.select select count(*) as cnt from oceanbase.DBA_OB_MAJOR_COMPACTION where frozen_scn != last_scn, cnt, 1 result => 1
[2026-10-03 04:42:15.320][INFO ] [Command        :353] - start[1790973735312] time[8] tag[Q_LET_DEPLOY]
[2026-10-03 04:42:15.321][INFO ] [Command        :536] - > LINE => 0, CMD => Q_IF, CONTENT => $__not_finish_tenant_cnt__ == 0
[2026-10-03 04:42:15.325][INFO ] [Command        :353] - start[1790973735321] time[4] tag[Q_IF]
[2026-10-03 04:42:15.328][INFO ] [Command        :536] - > LINE => 0, CMD => Q_SLEEP, CONTENT => 1
[2026-10-03 04:42:16.328][INFO ] [Command        :353] - start[1790973735328] time[1000] tag[Q_SLEEP]
[2026-10-03 04:42:16.328][INFO ] [Command        :536] - > LINE => 0, CMD => Q_DEC, CONTENT => $__i__
[2026-10-03 04:42:16.329][INFO ] [Command        :353] - start[1790973736329] time[0] tag[Q_DEC]
[2026-10-03 04:42:16.329][INFO ] [Command        :536] - > LINE => 0, CMD => Q_LET_DEPLOY, CONTENT => $__not_finish_tenant_cnt__
[2026-10-03 04:42:16.329][INFO ] [Deploy         :287] - execute db_p.select select count(*) as cnt from oceanbase.DBA_OB_MAJOR_COMPACTION where frozen_scn != last_scn, cnt, 1
[2026-10-03 04:42:16.330][INFO ] [SQLProcessor   :2086] - execute sql => select count(*) as cnt from oceanbase.DBA_OB_MAJOR_COMPACTION where frozen_scn != last_scn
[2026-10-03 04:42:16.336][INFO ] [Deploy         :294] - execute db_p.select select count(*) as cnt from oceanbase.DBA_OB_MAJOR_COMPACTION where frozen_scn != last_scn, cnt, 1 result => 1
[2026-10-03 04:42:16.337][INFO ] [Command        :353] - start[1790973736329] time[7] tag[Q_LET_DEPLOY]
[2026-10-03 04:42:16.337][INFO ] [Command        :536] - > LINE => 0, CMD => Q_IF, CONTENT => $__not_finish_tenant_cnt__ == 0
[2026-10-03 04:42:16.341][INFO ] [Command        :353] - start[1790973736337] time[4] tag[Q_IF]
[2026-10-03 04:42:16.345][INFO ] [Command        :536] - > LINE => 0, CMD => Q_SLEEP, CONTENT => 1
[2026-10-03 04:42:17.346][INFO ] [Command        :353] - start[1790973736345] time[1000] tag[Q_SLEEP]
[2026-10-03 04:42:17.346][INFO ] [Command        :536] - > LINE => 0, CMD => Q_DEC, CONTENT => $__i__
[2026-10-03 04:42:17.346][INFO ] [Command        :353] - start[1790973737346] time[0] tag[Q_DEC]
[2026-10-03 04:42:17.346][INFO ] [Command        :536] - > LINE => 0, CMD => Q_LET_DEPLOY, CONTENT => $__not_finish_tenant_cnt__
[2026-10-03 04:42:17.346][INFO ] [Deploy         :287] - execute db_p.select select count(*) as cnt from oceanbase.DBA_OB_MAJOR_COMPACTION where frozen_scn != last_scn, cnt, 1
[2026-10-03 04:42:17.347][INFO ] [SQLProcessor   :2086] - execute sql => select count(*) as cnt from oceanbase.DBA_OB_MAJOR_COMPACTION where frozen_scn != last_scn
[2026-10-03 04:42:17.354][INFO ] [Deploy         :294] - execute db_p.select select count(*) as cnt from oceanbase.DBA_OB_MAJOR_COMPACTION where frozen_scn != last_scn, cnt, 1 result => 1
[2026-10-03 04:42:17.354][INFO ] [Command        :353] - start[1790973737346] time[7] tag[Q_LET_DEPLOY]
[2026-10-03 04:42:17.354][INFO ] [Command        :536] - > LINE => 0, CMD => Q_IF, CONTENT => $__not_finish_tenant_cnt__ == 0
[2026-10-03 04:42:17.358][INFO ] [Command        :353] - start[1790973737354] time[3] tag[Q_IF]
[2026-10-03 04:42:17.362][INFO ] [Command        :536] - > LINE => 0, CMD => Q_SLEEP, CONTENT => 1
[2026-10-03 04:42:18.362][INFO ] [Command        :353] - start[1790973737362] time[1000] tag[Q_SLEEP]
[2026-10-03 04:42:18.362][INFO ] [Command        :536] - > LINE => 0, CMD => Q_DEC, CONTENT => $__i__
[2026-10-03 04:42:18.363][INFO ] [Command        :353] - start[1790973738363] time[0] tag[Q_DEC]
[2026-10-03 04:42:18.363][INFO ] [Command        :536] - > LINE => 0, CMD => Q_LET_DEPLOY, CONTENT => $__not_finish_tenant_cnt__
[2026-10-03 04:42:18.364][INFO ] [Deploy         :287] - execute db_p.select select count(*) as cnt from oceanbase.DBA_OB_MAJOR_COMPACTION where frozen_scn != last_scn, cnt, 1
[2026-10-03 04:42:18.364][INFO ] [SQLProcessor   :2086] - execute sql => select count(*) as cnt from oceanbase.DBA_OB_MAJOR_COMPACTION where frozen_scn != last_scn
[2026-10-03 04:42:18.370][INFO ] [Deploy         :294] - execute db_p.select select count(*) as cnt from oceanbase.DBA_OB_MAJOR_COMPACTION where frozen_scn != last_scn, cnt, 1 result => 1
[2026-10-03 04:42:18.370][INFO ] [Command        :353] - start[1790973738363] time[6] tag[Q_LET_DEPLOY]
[2026-10-03 04:42:18.370][INFO ] [Command        :536] - > LINE => 0, CMD => Q_IF, CONTENT => $__not_finish_tenant_cnt__ == 0
[2026-10-03 04:42:18.374][INFO ] [Command        :353] - start[1790973738370] time[3] tag[Q_IF]
[2026-10-03 04:42:18.377][INFO ] [Command        :536] - > LINE => 0, CMD => Q_SLEEP, CONTENT => 1
[2026-10-03 04:42:19.377][INFO ] [Command        :353] - start[1790973738377] time[1000] tag[Q_SLEEP]
[2026-10-03 04:42:19.378][INFO ] [Command        :536] - > LINE => 0, CMD => Q_DEC, CONTENT => $__i__
[2026-10-03 04:42:19.378][INFO ] [Command        :353] - start[1790973739378] time[0] tag[Q_DEC]
[2026-10-03 04:42:19.378][INFO ] [Command        :536] - > LINE => 0, CMD => Q_LET_DEPLOY, CONTENT => $__not_finish_tenant_cnt__
[2026-10-03 04:42:19.379][INFO ] [Deploy         :287] - execute db_p.select select count(*) as cnt from oceanbase.DBA_OB_MAJOR_COMPACTION where frozen_scn != last_scn, cnt, 1
[2026-10-03 04:42:19.379][INFO ] [SQLProcessor   :2086] - execute sql => select count(*) as cnt from oceanbase.DBA_OB_MAJOR_COMPACTION where frozen_scn != last_scn
[2026-10-03 04:42:19.386][INFO ] [Deploy         :294] - execute db_p.select select count(*) as cnt from oceanbase.DBA_OB_MAJOR_COMPACTION where frozen_scn != last_scn, cnt, 1 result => 1
[2026-10-03 04:42:19.386][INFO ] [Command        :353] - start[1790973739378] time[7] tag[Q_LET_DEPLOY]
[2026-10-03 04:42:19.387][INFO ] [Command        :536] - > LINE => 0, CMD => Q_IF, CONTENT => $__not_finish_tenant_cnt__ == 0
[2026-10-03 04:42:19.390][INFO ] [Command        :353] - start[1790973739387] time[3] tag[Q_IF]
[2026-10-03 04:42:19.393][INFO ] [Command        :536] - > LINE => 0, CMD => Q_SLEEP, CONTENT => 1
[2026-10-03 04:42:20.393][INFO ] [Command        :353] - start[1790973739393] time[1000] tag[Q_SLEEP]
[2026-10-03 04:42:20.393][INFO ] [Command        :536] - > LINE => 0, CMD => Q_DEC, CONTENT => $__i__
[2026-10-03 04:42:20.394][INFO ] [Command        :353] - start[1790973740394] time[0] tag[Q_DEC]
[2026-10-03 04:42:20.394][INFO ] [Command        :536] - > LINE => 0, CMD => Q_LET_DEPLOY, CONTENT => $__not_finish_tenant_cnt__
[2026-10-03 04:42:20.394][INFO ] [Deploy         :287] - execute db_p.select select count(*) as cnt from oceanbase.DBA_OB_MAJOR_COMPACTION where frozen_scn != last_scn, cnt, 1
[2026-10-03 04:42:20.394][INFO ] [SQLProcessor   :2086] - execute sql => select count(*) as cnt from oceanbase.DBA_OB_MAJOR_COMPACTION where frozen_scn != last_scn
[2026-10-03 04:42:20.401][INFO ] [Deploy         :294] - execute db_p.select select count(*) as cnt from oceanbase.DBA_OB_MAJOR_COMPACTION where frozen_scn != last_scn, cnt, 1 result => 1
[2026-10-03 04:42:20.401][INFO ] [Command        :353] - start[1790973740394] time[6] tag[Q_LET_DEPLOY]
[2026-10-03 04:42:20.401][INFO ] [Command        :536] - > LINE => 0, CMD => Q_IF, CONTENT => $__not_finish_tenant_cnt__ == 0
[2026-10-03 04:42:20.405][INFO ] [Command        :353] - start[1790973740401] time[4] tag[Q_IF]
[2026-10-03 04:42:20.408][INFO ] [Command        :536] - > LINE => 0, CMD => Q_SLEEP, CONTENT => 1
[2026-10-03 04:42:21.408][INFO ] [Command        :353] - start[1790973740408] time[1000] tag[Q_SLEEP]
[2026-10-03 04:42:21.408][INFO ] [Command        :536] - > LINE => 0, CMD => Q_DEC, CONTENT => $__i__
[2026-10-03 04:42:21.409][INFO ] [Command        :353] - start[1790973741409] time[0] tag[Q_DEC]
[2026-10-03 04:42:21.409][INFO ] [Command        :536] - > LINE => 0, CMD => Q_LET_DEPLOY, CONTENT => $__not_finish_tenant_cnt__
[2026-10-03 04:42:21.409][INFO ] [Deploy         :287] - execute db_p.select select count(*) as cnt from oceanbase.DBA_OB_MAJOR_COMPACTION where frozen_scn != last_scn, cnt, 1
[2026-10-03 04:42:21.409][INFO ] [SQLProcessor   :2086] - execute sql => select count(*) as cnt from oceanbase.DBA_OB_MAJOR_COMPACTION where frozen_scn != last_scn
[2026-10-03 04:42:21.415][INFO ] [Deploy         :294] - execute db_p.select select count(*) as cnt from oceanbase.DBA_OB_MAJOR_COMPACTION where frozen_scn != last_scn, cnt, 1 result => 1
[2026-10-03 04:42:21.415][INFO ] [Command        :353] - start[1790973741409] time[6] tag[Q_LET_DEPLOY]
[2026-10-03 04:42:21.416][INFO ] [Command        :536] - > LINE => 0, CMD => Q_IF, CONTENT => $__not_finish_tenant_cnt__ == 0
[2026-10-03 04:42:21.420][INFO ] [Command        :353] - start[1790973741416] time[3] tag[Q_IF]
[2026-10-03 04:42:21.422][INFO ] [Command        :536] - > LINE => 0, CMD => Q_SLEEP, CONTENT => 1
[2026-10-03 04:42:22.427][INFO ] [Command        :353] - start[1790973741422] time[1004] tag[Q_SLEEP]
[2026-10-03 04:42:22.428][INFO ] [Command        :536] - > LINE => 0, CMD => Q_DEC, CONTENT => $__i__
[2026-10-03 04:42:22.428][INFO ] [Command        :353] - start[1790973742428] time[0] tag[Q_DEC]
[2026-10-03 04:42:22.428][INFO ] [Command        :536] - > LINE => 0, CMD => Q_LET_DEPLOY, CONTENT => $__not_finish_tenant_cnt__
[2026-10-03 04:42:22.429][INFO ] [Deploy         :287] - execute db_p.select select count(*) as cnt from oceanbase.DBA_OB_MAJOR_COMPACTION where frozen_scn != last_scn, cnt, 1
[2026-10-03 04:42:22.429][INFO ] [SQLProcessor   :2086] - execute sql => select count(*) as cnt from oceanbase.DBA_OB_MAJOR_COMPACTION where frozen_scn != last_scn
[2026-10-03 04:42:22.442][INFO ] [Deploy         :294] - execute db_p.select select count(*) as cnt from oceanbase.DBA_OB_MAJOR_COMPACTION where frozen_scn != last_scn, cnt, 1 result => 1
[2026-10-03 04:42:22.442][INFO ] [Command        :353] - start[1790973742428] time[13] tag[Q_LET_DEPLOY]
[2026-10-03 04:42:22.442][INFO ] [Command        :536] - > LINE => 0, CMD => Q_IF, CONTENT => $__not_finish_tenant_cnt__ == 0
[2026-10-03 04:42:22.447][INFO ] [Command        :353] - start[1790973742443] time[4] tag[Q_IF]
[2026-10-03 04:42:22.450][INFO ] [Command        :536] - > LINE => 0, CMD => Q_SLEEP, CONTENT => 1
[2026-10-03 04:42:23.451][INFO ] [Command        :353] - start[1790973742451] time[1000] tag[Q_SLEEP]
[2026-10-03 04:42:23.451][INFO ] [Command        :536] - > LINE => 0, CMD => Q_DEC, CONTENT => $__i__
[2026-10-03 04:42:23.451][INFO ] [Command        :353] - start[1790973743451] time[0] tag[Q_DEC]
[2026-10-03 04:42:23.451][INFO ] [Command        :536] - > LINE => 0, CMD => Q_LET_DEPLOY, CONTENT => $__not_finish_tenant_cnt__
[2026-10-03 04:42:23.452][INFO ] [Deploy         :287] - execute db_p.select select count(*) as cnt from oceanbase.DBA_OB_MAJOR_COMPACTION where frozen_scn != last_scn, cnt, 1
[2026-10-03 04:42:23.452][INFO ] [SQLProcessor   :2086] - execute sql => select count(*) as cnt from oceanbase.DBA_OB_MAJOR_COMPACTION where frozen_scn != last_scn
[2026-10-03 04:42:23.458][INFO ] [Deploy         :294] - execute db_p.select select count(*) as cnt from oceanbase.DBA_OB_MAJOR_COMPACTION where frozen_scn != last_scn, cnt, 1 result => 1
[2026-10-03 04:42:23.458][INFO ] [Command        :353] - start[1790973743452] time[6] tag[Q_LET_DEPLOY]
[2026-10-03 04:42:23.459][INFO ] [Command        :536] - > LINE => 0, CMD => Q_IF, CONTENT => $__not_finish_tenant_cnt__ == 0
[2026-10-03 04:42:23.462][INFO ] [Command        :353] - start[1790973743459] time[3] tag[Q_IF]
[2026-10-03 04:42:23.465][INFO ] [Command        :536] - > LINE => 0, CMD => Q_SLEEP, CONTENT => 1
[2026-10-03 04:42:24.465][INFO ] [Command        :353] - start[1790973743465] time[1000] tag[Q_SLEEP]
[2026-10-03 04:42:24.466][INFO ] [Command        :536] - > LINE => 0, CMD => Q_DEC, CONTENT => $__i__
[2026-10-03 04:42:24.466][INFO ] [Command        :353] - start[1790973744466] time[0] tag[Q_DEC]
[2026-10-03 04:42:24.466][INFO ] [Command        :536] - > LINE => 0, CMD => Q_LET_DEPLOY, CONTENT => $__not_finish_tenant_cnt__
[2026-10-03 04:42:24.466][INFO ] [Deploy         :287] - execute db_p.select select count(*) as cnt from oceanbase.DBA_OB_MAJOR_COMPACTION where frozen_scn != last_scn, cnt, 1
[2026-10-03 04:42:24.466][INFO ] [SQLProcessor   :2086] - execute sql => select count(*) as cnt from oceanbase.DBA_OB_MAJOR_COMPACTION where frozen_scn != last_scn
[2026-10-03 04:42:24.473][INFO ] [Deploy         :294] - execute db_p.select select count(*) as cnt from oceanbase.DBA_OB_MAJOR_COMPACTION where frozen_scn != last_scn, cnt, 1 result => 1
[2026-10-03 04:42:24.473][INFO ] [Command        :353] - start[1790973744466] time[6] tag[Q_LET_DEPLOY]
[2026-10-03 04:42:24.473][INFO ] [Command        :536] - > LINE => 0, CMD => Q_IF, CONTENT => $__not_finish_tenant_cnt__ == 0
[2026-10-03 04:42:24.476][INFO ] [Command        :353] - start[1790973744473] time[3] tag[Q_IF]
[2026-10-03 04:42:24.479][INFO ] [Command        :536] - > LINE => 0, CMD => Q_SLEEP, CONTENT => 1
Shutdown hook ran!
