Run case stanby/basic
[2026-10-04 02:33:26.422][INFO ] [MyTest         :78] - print args => [-use_ob_connector, true, -result_file, r/stanby/basic.result, -test_file, t/stanby/basic.test]
[-use_ob_connector, true, -result_file, r/stanby/basic.result, -test_file, t/stanby/basic.test]
[2026-10-04 02:33:26.425][INFO ] [MyTest         :81] - start case => t/stanby/basic.test
[2026-10-04 02:33:26.432][INFO ] [MyTest         :84] - use data id => obtest_nijia.nj_6.12.232.130
[2026-10-04 02:33:26.515][INFO ] [TestCase       :107] - initilize deploy processor
[2026-10-04 02:33:26.527][INFO ] [DeployConfig   :590] - config port and dataid. port_base=>1124, obs_port=>1124, mysql_port=>1159, data_id=>obtest_nijia.nj_6.12.232.130_0, port_offset=>0
[2026-10-04 02:33:26.584][INFO ] [DeployConfig   :577] - config port and dataid. port_base=>42000, obs_port=>42000, mysql_port=>42035, data_id=>obtest_nijia.nj_6.12.232.130_042000
[2026-10-04 02:33:26.589][INFO ] [OfsProcessor   :53] - ofs_deployer: null/hap.py
[2026-10-04 02:33:26.590][INFO ] [OfsCreateTenantProcessor:32] - ofsshell: null/../../bin/ofsshell
[2026-10-04 02:33:26.591][INFO ] [TestCase       :761] - Read file => t/stanby/basic.test
[2026-10-04 02:33:26.592][INFO ] [TestCase       :721] - Finish read case: file_lines => 176, lineNo => 79
[2026-10-04 02:33:26.602][INFO ] [Command        :536] - > LINE => 13, CMD => Q_DISABLE_ALL_RESULT_LOG, CONTENT => --disable_all_result_log
[2026-10-04 02:33:26.604][INFO ] [Command        :353] - start[1791052406603] time[1] tag[Q_DISABLE_ALL_RESULT_LOG]
[2026-10-04 02:33:26.609][INFO ] [Command        :536] - > LINE => 14, CMD => Q_DEPLOY, CONTENT => db_p=OBI(cluster=1,proxy_num=0,role=primary);
[2026-10-04 02:33:26.612][INFO ] [DeployProcessor:78] - OBI define => db_p=OBI(cluster=1,proxy_num=0,role=primary)
[2026-10-04 02:33:26.628][INFO ] [Deploy         :381] - execute db_p.z_num result => 1 result type => java.lang.Integer
[2026-10-04 02:33:26.694][INFO ] [Deploy         :464] - assign rpc port. observer=>db_p.z1.obs0, rpc_port=>42000
[2026-10-04 02:33:26.694][INFO ] [Deploy         :471] - assign mysql port. observer=>db_p.z1.obs0, mysql_port=>42035
[2026-10-04 02:33:26.694][INFO ] [Deploy         :478] - assign backup io rpc port. observer=>db_p.z1.obs0, obesi_port=>42070
[2026-10-04 02:33:26.700][INFO ] [OBLog          :99] - config.ob_version='.'
[2026-10-04 02:33:26.701][INFO ] [OBLog          :100] - config.oblog_version='default'
[2026-10-04 02:33:26.701][INFO ] [OBLog          :117] - set oblog version='.'
[2026-10-04 02:33:26.703][INFO ] [OBLog          :126] - set oblog work_dir=''
[2026-10-04 02:33:26.704][INFO ] [OBLog          :148] - oblog.is_obcdc_exist: false
[2026-10-04 02:33:26.704][INFO ] [OBLog          :149] - oblog.exec: oblog/oblog_tailf
[2026-10-04 02:33:26.704][INFO ] [OBLog          :150] - oblog.configFile: oblog/liboblog.conf
[2026-10-04 02:33:26.704][INFO ] [OBLog          :151] - oblog.dataFile: oblog/data.log
[2026-10-04 02:33:26.705][INFO ] [OBLog          :152] - oblog.envCon: LD_LIBRARY_PATH=oblog:$LD_LIBRARY_PATH
[2026-10-04 02:33:26.705][INFO ] [OBLog          :153] - oblog.startCmdHead: ulimit -c unlimited; LD_LIBRARY_PATH=oblog:$LD_LIBRARY_PATH oblog/oblog_tailf
[2026-10-04 02:33:26.705][INFO ] [OBLog          :154] - oblog.defaultStartCmd: ulimit -c unlimited; LD_LIBRARY_PATH=oblog:$LD_LIBRARY_PATH oblog/oblog_tailf  -f oblog/liboblog.conf -D oblog/data.log -H oblog/heartbeat.log -d
[2026-10-04 02:33:27.48][INFO ] [Deploy         :1128] - start observer version is lite mode: true
[2026-10-04 02:33:27.48][INFO ] [Command        :353] - start[1791052406609] time[439] tag[Q_DEPLOY]
[2026-10-04 02:33:27.51][INFO ] [Command        :536] - > LINE => 15, CMD => Q_DEPLOY, CONTENT => db_p.reboot;
[2026-10-04 02:33:27.52][INFO ] [DeployProcessor:93] - deploy => db_p.reboot
[2026-10-04 02:33:27.52][INFO ] [Deploy         :287] - execute db_p.reset
[2026-10-04 02:33:27.53][INFO ] [Deploy         :381] - execute db_p.lite_mode result => true result type => java.lang.Boolean
[2026-10-04 02:33:27.53][INFO ] [Deploy         :294] - execute db_p.reset result => true
[2026-10-04 02:33:27.53][INFO ] [Deploy         :287] - execute db_p.clean_asvr
[2026-10-04 02:33:27.54][INFO ] [Deploy         :294] - execute db_p.clean_asvr result => true
[2026-10-04 02:33:27.58][INFO ] [Deploy         :287] - execute db_p.z1.obs0.force_stop_asvr
[2026-10-04 02:33:27.60][INFO ] [Role           :1228] - pkill -9 -u nijia.nj -f '^/data/1/nijia.nj/test/namespace_standby_20261003_v1/work/db_p.asvr0/bin/observer' on 6.12.232.130
[2026-10-04 02:33:27.83][INFO ] [Role           :1230] - pkill asvr result is => 1
[2026-10-04 02:33:27.84][INFO ] [Deploy         :294] - execute db_p.z1.obs0.force_stop_asvr result => true
[2026-10-04 02:33:27.84][INFO ] [Deploy         :287] - execute db_p.z1.obs0.rmdir_asvr
[2026-10-04 02:33:27.84][INFO ] [Role           :1237] - try to remove asvr dir server  => db_p.z1.obs0
[2026-10-04 02:33:27.112][INFO ] [Role           :1264] - rm -fr /data/1/nijia.nj/test/namespace_standby_20261003_v1/work/db_p.asvr0 , on => 6.12.232.130 rc => 0 stdout => null
[2026-10-04 02:33:27.112][INFO ] [Deploy         :294] - execute db_p.z1.obs0.rmdir_asvr result => true
[2026-10-04 02:33:27.112][INFO ] [Deploy         :331] - execute db_p.z1.obs0.clean_asvr  result => true
[2026-10-04 02:33:27.113][INFO ] [Deploy         :362] - execute db_p.z1.clean_asvr  result => true [true]
[2026-10-04 02:33:27.113][INFO ] [Deploy         :362] - execute db_p.clean_asvr_everywhere result => true [true]
[2026-10-04 02:33:27.114][INFO ] [Deploy         :331] - execute db_p.clean_all_asvr result => true
[2026-10-04 02:33:27.114][INFO ] [Deploy         :287] - execute db_p.deploy_logservice
[2026-10-04 02:33:27.114][INFO ] [Deploy         :294] - execute db_p.deploy_logservice result => true
[2026-10-04 02:33:27.115][INFO ] [Deploy         :287] - execute db_p.bootstrap_logservice
[2026-10-04 02:33:27.120][INFO ] [Deploy         :294] - execute db_p.bootstrap_logservice result => true
[2026-10-04 02:33:27.121][INFO ] [Deploy         :331] - execute db_p.reboot_logservice result => true
[2026-10-04 02:33:27.129][INFO ] [Deploy         :287] - execute db_p.z1.check_local_bin
[2026-10-04 02:33:27.135][INFO ] [Deploy         :294] - execute db_p.z1.check_local_bin result => true
[2026-10-04 02:33:27.135][INFO ] [Deploy         :287] - execute db_p.z1.check_ssh
[2026-10-04 02:33:27.135][INFO ] [Deploy         :294] - execute db_p.z1.check_ssh result => true
[2026-10-04 02:33:27.136][INFO ] [Deploy         :287] - execute db_p.z1.obs0.check_dir 
[2026-10-04 02:33:27.144][INFO ] [Deploy         :294] - execute db_p.z1.obs0.check_dir  result => true
[2026-10-04 02:33:27.158][INFO ] [Deploy         :362] - execute db_p.z1.check_dir result => true [true]
[2026-10-04 02:33:27.159][INFO ] [Deploy         :287] - execute db_p.z1.obs0.force_stop 
[2026-10-04 02:33:27.160][INFO ] [Role           :1307] - pkill -9 -u nijia.nj -f '^/data/1/nijia.nj/test/namespace_standby_20261003_v1/work/db_p.z1.obs0/bin/observer|^/data/1/nijia.nj/test/namespace_standby_20261003_v1/work/db_p.z1.obs0/bin/obesi' on 6.12.232.130
[2026-10-04 02:33:27.177][INFO ] [Role           :1309] - pkill result is => 1
[2026-10-04 02:33:27.178][INFO ] [Role           :1142] - wait stop /data/1/nijia.nj/test/namespace_standby_20261003_v1/work/db_p.z1.obs0/bin/observer on 6.12.232.130
[2026-10-04 02:33:27.178][INFO ] [Role           :1190] - ps uxf | grep "/data/1/nijia.nj/test/namespace_standby_20261003_v1/work/db_p.z1.obs0/bin/observer" | grep -v grep
[2026-10-04 02:33:27.215][INFO ] [Role           :1154] - check port on 6.12.232.130
[2026-10-04 02:33:27.216][INFO ] [RemoteShell    :143] - netstat -lpnt 2>/dev/null | grep '0.0.0.0:42000 ' | awk -F ' ' '{print $7}'
[2026-10-04 02:33:27.245][INFO ] [RemoteShell    :143] - netstat -lpnt 2>/dev/null | grep '0.0.0.0:42035 ' | awk -F ' ' '{print $7}'
[2026-10-04 02:33:27.274][INFO ] [Role           :1164] - stop obs0 took 2 s
[2026-10-04 02:33:27.274][INFO ] [Deploy         :294] - execute db_p.z1.obs0.force_stop  result => true
[2026-10-04 02:33:27.275][INFO ] [Deploy         :362] - execute db_p.z1.force_stop result => true [true]
[2026-10-04 02:33:27.276][INFO ] [Deploy         :362] - execute db_p.z1.force_stop_logstore result => true []
[2026-10-04 02:33:27.276][INFO ] [Deploy         :331] - execute db_p.z1.force_stop_all result => true
[2026-10-04 02:33:27.277][INFO ] [Deploy         :287] - execute db_p.z1.obs0.rmdir 
[2026-10-04 02:33:27.277][INFO ] [Deploy         :381] - execute db_p.lite_mode result => true result type => java.lang.Boolean
[2026-10-04 02:33:27.278][INFO ] [Role           :1395] - rm -fr /data/1/nijia.nj/test/namespace_standby_20261003_v1/data/db_p.z1.obs0.nijia.nj/sstable /data/1/nijia.nj/test/namespace_standby_20261003_v1/clog/db_p.z1.obs0.nijia.nj/store /data/1/nijia.nj/test/namespace_standby_20261003_v1/clog/db_p.z1.obs0.nijia.nj/store/slog /data/1/nijia.nj/test/namespace_standby_20261003_v1/data/db_p.z1.obs0.nijia.nj/sort_dir , on => 6.12.232.130
[2026-10-04 02:33:27.283][INFO ] [Role           :1397] - rm -fr /data/1/nijia.nj/test/namespace_standby_20261003_v1/data/db_p.z1.obs0.nijia.nj/sstable /data/1/nijia.nj/test/namespace_standby_20261003_v1/clog/db_p.z1.obs0.nijia.nj/store /data/1/nijia.nj/test/namespace_standby_20261003_v1/clog/db_p.z1.obs0.nijia.nj/store/slog /data/1/nijia.nj/test/namespace_standby_20261003_v1/data/db_p.z1.obs0.nijia.nj/sort_dir , on => 6.12.232.130 rc => 0 stdout => null
[2026-10-04 02:33:27.298][INFO ] [Role           :1402] - rm -fr /data/1/nijia.nj/test/namespace_standby_20261003_v1/work/db_p.z1.obs0/log , on => 6.12.232.130 rc => 0 stdout => null
[2026-10-04 02:33:27.304][INFO ] [Role           :1407] - rm -fr /data/1/nijia.nj/test/namespace_standby_20261003_v1/work/db_p.z1.obs0/admin , on => 6.12.232.130 rc => 0 stdout => null
[2026-10-04 02:33:27.308][INFO ] [Role           :1412] - rm -fr /data/1/nijia.nj/test/namespace_standby_20261003_v1/work/db_p.z1.obs0/wallet , on => 6.12.232.130 rc => 0 stdout => null
[2026-10-04 02:33:27.312][INFO ] [Role           :1417] - rm -fr /data/1/nijia.nj/test/namespace_standby_20261003_v1/work/db_p.z1.obs0/etc/observer.c*nf*.bin* /data/1/nijia.nj/test/namespace_standby_20261003_v1/work/db_p.z1.obs0/etc/seekdb.c*nf*.bin* , on => 6.12.232.130 rc => 0 stdout => null
[2026-10-04 02:33:27.316][INFO ] [Role           :1423] - rm -fr /data/1/nijia.nj/test/namespace_standby_20261003_v1/work/db_p.z1.obs0/etc/observer.data_version.bin* /data/1/nijia.nj/test/namespace_standby_20261003_v1/work/db_p.z1.obs0/etc/seekdb.data_version.bin* , on => 6.12.232.130 rc => 0 stdout => null
[2026-10-04 02:33:27.321][INFO ] [Role           :1429] - rm -fr /data/1/nijia.nj/test/namespace_standby_20261003_v1/work/db_p.z1.obs0/etc2/observer.c*nf*.bin* , on => 6.12.232.130 rc => 0 stdout => null
[2026-10-04 02:33:27.326][INFO ] [Role           :1434] - rm -fr /data/1/nijia.nj/test/namespace_standby_20261003_v1/work/db_p.z1.obs0/etc3/observer.c*nf*.bin* , on => 6.12.232.130 rc => 0 stdout => null
[2026-10-04 02:33:27.330][INFO ] [Role           :1439] - rm -fr /data/1/nijia.nj/test/namespace_standby_20261003_v1/work/db_p.z1.obs0/run/observer.pid /data/1/nijia.nj/test/namespace_standby_20261003_v1/work/db_p.z1.obs0/run/seekdb.pid , on => 6.12.232.130 rc => 0 stdout => null
[2026-10-04 02:33:27.334][INFO ] [Role           :1444] - rm -fr /data/1/nijia.nj/test/namespace_standby_20261003_v1/work/db_p.z1.obs0/store/clog_shm , on => 6.12.232.130 rc => 0 stdout => null
[2026-10-04 02:33:27.338][INFO ] [Role           :1449] - rm -fr /data/1/nijia.nj/test/namespace_standby_20261003_v1/work/db_p.z1.obs0/store/ilog_shm , on => 6.12.232.130 rc => 0 stdout => null
[2026-10-04 02:33:27.357][INFO ] [Role           :1454] - rm -fr /data/1/nijia.nj/test/namespace_standby_20261003_v1/work/db_p.z1.obs0/store/manifest* , on => 6.12.232.130 rc => 0 stdout => null
[2026-10-04 02:33:27.368][INFO ] [Role           :1467] - rm -fr /data/1/nijia.nj/test/namespace_standby_20261003_v1/work/db_p.z1.obs0/core* , on => 6.12.232.130 rc => 0 stdout => null
[2026-10-04 02:33:27.374][INFO ] [Role           :1504] - rm -fr /data/1/nijia.nj/test/namespace_standby_20261003_v1/clog/db_p.z1.obs0.nijia.nj/ /data/1/nijia.nj/test/namespace_standby_20261003_v1/data/db_p.z1.obs0.nijia.nj/ , on => 6.12.232.130 rc => 0 stdout => null
[2026-10-04 02:33:27.605][INFO ] [Role           :1510] - rm -fr /data/1/nijia.nj/test/namespace_standby_20261003_v1/work/db_p.z1.obs0 , on => 6.12.232.130 rc => 0 stdout => null
[2026-10-04 02:33:27.610][INFO ] [Deploy         :294] - execute db_p.z1.obs0.rmdir  result => true
[2026-10-04 02:33:27.611][INFO ] [Deploy         :362] - execute db_p.z1.rmdir result => true [true]
[2026-10-04 02:33:27.611][INFO ] [Deploy         :331] - execute db_p.z1.cleanup result => true
[2026-10-04 02:33:27.612][INFO ] [Deploy         :362] - execute db_p.z1.cleanup_logstore result => true []
[2026-10-04 02:33:27.612][INFO ] [Deploy         :331] - execute db_p.z1.cleanup_all result => true
[2026-10-04 02:33:27.612][INFO ] [Deploy         :287] - execute db_p.z1.genconf
[2026-10-04 02:33:27.612][INFO ] [Deploy         :294] - execute db_p.z1.genconf result => true
[2026-10-04 02:33:27.613][INFO ] [Deploy         :287] - execute db_p.z1.obs0.mkdir 
[2026-10-04 02:33:27.614][INFO ] [Role           :1768] - mkdir -p /data/1/nijia.nj/test/namespace_standby_20261003_v1/work/db_p.z1.obs0/store/;mkdir -p /data/1/nijia.nj/test/namespace_standby_20261003_v1/clog/db_p.z1.obs0.nijia.nj/store/clog /data/1/nijia.nj/test/namespace_standby_20261003_v1/clog/db_p.z1.obs0.nijia.nj/store/ilog /data/1/nijia.nj/test/namespace_standby_20261003_v1/clog/db_p.z1.obs0.nijia.nj/store/slog /data/1/nijia.nj/test/namespace_standby_20261003_v1/data/db_p.z1.obs0.nijia.nj/sort_dir /data/1/nijia.nj/test/namespace_standby_20261003_v1/data/db_p.z1.obs0.nijia.nj/sstable;ln -sf /data/1/nijia.nj/test/namespace_standby_20261003_v1/data/db_p.z1.obs0.nijia.nj/sstable /data/1/nijia.nj/test/namespace_standby_20261003_v1/work/db_p.z1.obs0/store/;ln -sf /data/1/nijia.nj/test/namespace_standby_20261003_v1/clog/db_p.z1.obs0.nijia.nj/store/clog /data/1/nijia.nj/test/namespace_standby_20261003_v1/work/db_p.z1.obs0/store/;ln -sf /data/1/nijia.nj/test/namespace_standby_20261003_v1/clog/db_p.z1.obs0.nijia.nj/store/ilog /data/1/nijia.nj/test/namespace_standby_20261003_v1/work/db_p.z1.obs0/store/;ln -sf /data/1/nijia.nj/test/namespace_standby_20261003_v1/clog/db_p.z1.obs0.nijia.nj/store/slog /data/1/nijia.nj/test/namespace_standby_20261003_v1/work/db_p.z1.obs0/store/;ln -sf /data/1/nijia.nj/test/namespace_standby_20261003_v1/data/db_p.z1.obs0.nijia.nj/sort_dir /data/1/nijia.nj/test/namespace_standby_20261003_v1/work/db_p.z1.obs0/store/ on 6.12.232.130
[2026-10-04 02:33:27.631][INFO ] [Deploy         :294] - execute db_p.z1.obs0.mkdir  result => true
[2026-10-04 02:33:27.631][INFO ] [Deploy         :362] - execute db_p.z1.mkdir_obs result => true [true]
[2026-10-04 02:33:27.632][INFO ] [Deploy         :362] - execute db_p.z1.mkdir_logstore result => true []
[2026-10-04 02:33:27.632][INFO ] [Deploy         :331] - execute db_p.z1.mkdir result => true
[2026-10-04 02:33:27.633][INFO ] [Deploy         :287] - execute db_p.z1.obs0.rsync 
[2026-10-04 02:33:27.634][INFO ] [Role           :1648] - sync server finish, time = 1
[2026-10-04 02:33:27.634][INFO ] [Role           :1563] - rsync server => db_p.z1.obs0 version if specified => .
[2026-10-04 02:33:27.639][INFO ] [Role           :1635] - check disk dir ==> './admin' exist
[2026-10-04 02:33:27.644][WARN ] [Role           :1638] - check disk dir ==> './plugin_dir' not exist
[2026-10-04 02:33:27.663][INFO ] [Role           :1635] - check disk dir ==> './wallet' exist
[2026-10-04 02:33:27.663][INFO ] [Role           :1590] - transfer cmd to =>  rsync -WrptgoDRLv --timeout=600 bin etc lib  admin  wallet /data/1/nijia.nj/test/namespace_standby_20261003_v1/work/db_p.z1.obs0
[2026-10-04 02:33:34.940][INFO ] [Role           :1604] - rsync cmd =>  rsync -WrptgoDRLv --timeout=600 bin etc lib  admin  wallet /data/1/nijia.nj/test/namespace_standby_20261003_v1/work/db_p.z1.obs0
[2026-10-04 02:33:34.940][INFO ] [Deploy         :294] - execute db_p.z1.obs0.rsync  result => true
[2026-10-04 02:33:34.941][INFO ] [Deploy         :362] - execute db_p.z1.rsync_obs result => true [true]
[2026-10-04 02:33:34.942][INFO ] [Deploy         :362] - execute db_p.z1.rsync_logstore result => true []
[2026-10-04 02:33:34.942][INFO ] [Deploy         :331] - execute db_p.z1.rsync result => true
[2026-10-04 02:33:34.943][INFO ] [Deploy         :362] - execute db_p.z1.start_logstore result => true []
[2026-10-04 02:33:34.943][INFO ] [Deploy         :287] - execute db_p.z1.sleep 5
[2026-10-04 02:33:39.944][INFO ] [Deploy         :294] - execute db_p.z1.sleep 5 result => true
[2026-10-04 02:33:39.945][INFO ] [Deploy         :287] - execute db_p.z1.obs0.start 
[2026-10-04 02:33:39.946][INFO ] [Deploy         :381] - execute db_p.lite_mode result => true result type => java.lang.Boolean
[2026-10-04 02:33:39.947][INFO ] [Deploy         :381] - execute db_p.lite_mode result => true result type => java.lang.Boolean
6.12.232.130 is not a valid IPv6 address.
[2026-10-04 02:33:39.949][INFO ] [Role           :539] - cluster_id1
[2026-10-04 02:33:39.950][INFO ] [Deploy         :381] - execute db_p.z_num result => 1 result type => java.lang.Integer
[2026-10-04 02:33:39.950][INFO ] [Role           :552] - db_p have 1 ZONE
[2026-10-04 02:33:39.950][INFO ] [Role           :584] - ofs_list ofs_list='z1@' has_ofs_zone false
[2026-10-04 02:33:39.951][INFO ] [Role           :637] - ulimit -c unlimited -s 4096;cd /data/1/nijia.nj/test/namespace_standby_20261003_v1/work/db_p.z1.obs0;LD_LIBRARY_PATH=./lib:/usr/local/lib:/usr/lib:/usr/lib64:/usr/local/lib64:$LD_LIBRARY_PATH /data/1/nijia.nj/test/namespace_standby_20261003_v1/work/db_p.z1.obs0/bin/observer --port 42035 --data-dir /data/1/nijia.nj/test/namespace_standby_20261003_v1/work/db_p.z1.obs0/store --redo-dir /data/1/nijia.nj/test/namespace_standby_20261003_v1/work/db_p.z1.obs0/store/clog  --role=PRIMARY --parameter enable_rpc_service=true --parameter rpc_port=42000 --parameter datafile_size='2G' --parameter log_disk_size='2G' --parameter cpu_count=4 --parameter memory_limit='8G' on 6.12.232.130
[2026-10-04 02:33:40.26][INFO ] [Deploy         :294] - execute db_p.z1.obs0.start  result => true
[2026-10-04 02:33:40.27][INFO ] [Deploy         :362] - execute db_p.z1.start_obs result => true [true]
[2026-10-04 02:33:40.27][INFO ] [Deploy         :331] - execute db_p.z1.start result => true
[2026-10-04 02:33:40.28][INFO ] [Deploy         :287] - execute db_p.z1.sleep 8
[2026-10-04 02:33:48.28][INFO ] [Deploy         :294] - execute db_p.z1.sleep 8 result => true
[2026-10-04 02:33:48.29][INFO ] [Deploy         :331] - execute db_p.z1.reboot  result => true
[2026-10-04 02:33:48.29][INFO ] [Deploy         :362] - execute db_p.deploy result => true [true]
[2026-10-04 02:33:48.29][INFO ] [Deploy         :287] - execute db_p.sleep 5
[2026-10-04 02:33:53.30][INFO ] [Deploy         :294] - execute db_p.sleep 5 result => true
[2026-10-04 02:33:53.30][INFO ] [Deploy         :287] - execute db_p.bootstrap
[2026-10-04 02:33:53.30][INFO ] [Deploy         :381] - execute db_p.z_num result => 1 result type => java.lang.Integer
[2026-10-04 02:33:53.31][INFO ] [Deploy         :381] - execute db_p.zone_names result => [Ljava.lang.String;@23ceabc1 result type => [Ljava.lang.String;
[2026-10-04 02:33:53.31][INFO ] [Deploy         :381] - execute db_p.z1.obs_num result => 1 result type => java.lang.Integer
[2026-10-04 02:33:53.31][INFO ] [Deploy         :287] - execute db_p.z1.obs0.get status
[2026-10-04 02:33:53.31][WARN ] [Deploy         :298] - execute db_p.z1.obs0.get status result => null
[2026-10-04 02:33:53.32][INFO ] [Deploy         :381] - execute db_p.lite_mode result => true result type => java.lang.Boolean
[2026-10-04 02:33:53.32][INFO ] [Deploy         :294] - execute db_p.bootstrap result => true
[2026-10-04 02:33:53.32][INFO ] [Deploy         :287] - execute db_p.addserver
[2026-10-04 02:33:53.32][INFO ] [Deploy         :381] - execute db_p.z_num result => 1 result type => java.lang.Integer
[2026-10-04 02:33:53.32][INFO ] [Deploy         :381] - execute db_p.zone_names result => [Ljava.lang.String;@23ceabc1 result type => [Ljava.lang.String;
[2026-10-04 02:33:53.33][INFO ] [Deploy         :381] - execute db_p.z1.obs_num result => 1 result type => java.lang.Integer
[2026-10-04 02:33:53.33][INFO ] [Deploy         :294] - execute db_p.addserver result => true
[2026-10-04 02:33:53.33][INFO ] [Deploy         :287] - execute db_p.exec_init_sql
[2026-10-04 02:33:53.33][INFO ] [Deploy         :381] - execute db_p.lite_mode result => true result type => java.lang.Boolean
[2026-10-04 02:33:53.35][INFO ] [Deploy         :287] - execute db_p.z1.obs0.mysql_tenant_root create user 'admin' IDENTIFIED BY 'admin';use oceanbase;grant all on *.* to 'admin' WITH GRANT OPTION;create database if not exists test;
[2026-10-04 02:33:53.35][INFO ] [Role           :3182] - sql =>create user 'admin' IDENTIFIED BY 'admin';use oceanbase;grant all on *.* to 'admin' WITH GRANT OPTION;create database if not exists test;
 will be executed with connection[z1.obs0]root@sys:@6.12.232.130:42035
[2026-10-04 02:33:53.125][INFO ] [Deploy         :294] - execute db_p.z1.obs0.mysql_tenant_root create user 'admin' IDENTIFIED BY 'admin';use oceanbase;grant all on *.* to 'admin' WITH GRANT OPTION;create database if not exists test; result => true
[2026-10-04 02:33:53.126][INFO ] [Deploy         :381] - execute db_p.lite_mode result => true result type => java.lang.Boolean
[2026-10-04 02:33:53.126][INFO ] [Deploy         :381] - execute db_p.lite_mode result => true result type => java.lang.Boolean
[2026-10-04 02:33:53.126][INFO ] [Deploy         :287] - execute db_p.z1.obs0.mysql_tenant_root create user 'proxyro' IDENTIFIED BY '3u^0kCdpE';grant select on oceanbase.* to 'proxyro' WITH GRANT OPTION;
[2026-10-04 02:33:53.127][INFO ] [Role           :3182] - sql =>create user 'proxyro' IDENTIFIED BY '3u^0kCdpE';grant select on oceanbase.* to 'proxyro' WITH GRANT OPTION;
 will be executed with connection[z1.obs0]root@sys:@6.12.232.130:42035
[2026-10-04 02:33:53.178][INFO ] [Deploy         :294] - execute db_p.z1.obs0.mysql_tenant_root create user 'proxyro' IDENTIFIED BY '3u^0kCdpE';grant select on oceanbase.* to 'proxyro' WITH GRANT OPTION; result => true
[2026-10-04 02:33:53.179][INFO ] [Deploy         :287] - execute db_p.z1.obs0.mysql_tenant_root create user 'sysslaveuser' IDENTIFIED BY 'sysslaveuser';grant select on *.* to 'sysslaveuser' WITH GRANT OPTION;
[2026-10-04 02:33:53.179][INFO ] [Role           :3182] - sql =>create user 'sysslaveuser' IDENTIFIED BY 'sysslaveuser';grant select on *.* to 'sysslaveuser' WITH GRANT OPTION;
 will be executed with connection[z1.obs0]root@sys:@6.12.232.130:42035
[2026-10-04 02:33:53.237][INFO ] [Deploy         :294] - execute db_p.z1.obs0.mysql_tenant_root create user 'sysslaveuser' IDENTIFIED BY 'sysslaveuser';grant select on *.* to 'sysslaveuser' WITH GRANT OPTION; result => true
[2026-10-04 02:33:53.238][INFO ] [Deploy         :294] - execute db_p.exec_init_sql result => true
[2026-10-04 02:33:53.238][INFO ] [Deploy         :287] - execute db_p.register_proxy
[2026-10-04 02:33:53.238][INFO ] [Deploy         :294] - execute db_p.register_proxy result => true
[2026-10-04 02:33:53.239][INFO ] [Deploy         :287] - execute db_p.deploy_proxy
[2026-10-04 02:33:53.239][INFO ] [Deploy         :294] - execute db_p.deploy_proxy result => true
[2026-10-04 02:33:53.239][INFO ] [Deploy         :287] - execute db_p.sleep 5
[2026-10-04 02:33:58.239][INFO ] [Deploy         :294] - execute db_p.sleep 5 result => true
[2026-10-04 02:33:58.240][INFO ] [Deploy         :331] - execute db_p.reboot_proxy result => true
[2026-10-04 02:33:58.240][INFO ] [Deploy         :287] - execute db_p.deploy_asvr
[2026-10-04 02:33:58.241][INFO ] [Deploy         :294] - execute db_p.deploy_asvr result => true
[2026-10-04 02:33:58.241][INFO ] [Deploy         :287] - execute db_p.sleep 5
[2026-10-04 02:34:03.242][INFO ] [Deploy         :294] - execute db_p.sleep 5 result => true
[2026-10-04 02:34:03.242][INFO ] [Deploy         :331] - execute db_p.reboot_asvr result => true
[2026-10-04 02:34:03.243][INFO ] [Deploy         :287] - execute db_p.add_asvr
[2026-10-04 02:34:03.247][INFO ] [OBI            :1509] - There is no need to add asvr.
[2026-10-04 02:34:03.247][INFO ] [Deploy         :294] - execute db_p.add_asvr result => true
[2026-10-04 02:34:03.247][INFO ] [Deploy         :287] - execute db_p.prepare_agent
[2026-10-04 02:34:03.248][INFO ] [Deploy         :294] - execute db_p.prepare_agent result => true
[2026-10-04 02:34:03.248][INFO ] [Deploy         :331] - execute db_p.reboot result => true
[2026-10-04 02:34:03.251][INFO ] [Command        :353] - start[1791052407051] time[36196] tag[Q_DEPLOY]
[2026-10-04 02:34:03.252][INFO ] [Command        :536] - > LINE => 17, CMD => Q_DEPLOY, CONTENT => db_s=OBI(cluster=1,proxy_num=0,primary=db_p);
[2026-10-04 02:34:03.253][INFO ] [DeployProcessor:78] - OBI define => db_s=OBI(cluster=1,proxy_num=0,primary=db_p)
[2026-10-04 02:34:03.254][INFO ] [Deploy         :381] - execute db_s.z_num result => 1 result type => java.lang.Integer
[2026-10-04 02:34:03.254][INFO ] [Deploy         :464] - assign rpc port. observer=>db_s.z1.obs0, rpc_port=>42001
[2026-10-04 02:34:03.255][INFO ] [Deploy         :471] - assign mysql port. observer=>db_s.z1.obs0, mysql_port=>42036
[2026-10-04 02:34:03.255][INFO ] [Deploy         :478] - assign backup io rpc port. observer=>db_s.z1.obs0, obesi_port=>42071
[2026-10-04 02:34:03.256][INFO ] [OBLog          :99] - config.ob_version='.'
[2026-10-04 02:34:03.256][INFO ] [OBLog          :100] - config.oblog_version='default'
[2026-10-04 02:34:03.257][INFO ] [OBLog          :117] - set oblog version='.'
[2026-10-04 02:34:03.257][INFO ] [OBLog          :126] - set oblog work_dir=''
[2026-10-04 02:34:03.257][INFO ] [OBLog          :148] - oblog.is_obcdc_exist: false
[2026-10-04 02:34:03.257][INFO ] [OBLog          :149] - oblog.exec: oblog/oblog_tailf
[2026-10-04 02:34:03.257][INFO ] [OBLog          :150] - oblog.configFile: oblog/liboblog.conf
[2026-10-04 02:34:03.257][INFO ] [OBLog          :151] - oblog.dataFile: oblog/data.log
[2026-10-04 02:34:03.257][INFO ] [OBLog          :152] - oblog.envCon: LD_LIBRARY_PATH=oblog:$LD_LIBRARY_PATH
[2026-10-04 02:34:03.259][INFO ] [OBLog          :153] - oblog.startCmdHead: ulimit -c unlimited; LD_LIBRARY_PATH=oblog:$LD_LIBRARY_PATH oblog/oblog_tailf
[2026-10-04 02:34:03.260][INFO ] [OBLog          :154] - oblog.defaultStartCmd: ulimit -c unlimited; LD_LIBRARY_PATH=oblog:$LD_LIBRARY_PATH oblog/oblog_tailf  -f oblog/liboblog.conf -D oblog/data.log -H oblog/heartbeat.log -d
[2026-10-04 02:34:03.562][INFO ] [Deploy         :1128] - start observer version is lite mode: true
[2026-10-04 02:34:03.562][INFO ] [Command        :353] - start[1791052443252] time[309] tag[Q_DEPLOY]
[2026-10-04 02:34:03.563][INFO ] [Command        :536] - > LINE => 18, CMD => Q_DEPLOY, CONTENT => db_s.reboot;
[2026-10-04 02:34:03.563][INFO ] [DeployProcessor:93] - deploy => db_s.reboot
[2026-10-04 02:34:03.563][INFO ] [Deploy         :287] - execute db_s.reset
[2026-10-04 02:34:03.563][INFO ] [Deploy         :381] - execute db_s.lite_mode result => true result type => java.lang.Boolean
[2026-10-04 02:34:03.564][INFO ] [Deploy         :294] - execute db_s.reset result => true
[2026-10-04 02:34:03.564][INFO ] [Deploy         :287] - execute db_s.clean_asvr
[2026-10-04 02:34:03.564][INFO ] [Deploy         :294] - execute db_s.clean_asvr result => true
[2026-10-04 02:34:03.568][INFO ] [Deploy         :287] - execute db_s.z1.obs0.force_stop_asvr
[2026-10-04 02:34:03.568][INFO ] [Role           :1228] - pkill -9 -u nijia.nj -f '^/data/1/nijia.nj/test/namespace_standby_20261003_v1/work/db_s.asvr0/bin/observer' on 6.12.232.130
[2026-10-04 02:34:03.603][INFO ] [Role           :1230] - pkill asvr result is => 1
[2026-10-04 02:34:03.604][INFO ] [Deploy         :294] - execute db_s.z1.obs0.force_stop_asvr result => true
[2026-10-04 02:34:03.605][INFO ] [Deploy         :287] - execute db_s.z1.obs0.rmdir_asvr
[2026-10-04 02:34:03.605][INFO ] [Role           :1237] - try to remove asvr dir server  => db_s.z1.obs0
[2026-10-04 02:34:03.613][INFO ] [Role           :1264] - rm -fr /data/1/nijia.nj/test/namespace_standby_20261003_v1/work/db_s.asvr0 , on => 6.12.232.130 rc => 0 stdout => null
[2026-10-04 02:34:03.613][INFO ] [Deploy         :294] - execute db_s.z1.obs0.rmdir_asvr result => true
[2026-10-04 02:34:03.613][INFO ] [Deploy         :331] - execute db_s.z1.obs0.clean_asvr  result => true
[2026-10-04 02:34:03.614][INFO ] [Deploy         :362] - execute db_s.z1.clean_asvr  result => true [true]
[2026-10-04 02:34:03.618][INFO ] [Deploy         :362] - execute db_s.clean_asvr_everywhere result => true [true]
[2026-10-04 02:34:03.618][INFO ] [Deploy         :331] - execute db_s.clean_all_asvr result => true
[2026-10-04 02:34:03.618][INFO ] [Deploy         :287] - execute db_s.deploy_logservice
[2026-10-04 02:34:03.618][INFO ] [Deploy         :294] - execute db_s.deploy_logservice result => true
[2026-10-04 02:34:03.618][INFO ] [Deploy         :287] - execute db_s.bootstrap_logservice
[2026-10-04 02:34:03.618][INFO ] [Deploy         :294] - execute db_s.bootstrap_logservice result => true
[2026-10-04 02:34:03.618][INFO ] [Deploy         :331] - execute db_s.reboot_logservice result => true
[2026-10-04 02:34:03.619][INFO ] [Deploy         :287] - execute db_s.z1.check_local_bin
[2026-10-04 02:34:03.625][INFO ] [Deploy         :294] - execute db_s.z1.check_local_bin result => true
[2026-10-04 02:34:03.626][INFO ] [Deploy         :287] - execute db_s.z1.check_ssh
[2026-10-04 02:34:03.626][INFO ] [Deploy         :294] - execute db_s.z1.check_ssh result => true
[2026-10-04 02:34:03.626][INFO ] [Deploy         :287] - execute db_s.z1.obs0.check_dir 
[2026-10-04 02:34:03.634][INFO ] [Deploy         :294] - execute db_s.z1.obs0.check_dir  result => true
[2026-10-04 02:34:03.635][INFO ] [Deploy         :362] - execute db_s.z1.check_dir result => true [true]
[2026-10-04 02:34:03.636][INFO ] [Deploy         :287] - execute db_s.z1.obs0.force_stop 
[2026-10-04 02:34:03.636][INFO ] [Role           :1307] - pkill -9 -u nijia.nj -f '^/data/1/nijia.nj/test/namespace_standby_20261003_v1/work/db_s.z1.obs0/bin/observer|^/data/1/nijia.nj/test/namespace_standby_20261003_v1/work/db_s.z1.obs0/bin/obesi' on 6.12.232.130
[2026-10-04 02:34:03.652][INFO ] [Role           :1309] - pkill result is => 1
[2026-10-04 02:34:03.653][INFO ] [Role           :1142] - wait stop /data/1/nijia.nj/test/namespace_standby_20261003_v1/work/db_s.z1.obs0/bin/observer on 6.12.232.130
[2026-10-04 02:34:03.653][INFO ] [Role           :1190] - ps uxf | grep "/data/1/nijia.nj/test/namespace_standby_20261003_v1/work/db_s.z1.obs0/bin/observer" | grep -v grep
[2026-10-04 02:34:03.690][INFO ] [Role           :1154] - check port on 6.12.232.130
[2026-10-04 02:34:03.691][INFO ] [RemoteShell    :143] - netstat -lpnt 2>/dev/null | grep '0.0.0.0:42001 ' | awk -F ' ' '{print $7}'
[2026-10-04 02:34:03.718][INFO ] [RemoteShell    :143] - netstat -lpnt 2>/dev/null | grep '0.0.0.0:42036 ' | awk -F ' ' '{print $7}'
[2026-10-04 02:34:03.747][INFO ] [Role           :1164] - stop obs0 took 2 s
[2026-10-04 02:34:03.747][INFO ] [Deploy         :294] - execute db_s.z1.obs0.force_stop  result => true
[2026-10-04 02:34:03.747][INFO ] [Deploy         :362] - execute db_s.z1.force_stop result => true [true]
[2026-10-04 02:34:03.748][INFO ] [Deploy         :362] - execute db_s.z1.force_stop_logstore result => true []
[2026-10-04 02:34:03.748][INFO ] [Deploy         :331] - execute db_s.z1.force_stop_all result => true
[2026-10-04 02:34:03.749][INFO ] [Deploy         :287] - execute db_s.z1.obs0.rmdir 
[2026-10-04 02:34:03.749][INFO ] [Deploy         :381] - execute db_s.lite_mode result => true result type => java.lang.Boolean
[2026-10-04 02:34:03.749][INFO ] [Role           :1395] - rm -fr /data/1/nijia.nj/test/namespace_standby_20261003_v1/data/db_s.z1.obs0.nijia.nj/sstable /data/1/nijia.nj/test/namespace_standby_20261003_v1/clog/db_s.z1.obs0.nijia.nj/store /data/1/nijia.nj/test/namespace_standby_20261003_v1/clog/db_s.z1.obs0.nijia.nj/store/slog /data/1/nijia.nj/test/namespace_standby_20261003_v1/data/db_s.z1.obs0.nijia.nj/sort_dir , on => 6.12.232.130
[2026-10-04 02:34:03.756][INFO ] [Role           :1397] - rm -fr /data/1/nijia.nj/test/namespace_standby_20261003_v1/data/db_s.z1.obs0.nijia.nj/sstable /data/1/nijia.nj/test/namespace_standby_20261003_v1/clog/db_s.z1.obs0.nijia.nj/store /data/1/nijia.nj/test/namespace_standby_20261003_v1/clog/db_s.z1.obs0.nijia.nj/store/slog /data/1/nijia.nj/test/namespace_standby_20261003_v1/data/db_s.z1.obs0.nijia.nj/sort_dir , on => 6.12.232.130 rc => 0 stdout => null
[2026-10-04 02:34:03.816][INFO ] [Role           :1402] - rm -fr /data/1/nijia.nj/test/namespace_standby_20261003_v1/work/db_s.z1.obs0/log , on => 6.12.232.130 rc => 0 stdout => null
[2026-10-04 02:34:03.821][INFO ] [Role           :1407] - rm -fr /data/1/nijia.nj/test/namespace_standby_20261003_v1/work/db_s.z1.obs0/admin , on => 6.12.232.130 rc => 0 stdout => null
[2026-10-04 02:34:03.826][INFO ] [Role           :1412] - rm -fr /data/1/nijia.nj/test/namespace_standby_20261003_v1/work/db_s.z1.obs0/wallet , on => 6.12.232.130 rc => 0 stdout => null
[2026-10-04 02:34:03.835][INFO ] [Role           :1417] - rm -fr /data/1/nijia.nj/test/namespace_standby_20261003_v1/work/db_s.z1.obs0/etc/observer.c*nf*.bin* /data/1/nijia.nj/test/namespace_standby_20261003_v1/work/db_s.z1.obs0/etc/seekdb.c*nf*.bin* , on => 6.12.232.130 rc => 0 stdout => null
[2026-10-04 02:34:03.840][INFO ] [Role           :1423] - rm -fr /data/1/nijia.nj/test/namespace_standby_20261003_v1/work/db_s.z1.obs0/etc/observer.data_version.bin* /data/1/nijia.nj/test/namespace_standby_20261003_v1/work/db_s.z1.obs0/etc/seekdb.data_version.bin* , on => 6.12.232.130 rc => 0 stdout => null
[2026-10-04 02:34:03.853][INFO ] [Role           :1429] - rm -fr /data/1/nijia.nj/test/namespace_standby_20261003_v1/work/db_s.z1.obs0/etc2/observer.c*nf*.bin* , on => 6.12.232.130 rc => 0 stdout => null
[2026-10-04 02:34:03.867][INFO ] [Role           :1434] - rm -fr /data/1/nijia.nj/test/namespace_standby_20261003_v1/work/db_s.z1.obs0/etc3/observer.c*nf*.bin* , on => 6.12.232.130 rc => 0 stdout => null
[2026-10-04 02:34:03.872][INFO ] [Role           :1439] - rm -fr /data/1/nijia.nj/test/namespace_standby_20261003_v1/work/db_s.z1.obs0/run/observer.pid /data/1/nijia.nj/test/namespace_standby_20261003_v1/work/db_s.z1.obs0/run/seekdb.pid , on => 6.12.232.130 rc => 0 stdout => null
[2026-10-04 02:34:03.876][INFO ] [Role           :1444] - rm -fr /data/1/nijia.nj/test/namespace_standby_20261003_v1/work/db_s.z1.obs0/store/clog_shm , on => 6.12.232.130 rc => 0 stdout => null
[2026-10-04 02:34:03.880][INFO ] [Role           :1449] - rm -fr /data/1/nijia.nj/test/namespace_standby_20261003_v1/work/db_s.z1.obs0/store/ilog_shm , on => 6.12.232.130 rc => 0 stdout => null
[2026-10-04 02:34:03.886][INFO ] [Role           :1454] - rm -fr /data/1/nijia.nj/test/namespace_standby_20261003_v1/work/db_s.z1.obs0/store/manifest* , on => 6.12.232.130 rc => 0 stdout => null
[2026-10-04 02:34:03.895][INFO ] [Role           :1467] - rm -fr /data/1/nijia.nj/test/namespace_standby_20261003_v1/work/db_s.z1.obs0/core* , on => 6.12.232.130 rc => 0 stdout => null
[2026-10-04 02:34:03.900][INFO ] [Role           :1504] - rm -fr /data/1/nijia.nj/test/namespace_standby_20261003_v1/clog/db_s.z1.obs0.nijia.nj/ /data/1/nijia.nj/test/namespace_standby_20261003_v1/data/db_s.z1.obs0.nijia.nj/ , on => 6.12.232.130 rc => 0 stdout => null
[2026-10-04 02:34:04.110][INFO ] [Role           :1510] - rm -fr /data/1/nijia.nj/test/namespace_standby_20261003_v1/work/db_s.z1.obs0 , on => 6.12.232.130 rc => 0 stdout => null
[2026-10-04 02:34:04.115][INFO ] [Deploy         :294] - execute db_s.z1.obs0.rmdir  result => true
[2026-10-04 02:34:04.115][INFO ] [Deploy         :362] - execute db_s.z1.rmdir result => true [true]
[2026-10-04 02:34:04.116][INFO ] [Deploy         :331] - execute db_s.z1.cleanup result => true
[2026-10-04 02:34:04.116][INFO ] [Deploy         :362] - execute db_s.z1.cleanup_logstore result => true []
[2026-10-04 02:34:04.116][INFO ] [Deploy         :331] - execute db_s.z1.cleanup_all result => true
[2026-10-04 02:34:04.117][INFO ] [Deploy         :287] - execute db_s.z1.genconf
[2026-10-04 02:34:04.117][INFO ] [Deploy         :294] - execute db_s.z1.genconf result => true
[2026-10-04 02:34:04.117][INFO ] [Deploy         :287] - execute db_s.z1.obs0.mkdir 
[2026-10-04 02:34:04.118][INFO ] [Role           :1768] - mkdir -p /data/1/nijia.nj/test/namespace_standby_20261003_v1/work/db_s.z1.obs0/store/;mkdir -p /data/1/nijia.nj/test/namespace_standby_20261003_v1/clog/db_s.z1.obs0.nijia.nj/store/clog /data/1/nijia.nj/test/namespace_standby_20261003_v1/clog/db_s.z1.obs0.nijia.nj/store/ilog /data/1/nijia.nj/test/namespace_standby_20261003_v1/clog/db_s.z1.obs0.nijia.nj/store/slog /data/1/nijia.nj/test/namespace_standby_20261003_v1/data/db_s.z1.obs0.nijia.nj/sort_dir /data/1/nijia.nj/test/namespace_standby_20261003_v1/data/db_s.z1.obs0.nijia.nj/sstable;ln -sf /data/1/nijia.nj/test/namespace_standby_20261003_v1/data/db_s.z1.obs0.nijia.nj/sstable /data/1/nijia.nj/test/namespace_standby_20261003_v1/work/db_s.z1.obs0/store/;ln -sf /data/1/nijia.nj/test/namespace_standby_20261003_v1/clog/db_s.z1.obs0.nijia.nj/store/clog /data/1/nijia.nj/test/namespace_standby_20261003_v1/work/db_s.z1.obs0/store/;ln -sf /data/1/nijia.nj/test/namespace_standby_20261003_v1/clog/db_s.z1.obs0.nijia.nj/store/ilog /data/1/nijia.nj/test/namespace_standby_20261003_v1/work/db_s.z1.obs0/store/;ln -sf /data/1/nijia.nj/test/namespace_standby_20261003_v1/clog/db_s.z1.obs0.nijia.nj/store/slog /data/1/nijia.nj/test/namespace_standby_20261003_v1/work/db_s.z1.obs0/store/;ln -sf /data/1/nijia.nj/test/namespace_standby_20261003_v1/data/db_s.z1.obs0.nijia.nj/sort_dir /data/1/nijia.nj/test/namespace_standby_20261003_v1/work/db_s.z1.obs0/store/ on 6.12.232.130
[2026-10-04 02:34:04.133][INFO ] [Deploy         :294] - execute db_s.z1.obs0.mkdir  result => true
[2026-10-04 02:34:04.133][INFO ] [Deploy         :362] - execute db_s.z1.mkdir_obs result => true [true]
[2026-10-04 02:34:04.134][INFO ] [Deploy         :362] - execute db_s.z1.mkdir_logstore result => true []
[2026-10-04 02:34:04.134][INFO ] [Deploy         :331] - execute db_s.z1.mkdir result => true
[2026-10-04 02:34:04.134][INFO ] [Deploy         :287] - execute db_s.z1.obs0.rsync 
[2026-10-04 02:34:04.135][INFO ] [Role           :1648] - sync server finish, time = 0
[2026-10-04 02:34:04.135][INFO ] [Role           :1563] - rsync server => db_s.z1.obs0 version if specified => .
[2026-10-04 02:34:04.141][INFO ] [Role           :1635] - check disk dir ==> './admin' exist
[2026-10-04 02:34:04.146][WARN ] [Role           :1638] - check disk dir ==> './plugin_dir' not exist
[2026-10-04 02:34:04.152][INFO ] [Role           :1635] - check disk dir ==> './wallet' exist
[2026-10-04 02:34:04.152][INFO ] [Role           :1590] - transfer cmd to =>  rsync -WrptgoDRLv --timeout=600 bin etc lib  admin  wallet /data/1/nijia.nj/test/namespace_standby_20261003_v1/work/db_s.z1.obs0
[2026-10-04 02:34:09.288][INFO ] [Role           :1604] - rsync cmd =>  rsync -WrptgoDRLv --timeout=600 bin etc lib  admin  wallet /data/1/nijia.nj/test/namespace_standby_20261003_v1/work/db_s.z1.obs0
[2026-10-04 02:34:09.288][INFO ] [Deploy         :294] - execute db_s.z1.obs0.rsync  result => true
[2026-10-04 02:34:09.289][INFO ] [Deploy         :362] - execute db_s.z1.rsync_obs result => true [true]
[2026-10-04 02:34:09.289][INFO ] [Deploy         :362] - execute db_s.z1.rsync_logstore result => true []
[2026-10-04 02:34:09.289][INFO ] [Deploy         :331] - execute db_s.z1.rsync result => true
[2026-10-04 02:34:09.290][INFO ] [Deploy         :362] - execute db_s.z1.start_logstore result => true []
[2026-10-04 02:34:09.290][INFO ] [Deploy         :287] - execute db_s.z1.sleep 5
[2026-10-04 02:34:14.293][INFO ] [Deploy         :294] - execute db_s.z1.sleep 5 result => true
[2026-10-04 02:34:14.294][INFO ] [Deploy         :287] - execute db_s.z1.obs0.start 
[2026-10-04 02:34:14.294][INFO ] [Deploy         :381] - execute db_s.lite_mode result => true result type => java.lang.Boolean
[2026-10-04 02:34:14.294][INFO ] [Deploy         :381] - execute db_s.lite_mode result => true result type => java.lang.Boolean
6.12.232.130 is not a valid IPv6 address.
[2026-10-04 02:34:14.296][INFO ] [Role           :539] - cluster_id1
[2026-10-04 02:34:14.296][INFO ] [Deploy         :381] - execute db_s.z_num result => 1 result type => java.lang.Integer
[2026-10-04 02:34:14.296][INFO ] [Role           :552] - db_s have 1 ZONE
[2026-10-04 02:34:14.296][INFO ] [Role           :584] - ofs_list ofs_list='z1@' has_ofs_zone false
[2026-10-04 02:34:14.297][INFO ] [Role           :637] - ulimit -c unlimited -s 4096;cd /data/1/nijia.nj/test/namespace_standby_20261003_v1/work/db_s.z1.obs0;LD_LIBRARY_PATH=./lib:/usr/local/lib:/usr/lib:/usr/lib64:/usr/local/lib64:$LD_LIBRARY_PATH /data/1/nijia.nj/test/namespace_standby_20261003_v1/work/db_s.z1.obs0/bin/observer --port 42036 --data-dir /data/1/nijia.nj/test/namespace_standby_20261003_v1/work/db_s.z1.obs0/store --redo-dir /data/1/nijia.nj/test/namespace_standby_20261003_v1/work/db_s.z1.obs0/store/clog  --role=STANDBY --parameter log_restore_source=6.12.232.130:42000 --parameter enable_rpc_service=true --parameter rpc_port=42001 --parameter datafile_size='2G' --parameter log_disk_size='2G' --parameter cpu_count=4 --parameter memory_limit='8G' on 6.12.232.130
[2026-10-04 02:34:14.469][INFO ] [Deploy         :294] - execute db_s.z1.obs0.start  result => true
[2026-10-04 02:34:14.469][INFO ] [Deploy         :362] - execute db_s.z1.start_obs result => true [true]
[2026-10-04 02:34:14.470][INFO ] [Deploy         :331] - execute db_s.z1.start result => true
[2026-10-04 02:34:14.470][INFO ] [Deploy         :287] - execute db_s.z1.sleep 8
[2026-10-04 02:34:22.470][INFO ] [Deploy         :294] - execute db_s.z1.sleep 8 result => true
[2026-10-04 02:34:22.470][INFO ] [Deploy         :331] - execute db_s.z1.reboot  result => true
[2026-10-04 02:34:22.470][INFO ] [Deploy         :362] - execute db_s.deploy result => true [true]
[2026-10-04 02:34:22.471][INFO ] [Deploy         :287] - execute db_s.sleep 5
[2026-10-04 02:34:27.471][INFO ] [Deploy         :294] - execute db_s.sleep 5 result => true
[2026-10-04 02:34:27.471][INFO ] [Deploy         :287] - execute db_s.bootstrap
[2026-10-04 02:34:27.472][INFO ] [Deploy         :381] - execute db_s.z_num result => 1 result type => java.lang.Integer
[2026-10-04 02:34:27.472][INFO ] [Deploy         :381] - execute db_s.zone_names result => [Ljava.lang.String;@5c3bd550 result type => [Ljava.lang.String;
[2026-10-04 02:34:27.472][INFO ] [Deploy         :381] - execute db_s.z1.obs_num result => 1 result type => java.lang.Integer
[2026-10-04 02:34:27.472][INFO ] [Deploy         :287] - execute db_s.z1.obs0.get status
[2026-10-04 02:34:27.472][WARN ] [Deploy         :298] - execute db_s.z1.obs0.get status result => null
[2026-10-04 02:34:27.472][INFO ] [Deploy         :381] - execute db_s.lite_mode result => true result type => java.lang.Boolean
[2026-10-04 02:34:27.472][INFO ] [Deploy         :294] - execute db_s.bootstrap result => true
[2026-10-04 02:34:27.472][INFO ] [Deploy         :287] - execute db_s.addserver
[2026-10-04 02:34:27.472][INFO ] [Deploy         :381] - execute db_s.z_num result => 1 result type => java.lang.Integer
[2026-10-04 02:34:27.472][INFO ] [Deploy         :381] - execute db_s.zone_names result => [Ljava.lang.String;@5c3bd550 result type => [Ljava.lang.String;
[2026-10-04 02:34:27.473][INFO ] [Deploy         :381] - execute db_s.z1.obs_num result => 1 result type => java.lang.Integer
[2026-10-04 02:34:27.473][INFO ] [Deploy         :294] - execute db_s.addserver result => true
[2026-10-04 02:34:27.473][INFO ] [Deploy         :287] - execute db_s.exec_init_sql
[2026-10-04 02:34:27.473][INFO ] [Deploy         :381] - execute db_s.lite_mode result => true result type => java.lang.Boolean
[2026-10-04 02:34:27.473][INFO ] [Deploy         :294] - execute db_s.exec_init_sql result => true
[2026-10-04 02:34:27.473][INFO ] [Deploy         :287] - execute db_s.register_proxy
[2026-10-04 02:34:27.473][INFO ] [Deploy         :294] - execute db_s.register_proxy result => true
[2026-10-04 02:34:27.473][INFO ] [Deploy         :287] - execute db_s.deploy_proxy
[2026-10-04 02:34:27.474][INFO ] [Deploy         :294] - execute db_s.deploy_proxy result => true
[2026-10-04 02:34:27.474][INFO ] [Deploy         :287] - execute db_s.sleep 5
[2026-10-04 02:34:32.474][INFO ] [Deploy         :294] - execute db_s.sleep 5 result => true
[2026-10-04 02:34:32.474][INFO ] [Deploy         :331] - execute db_s.reboot_proxy result => true
[2026-10-04 02:34:32.474][INFO ] [Deploy         :287] - execute db_s.deploy_asvr
[2026-10-04 02:34:32.475][INFO ] [Deploy         :294] - execute db_s.deploy_asvr result => true
[2026-10-04 02:34:32.475][INFO ] [Deploy         :287] - execute db_s.sleep 5
[2026-10-04 02:34:37.475][INFO ] [Deploy         :294] - execute db_s.sleep 5 result => true
[2026-10-04 02:34:37.476][INFO ] [Deploy         :331] - execute db_s.reboot_asvr result => true
[2026-10-04 02:34:37.476][INFO ] [Deploy         :287] - execute db_s.add_asvr
[2026-10-04 02:34:37.476][INFO ] [OBI            :1509] - There is no need to add asvr.
[2026-10-04 02:34:37.476][INFO ] [Deploy         :294] - execute db_s.add_asvr result => true
[2026-10-04 02:34:37.476][INFO ] [Deploy         :287] - execute db_s.prepare_agent
[2026-10-04 02:34:37.477][INFO ] [Deploy         :294] - execute db_s.prepare_agent result => true
[2026-10-04 02:34:37.477][INFO ] [Deploy         :331] - execute db_s.reboot result => true
[2026-10-04 02:34:37.477][INFO ] [Command        :353] - start[1791052443563] time[33914] tag[Q_DEPLOY]
[2026-10-04 02:34:37.477][INFO ] [Command        :536] - > LINE => 21, CMD => Q_SLEEP, CONTENT => 5
[2026-10-04 02:34:42.478][INFO ] [Command        :353] - start[1791052477477] time[5001] tag[Q_SLEEP]
[2026-10-04 02:34:42.479][INFO ] [Command        :536] - > LINE => 22, CMD => Q_ENABLE_ALL_RESULT_LOG, CONTENT => --enable_all_result_log
[2026-10-04 02:34:42.479][INFO ] [Command        :353] - start[1791052482479] time[0] tag[Q_ENABLE_ALL_RESULT_LOG]
[2026-10-04 02:34:42.480][INFO ] [Command        :536] - > LINE => 27, CMD => Q_ECHO, CONTENT => ========== Case 1: Primary Cluster Switchover to Standby ==========
[2026-10-04 02:34:42.480][INFO ] [Command        :353] - start[1791052482480] time[0] tag[Q_ECHO]
[2026-10-04 02:34:42.481][INFO ] [Command        :536] - > LINE => 30, CMD => Q_DEPLOY, CONTENT => db_p.check_until_timeout select count(*) from oceanbase.__all_virtual_server_stat where role = 'PRIMARY', 1, 30;
[2026-10-04 02:34:42.482][INFO ] [DeployProcessor:93] - deploy => db_p.check_until_timeout select count(*) from oceanbase.__all_virtual_server_stat where role = 'PRIMARY', 1, 30
[2026-10-04 02:34:42.482][INFO ] [Deploy         :287] - execute db_p.check_until_timeout select count(*) from oceanbase.__all_virtual_server_stat where role = 'PRIMARY', 1, 30
[2026-10-04 02:34:42.482][INFO ] [Deploy         :287] - execute db_p.select_one_value select count(*) from oceanbase.__all_virtual_server_stat where role = 'PRIMARY'
Loading class `com.mysql.jdbc.Driver'. This is deprecated. The new driver class is `com.mysql.cj.jdbc.Driver'. The driver is automatically registered via the SPI and manual loading of the driver class is generally unnecessary.
[2026-10-04 02:34:42.599][INFO ] [SQLProcessor   :2086] - execute sql => select count(*) from oceanbase.__all_virtual_server_stat where role = 'PRIMARY'
[2026-10-04 02:34:42.933][INFO ] [Deploy         :294] - execute db_p.select_one_value select count(*) from oceanbase.__all_virtual_server_stat where role = 'PRIMARY' result => 1
[2026-10-04 02:34:42.934][INFO ] [OBI            :5345] - check success! use time = 0
[2026-10-04 02:34:42.934][INFO ] [Deploy         :294] - execute db_p.check_until_timeout select count(*) from oceanbase.__all_virtual_server_stat where role = 'PRIMARY', 1, 30 result => true
[2026-10-04 02:34:42.934][INFO ] [Command        :353] - start[1791052482481] time[452] tag[Q_DEPLOY]
[2026-10-04 02:34:42.934][INFO ] [Command        :536] - > LINE => 33, CMD => Q_CONNECT, CONTENT => ob_connect(conn_sys_p, db_p.z1.obs0, root@sys, , oceanbase, , USE_MYSQL_CONNECTOR)
[2026-10-04 02:34:42.937][INFO ] [SQLProcessor   :1505] - conn_sys_p create a physical connection  using jdbc:mysql://6.12.232.130:42035/oceanbase?useAffectedRows=true&emulateUnsupportedPstmts=false&characterEncoding=utf8&useServerPrepStmts=true&prepStmtCacheSqlLimit=1000&enableQueryTimeouts=false&useLocalSessionState=false&useLocalTransactionState=false&rewriteBatchedStatements=true&allowMultiQueries=true&socketTimeout=1800000 user/pwd is root@sys/
[2026-10-04 02:34:42.956][INFO ] [SQLProcessor   :1519] - connection => conn_sys_p is mysql mode.
[2026-10-04 02:34:42.956][INFO ] [SQLProcessor   :1522] - put conn: dataid=conn_sys_p currentConn=com.mysql.cj.jdbc.ConnectionImpl@694abbdc hashcode => 1766505436
[2026-10-04 02:34:42.956][INFO ] [Command        :353] - start[1791052482934] time[21] tag[Q_CONNECT]
[2026-10-04 02:34:42.957][INFO ] [Command        :536] - > LINE => 34, CMD => Q_CONNECTION, CONTENT => connection conn_sys_p
[2026-10-04 02:34:42.957][INFO ] [SQLProcessor   :1128] - use connection => conn_sys_p hashcode => 1766505436
[2026-10-04 02:34:42.958][INFO ] [SQLProcessor   :1158] - connection => conn_sys_p is mysql mode. conn=com.mysql.cj.jdbc.ConnectionImpl@694abbdc
[2026-10-04 02:34:42.959][INFO ] [Command        :353] - start[1791052482957] time[2] tag[Q_CONNECTION]
[2026-10-04 02:34:42.960][INFO ] [Command        :536] - > LINE => 35, CMD => Q_QUERY, CONTENT => create table if not exists test_table_primary(a int primary key, b int);
[2026-10-04 02:34:43.109][INFO ] [Command        :353] - start[1791052482960] time[149] tag[Q_QUERY]
[2026-10-04 02:34:43.110][INFO ] [Command        :536] - > LINE => 36, CMD => Q_QUERY, CONTENT => insert into test_table_primary values(1, 1);
[2026-10-04 02:34:43.116][INFO ] [Command        :353] - start[1791052483110] time[5] tag[Q_QUERY]
[2026-10-04 02:34:43.117][INFO ] [Command        :536] - > LINE => 39, CMD => Q_QUERY, CONTENT => ALTER SYSTEM SWITCHOVER TO STANDBY VERIFY;
[2026-10-04 02:34:43.120][INFO ] [Command        :353] - start[1791052483117] time[3] tag[Q_QUERY]
[2026-10-04 02:34:43.121][INFO ] [Command        :536] - > LINE => 42, CMD => Q_DEPLOY, CONTENT => db_p.mysql_p select role from oceanbase.__all_virtual_server_stat;
[2026-10-04 02:34:43.121][INFO ] [DeployProcessor:93] - deploy => db_p.mysql_p select role from oceanbase.__all_virtual_server_stat
[2026-10-04 02:34:43.121][INFO ] [Deploy         :287] - execute db_p.mysql_p select role from oceanbase.__all_virtual_server_stat
[2026-10-04 02:34:43.122][INFO ] [Deploy         :287] - execute db_p.z1.obs0.mysql_p select role from oceanbase.__all_virtual_server_stat
[2026-10-04 02:34:43.122][INFO ] [Role           :3304] - sql =>select role from oceanbase.__all_virtual_server_stat
 will be executed with connection[z1.obs0]admin:admin@6.12.232.130:42035
[2026-10-04 02:34:43.146][INFO ] [Deploy         :294] - execute db_p.z1.obs0.mysql_p select role from oceanbase.__all_virtual_server_stat result => role
PRIMARY
[2026-10-04 02:34:43.146][INFO ] [Deploy         :294] - execute db_p.mysql_p select role from oceanbase.__all_virtual_server_stat result => role
PRIMARY
[2026-10-04 02:34:43.146][INFO ] [Command        :353] - start[1791052483121] time[25] tag[Q_DEPLOY]
[2026-10-04 02:34:43.146][INFO ] [Command        :536] - > LINE => 46, CMD => Q_LET_DEPLOY, CONTENT => $db_s_svr_ip
[2026-10-04 02:34:43.147][INFO ] [Deploy         :287] - execute db_s.select select svr_ip from oceanbase.__all_virtual_server_stat limit 1, svr_ip, 1
[2026-10-04 02:34:43.148][INFO ] [SQLProcessor   :2086] - execute sql => select svr_ip from oceanbase.__all_virtual_server_stat limit 1
[2026-10-04 02:34:43.294][INFO ] [Deploy         :294] - execute db_s.select select svr_ip from oceanbase.__all_virtual_server_stat limit 1, svr_ip, 1 result => 127.0.0.1
[2026-10-04 02:34:43.294][INFO ] [Command        :353] - start[1791052483147] time[147] tag[Q_LET_DEPLOY]
[2026-10-04 02:34:43.295][INFO ] [Command        :536] - > LINE => 47, CMD => Q_LET_DEPLOY, CONTENT => $db_s_rpc_port
[2026-10-04 02:34:43.295][INFO ] [Deploy         :287] - execute db_s.select select rpc_port from oceanbase.__all_virtual_server_stat limit 1, rpc_port, 1
[2026-10-04 02:34:43.296][INFO ] [SQLProcessor   :2086] - execute sql => select rpc_port from oceanbase.__all_virtual_server_stat limit 1
[2026-10-04 02:34:43.305][INFO ] [Deploy         :294] - execute db_s.select select rpc_port from oceanbase.__all_virtual_server_stat limit 1, rpc_port, 1 result => 42001
[2026-10-04 02:34:43.305][INFO ] [Command        :353] - start[1791052483295] time[10] tag[Q_LET_DEPLOY]
[2026-10-04 02:34:43.306][INFO ] [Command        :536] - > LINE => 48, CMD => Q_EVAL, CONTENT => alter system set log_restore_source = '$db_s_svr_ip:$db_s_rpc_port';
[2026-10-04 02:34:43.309][INFO ] [Command        :771] - eval => alter system set log_restore_source = '127.0.0.1:42001';
[2026-10-04 02:34:43.317][INFO ] [Command        :353] - start[1791052483306] time[11] tag[Q_EVAL]
[2026-10-04 02:34:43.318][INFO ] [Command        :536] - > LINE => 51, CMD => Q_QUERY, CONTENT => ALTER SYSTEM SWITCHOVER TO STANDBY;
[2026-10-04 02:34:43.322][INFO ] [Command        :353] - start[1791052483318] time[4] tag[Q_QUERY]
[2026-10-04 02:34:43.323][INFO ] [Command        :536] - > LINE => 54, CMD => Q_DEPLOY, CONTENT => db_p.check_until_timeout select count(*) from oceanbase.__all_virtual_server_stat where role = 'PRIMARY' and pending_role = 'STANDBY' and switchover_status = 'PREPARING', 1, 60;
[2026-10-04 02:34:43.324][INFO ] [DeployProcessor:93] - deploy => db_p.check_until_timeout select count(*) from oceanbase.__all_virtual_server_stat where role = 'PRIMARY' and pending_role = 'STANDBY' and switchover_status = 'PREPARING', 1, 60
[2026-10-04 02:34:43.324][INFO ] [Deploy         :287] - execute db_p.check_until_timeout select count(*) from oceanbase.__all_virtual_server_stat where role = 'PRIMARY' and pending_role = 'STANDBY' and switchover_status = 'PREPARING', 1, 60
[2026-10-04 02:34:43.324][INFO ] [Deploy         :287] - execute db_p.select_one_value select count(*) from oceanbase.__all_virtual_server_stat where role = 'PRIMARY' and pending_role = 'STANDBY' and switchover_status = 'PREPARING'
[2026-10-04 02:34:43.325][INFO ] [SQLProcessor   :2086] - execute sql => select count(*) from oceanbase.__all_virtual_server_stat where role = 'PRIMARY' and pending_role = 'STANDBY' and switchover_status = 'PREPARING'
[2026-10-04 02:34:43.336][INFO ] [Deploy         :294] - execute db_p.select_one_value select count(*) from oceanbase.__all_virtual_server_stat where role = 'PRIMARY' and pending_role = 'STANDBY' and switchover_status = 'PREPARING' result => 1
[2026-10-04 02:34:43.336][INFO ] [OBI            :5345] - check success! use time = 0
[2026-10-04 02:34:43.336][INFO ] [Deploy         :294] - execute db_p.check_until_timeout select count(*) from oceanbase.__all_virtual_server_stat where role = 'PRIMARY' and pending_role = 'STANDBY' and switchover_status = 'PREPARING', 1, 60 result => true
[2026-10-04 02:34:43.337][INFO ] [Command        :353] - start[1791052483323] time[13] tag[Q_DEPLOY]
[2026-10-04 02:34:43.337][INFO ] [Command        :536] - > LINE => 55, CMD => Q_DEPLOY, CONTENT => db_p.mysql_p select role, pending_role, switchover_status from oceanbase.__all_virtual_server_stat;
[2026-10-04 02:34:43.338][INFO ] [DeployProcessor:93] - deploy => db_p.mysql_p select role, pending_role, switchover_status from oceanbase.__all_virtual_server_stat
[2026-10-04 02:34:43.338][INFO ] [Deploy         :287] - execute db_p.mysql_p select role, pending_role, switchover_status from oceanbase.__all_virtual_server_stat
[2026-10-04 02:34:43.338][INFO ] [Deploy         :287] - execute db_p.z1.obs0.mysql_p select role, pending_role, switchover_status from oceanbase.__all_virtual_server_stat
[2026-10-04 02:34:43.338][INFO ] [Role           :3304] - sql =>select role, pending_role, switchover_status from oceanbase.__all_virtual_server_stat
 will be executed with connection[z1.obs0]admin:admin@6.12.232.130:42035
[2026-10-04 02:34:43.359][INFO ] [Deploy         :294] - execute db_p.z1.obs0.mysql_p select role, pending_role, switchover_status from oceanbase.__all_virtual_server_stat result => role	pending_role	switchover_status
PRIMARY	STANDBY	PREPARING
[2026-10-04 02:34:43.359][INFO ] [Deploy         :294] - execute db_p.mysql_p select role, pending_role, switchover_status from oceanbase.__all_virtual_server_stat result => role	pending_role	switchover_status
PRIMARY	STANDBY	PREPARING
[2026-10-04 02:34:43.359][INFO ] [Command        :353] - start[1791052483337] time[21] tag[Q_DEPLOY]
[2026-10-04 02:34:43.360][INFO ] [Command        :536] - > LINE => 59, CMD => Q_CONNECT, CONTENT => ob_connect(conn_sys_s, db_s.z1.obs0, root@sys, , oceanbase, , USE_MYSQL_CONNECTOR)
[2026-10-04 02:34:43.361][INFO ] [SQLProcessor   :1505] - conn_sys_s create a physical connection  using jdbc:mysql://6.12.232.130:42036/oceanbase?useAffectedRows=true&emulateUnsupportedPstmts=false&characterEncoding=utf8&useServerPrepStmts=true&prepStmtCacheSqlLimit=1000&enableQueryTimeouts=false&useLocalSessionState=false&useLocalTransactionState=false&rewriteBatchedStatements=true&allowMultiQueries=true&socketTimeout=1800000 user/pwd is root@sys/
[2026-10-04 02:34:43.379][INFO ] [SQLProcessor   :1519] - connection => conn_sys_s is mysql mode.
[2026-10-04 02:34:43.380][INFO ] [SQLProcessor   :1522] - put conn: dataid=conn_sys_s currentConn=com.mysql.cj.jdbc.ConnectionImpl@130d63be hashcode => 319644606
[2026-10-04 02:34:43.380][INFO ] [Command        :353] - start[1791052483360] time[20] tag[Q_CONNECT]
[2026-10-04 02:34:43.381][INFO ] [Command        :536] - > LINE => 61, CMD => Q_QUERY, CONTENT => create table test_table_standby(a int);
[2026-10-04 02:34:43.393][INFO ] [SQLProcessor   :565] - error code =>  4688
[2026-10-04 02:34:43.394][INFO ] [SQLProcessor   :566] - sqlstate => HY000
[2026-10-04 02:34:43.394][INFO ] [SQLProcessor   :567] - err_msg => standby tenant is read only
[2026-10-04 02:34:43.394][ERROR] [Result         :119] - set code
com.etao.mytest.exception.ExecuteErrorException: set code 4688
	at com.etao.mytest.command.Result.setCode(Result.java:118)
	at com.etao.mytest.command.Result.setSQLException(Result.java:219)
	at com.etao.mytest.processor.SQLProcessor.staticQuery(SQLProcessor.java:575)
	at com.etao.mytest.processor.SQLProcessor.process(SQLProcessor.java:1951)
	at com.etao.mytest.command.Command.execute(Command.java:706)
	at com.etao.mytest.main.TestCase.run(TestCase.java:779)
	at com.etao.mytest.main.MyTest.main(MyTest.java:129)
[2026-10-04 02:34:43.394][ERROR] [SQLProcessor   :576] - execute create table test_table_standby(a int) failed
java.sql.SQLException: standby tenant is read only
	at com.mysql.cj.jdbc.exceptions.SQLError.createSQLException(SQLError.java:130)
	at com.mysql.cj.jdbc.exceptions.SQLExceptionsMapping.translateException(SQLExceptionsMapping.java:122)
	at com.mysql.cj.jdbc.StatementImpl.executeInternal(StatementImpl.java:763)
	at com.mysql.cj.jdbc.StatementImpl.execute(StatementImpl.java:648)
	at com.etao.mytest.processor.SQLProcessor.staticQuery(SQLProcessor.java:550)
	at com.etao.mytest.processor.SQLProcessor.process(SQLProcessor.java:1951)
	at com.etao.mytest.command.Command.execute(Command.java:706)
	at com.etao.mytest.main.TestCase.run(TestCase.java:779)
	at com.etao.mytest.main.MyTest.main(MyTest.java:129)
[2026-10-04 02:34:43.394][INFO ] [Command        :353] - start[1791052483381] time[13] tag[Q_QUERY]
[2026-10-04 02:34:43.395][INFO ] [Command        :536] - > LINE => 63, CMD => Q_QUERY, CONTENT => insert into test_table_primary values(2, 2);
[2026-10-04 02:34:43.396][INFO ] [SQLProcessor   :565] - error code =>  4688
[2026-10-04 02:34:43.397][INFO ] [SQLProcessor   :566] - sqlstate => HY000
[2026-10-04 02:34:43.397][INFO ] [SQLProcessor   :567] - err_msg => standby tenant is read only
[2026-10-04 02:34:43.397][ERROR] [Result         :119] - set code
com.etao.mytest.exception.ExecuteErrorException: set code 4688
	at com.etao.mytest.command.Result.setCode(Result.java:118)
	at com.etao.mytest.command.Result.setSQLException(Result.java:219)
	at com.etao.mytest.processor.SQLProcessor.staticQuery(SQLProcessor.java:575)
	at com.etao.mytest.processor.SQLProcessor.process(SQLProcessor.java:1951)
	at com.etao.mytest.command.Command.execute(Command.java:706)
	at com.etao.mytest.main.TestCase.run(TestCase.java:779)
	at com.etao.mytest.main.MyTest.main(MyTest.java:129)
[2026-10-04 02:34:43.397][ERROR] [SQLProcessor   :576] - execute insert into test_table_primary values(2, 2) failed
java.sql.SQLException: standby tenant is read only
	at com.mysql.cj.jdbc.exceptions.SQLError.createSQLException(SQLError.java:130)
	at com.mysql.cj.jdbc.exceptions.SQLExceptionsMapping.translateException(SQLExceptionsMapping.java:122)
	at com.mysql.cj.jdbc.StatementImpl.executeInternal(StatementImpl.java:763)
	at com.mysql.cj.jdbc.StatementImpl.execute(StatementImpl.java:648)
	at com.etao.mytest.processor.SQLProcessor.staticQuery(SQLProcessor.java:550)
	at com.etao.mytest.processor.SQLProcessor.process(SQLProcessor.java:1951)
	at com.etao.mytest.command.Command.execute(Command.java:706)
	at com.etao.mytest.main.TestCase.run(TestCase.java:779)
	at com.etao.mytest.main.MyTest.main(MyTest.java:129)
[2026-10-04 02:34:43.397][INFO ] [Command        :353] - start[1791052483395] time[2] tag[Q_QUERY]
[2026-10-04 02:34:43.398][INFO ] [Command        :536] - > LINE => 66, CMD => Q_DEPLOY, CONTENT => db_s.check_until_timeout select count(*) from test_table_primary where a = 1 and b = 1, 1, 120;
[2026-10-04 02:34:43.399][INFO ] [DeployProcessor:93] - deploy => db_s.check_until_timeout select count(*) from test_table_primary where a = 1 and b = 1, 1, 120
[2026-10-04 02:34:43.399][INFO ] [Deploy         :287] - execute db_s.check_until_timeout select count(*) from test_table_primary where a = 1 and b = 1, 1, 120
[2026-10-04 02:34:43.399][INFO ] [Deploy         :287] - execute db_s.select_one_value select count(*) from test_table_primary where a = 1 and b = 1
[2026-10-04 02:34:43.399][INFO ] [SQLProcessor   :2086] - execute sql => select count(*) from test_table_primary where a = 1 and b = 1
[2026-10-04 02:34:43.432][INFO ] [Deploy         :294] - execute db_s.select_one_value select count(*) from test_table_primary where a = 1 and b = 1 result => 1
[2026-10-04 02:34:43.432][INFO ] [OBI            :5345] - check success! use time = 0
[2026-10-04 02:34:43.432][INFO ] [Deploy         :294] - execute db_s.check_until_timeout select count(*) from test_table_primary where a = 1 and b = 1, 1, 120 result => true
[2026-10-04 02:34:43.432][INFO ] [Command        :353] - start[1791052483398] time[34] tag[Q_DEPLOY]
[2026-10-04 02:34:43.433][INFO ] [Command        :536] - > LINE => 67, CMD => Q_CONNECTION, CONTENT => connection conn_sys_s
[2026-10-04 02:34:43.433][INFO ] [SQLProcessor   :1128] - use connection => conn_sys_s hashcode => 319644606
[2026-10-04 02:34:43.435][INFO ] [SQLProcessor   :1158] - connection => conn_sys_s is mysql mode. conn=com.mysql.cj.jdbc.ConnectionImpl@130d63be
[2026-10-04 02:34:43.435][INFO ] [Command        :353] - start[1791052483433] time[2] tag[Q_CONNECTION]
[2026-10-04 02:34:43.436][INFO ] [Command        :536] - > LINE => 68, CMD => Q_QUERY, CONTENT => start transaction;
[2026-10-04 02:34:43.439][INFO ] [Command        :353] - start[1791052483436] time[3] tag[Q_QUERY]
[2026-10-04 02:34:43.440][INFO ] [Command        :536] - > LINE => 69, CMD => Q_QUERY, CONTENT => select count(*) from test_table_primary;
[2026-10-04 02:34:43.444][INFO ] [Command        :353] - start[1791052483440] time[3] tag[Q_QUERY]
[2026-10-04 02:34:43.444][INFO ] [Command        :536] - > LINE => 72, CMD => Q_CONNECT, CONTENT => ob_connect(conn_admin_s, db_s.z1.obs0, root@sys, , oceanbase, , USE_MYSQL_CONNECTOR)
[2026-10-04 02:34:43.445][INFO ] [SQLProcessor   :1505] - conn_admin_s create a physical connection  using jdbc:mysql://6.12.232.130:42036/oceanbase?useAffectedRows=true&emulateUnsupportedPstmts=false&characterEncoding=utf8&useServerPrepStmts=true&prepStmtCacheSqlLimit=1000&enableQueryTimeouts=false&useLocalSessionState=false&useLocalTransactionState=false&rewriteBatchedStatements=true&allowMultiQueries=true&socketTimeout=1800000 user/pwd is root@sys/
[2026-10-04 02:34:43.452][INFO ] [SQLProcessor   :1519] - connection => conn_admin_s is mysql mode.
[2026-10-04 02:34:43.452][INFO ] [SQLProcessor   :1522] - put conn: dataid=conn_admin_s currentConn=com.mysql.cj.jdbc.ConnectionImpl@7c7a06ec hashcode => 2088371948
[2026-10-04 02:34:43.452][INFO ] [Command        :353] - start[1791052483444] time[8] tag[Q_CONNECT]
[2026-10-04 02:34:43.452][INFO ] [Command        :536] - > LINE => 73, CMD => Q_CONNECTION, CONTENT => connection conn_admin_s
[2026-10-04 02:34:43.453][INFO ] [SQLProcessor   :1128] - use connection => conn_admin_s hashcode => 2088371948
[2026-10-04 02:34:43.454][INFO ] [SQLProcessor   :1158] - connection => conn_admin_s is mysql mode. conn=com.mysql.cj.jdbc.ConnectionImpl@7c7a06ec
[2026-10-04 02:34:43.454][INFO ] [Command        :353] - start[1791052483452] time[1] tag[Q_CONNECTION]
[2026-10-04 02:34:43.454][INFO ] [Command        :536] - > LINE => 74, CMD => Q_QUERY, CONTENT => ALTER SYSTEM SWITCHOVER TO PRIMARY;
[2026-10-04 02:34:43.470][INFO ] [Command        :353] - start[1791052483454] time[15] tag[Q_QUERY]
[2026-10-04 02:34:43.471][INFO ] [Command        :536] - > LINE => 75, CMD => Q_DEPLOY, CONTENT => db_s.check_until_timeout select count(*) from oceanbase.__all_virtual_server_stat where role = 'PRIMARY' and pending_role = 'INVALID' and switchover_status = 'NORMAL', 1, 120;
[2026-10-04 02:34:43.471][INFO ] [DeployProcessor:93] - deploy => db_s.check_until_timeout select count(*) from oceanbase.__all_virtual_server_stat where role = 'PRIMARY' and pending_role = 'INVALID' and switchover_status = 'NORMAL', 1, 120
[2026-10-04 02:34:43.472][INFO ] [Deploy         :287] - execute db_s.check_until_timeout select count(*) from oceanbase.__all_virtual_server_stat where role = 'PRIMARY' and pending_role = 'INVALID' and switchover_status = 'NORMAL', 1, 120
[2026-10-04 02:34:43.472][INFO ] [Deploy         :287] - execute db_s.select_one_value select count(*) from oceanbase.__all_virtual_server_stat where role = 'PRIMARY' and pending_role = 'INVALID' and switchover_status = 'NORMAL'
[2026-10-04 02:34:43.472][INFO ] [SQLProcessor   :2086] - execute sql => select count(*) from oceanbase.__all_virtual_server_stat where role = 'PRIMARY' and pending_role = 'INVALID' and switchover_status = 'NORMAL'
[2026-10-04 02:34:43.481][INFO ] [Deploy         :294] - execute db_s.select_one_value select count(*) from oceanbase.__all_virtual_server_stat where role = 'PRIMARY' and pending_role = 'INVALID' and switchover_status = 'NORMAL' result => 1
[2026-10-04 02:34:43.481][INFO ] [OBI            :5345] - check success! use time = 0
[2026-10-04 02:34:43.481][INFO ] [Deploy         :294] - execute db_s.check_until_timeout select count(*) from oceanbase.__all_virtual_server_stat where role = 'PRIMARY' and pending_role = 'INVALID' and switchover_status = 'NORMAL', 1, 120 result => true
[2026-10-04 02:34:43.481][INFO ] [Command        :353] - start[1791052483471] time[10] tag[Q_DEPLOY]
[2026-10-04 02:34:43.482][INFO ] [Command        :536] - > LINE => 78, CMD => Q_CONNECTION, CONTENT => connection conn_sys_s
[2026-10-04 02:34:43.482][INFO ] [SQLProcessor   :1128] - use connection => conn_sys_s hashcode => 319644606
[2026-10-04 02:34:43.484][INFO ] [SQLProcessor   :1158] - connection => conn_sys_s is mysql mode. conn=com.mysql.cj.jdbc.ConnectionImpl@130d63be
[2026-10-04 02:34:43.485][INFO ] [Command        :353] - start[1791052483482] time[2] tag[Q_CONNECTION]
[2026-10-04 02:34:43.485][INFO ] [Command        :536] - > LINE => 80, CMD => Q_QUERY, CONTENT => insert into test_table_primary values(2, 2);
[2026-10-04 02:34:43.486][INFO ] [SQLProcessor   :565] - error code =>  1792
[2026-10-04 02:34:43.487][INFO ] [SQLProcessor   :566] - sqlstate => 25006
[2026-10-04 02:34:43.487][INFO ] [SQLProcessor   :567] - err_msg => Cannot execute statement in a READ ONLY transaction.
[2026-10-04 02:34:43.487][ERROR] [Result         :119] - set code
com.etao.mytest.exception.ExecuteErrorException: set code 1792
	at com.etao.mytest.command.Result.setCode(Result.java:118)
	at com.etao.mytest.command.Result.setSQLException(Result.java:219)
	at com.etao.mytest.processor.SQLProcessor.staticQuery(SQLProcessor.java:575)
	at com.etao.mytest.processor.SQLProcessor.process(SQLProcessor.java:1951)
	at com.etao.mytest.command.Command.execute(Command.java:706)
	at com.etao.mytest.main.TestCase.run(TestCase.java:779)
	at com.etao.mytest.main.MyTest.main(MyTest.java:129)
[2026-10-04 02:34:43.487][ERROR] [SQLProcessor   :576] - execute insert into test_table_primary values(2, 2) failed
java.sql.SQLException: Cannot execute statement in a READ ONLY transaction.
	at com.mysql.cj.jdbc.exceptions.SQLError.createSQLException(SQLError.java:130)
	at com.mysql.cj.jdbc.exceptions.SQLExceptionsMapping.translateException(SQLExceptionsMapping.java:122)
	at com.mysql.cj.jdbc.StatementImpl.executeInternal(StatementImpl.java:763)
	at com.mysql.cj.jdbc.StatementImpl.execute(StatementImpl.java:648)
	at com.etao.mytest.processor.SQLProcessor.staticQuery(SQLProcessor.java:550)
	at com.etao.mytest.processor.SQLProcessor.process(SQLProcessor.java:1951)
	at com.etao.mytest.command.Command.execute(Command.java:706)
	at com.etao.mytest.main.TestCase.run(TestCase.java:779)
	at com.etao.mytest.main.MyTest.main(MyTest.java:129)
[2026-10-04 02:34:43.491][INFO ] [Command        :353] - start[1791052483485] time[6] tag[Q_QUERY]
[2026-10-04 02:34:43.492][INFO ] [Command        :536] - > LINE => 81, CMD => Q_QUERY, CONTENT => rollback;
[2026-10-04 02:34:43.492][INFO ] [SQLProcessor   :1841] - rollback a transation, connection => 319644606
[2026-10-04 02:34:43.494][INFO ] [Command        :353] - start[1791052483492] time[2] tag[Q_QUERY]
[2026-10-04 02:34:43.494][INFO ] [Command        :536] - > LINE => 82, CMD => Q_QUERY, CONTENT => start transaction;
[2026-10-04 02:34:43.496][INFO ] [Command        :353] - start[1791052483494] time[1] tag[Q_QUERY]
[2026-10-04 02:34:43.496][INFO ] [Command        :536] - > LINE => 83, CMD => Q_QUERY, CONTENT => insert into test_table_primary values(2, 2);
[2026-10-04 02:34:43.500][INFO ] [Command        :353] - start[1791052483496] time[3] tag[Q_QUERY]
[2026-10-04 02:34:43.501][INFO ] [Command        :536] - > LINE => 84, CMD => Q_QUERY, CONTENT => commit;
[2026-10-04 02:34:43.503][INFO ] [Command        :353] - start[1791052483501] time[1] tag[Q_QUERY]
[2026-10-04 02:34:43.503][INFO ] [Command        :536] - > LINE => 87, CMD => Q_DEPLOY, CONTENT => db_p.force_stop;
[2026-10-04 02:34:43.504][INFO ] [DeployProcessor:93] - deploy => db_p.force_stop
[2026-10-04 02:34:43.506][INFO ] [Deploy         :287] - execute db_p.z1.obs0.force_stop 
[2026-10-04 02:34:43.506][INFO ] [Role           :1307] - pkill -9 -u nijia.nj -f '^/data/1/nijia.nj/test/namespace_standby_20261003_v1/work/db_p.z1.obs0/bin/observer|^/data/1/nijia.nj/test/namespace_standby_20261003_v1/work/db_p.z1.obs0/bin/obesi' on 6.12.232.130
[2026-10-04 02:34:43.522][INFO ] [Role           :1309] - pkill result is => 0
[2026-10-04 02:34:43.522][INFO ] [Role           :1142] - wait stop /data/1/nijia.nj/test/namespace_standby_20261003_v1/work/db_p.z1.obs0/bin/observer on 6.12.232.130
[2026-10-04 02:34:43.522][INFO ] [Role           :1190] - ps uxf | grep "/data/1/nijia.nj/test/namespace_standby_20261003_v1/work/db_p.z1.obs0/bin/observer" | grep -v grep
[2026-10-04 02:34:43.556][INFO ] [Role           :1154] - check port on 6.12.232.130
[2026-10-04 02:34:43.557][INFO ] [RemoteShell    :143] - netstat -lpnt 2>/dev/null | grep '0.0.0.0:42000 ' | awk -F ' ' '{print $7}'
[2026-10-04 02:34:43.589][INFO ] [RemoteShell    :143] - netstat -lpnt 2>/dev/null | grep '0.0.0.0:42035 ' | awk -F ' ' '{print $7}'
[2026-10-04 02:34:43.616][INFO ] [Role           :1164] - stop obs0 took 2 s
[2026-10-04 02:34:43.617][INFO ] [Deploy         :294] - execute db_p.z1.obs0.force_stop  result => true
[2026-10-04 02:34:43.617][INFO ] [Deploy         :362] - execute db_p.z1.force_stop  result => true [true]
[2026-10-04 02:34:43.617][INFO ] [Deploy         :362] - execute db_p.force_stop result => true [true]
[2026-10-04 02:34:43.617][INFO ] [Command        :353] - start[1791052483503] time[114] tag[Q_DEPLOY]
[2026-10-04 02:34:43.618][INFO ] [Command        :536] - > LINE => 88, CMD => Q_DEPLOY, CONTENT => db_p.nstart;
[2026-10-04 02:34:43.618][INFO ] [DeployProcessor:93] - deploy => db_p.nstart
[2026-10-04 02:34:43.619][INFO ] [Deploy         :287] - execute db_p.z1.obs0.nstart 
[2026-10-04 02:34:43.620][INFO ] [RemoteShell    :143] - netstat -lpnt 2>/dev/null | grep '0.0.0.0:42000 ' | awk -F ' ' '{print $7}'
[2026-10-04 02:34:43.652][INFO ] [RemoteShell    :143] - netstat -lpnt 2>/dev/null | grep '0.0.0.0:42035 ' | awk -F ' ' '{print $7}'
[2026-10-04 02:34:43.695][INFO ] [Deploy         :381] - execute db_p.lite_mode result => true result type => java.lang.Boolean
[2026-10-04 02:34:43.696][INFO ] [Role           :197] - ulimit -c unlimited -s 4096;cd /data/1/nijia.nj/test/namespace_standby_20261003_v1/work/db_p.z1.obs0;LD_LIBRARY_PATH=./lib:/usr/local/lib:/usr/lib:/usr/lib64:/usr/local/lib64:$LD_LIBRARY_PATH /data/1/nijia.nj/test/namespace_standby_20261003_v1/work/db_p.z1.obs0/bin/observer  on 6.12.232.130
[2026-10-04 02:34:43.754][INFO ] [Deploy         :294] - execute db_p.z1.obs0.nstart  result => true
[2026-10-04 02:34:43.754][INFO ] [Deploy         :362] - execute db_p.z1.nstart  result => true [true]
[2026-10-04 02:34:43.755][INFO ] [Deploy         :362] - execute db_p.nstart result => true [true]
[2026-10-04 02:34:43.755][INFO ] [Command        :353] - start[1791052483618] time[137] tag[Q_DEPLOY]
[2026-10-04 02:34:43.756][INFO ] [Command        :536] - > LINE => 89, CMD => Q_DEPLOY, CONTENT => db_p.check_until_timeout select count(*) from oceanbase.__all_virtual_server_stat where role = 'STANDBY' and pending_role = 'INVALID' and switchover_status = 'NORMAL', 1, 60;
[2026-10-04 02:34:43.756][INFO ] [DeployProcessor:93] - deploy => db_p.check_until_timeout select count(*) from oceanbase.__all_virtual_server_stat where role = 'STANDBY' and pending_role = 'INVALID' and switchover_status = 'NORMAL', 1, 60
[2026-10-04 02:34:43.757][INFO ] [Deploy         :287] - execute db_p.check_until_timeout select count(*) from oceanbase.__all_virtual_server_stat where role = 'STANDBY' and pending_role = 'INVALID' and switchover_status = 'NORMAL', 1, 60
[2026-10-04 02:34:43.757][INFO ] [Deploy         :287] - execute db_p.select_one_value select count(*) from oceanbase.__all_virtual_server_stat where role = 'STANDBY' and pending_role = 'INVALID' and switchover_status = 'NORMAL'
[2026-10-04 02:34:43.757][INFO ] [SQLProcessor   :2086] - execute sql => select count(*) from oceanbase.__all_virtual_server_stat where role = 'STANDBY' and pending_role = 'INVALID' and switchover_status = 'NORMAL'
[2026-10-04 02:34:43.761][ERROR] [SQLProcessor   :2096] - user => admin@sys, passwd => admin, jdbcUrl => jdbc:mysql://6.12.232.130:42035/oceanbase?useAffectedRows=true&emulateUnsupportedPstmts=false&characterEncoding=utf8&useServerPrepStmts=false&prepStmtCacheSqlLimit=1000&enableQueryTimeouts=true&useLocalSessionState=false&useLocalTransactionState=false&rewriteBatchedStatements=true&allowMultiQueries=true&socketTimeout=600000
[2026-10-04 02:34:43.761][ERROR] [SQLProcessor   :2098] - execute sql => select count(*) from oceanbase.__all_virtual_server_stat where role = 'STANDBY' and pending_role = 'INVALID' and switchover_status = 'NORMAL' failed
com.mysql.cj.jdbc.exceptions.CommunicationsException: Communications link failure

The last packet sent successfully to the server was 0 milliseconds ago. The driver has not received any packets from the server.
	at com.mysql.cj.jdbc.exceptions.SQLError.createCommunicationsException(SQLError.java:175)
	at com.mysql.cj.jdbc.exceptions.SQLExceptionsMapping.translateException(SQLExceptionsMapping.java:64)
	at com.mysql.cj.jdbc.ConnectionImpl.createNewIO(ConnectionImpl.java:825)
	at com.mysql.cj.jdbc.ConnectionImpl.<init>(ConnectionImpl.java:446)
	at com.mysql.cj.jdbc.ConnectionImpl.getInstance(ConnectionImpl.java:239)
	at com.mysql.cj.jdbc.NonRegisteringDriver.connect(NonRegisteringDriver.java:188)
	at java.sql.DriverManager.getConnection(DriverManager.java:664)
	at java.sql.DriverManager.getConnection(DriverManager.java:247)
	at com.etao.mytest.processor.SQLProcessor.selectGetValue(SQLProcessor.java:2088)
	at com.etao.mytest.deploy.OBI.select_one_value(OBI.java:4540)
	at sun.reflect.NativeMethodAccessorImpl.invoke0(Native Method)
	at sun.reflect.NativeMethodAccessorImpl.invoke(NativeMethodAccessorImpl.java:62)
	at sun.reflect.DelegatingMethodAccessorImpl.invoke(DelegatingMethodAccessorImpl.java:43)
	at java.lang.reflect.Method.invoke(Method.java:498)
	at com.etao.mytest.deploy.Deploy.execute(Deploy.java:289)
	at com.etao.mytest.deploy.OBI.check_until_timeout(OBI.java:5340)
	at sun.reflect.NativeMethodAccessorImpl.invoke0(Native Method)
	at sun.reflect.NativeMethodAccessorImpl.invoke(NativeMethodAccessorImpl.java:62)
	at sun.reflect.DelegatingMethodAccessorImpl.invoke(DelegatingMethodAccessorImpl.java:43)
	at java.lang.reflect.Method.invoke(Method.java:498)
	at com.etao.mytest.deploy.Deploy.execute(Deploy.java:289)
	at com.etao.mytest.processor.DeployProcessor.process(DeployProcessor.java:157)
	at com.etao.mytest.command.Command.execute(Command.java:552)
	at com.etao.mytest.main.TestCase.run(TestCase.java:779)
	at com.etao.mytest.main.MyTest.main(MyTest.java:129)
Caused by: com.mysql.cj.exceptions.CJCommunicationsException: Communications link failure

The last packet sent successfully to the server was 0 milliseconds ago. The driver has not received any packets from the server.
	at sun.reflect.NativeConstructorAccessorImpl.newInstance0(Native Method)
	at sun.reflect.NativeConstructorAccessorImpl.newInstance(NativeConstructorAccessorImpl.java:62)
	at sun.reflect.DelegatingConstructorAccessorImpl.newInstance(DelegatingConstructorAccessorImpl.java:45)
	at java.lang.reflect.Constructor.newInstance(Constructor.java:423)
	at com.mysql.cj.exceptions.ExceptionFactory.createException(ExceptionFactory.java:62)
	at com.mysql.cj.exceptions.ExceptionFactory.createException(ExceptionFactory.java:105)
	at com.mysql.cj.exceptions.ExceptionFactory.createException(ExceptionFactory.java:150)
	at com.mysql.cj.exceptions.ExceptionFactory.createCommunicationsException(ExceptionFactory.java:166)
	at com.mysql.cj.protocol.a.NativeSocketConnection.connect(NativeSocketConnection.java:89)
	at com.mysql.cj.NativeSession.connect(NativeSession.java:121)
	at com.mysql.cj.jdbc.ConnectionImpl.connectOneTryOnly(ConnectionImpl.java:945)
	at com.mysql.cj.jdbc.ConnectionImpl.createNewIO(ConnectionImpl.java:815)
	... 22 more
Caused by: java.net.ConnectException: Connection refused (Connection refused)
	at java.net.PlainSocketImpl.socketConnect(Native Method)
	at java.net.AbstractPlainSocketImpl.doConnect(AbstractPlainSocketImpl.java:350)
	at java.net.AbstractPlainSocketImpl.connectToAddress(AbstractPlainSocketImpl.java:206)
	at java.net.AbstractPlainSocketImpl.connect(AbstractPlainSocketImpl.java:188)
	at java.net.SocksSocketImpl.connect(SocksSocketImpl.java:392)
	at java.net.Socket.connect(Socket.java:607)
	at com.mysql.cj.protocol.StandardSocketFactory.connect(StandardSocketFactory.java:153)
	at com.mysql.cj.protocol.a.NativeSocketConnection.connect(NativeSocketConnection.java:63)
	... 25 more
[2026-10-04 02:34:43.762][WARN ] [Deploy         :298] - execute db_p.select_one_value select count(*) from oceanbase.__all_virtual_server_stat where role = 'STANDBY' and pending_role = 'INVALID' and switchover_status = 'NORMAL' result => null
[2026-10-04 02:34:43.762][WARN ] [OBI            :5348] - expect => 1, actual => null, left timeout => 60, totaltime => 60, file => 89/176, file_percent => 50
[2026-10-04 02:34:44.762][INFO ] [Deploy         :287] - execute db_p.select_one_value select count(*) from oceanbase.__all_virtual_server_stat where role = 'STANDBY' and pending_role = 'INVALID' and switchover_status = 'NORMAL'
[2026-10-04 02:34:44.763][INFO ] [SQLProcessor   :2086] - execute sql => select count(*) from oceanbase.__all_virtual_server_stat where role = 'STANDBY' and pending_role = 'INVALID' and switchover_status = 'NORMAL'
[2026-10-04 02:34:44.764][ERROR] [SQLProcessor   :2096] - user => admin@sys, passwd => admin, jdbcUrl => jdbc:mysql://6.12.232.130:42035/oceanbase?useAffectedRows=true&emulateUnsupportedPstmts=false&characterEncoding=utf8&useServerPrepStmts=false&prepStmtCacheSqlLimit=1000&enableQueryTimeouts=true&useLocalSessionState=false&useLocalTransactionState=false&rewriteBatchedStatements=true&allowMultiQueries=true&socketTimeout=600000
[2026-10-04 02:34:44.765][ERROR] [SQLProcessor   :2098] - execute sql => select count(*) from oceanbase.__all_virtual_server_stat where role = 'STANDBY' and pending_role = 'INVALID' and switchover_status = 'NORMAL' failed
com.mysql.cj.jdbc.exceptions.CommunicationsException: Communications link failure

The last packet sent successfully to the server was 0 milliseconds ago. The driver has not received any packets from the server.
	at com.mysql.cj.jdbc.exceptions.SQLError.createCommunicationsException(SQLError.java:175)
	at com.mysql.cj.jdbc.exceptions.SQLExceptionsMapping.translateException(SQLExceptionsMapping.java:64)
	at com.mysql.cj.jdbc.ConnectionImpl.createNewIO(ConnectionImpl.java:825)
	at com.mysql.cj.jdbc.ConnectionImpl.<init>(ConnectionImpl.java:446)
	at com.mysql.cj.jdbc.ConnectionImpl.getInstance(ConnectionImpl.java:239)
	at com.mysql.cj.jdbc.NonRegisteringDriver.connect(NonRegisteringDriver.java:188)
	at java.sql.DriverManager.getConnection(DriverManager.java:664)
	at java.sql.DriverManager.getConnection(DriverManager.java:247)
	at com.etao.mytest.processor.SQLProcessor.selectGetValue(SQLProcessor.java:2088)
	at com.etao.mytest.deploy.OBI.select_one_value(OBI.java:4540)
	at sun.reflect.NativeMethodAccessorImpl.invoke0(Native Method)
	at sun.reflect.NativeMethodAccessorImpl.invoke(NativeMethodAccessorImpl.java:62)
	at sun.reflect.DelegatingMethodAccessorImpl.invoke(DelegatingMethodAccessorImpl.java:43)
	at java.lang.reflect.Method.invoke(Method.java:498)
	at com.etao.mytest.deploy.Deploy.execute(Deploy.java:289)
	at com.etao.mytest.deploy.OBI.check_until_timeout(OBI.java:5340)
	at sun.reflect.NativeMethodAccessorImpl.invoke0(Native Method)
	at sun.reflect.NativeMethodAccessorImpl.invoke(NativeMethodAccessorImpl.java:62)
	at sun.reflect.DelegatingMethodAccessorImpl.invoke(DelegatingMethodAccessorImpl.java:43)
	at java.lang.reflect.Method.invoke(Method.java:498)
	at com.etao.mytest.deploy.Deploy.execute(Deploy.java:289)
	at com.etao.mytest.processor.DeployProcessor.process(DeployProcessor.java:157)
	at com.etao.mytest.command.Command.execute(Command.java:552)
	at com.etao.mytest.main.TestCase.run(TestCase.java:779)
	at com.etao.mytest.main.MyTest.main(MyTest.java:129)
Caused by: com.mysql.cj.exceptions.CJCommunicationsException: Communications link failure

The last packet sent successfully to the server was 0 milliseconds ago. The driver has not received any packets from the server.
	at sun.reflect.NativeConstructorAccessorImpl.newInstance0(Native Method)
	at sun.reflect.NativeConstructorAccessorImpl.newInstance(NativeConstructorAccessorImpl.java:62)
	at sun.reflect.DelegatingConstructorAccessorImpl.newInstance(DelegatingConstructorAccessorImpl.java:45)
	at java.lang.reflect.Constructor.newInstance(Constructor.java:423)
	at com.mysql.cj.exceptions.ExceptionFactory.createException(ExceptionFactory.java:62)
	at com.mysql.cj.exceptions.ExceptionFactory.createException(ExceptionFactory.java:105)
	at com.mysql.cj.exceptions.ExceptionFactory.createException(ExceptionFactory.java:150)
	at com.mysql.cj.exceptions.ExceptionFactory.createCommunicationsException(ExceptionFactory.java:166)
	at com.mysql.cj.protocol.a.NativeSocketConnection.connect(NativeSocketConnection.java:89)
	at com.mysql.cj.NativeSession.connect(NativeSession.java:121)
	at com.mysql.cj.jdbc.ConnectionImpl.connectOneTryOnly(ConnectionImpl.java:945)
	at com.mysql.cj.jdbc.ConnectionImpl.createNewIO(ConnectionImpl.java:815)
	... 22 more
Caused by: java.net.ConnectException: Connection refused (Connection refused)
	at java.net.PlainSocketImpl.socketConnect(Native Method)
	at java.net.AbstractPlainSocketImpl.doConnect(AbstractPlainSocketImpl.java:350)
	at java.net.AbstractPlainSocketImpl.connectToAddress(AbstractPlainSocketImpl.java:206)
	at java.net.AbstractPlainSocketImpl.connect(AbstractPlainSocketImpl.java:188)
	at java.net.SocksSocketImpl.connect(SocksSocketImpl.java:392)
	at java.net.Socket.connect(Socket.java:607)
	at com.mysql.cj.protocol.StandardSocketFactory.connect(StandardSocketFactory.java:153)
	at com.mysql.cj.protocol.a.NativeSocketConnection.connect(NativeSocketConnection.java:63)
	... 25 more
[2026-10-04 02:34:44.765][WARN ] [Deploy         :298] - execute db_p.select_one_value select count(*) from oceanbase.__all_virtual_server_stat where role = 'STANDBY' and pending_role = 'INVALID' and switchover_status = 'NORMAL' result => null
[2026-10-04 02:34:44.765][WARN ] [OBI            :5348] - expect => 1, actual => null, left timeout => 59, totaltime => 60, file => 89/176, file_percent => 50
[2026-10-04 02:34:45.766][INFO ] [Deploy         :287] - execute db_p.select_one_value select count(*) from oceanbase.__all_virtual_server_stat where role = 'STANDBY' and pending_role = 'INVALID' and switchover_status = 'NORMAL'
[2026-10-04 02:34:45.766][INFO ] [SQLProcessor   :2086] - execute sql => select count(*) from oceanbase.__all_virtual_server_stat where role = 'STANDBY' and pending_role = 'INVALID' and switchover_status = 'NORMAL'
[2026-10-04 02:34:45.768][ERROR] [SQLProcessor   :2096] - user => admin@sys, passwd => admin, jdbcUrl => jdbc:mysql://6.12.232.130:42035/oceanbase?useAffectedRows=true&emulateUnsupportedPstmts=false&characterEncoding=utf8&useServerPrepStmts=false&prepStmtCacheSqlLimit=1000&enableQueryTimeouts=true&useLocalSessionState=false&useLocalTransactionState=false&rewriteBatchedStatements=true&allowMultiQueries=true&socketTimeout=600000
[2026-10-04 02:34:45.768][ERROR] [SQLProcessor   :2098] - execute sql => select count(*) from oceanbase.__all_virtual_server_stat where role = 'STANDBY' and pending_role = 'INVALID' and switchover_status = 'NORMAL' failed
com.mysql.cj.jdbc.exceptions.CommunicationsException: Communications link failure

The last packet sent successfully to the server was 0 milliseconds ago. The driver has not received any packets from the server.
	at com.mysql.cj.jdbc.exceptions.SQLError.createCommunicationsException(SQLError.java:175)
	at com.mysql.cj.jdbc.exceptions.SQLExceptionsMapping.translateException(SQLExceptionsMapping.java:64)
	at com.mysql.cj.jdbc.ConnectionImpl.createNewIO(ConnectionImpl.java:825)
	at com.mysql.cj.jdbc.ConnectionImpl.<init>(ConnectionImpl.java:446)
	at com.mysql.cj.jdbc.ConnectionImpl.getInstance(ConnectionImpl.java:239)
	at com.mysql.cj.jdbc.NonRegisteringDriver.connect(NonRegisteringDriver.java:188)
	at java.sql.DriverManager.getConnection(DriverManager.java:664)
	at java.sql.DriverManager.getConnection(DriverManager.java:247)
	at com.etao.mytest.processor.SQLProcessor.selectGetValue(SQLProcessor.java:2088)
	at com.etao.mytest.deploy.OBI.select_one_value(OBI.java:4540)
	at sun.reflect.NativeMethodAccessorImpl.invoke0(Native Method)
	at sun.reflect.NativeMethodAccessorImpl.invoke(NativeMethodAccessorImpl.java:62)
	at sun.reflect.DelegatingMethodAccessorImpl.invoke(DelegatingMethodAccessorImpl.java:43)
	at java.lang.reflect.Method.invoke(Method.java:498)
	at com.etao.mytest.deploy.Deploy.execute(Deploy.java:289)
	at com.etao.mytest.deploy.OBI.check_until_timeout(OBI.java:5340)
	at sun.reflect.NativeMethodAccessorImpl.invoke0(Native Method)
	at sun.reflect.NativeMethodAccessorImpl.invoke(NativeMethodAccessorImpl.java:62)
	at sun.reflect.DelegatingMethodAccessorImpl.invoke(DelegatingMethodAccessorImpl.java:43)
	at java.lang.reflect.Method.invoke(Method.java:498)
	at com.etao.mytest.deploy.Deploy.execute(Deploy.java:289)
	at com.etao.mytest.processor.DeployProcessor.process(DeployProcessor.java:157)
	at com.etao.mytest.command.Command.execute(Command.java:552)
	at com.etao.mytest.main.TestCase.run(TestCase.java:779)
	at com.etao.mytest.main.MyTest.main(MyTest.java:129)
Caused by: com.mysql.cj.exceptions.CJCommunicationsException: Communications link failure

The last packet sent successfully to the server was 0 milliseconds ago. The driver has not received any packets from the server.
	at sun.reflect.NativeConstructorAccessorImpl.newInstance0(Native Method)
	at sun.reflect.NativeConstructorAccessorImpl.newInstance(NativeConstructorAccessorImpl.java:62)
	at sun.reflect.DelegatingConstructorAccessorImpl.newInstance(DelegatingConstructorAccessorImpl.java:45)
	at java.lang.reflect.Constructor.newInstance(Constructor.java:423)
	at com.mysql.cj.exceptions.ExceptionFactory.createException(ExceptionFactory.java:62)
	at com.mysql.cj.exceptions.ExceptionFactory.createException(ExceptionFactory.java:105)
	at com.mysql.cj.exceptions.ExceptionFactory.createException(ExceptionFactory.java:150)
	at com.mysql.cj.exceptions.ExceptionFactory.createCommunicationsException(ExceptionFactory.java:166)
	at com.mysql.cj.protocol.a.NativeSocketConnection.connect(NativeSocketConnection.java:89)
	at com.mysql.cj.NativeSession.connect(NativeSession.java:121)
	at com.mysql.cj.jdbc.ConnectionImpl.connectOneTryOnly(ConnectionImpl.java:945)
	at com.mysql.cj.jdbc.ConnectionImpl.createNewIO(ConnectionImpl.java:815)
	... 22 more
Caused by: java.net.ConnectException: Connection refused (Connection refused)
	at java.net.PlainSocketImpl.socketConnect(Native Method)
	at java.net.AbstractPlainSocketImpl.doConnect(AbstractPlainSocketImpl.java:350)
	at java.net.AbstractPlainSocketImpl.connectToAddress(AbstractPlainSocketImpl.java:206)
	at java.net.AbstractPlainSocketImpl.connect(AbstractPlainSocketImpl.java:188)
	at java.net.SocksSocketImpl.connect(SocksSocketImpl.java:392)
	at java.net.Socket.connect(Socket.java:607)
	at com.mysql.cj.protocol.StandardSocketFactory.connect(StandardSocketFactory.java:153)
	at com.mysql.cj.protocol.a.NativeSocketConnection.connect(NativeSocketConnection.java:63)
	... 25 more
[2026-10-04 02:34:45.769][WARN ] [Deploy         :298] - execute db_p.select_one_value select count(*) from oceanbase.__all_virtual_server_stat where role = 'STANDBY' and pending_role = 'INVALID' and switchover_status = 'NORMAL' result => null
[2026-10-04 02:34:45.769][WARN ] [OBI            :5348] - expect => 1, actual => null, left timeout => 58, totaltime => 60, file => 89/176, file_percent => 50
[2026-10-04 02:34:46.769][INFO ] [Deploy         :287] - execute db_p.select_one_value select count(*) from oceanbase.__all_virtual_server_stat where role = 'STANDBY' and pending_role = 'INVALID' and switchover_status = 'NORMAL'
[2026-10-04 02:34:46.770][INFO ] [SQLProcessor   :2086] - execute sql => select count(*) from oceanbase.__all_virtual_server_stat where role = 'STANDBY' and pending_role = 'INVALID' and switchover_status = 'NORMAL'
[2026-10-04 02:34:46.771][ERROR] [SQLProcessor   :2096] - user => admin@sys, passwd => admin, jdbcUrl => jdbc:mysql://6.12.232.130:42035/oceanbase?useAffectedRows=true&emulateUnsupportedPstmts=false&characterEncoding=utf8&useServerPrepStmts=false&prepStmtCacheSqlLimit=1000&enableQueryTimeouts=true&useLocalSessionState=false&useLocalTransactionState=false&rewriteBatchedStatements=true&allowMultiQueries=true&socketTimeout=600000
[2026-10-04 02:34:46.771][ERROR] [SQLProcessor   :2098] - execute sql => select count(*) from oceanbase.__all_virtual_server_stat where role = 'STANDBY' and pending_role = 'INVALID' and switchover_status = 'NORMAL' failed
com.mysql.cj.jdbc.exceptions.CommunicationsException: Communications link failure

The last packet sent successfully to the server was 0 milliseconds ago. The driver has not received any packets from the server.
	at com.mysql.cj.jdbc.exceptions.SQLError.createCommunicationsException(SQLError.java:175)
	at com.mysql.cj.jdbc.exceptions.SQLExceptionsMapping.translateException(SQLExceptionsMapping.java:64)
	at com.mysql.cj.jdbc.ConnectionImpl.createNewIO(ConnectionImpl.java:825)
	at com.mysql.cj.jdbc.ConnectionImpl.<init>(ConnectionImpl.java:446)
	at com.mysql.cj.jdbc.ConnectionImpl.getInstance(ConnectionImpl.java:239)
	at com.mysql.cj.jdbc.NonRegisteringDriver.connect(NonRegisteringDriver.java:188)
	at java.sql.DriverManager.getConnection(DriverManager.java:664)
	at java.sql.DriverManager.getConnection(DriverManager.java:247)
	at com.etao.mytest.processor.SQLProcessor.selectGetValue(SQLProcessor.java:2088)
	at com.etao.mytest.deploy.OBI.select_one_value(OBI.java:4540)
	at sun.reflect.NativeMethodAccessorImpl.invoke0(Native Method)
	at sun.reflect.NativeMethodAccessorImpl.invoke(NativeMethodAccessorImpl.java:62)
	at sun.reflect.DelegatingMethodAccessorImpl.invoke(DelegatingMethodAccessorImpl.java:43)
	at java.lang.reflect.Method.invoke(Method.java:498)
	at com.etao.mytest.deploy.Deploy.execute(Deploy.java:289)
	at com.etao.mytest.deploy.OBI.check_until_timeout(OBI.java:5340)
	at sun.reflect.NativeMethodAccessorImpl.invoke0(Native Method)
	at sun.reflect.NativeMethodAccessorImpl.invoke(NativeMethodAccessorImpl.java:62)
	at sun.reflect.DelegatingMethodAccessorImpl.invoke(DelegatingMethodAccessorImpl.java:43)
	at java.lang.reflect.Method.invoke(Method.java:498)
	at com.etao.mytest.deploy.Deploy.execute(Deploy.java:289)
	at com.etao.mytest.processor.DeployProcessor.process(DeployProcessor.java:157)
	at com.etao.mytest.command.Command.execute(Command.java:552)
	at com.etao.mytest.main.TestCase.run(TestCase.java:779)
	at com.etao.mytest.main.MyTest.main(MyTest.java:129)
Caused by: com.mysql.cj.exceptions.CJCommunicationsException: Communications link failure

The last packet sent successfully to the server was 0 milliseconds ago. The driver has not received any packets from the server.
	at sun.reflect.NativeConstructorAccessorImpl.newInstance0(Native Method)
	at sun.reflect.NativeConstructorAccessorImpl.newInstance(NativeConstructorAccessorImpl.java:62)
	at sun.reflect.DelegatingConstructorAccessorImpl.newInstance(DelegatingConstructorAccessorImpl.java:45)
	at java.lang.reflect.Constructor.newInstance(Constructor.java:423)
	at com.mysql.cj.exceptions.ExceptionFactory.createException(ExceptionFactory.java:62)
	at com.mysql.cj.exceptions.ExceptionFactory.createException(ExceptionFactory.java:105)
	at com.mysql.cj.exceptions.ExceptionFactory.createException(ExceptionFactory.java:150)
	at com.mysql.cj.exceptions.ExceptionFactory.createCommunicationsException(ExceptionFactory.java:166)
	at com.mysql.cj.protocol.a.NativeSocketConnection.connect(NativeSocketConnection.java:89)
	at com.mysql.cj.NativeSession.connect(NativeSession.java:121)
	at com.mysql.cj.jdbc.ConnectionImpl.connectOneTryOnly(ConnectionImpl.java:945)
	at com.mysql.cj.jdbc.ConnectionImpl.createNewIO(ConnectionImpl.java:815)
	... 22 more
Caused by: java.net.ConnectException: Connection refused (Connection refused)
	at java.net.PlainSocketImpl.socketConnect(Native Method)
	at java.net.AbstractPlainSocketImpl.doConnect(AbstractPlainSocketImpl.java:350)
	at java.net.AbstractPlainSocketImpl.connectToAddress(AbstractPlainSocketImpl.java:206)
	at java.net.AbstractPlainSocketImpl.connect(AbstractPlainSocketImpl.java:188)
	at java.net.SocksSocketImpl.connect(SocksSocketImpl.java:392)
	at java.net.Socket.connect(Socket.java:607)
	at com.mysql.cj.protocol.StandardSocketFactory.connect(StandardSocketFactory.java:153)
	at com.mysql.cj.protocol.a.NativeSocketConnection.connect(NativeSocketConnection.java:63)
	... 25 more
[2026-10-04 02:34:46.772][WARN ] [Deploy         :298] - execute db_p.select_one_value select count(*) from oceanbase.__all_virtual_server_stat where role = 'STANDBY' and pending_role = 'INVALID' and switchover_status = 'NORMAL' result => null
[2026-10-04 02:34:46.772][WARN ] [OBI            :5348] - expect => 1, actual => null, left timeout => 57, totaltime => 60, file => 89/176, file_percent => 50
[2026-10-04 02:34:47.772][INFO ] [Deploy         :287] - execute db_p.select_one_value select count(*) from oceanbase.__all_virtual_server_stat where role = 'STANDBY' and pending_role = 'INVALID' and switchover_status = 'NORMAL'
[2026-10-04 02:34:47.773][INFO ] [SQLProcessor   :2086] - execute sql => select count(*) from oceanbase.__all_virtual_server_stat where role = 'STANDBY' and pending_role = 'INVALID' and switchover_status = 'NORMAL'
[2026-10-04 02:34:47.820][INFO ] [Deploy         :294] - execute db_p.select_one_value select count(*) from oceanbase.__all_virtual_server_stat where role = 'STANDBY' and pending_role = 'INVALID' and switchover_status = 'NORMAL' result => 1
[2026-10-04 02:34:47.820][INFO ] [OBI            :5345] - check success! use time = 4
[2026-10-04 02:34:47.820][INFO ] [Deploy         :294] - execute db_p.check_until_timeout select count(*) from oceanbase.__all_virtual_server_stat where role = 'STANDBY' and pending_role = 'INVALID' and switchover_status = 'NORMAL', 1, 60 result => true
[2026-10-04 02:34:47.821][INFO ] [Command        :353] - start[1791052483756] time[4064] tag[Q_DEPLOY]
[2026-10-04 02:34:47.821][INFO ] [Command        :536] - > LINE => 91, CMD => Q_ECHO, CONTENT => Case 1 completed: Primary cluster successfully switched to standby
[2026-10-04 02:34:47.821][INFO ] [Command        :353] - start[1791052487821] time[0] tag[Q_ECHO]
[2026-10-04 02:34:47.821][INFO ] [Command        :536] - > LINE => 96, CMD => Q_ECHO, CONTENT => ========== Case 2: Standby Cluster Switchover to Primary ==========
[2026-10-04 02:34:47.822][INFO ] [Command        :353] - start[1791052487821] time[0] tag[Q_ECHO]
[2026-10-04 02:34:47.822][INFO ] [Command        :536] - > LINE => 100, CMD => Q_CONNECTION, CONTENT => connection conn_sys_s
[2026-10-04 02:34:47.822][INFO ] [SQLProcessor   :1128] - use connection => conn_sys_s hashcode => 319644606
[2026-10-04 02:34:47.824][INFO ] [SQLProcessor   :1158] - connection => conn_sys_s is mysql mode. conn=com.mysql.cj.jdbc.ConnectionImpl@130d63be
[2026-10-04 02:34:47.824][INFO ] [Command        :353] - start[1791052487822] time[1] tag[Q_CONNECTION]
[2026-10-04 02:34:47.824][INFO ] [Command        :536] - > LINE => 103, CMD => Q_QUERY, CONTENT => ALTER SYSTEM SWITCHOVER TO PRIMARY VERIFY;
[2026-10-04 02:34:47.829][INFO ] [Command        :353] - start[1791052487824] time[4] tag[Q_QUERY]
[2026-10-04 02:34:47.829][INFO ] [Command        :536] - > LINE => 106, CMD => Q_DEPLOY, CONTENT => db_s.check_until_timeout select count(*) from oceanbase.__all_virtual_server_stat where role = 'PRIMARY' and pending_role = 'INVALID' and switchover_status = 'NORMAL', 1, 60;
[2026-10-04 02:34:47.829][INFO ] [DeployProcessor:93] - deploy => db_s.check_until_timeout select count(*) from oceanbase.__all_virtual_server_stat where role = 'PRIMARY' and pending_role = 'INVALID' and switchover_status = 'NORMAL', 1, 60
[2026-10-04 02:34:47.830][INFO ] [Deploy         :287] - execute db_s.check_until_timeout select count(*) from oceanbase.__all_virtual_server_stat where role = 'PRIMARY' and pending_role = 'INVALID' and switchover_status = 'NORMAL', 1, 60
[2026-10-04 02:34:47.830][INFO ] [Deploy         :287] - execute db_s.select_one_value select count(*) from oceanbase.__all_virtual_server_stat where role = 'PRIMARY' and pending_role = 'INVALID' and switchover_status = 'NORMAL'
[2026-10-04 02:34:47.830][INFO ] [SQLProcessor   :2086] - execute sql => select count(*) from oceanbase.__all_virtual_server_stat where role = 'PRIMARY' and pending_role = 'INVALID' and switchover_status = 'NORMAL'
[2026-10-04 02:34:47.836][INFO ] [Deploy         :294] - execute db_s.select_one_value select count(*) from oceanbase.__all_virtual_server_stat where role = 'PRIMARY' and pending_role = 'INVALID' and switchover_status = 'NORMAL' result => 1
[2026-10-04 02:34:47.837][INFO ] [OBI            :5345] - check success! use time = 0
[2026-10-04 02:34:47.837][INFO ] [Deploy         :294] - execute db_s.check_until_timeout select count(*) from oceanbase.__all_virtual_server_stat where role = 'PRIMARY' and pending_role = 'INVALID' and switchover_status = 'NORMAL', 1, 60 result => true
[2026-10-04 02:34:47.837][INFO ] [Command        :353] - start[1791052487829] time[7] tag[Q_DEPLOY]
[2026-10-04 02:34:47.837][INFO ] [Command        :536] - > LINE => 107, CMD => Q_DEPLOY, CONTENT => db_s.mysql_p select role, pending_role, switchover_status from oceanbase.__all_virtual_server_stat;
[2026-10-04 02:34:47.838][INFO ] [DeployProcessor:93] - deploy => db_s.mysql_p select role, pending_role, switchover_status from oceanbase.__all_virtual_server_stat
[2026-10-04 02:34:47.838][INFO ] [Deploy         :287] - execute db_s.mysql_p select role, pending_role, switchover_status from oceanbase.__all_virtual_server_stat
[2026-10-04 02:34:47.838][INFO ] [Deploy         :287] - execute db_s.z1.obs0.mysql_p select role, pending_role, switchover_status from oceanbase.__all_virtual_server_stat
[2026-10-04 02:34:47.838][INFO ] [Role           :3304] - sql =>select role, pending_role, switchover_status from oceanbase.__all_virtual_server_stat
 will be executed with connection[z1.obs0]admin:admin@6.12.232.130:42036
[2026-10-04 02:34:47.863][INFO ] [Deploy         :294] - execute db_s.z1.obs0.mysql_p select role, pending_role, switchover_status from oceanbase.__all_virtual_server_stat result => role	pending_role	switchover_status
PRIMARY	INVALID	NORMAL
[2026-10-04 02:34:47.863][INFO ] [Deploy         :294] - execute db_s.mysql_p select role, pending_role, switchover_status from oceanbase.__all_virtual_server_stat result => role	pending_role	switchover_status
PRIMARY	INVALID	NORMAL
[2026-10-04 02:34:47.864][INFO ] [Command        :353] - start[1791052487838] time[26] tag[Q_DEPLOY]
[2026-10-04 02:34:47.864][INFO ] [Command        :536] - > LINE => 111, CMD => Q_QUERY, CONTENT => ALTER SYSTEM SWITCHOVER TO PRIMARY;
[2026-10-04 02:34:47.868][INFO ] [Command        :353] - start[1791052487864] time[3] tag[Q_QUERY]
[2026-10-04 02:34:47.868][INFO ] [Command        :536] - > LINE => 112, CMD => Q_DEPLOY, CONTENT => db_s.check_until_timeout select count(*) from oceanbase.__all_virtual_server_stat where role = 'PRIMARY' and pending_role = 'INVALID' and switchover_status = 'NORMAL', 1, 60;
[2026-10-04 02:34:47.868][INFO ] [DeployProcessor:93] - deploy => db_s.check_until_timeout select count(*) from oceanbase.__all_virtual_server_stat where role = 'PRIMARY' and pending_role = 'INVALID' and switchover_status = 'NORMAL', 1, 60
[2026-10-04 02:34:47.868][INFO ] [Deploy         :287] - execute db_s.check_until_timeout select count(*) from oceanbase.__all_virtual_server_stat where role = 'PRIMARY' and pending_role = 'INVALID' and switchover_status = 'NORMAL', 1, 60
[2026-10-04 02:34:47.868][INFO ] [Deploy         :287] - execute db_s.select_one_value select count(*) from oceanbase.__all_virtual_server_stat where role = 'PRIMARY' and pending_role = 'INVALID' and switchover_status = 'NORMAL'
[2026-10-04 02:34:47.869][INFO ] [SQLProcessor   :2086] - execute sql => select count(*) from oceanbase.__all_virtual_server_stat where role = 'PRIMARY' and pending_role = 'INVALID' and switchover_status = 'NORMAL'
[2026-10-04 02:34:47.877][INFO ] [Deploy         :294] - execute db_s.select_one_value select count(*) from oceanbase.__all_virtual_server_stat where role = 'PRIMARY' and pending_role = 'INVALID' and switchover_status = 'NORMAL' result => 1
[2026-10-04 02:34:47.877][INFO ] [OBI            :5345] - check success! use time = 0
[2026-10-04 02:34:47.877][INFO ] [Deploy         :294] - execute db_s.check_until_timeout select count(*) from oceanbase.__all_virtual_server_stat where role = 'PRIMARY' and pending_role = 'INVALID' and switchover_status = 'NORMAL', 1, 60 result => true
[2026-10-04 02:34:47.877][INFO ] [Command        :353] - start[1791052487868] time[8] tag[Q_DEPLOY]
[2026-10-04 02:34:47.878][INFO ] [Command        :536] - > LINE => 113, CMD => Q_DEPLOY, CONTENT => db_s.mysql_p select role, pending_role, switchover_status from oceanbase.__all_virtual_server_stat;
[2026-10-04 02:34:47.878][INFO ] [DeployProcessor:93] - deploy => db_s.mysql_p select role, pending_role, switchover_status from oceanbase.__all_virtual_server_stat
[2026-10-04 02:34:47.878][INFO ] [Deploy         :287] - execute db_s.mysql_p select role, pending_role, switchover_status from oceanbase.__all_virtual_server_stat
[2026-10-04 02:34:47.878][INFO ] [Deploy         :287] - execute db_s.z1.obs0.mysql_p select role, pending_role, switchover_status from oceanbase.__all_virtual_server_stat
[2026-10-04 02:34:47.878][INFO ] [Role           :3304] - sql =>select role, pending_role, switchover_status from oceanbase.__all_virtual_server_stat
 will be executed with connection[z1.obs0]admin:admin@6.12.232.130:42036
[2026-10-04 02:34:47.896][INFO ] [Deploy         :294] - execute db_s.z1.obs0.mysql_p select role, pending_role, switchover_status from oceanbase.__all_virtual_server_stat result => role	pending_role	switchover_status
PRIMARY	INVALID	NORMAL
[2026-10-04 02:34:47.896][INFO ] [Deploy         :294] - execute db_s.mysql_p select role, pending_role, switchover_status from oceanbase.__all_virtual_server_stat result => role	pending_role	switchover_status
PRIMARY	INVALID	NORMAL
[2026-10-04 02:34:47.896][INFO ] [Command        :353] - start[1791052487878] time[18] tag[Q_DEPLOY]
[2026-10-04 02:34:47.896][INFO ] [Command        :536] - > LINE => 117, CMD => Q_QUERY, CONTENT => create table if not exists test_table_new_primary(a int primary key, b int);
[2026-10-04 02:34:47.999][INFO ] [Command        :353] - start[1791052487896] time[102] tag[Q_QUERY]
[2026-10-04 02:34:47.999][INFO ] [Command        :536] - > LINE => 118, CMD => Q_QUERY, CONTENT => insert into test_table_new_primary values(1, 1);
[2026-10-04 02:34:48.07][INFO ] [Command        :353] - start[1791052488000] time[7] tag[Q_QUERY]
[2026-10-04 02:34:48.08][INFO ] [Command        :536] - > LINE => 120, CMD => Q_ECHO, CONTENT => Case 2 completed: Standby cluster successfully switched to primary
[2026-10-04 02:34:48.08][INFO ] [Command        :353] - start[1791052488008] time[0] tag[Q_ECHO]
[2026-10-04 02:34:48.09][INFO ] [Command        :536] - > LINE => 125, CMD => Q_ECHO, CONTENT => ========== Case 3: Standby Cluster Failover to Primary ==========
[2026-10-04 02:34:48.09][INFO ] [Command        :353] - start[1791052488009] time[0] tag[Q_ECHO]
[2026-10-04 02:34:48.09][INFO ] [Command        :536] - > LINE => 130, CMD => Q_SLEEP, CONTENT => 5
[2026-10-04 02:34:53.09][INFO ] [Command        :353] - start[1791052488009] time[5000] tag[Q_SLEEP]
[2026-10-04 02:34:53.10][INFO ] [Command        :536] - > LINE => 133, CMD => Q_DEPLOY, CONTENT => db_p.check_until_timeout select count(*) from oceanbase.__all_virtual_server_stat where role = 'STANDBY', 1, 30;
[2026-10-04 02:34:53.11][INFO ] [DeployProcessor:93] - deploy => db_p.check_until_timeout select count(*) from oceanbase.__all_virtual_server_stat where role = 'STANDBY', 1, 30
[2026-10-04 02:34:53.11][INFO ] [Deploy         :287] - execute db_p.check_until_timeout select count(*) from oceanbase.__all_virtual_server_stat where role = 'STANDBY', 1, 30
[2026-10-04 02:34:53.11][INFO ] [Deploy         :287] - execute db_p.select_one_value select count(*) from oceanbase.__all_virtual_server_stat where role = 'STANDBY'
[2026-10-04 02:34:53.11][INFO ] [SQLProcessor   :2086] - execute sql => select count(*) from oceanbase.__all_virtual_server_stat where role = 'STANDBY'
[2026-10-04 02:34:53.24][INFO ] [Deploy         :294] - execute db_p.select_one_value select count(*) from oceanbase.__all_virtual_server_stat where role = 'STANDBY' result => 1
[2026-10-04 02:34:53.25][INFO ] [OBI            :5345] - check success! use time = 0
[2026-10-04 02:34:53.25][INFO ] [Deploy         :294] - execute db_p.check_until_timeout select count(*) from oceanbase.__all_virtual_server_stat where role = 'STANDBY', 1, 30 result => true
[2026-10-04 02:34:53.25][INFO ] [Command        :353] - start[1791052493010] time[14] tag[Q_DEPLOY]
[2026-10-04 02:34:53.25][INFO ] [Command        :536] - > LINE => 134, CMD => Q_DEPLOY, CONTENT => db_p.mysql_p select role from oceanbase.__all_virtual_server_stat;
[2026-10-04 02:34:53.25][INFO ] [DeployProcessor:93] - deploy => db_p.mysql_p select role from oceanbase.__all_virtual_server_stat
[2026-10-04 02:34:53.26][INFO ] [Deploy         :287] - execute db_p.mysql_p select role from oceanbase.__all_virtual_server_stat
[2026-10-04 02:34:53.26][INFO ] [Deploy         :287] - execute db_p.z1.obs0.mysql_p select role from oceanbase.__all_virtual_server_stat
[2026-10-04 02:34:53.26][INFO ] [Role           :3304] - sql =>select role from oceanbase.__all_virtual_server_stat
 will be executed with connection[z1.obs0]admin:admin@6.12.232.130:42035
[2026-10-04 02:34:53.51][INFO ] [Deploy         :294] - execute db_p.z1.obs0.mysql_p select role from oceanbase.__all_virtual_server_stat result => role
STANDBY
[2026-10-04 02:34:53.52][INFO ] [Deploy         :294] - execute db_p.mysql_p select role from oceanbase.__all_virtual_server_stat result => role
STANDBY
[2026-10-04 02:34:53.52][INFO ] [Command        :353] - start[1791052493025] time[26] tag[Q_DEPLOY]
[2026-10-04 02:34:53.52][INFO ] [Command        :536] - > LINE => 140, CMD => Q_CONNECT, CONTENT => ob_connect(conn_sys_p, db_p.z1.obs0, root@sys, , oceanbase, , USE_MYSQL_CONNECTOR)
[2026-10-04 02:34:53.53][INFO ] [SQLProcessor   :1505] - conn_sys_p create a physical connection  using jdbc:mysql://6.12.232.130:42035/oceanbase?useAffectedRows=true&emulateUnsupportedPstmts=false&characterEncoding=utf8&useServerPrepStmts=true&prepStmtCacheSqlLimit=1000&enableQueryTimeouts=false&useLocalSessionState=false&useLocalTransactionState=false&rewriteBatchedStatements=true&allowMultiQueries=true&socketTimeout=1800000 user/pwd is root@sys/
[2026-10-04 02:34:53.67][INFO ] [SQLProcessor   :1519] - connection => conn_sys_p is mysql mode.
[2026-10-04 02:34:53.68][INFO ] [SQLProcessor   :1522] - put conn: dataid=conn_sys_p currentConn=com.mysql.cj.jdbc.ConnectionImpl@3c0be339 hashcode => 1007412025
[2026-10-04 02:34:53.68][INFO ] [Command        :353] - start[1791052493052] time[15] tag[Q_CONNECT]
[2026-10-04 02:34:53.68][INFO ] [Command        :536] - > LINE => 141, CMD => Q_CONNECTION, CONTENT => connection conn_sys_p
[2026-10-04 02:34:53.68][INFO ] [SQLProcessor   :1128] - use connection => conn_sys_p hashcode => 1007412025
[2026-10-04 02:34:53.70][INFO ] [SQLProcessor   :1158] - connection => conn_sys_p is mysql mode. conn=com.mysql.cj.jdbc.ConnectionImpl@3c0be339
[2026-10-04 02:34:53.70][INFO ] [Command        :353] - start[1791052493068] time[1] tag[Q_CONNECTION]
[2026-10-04 02:34:53.71][INFO ] [Command        :536] - > LINE => 143, CMD => Q_QUERY, CONTENT => create table test_table_standby_failover(a int);
[2026-10-04 02:34:53.73][INFO ] [SQLProcessor   :565] - error code =>  4688
[2026-10-04 02:34:53.73][INFO ] [SQLProcessor   :566] - sqlstate => HY000
[2026-10-04 02:34:53.73][INFO ] [SQLProcessor   :567] - err_msg => standby tenant is read only
[2026-10-04 02:34:53.73][ERROR] [Result         :119] - set code
com.etao.mytest.exception.ExecuteErrorException: set code 4688
	at com.etao.mytest.command.Result.setCode(Result.java:118)
	at com.etao.mytest.command.Result.setSQLException(Result.java:219)
	at com.etao.mytest.processor.SQLProcessor.staticQuery(SQLProcessor.java:575)
	at com.etao.mytest.processor.SQLProcessor.process(SQLProcessor.java:1951)
	at com.etao.mytest.command.Command.execute(Command.java:706)
	at com.etao.mytest.main.TestCase.run(TestCase.java:779)
	at com.etao.mytest.main.MyTest.main(MyTest.java:129)
[2026-10-04 02:34:53.73][ERROR] [SQLProcessor   :576] - execute create table test_table_standby_failover(a int) failed
java.sql.SQLException: standby tenant is read only
	at com.mysql.cj.jdbc.exceptions.SQLError.createSQLException(SQLError.java:130)
	at com.mysql.cj.jdbc.exceptions.SQLExceptionsMapping.translateException(SQLExceptionsMapping.java:122)
	at com.mysql.cj.jdbc.StatementImpl.executeInternal(StatementImpl.java:763)
	at com.mysql.cj.jdbc.StatementImpl.execute(StatementImpl.java:648)
	at com.etao.mytest.processor.SQLProcessor.staticQuery(SQLProcessor.java:550)
	at com.etao.mytest.processor.SQLProcessor.process(SQLProcessor.java:1951)
	at com.etao.mytest.command.Command.execute(Command.java:706)
	at com.etao.mytest.main.TestCase.run(TestCase.java:779)
	at com.etao.mytest.main.MyTest.main(MyTest.java:129)
[2026-10-04 02:34:53.73][INFO ] [Command        :353] - start[1791052493071] time[2] tag[Q_QUERY]
[2026-10-04 02:34:53.74][INFO ] [Command        :536] - > LINE => 145, CMD => Q_QUERY, CONTENT => insert into test_table_primary values(3, 3);
[2026-10-04 02:34:53.75][INFO ] [SQLProcessor   :565] - error code =>  4688
[2026-10-04 02:34:53.75][INFO ] [SQLProcessor   :566] - sqlstate => HY000
[2026-10-04 02:34:53.75][INFO ] [SQLProcessor   :567] - err_msg => standby tenant is read only
[2026-10-04 02:34:53.75][ERROR] [Result         :119] - set code
com.etao.mytest.exception.ExecuteErrorException: set code 4688
	at com.etao.mytest.command.Result.setCode(Result.java:118)
	at com.etao.mytest.command.Result.setSQLException(Result.java:219)
	at com.etao.mytest.processor.SQLProcessor.staticQuery(SQLProcessor.java:575)
	at com.etao.mytest.processor.SQLProcessor.process(SQLProcessor.java:1951)
	at com.etao.mytest.command.Command.execute(Command.java:706)
	at com.etao.mytest.main.TestCase.run(TestCase.java:779)
	at com.etao.mytest.main.MyTest.main(MyTest.java:129)
[2026-10-04 02:34:53.75][ERROR] [SQLProcessor   :576] - execute insert into test_table_primary values(3, 3) failed
java.sql.SQLException: standby tenant is read only
	at com.mysql.cj.jdbc.exceptions.SQLError.createSQLException(SQLError.java:130)
	at com.mysql.cj.jdbc.exceptions.SQLExceptionsMapping.translateException(SQLExceptionsMapping.java:122)
	at com.mysql.cj.jdbc.StatementImpl.executeInternal(StatementImpl.java:763)
	at com.mysql.cj.jdbc.StatementImpl.execute(StatementImpl.java:648)
	at com.etao.mytest.processor.SQLProcessor.staticQuery(SQLProcessor.java:550)
	at com.etao.mytest.processor.SQLProcessor.process(SQLProcessor.java:1951)
	at com.etao.mytest.command.Command.execute(Command.java:706)
	at com.etao.mytest.main.TestCase.run(TestCase.java:779)
	at com.etao.mytest.main.MyTest.main(MyTest.java:129)
[2026-10-04 02:34:53.75][INFO ] [Command        :353] - start[1791052493074] time[1] tag[Q_QUERY]
[2026-10-04 02:34:53.75][INFO ] [Command        :536] - > LINE => 148, CMD => Q_QUERY, CONTENT => ALTER SYSTEM ACTIVATE STANDBY VERIFY;
[2026-10-04 02:34:53.80][INFO ] [Command        :353] - start[1791052493076] time[4] tag[Q_QUERY]
[2026-10-04 02:34:53.81][INFO ] [Command        :536] - > LINE => 151, CMD => Q_DEPLOY, CONTENT => db_p.mysql_p select role from oceanbase.__all_virtual_server_stat;
[2026-10-04 02:34:53.81][INFO ] [DeployProcessor:93] - deploy => db_p.mysql_p select role from oceanbase.__all_virtual_server_stat
[2026-10-04 02:34:53.81][INFO ] [Deploy         :287] - execute db_p.mysql_p select role from oceanbase.__all_virtual_server_stat
[2026-10-04 02:34:53.82][INFO ] [Deploy         :287] - execute db_p.z1.obs0.mysql_p select role from oceanbase.__all_virtual_server_stat
[2026-10-04 02:34:53.82][INFO ] [Role           :3304] - sql =>select role from oceanbase.__all_virtual_server_stat
 will be executed with connection[z1.obs0]admin:admin@6.12.232.130:42035
[2026-10-04 02:34:53.101][INFO ] [Deploy         :294] - execute db_p.z1.obs0.mysql_p select role from oceanbase.__all_virtual_server_stat result => role
STANDBY
[2026-10-04 02:34:53.101][INFO ] [Deploy         :294] - execute db_p.mysql_p select role from oceanbase.__all_virtual_server_stat result => role
STANDBY
[2026-10-04 02:34:53.101][INFO ] [Command        :353] - start[1791052493081] time[20] tag[Q_DEPLOY]
[2026-10-04 02:34:53.102][INFO ] [Command        :536] - > LINE => 155, CMD => Q_DEPLOY, CONTENT => db_s.force_stop;
[2026-10-04 02:34:53.102][INFO ] [DeployProcessor:93] - deploy => db_s.force_stop
[2026-10-04 02:34:53.104][INFO ] [Deploy         :287] - execute db_s.z1.obs0.force_stop 
[2026-10-04 02:34:53.104][INFO ] [Role           :1307] - pkill -9 -u nijia.nj -f '^/data/1/nijia.nj/test/namespace_standby_20261003_v1/work/db_s.z1.obs0/bin/observer|^/data/1/nijia.nj/test/namespace_standby_20261003_v1/work/db_s.z1.obs0/bin/obesi' on 6.12.232.130
[2026-10-04 02:34:53.142][INFO ] [Role           :1309] - pkill result is => 0
[2026-10-04 02:34:53.143][INFO ] [Role           :1142] - wait stop /data/1/nijia.nj/test/namespace_standby_20261003_v1/work/db_s.z1.obs0/bin/observer on 6.12.232.130
[2026-10-04 02:34:53.143][INFO ] [Role           :1190] - ps uxf | grep "/data/1/nijia.nj/test/namespace_standby_20261003_v1/work/db_s.z1.obs0/bin/observer" | grep -v grep
[2026-10-04 02:34:53.188][INFO ] [Role           :1154] - check port on 6.12.232.130
[2026-10-04 02:34:53.189][INFO ] [RemoteShell    :143] - netstat -lpnt 2>/dev/null | grep '0.0.0.0:42001 ' | awk -F ' ' '{print $7}'
[2026-10-04 02:34:53.229][INFO ] [RemoteShell    :143] - netstat -lpnt 2>/dev/null | grep '0.0.0.0:42036 ' | awk -F ' ' '{print $7}'
[2026-10-04 02:34:53.265][INFO ] [Role           :1164] - stop obs0 took 2 s
[2026-10-04 02:34:53.265][INFO ] [Deploy         :294] - execute db_s.z1.obs0.force_stop  result => true
[2026-10-04 02:34:53.265][INFO ] [Deploy         :362] - execute db_s.z1.force_stop  result => true [true]
[2026-10-04 02:34:53.265][INFO ] [Deploy         :362] - execute db_s.force_stop result => true [true]
[2026-10-04 02:34:53.266][INFO ] [Command        :353] - start[1791052493102] time[164] tag[Q_DEPLOY]
[2026-10-04 02:34:53.267][INFO ] [Command        :536] - > LINE => 156, CMD => Q_QUERY, CONTENT => ALTER SYSTEM ACTIVATE STANDBY;
[2026-10-04 02:34:53.279][INFO ] [Command        :353] - start[1791052493268] time[11] tag[Q_QUERY]
[2026-10-04 02:34:53.280][INFO ] [Command        :536] - > LINE => 159, CMD => Q_DEPLOY, CONTENT => db_p.check_until_timeout select count(*) from oceanbase.__all_virtual_server_stat where role = 'PRIMARY' and pending_role = 'INVALID' and switchover_status = 'NORMAL', 1, 60;
[2026-10-04 02:34:53.280][INFO ] [DeployProcessor:93] - deploy => db_p.check_until_timeout select count(*) from oceanbase.__all_virtual_server_stat where role = 'PRIMARY' and pending_role = 'INVALID' and switchover_status = 'NORMAL', 1, 60
[2026-10-04 02:34:53.280][INFO ] [Deploy         :287] - execute db_p.check_until_timeout select count(*) from oceanbase.__all_virtual_server_stat where role = 'PRIMARY' and pending_role = 'INVALID' and switchover_status = 'NORMAL', 1, 60
[2026-10-04 02:34:53.281][INFO ] [Deploy         :287] - execute db_p.select_one_value select count(*) from oceanbase.__all_virtual_server_stat where role = 'PRIMARY' and pending_role = 'INVALID' and switchover_status = 'NORMAL'
[2026-10-04 02:34:53.281][INFO ] [SQLProcessor   :2086] - execute sql => select count(*) from oceanbase.__all_virtual_server_stat where role = 'PRIMARY' and pending_role = 'INVALID' and switchover_status = 'NORMAL'
[2026-10-04 02:34:53.291][INFO ] [Deploy         :294] - execute db_p.select_one_value select count(*) from oceanbase.__all_virtual_server_stat where role = 'PRIMARY' and pending_role = 'INVALID' and switchover_status = 'NORMAL' result => 1
[2026-10-04 02:34:53.291][INFO ] [OBI            :5345] - check success! use time = 0
[2026-10-04 02:34:53.291][INFO ] [Deploy         :294] - execute db_p.check_until_timeout select count(*) from oceanbase.__all_virtual_server_stat where role = 'PRIMARY' and pending_role = 'INVALID' and switchover_status = 'NORMAL', 1, 60 result => true
[2026-10-04 02:34:53.291][INFO ] [Command        :353] - start[1791052493280] time[11] tag[Q_DEPLOY]
[2026-10-04 02:34:53.292][INFO ] [Command        :536] - > LINE => 162, CMD => Q_QUERY, CONTENT => create table if not exists test_table_failover_primary(a int primary key, b int);
[2026-10-04 02:34:53.376][INFO ] [Command        :353] - start[1791052493292] time[84] tag[Q_QUERY]
[2026-10-04 02:34:53.377][INFO ] [Command        :536] - > LINE => 163, CMD => Q_QUERY, CONTENT => insert into test_table_failover_primary values(1, 1);
[2026-10-04 02:34:53.384][INFO ] [Command        :353] - start[1791052493377] time[6] tag[Q_QUERY]
[2026-10-04 02:34:53.384][INFO ] [Command        :536] - > LINE => 167, CMD => Q_ECHO, CONTENT => Case 3 completed: Standby cluster successfully failed over to primary
[2026-10-04 02:34:53.384][INFO ] [Command        :353] - start[1791052493384] time[0] tag[Q_ECHO]
[2026-10-04 02:34:53.384][INFO ] [Command        :536] - > LINE => 172, CMD => Q_ECHO, CONTENT => ========== Test Summary ==========
[2026-10-04 02:34:53.385][INFO ] [Command        :353] - start[1791052493385] time[0] tag[Q_ECHO]
[2026-10-04 02:34:53.385][INFO ] [Command        :536] - > LINE => 173, CMD => Q_ECHO, CONTENT => All test cases completed successfully:
[2026-10-04 02:34:53.385][INFO ] [Command        :353] - start[1791052493385] time[0] tag[Q_ECHO]
[2026-10-04 02:34:53.385][INFO ] [Command        :536] - > LINE => 174, CMD => Q_ECHO, CONTENT => 1. Primary cluster switchover to standby (with verify): PASSED
[2026-10-04 02:34:53.385][INFO ] [Command        :353] - start[1791052493385] time[0] tag[Q_ECHO]
[2026-10-04 02:34:53.386][INFO ] [Command        :536] - > LINE => 175, CMD => Q_ECHO, CONTENT => 2. Standby cluster switchover to primary (with verify): PASSED
[2026-10-04 02:34:53.386][INFO ] [Command        :353] - start[1791052493386] time[0] tag[Q_ECHO]
[2026-10-04 02:34:53.386][INFO ] [Command        :536] - > LINE => 176, CMD => Q_ECHO, CONTENT => 3. Standby cluster failover to primary (with verify): PASSED
[2026-10-04 02:34:53.386][INFO ] [Command        :353] - start[1791052493386] time[0] tag[Q_ECHO]
[2026-10-04 02:34:53.391][INFO ] [TestCase       :832] - test success
[2026-10-04 02:34:53.392][INFO ] [MyTest         :151] - cost ts 86s exitcode 0
Shutdown hook ran!
