Run case stanby/one_primary_multi_standby
[2026-10-03 04:54:24.156][INFO ] [MyTest         :78] - print args => [-use_ob_connector, true, -result_file, r/stanby/one_primary_multi_standby.result, -test_file, t/stanby/one_primary_multi_standby.test]
[-use_ob_connector, true, -result_file, r/stanby/one_primary_multi_standby.result, -test_file, t/stanby/one_primary_multi_standby.test]
[2026-10-03 04:54:24.159][INFO ] [MyTest         :81] - start case => t/stanby/one_primary_multi_standby.test
[2026-10-03 04:54:24.165][INFO ] [MyTest         :84] - use data id => obtest_nijia.nj_6.12.232.130
[2026-10-03 04:54:24.232][INFO ] [TestCase       :107] - initilize deploy processor
[2026-10-03 04:54:24.246][INFO ] [DeployConfig   :590] - config port and dataid. port_base=>1124, obs_port=>1124, mysql_port=>1159, data_id=>obtest_nijia.nj_6.12.232.130_0, port_offset=>0
[2026-10-03 04:54:24.290][INFO ] [DeployConfig   :577] - config port and dataid. port_base=>42000, obs_port=>42000, mysql_port=>42035, data_id=>obtest_nijia.nj_6.12.232.130_042000
[2026-10-03 04:54:24.299][INFO ] [OfsProcessor   :53] - ofs_deployer: null/hap.py
[2026-10-03 04:54:24.300][INFO ] [OfsCreateTenantProcessor:32] - ofsshell: null/../../bin/ofsshell
[2026-10-03 04:54:24.301][INFO ] [TestCase       :761] - Read file => t/stanby/one_primary_multi_standby.test
[2026-10-03 04:54:24.303][INFO ] [TestCase       :721] - Finish read case: file_lines => 433, lineNo => 207
[2026-10-03 04:54:24.313][INFO ] [Command        :536] - > LINE => 26, CMD => Q_DEPLOY, CONTENT => db_p=OBI(cluster=1,proxy_num=0,role=primary);
[2026-10-03 04:54:24.317][INFO ] [DeployProcessor:78] - OBI define => db_p=OBI(cluster=1,proxy_num=0,role=primary)
[2026-10-03 04:54:24.334][INFO ] [Deploy         :381] - execute db_p.z_num result => 1 result type => java.lang.Integer
[2026-10-03 04:54:24.660][INFO ] [Deploy         :464] - assign rpc port. observer=>db_p.z1.obs0, rpc_port=>42000
[2026-10-03 04:54:24.663][INFO ] [Deploy         :471] - assign mysql port. observer=>db_p.z1.obs0, mysql_port=>42035
[2026-10-03 04:54:24.664][INFO ] [Deploy         :478] - assign backup io rpc port. observer=>db_p.z1.obs0, obesi_port=>42070
[2026-10-03 04:54:24.681][INFO ] [OBLog          :99] - config.ob_version='.'
[2026-10-03 04:54:24.681][INFO ] [OBLog          :100] - config.oblog_version='default'
[2026-10-03 04:54:24.681][INFO ] [OBLog          :117] - set oblog version='.'
[2026-10-03 04:54:24.682][INFO ] [OBLog          :126] - set oblog work_dir=''
[2026-10-03 04:54:24.682][INFO ] [OBLog          :148] - oblog.is_obcdc_exist: false
[2026-10-03 04:54:24.682][INFO ] [OBLog          :149] - oblog.exec: oblog/oblog_tailf
[2026-10-03 04:54:24.688][INFO ] [OBLog          :150] - oblog.configFile: oblog/liboblog.conf
[2026-10-03 04:54:24.688][INFO ] [OBLog          :151] - oblog.dataFile: oblog/data.log
[2026-10-03 04:54:24.688][INFO ] [OBLog          :152] - oblog.envCon: LD_LIBRARY_PATH=oblog:$LD_LIBRARY_PATH
[2026-10-03 04:54:24.692][INFO ] [OBLog          :153] - oblog.startCmdHead: ulimit -c unlimited; LD_LIBRARY_PATH=oblog:$LD_LIBRARY_PATH oblog/oblog_tailf
[2026-10-03 04:54:24.692][INFO ] [OBLog          :154] - oblog.defaultStartCmd: ulimit -c unlimited; LD_LIBRARY_PATH=oblog:$LD_LIBRARY_PATH oblog/oblog_tailf  -f oblog/liboblog.conf -D oblog/data.log -H oblog/heartbeat.log -d
[2026-10-03 04:54:25.51][INFO ] [Deploy         :1128] - start observer version is lite mode: true
[2026-10-03 04:54:25.51][INFO ] [Command        :353] - start[1790974464314] time[737] tag[Q_DEPLOY]
[2026-10-03 04:54:25.56][INFO ] [Command        :536] - > LINE => 27, CMD => Q_DEPLOY, CONTENT => db_p.reboot;
[2026-10-03 04:54:25.57][INFO ] [DeployProcessor:93] - deploy => db_p.reboot
[2026-10-03 04:54:25.58][INFO ] [Deploy         :287] - execute db_p.reset
[2026-10-03 04:54:25.58][INFO ] [Deploy         :381] - execute db_p.lite_mode result => true result type => java.lang.Boolean
[2026-10-03 04:54:25.58][INFO ] [Deploy         :294] - execute db_p.reset result => true
[2026-10-03 04:54:25.58][INFO ] [Deploy         :287] - execute db_p.clean_asvr
[2026-10-03 04:54:25.59][INFO ] [Deploy         :294] - execute db_p.clean_asvr result => true
[2026-10-03 04:54:25.63][INFO ] [Deploy         :287] - execute db_p.z1.obs0.force_stop_asvr
[2026-10-03 04:54:25.65][INFO ] [Role           :1228] - pkill -9 -u nijia.nj -f '^/data/1/nijia.nj/test/namespace_standby_20261003_v1/work/db_p.asvr0/bin/observer' on 6.12.232.130
[2026-10-03 04:54:25.107][INFO ] [Role           :1230] - pkill asvr result is => 1
[2026-10-03 04:54:25.107][INFO ] [Deploy         :294] - execute db_p.z1.obs0.force_stop_asvr result => true
[2026-10-03 04:54:25.108][INFO ] [Deploy         :287] - execute db_p.z1.obs0.rmdir_asvr
[2026-10-03 04:54:25.108][INFO ] [Role           :1237] - try to remove asvr dir server  => db_p.z1.obs0
[2026-10-03 04:54:25.115][INFO ] [Role           :1264] - rm -fr /data/1/nijia.nj/test/namespace_standby_20261003_v1/work/db_p.asvr0 , on => 6.12.232.130 rc => 0 stdout => null
[2026-10-03 04:54:25.115][INFO ] [Deploy         :294] - execute db_p.z1.obs0.rmdir_asvr result => true
[2026-10-03 04:54:25.115][INFO ] [Deploy         :331] - execute db_p.z1.obs0.clean_asvr  result => true
[2026-10-03 04:54:25.116][INFO ] [Deploy         :362] - execute db_p.z1.clean_asvr  result => true [true]
[2026-10-03 04:54:25.116][INFO ] [Deploy         :362] - execute db_p.clean_asvr_everywhere result => true [true]
[2026-10-03 04:54:25.117][INFO ] [Deploy         :331] - execute db_p.clean_all_asvr result => true
[2026-10-03 04:54:25.117][INFO ] [Deploy         :287] - execute db_p.deploy_logservice
[2026-10-03 04:54:25.118][INFO ] [Deploy         :294] - execute db_p.deploy_logservice result => true
[2026-10-03 04:54:25.118][INFO ] [Deploy         :287] - execute db_p.bootstrap_logservice
[2026-10-03 04:54:25.119][INFO ] [Deploy         :294] - execute db_p.bootstrap_logservice result => true
[2026-10-03 04:54:25.119][INFO ] [Deploy         :331] - execute db_p.reboot_logservice result => true
[2026-10-03 04:54:25.121][INFO ] [Deploy         :287] - execute db_p.z1.check_local_bin
[2026-10-03 04:54:25.129][INFO ] [Deploy         :294] - execute db_p.z1.check_local_bin result => true
[2026-10-03 04:54:25.129][INFO ] [Deploy         :287] - execute db_p.z1.check_ssh
[2026-10-03 04:54:25.130][INFO ] [Deploy         :294] - execute db_p.z1.check_ssh result => true
[2026-10-03 04:54:25.131][INFO ] [Deploy         :287] - execute db_p.z1.obs0.check_dir 
[2026-10-03 04:54:25.150][INFO ] [Deploy         :294] - execute db_p.z1.obs0.check_dir  result => true
[2026-10-03 04:54:25.150][INFO ] [Deploy         :362] - execute db_p.z1.check_dir result => true [true]
[2026-10-03 04:54:25.152][INFO ] [Deploy         :287] - execute db_p.z1.obs0.force_stop 
[2026-10-03 04:54:25.165][INFO ] [Role           :1307] - pkill -9 -u nijia.nj -f '^/data/1/nijia.nj/test/namespace_standby_20261003_v1/work/db_p.z1.obs0/bin/observer|^/data/1/nijia.nj/test/namespace_standby_20261003_v1/work/db_p.z1.obs0/bin/obesi' on 6.12.232.130
[2026-10-03 04:54:25.182][INFO ] [Role           :1309] - pkill result is => 1
[2026-10-03 04:54:25.183][INFO ] [Role           :1142] - wait stop /data/1/nijia.nj/test/namespace_standby_20261003_v1/work/db_p.z1.obs0/bin/observer on 6.12.232.130
[2026-10-03 04:54:25.183][INFO ] [Role           :1190] - ps uxf | grep "/data/1/nijia.nj/test/namespace_standby_20261003_v1/work/db_p.z1.obs0/bin/observer" | grep -v grep
[2026-10-03 04:54:25.232][INFO ] [Role           :1154] - check port on 6.12.232.130
[2026-10-03 04:54:25.234][INFO ] [RemoteShell    :143] - netstat -lpnt 2>/dev/null | grep '0.0.0.0:42000 ' | awk -F ' ' '{print $7}'
[2026-10-03 04:54:25.275][INFO ] [RemoteShell    :143] - netstat -lpnt 2>/dev/null | grep '0.0.0.0:42035 ' | awk -F ' ' '{print $7}'
[2026-10-03 04:54:25.312][INFO ] [Role           :1164] - stop obs0 took 2 s
[2026-10-03 04:54:25.313][INFO ] [Deploy         :294] - execute db_p.z1.obs0.force_stop  result => true
[2026-10-03 04:54:25.313][INFO ] [Deploy         :362] - execute db_p.z1.force_stop result => true [true]
[2026-10-03 04:54:25.314][INFO ] [Deploy         :362] - execute db_p.z1.force_stop_logstore result => true []
[2026-10-03 04:54:25.315][INFO ] [Deploy         :331] - execute db_p.z1.force_stop_all result => true
[2026-10-03 04:54:25.316][INFO ] [Deploy         :287] - execute db_p.z1.obs0.rmdir 
[2026-10-03 04:54:25.316][INFO ] [Deploy         :381] - execute db_p.lite_mode result => true result type => java.lang.Boolean
[2026-10-03 04:54:25.317][INFO ] [Role           :1395] - rm -fr /data/1/nijia.nj/test/namespace_standby_20261003_v1/data/db_p.z1.obs0.nijia.nj/sstable /data/1/nijia.nj/test/namespace_standby_20261003_v1/clog/db_p.z1.obs0.nijia.nj/store /data/1/nijia.nj/test/namespace_standby_20261003_v1/clog/db_p.z1.obs0.nijia.nj/store/slog /data/1/nijia.nj/test/namespace_standby_20261003_v1/data/db_p.z1.obs0.nijia.nj/sort_dir , on => 6.12.232.130
[2026-10-03 04:54:25.324][INFO ] [Role           :1397] - rm -fr /data/1/nijia.nj/test/namespace_standby_20261003_v1/data/db_p.z1.obs0.nijia.nj/sstable /data/1/nijia.nj/test/namespace_standby_20261003_v1/clog/db_p.z1.obs0.nijia.nj/store /data/1/nijia.nj/test/namespace_standby_20261003_v1/clog/db_p.z1.obs0.nijia.nj/store/slog /data/1/nijia.nj/test/namespace_standby_20261003_v1/data/db_p.z1.obs0.nijia.nj/sort_dir , on => 6.12.232.130 rc => 0 stdout => null
[2026-10-03 04:54:25.350][INFO ] [Role           :1402] - rm -fr /data/1/nijia.nj/test/namespace_standby_20261003_v1/work/db_p.z1.obs0/log , on => 6.12.232.130 rc => 0 stdout => null
[2026-10-03 04:54:25.355][INFO ] [Role           :1407] - rm -fr /data/1/nijia.nj/test/namespace_standby_20261003_v1/work/db_p.z1.obs0/admin , on => 6.12.232.130 rc => 0 stdout => null
[2026-10-03 04:54:25.360][INFO ] [Role           :1412] - rm -fr /data/1/nijia.nj/test/namespace_standby_20261003_v1/work/db_p.z1.obs0/wallet , on => 6.12.232.130 rc => 0 stdout => null
[2026-10-03 04:54:25.365][INFO ] [Role           :1417] - rm -fr /data/1/nijia.nj/test/namespace_standby_20261003_v1/work/db_p.z1.obs0/etc/observer.c*nf*.bin* /data/1/nijia.nj/test/namespace_standby_20261003_v1/work/db_p.z1.obs0/etc/seekdb.c*nf*.bin* , on => 6.12.232.130 rc => 0 stdout => null
[2026-10-03 04:54:25.369][INFO ] [Role           :1423] - rm -fr /data/1/nijia.nj/test/namespace_standby_20261003_v1/work/db_p.z1.obs0/etc/observer.data_version.bin* /data/1/nijia.nj/test/namespace_standby_20261003_v1/work/db_p.z1.obs0/etc/seekdb.data_version.bin* , on => 6.12.232.130 rc => 0 stdout => null
[2026-10-03 04:54:25.374][INFO ] [Role           :1429] - rm -fr /data/1/nijia.nj/test/namespace_standby_20261003_v1/work/db_p.z1.obs0/etc2/observer.c*nf*.bin* , on => 6.12.232.130 rc => 0 stdout => null
[2026-10-03 04:54:25.379][INFO ] [Role           :1434] - rm -fr /data/1/nijia.nj/test/namespace_standby_20261003_v1/work/db_p.z1.obs0/etc3/observer.c*nf*.bin* , on => 6.12.232.130 rc => 0 stdout => null
[2026-10-03 04:54:25.383][INFO ] [Role           :1439] - rm -fr /data/1/nijia.nj/test/namespace_standby_20261003_v1/work/db_p.z1.obs0/run/observer.pid /data/1/nijia.nj/test/namespace_standby_20261003_v1/work/db_p.z1.obs0/run/seekdb.pid , on => 6.12.232.130 rc => 0 stdout => null
[2026-10-03 04:54:25.387][INFO ] [Role           :1444] - rm -fr /data/1/nijia.nj/test/namespace_standby_20261003_v1/work/db_p.z1.obs0/store/clog_shm , on => 6.12.232.130 rc => 0 stdout => null
[2026-10-03 04:54:25.392][INFO ] [Role           :1449] - rm -fr /data/1/nijia.nj/test/namespace_standby_20261003_v1/work/db_p.z1.obs0/store/ilog_shm , on => 6.12.232.130 rc => 0 stdout => null
[2026-10-03 04:54:25.397][INFO ] [Role           :1454] - rm -fr /data/1/nijia.nj/test/namespace_standby_20261003_v1/work/db_p.z1.obs0/store/manifest* , on => 6.12.232.130 rc => 0 stdout => null
[2026-10-03 04:54:25.406][INFO ] [Role           :1467] - rm -fr /data/1/nijia.nj/test/namespace_standby_20261003_v1/work/db_p.z1.obs0/core* , on => 6.12.232.130 rc => 0 stdout => null
[2026-10-03 04:54:25.412][INFO ] [Role           :1504] - rm -fr /data/1/nijia.nj/test/namespace_standby_20261003_v1/clog/db_p.z1.obs0.nijia.nj/ /data/1/nijia.nj/test/namespace_standby_20261003_v1/data/db_p.z1.obs0.nijia.nj/ , on => 6.12.232.130 rc => 0 stdout => null
[2026-10-03 04:54:25.634][INFO ] [Role           :1510] - rm -fr /data/1/nijia.nj/test/namespace_standby_20261003_v1/work/db_p.z1.obs0 , on => 6.12.232.130 rc => 0 stdout => null
[2026-10-03 04:54:25.652][INFO ] [Deploy         :294] - execute db_p.z1.obs0.rmdir  result => true
[2026-10-03 04:54:25.652][INFO ] [Deploy         :362] - execute db_p.z1.rmdir result => true [true]
[2026-10-03 04:54:25.652][INFO ] [Deploy         :331] - execute db_p.z1.cleanup result => true
[2026-10-03 04:54:25.653][INFO ] [Deploy         :362] - execute db_p.z1.cleanup_logstore result => true []
[2026-10-03 04:54:25.653][INFO ] [Deploy         :331] - execute db_p.z1.cleanup_all result => true
[2026-10-03 04:54:25.653][INFO ] [Deploy         :287] - execute db_p.z1.genconf
[2026-10-03 04:54:25.653][INFO ] [Deploy         :294] - execute db_p.z1.genconf result => true
[2026-10-03 04:54:25.654][INFO ] [Deploy         :287] - execute db_p.z1.obs0.mkdir 
[2026-10-03 04:54:25.655][INFO ] [Role           :1768] - mkdir -p /data/1/nijia.nj/test/namespace_standby_20261003_v1/work/db_p.z1.obs0/store/;mkdir -p /data/1/nijia.nj/test/namespace_standby_20261003_v1/clog/db_p.z1.obs0.nijia.nj/store/clog /data/1/nijia.nj/test/namespace_standby_20261003_v1/clog/db_p.z1.obs0.nijia.nj/store/ilog /data/1/nijia.nj/test/namespace_standby_20261003_v1/clog/db_p.z1.obs0.nijia.nj/store/slog /data/1/nijia.nj/test/namespace_standby_20261003_v1/data/db_p.z1.obs0.nijia.nj/sort_dir /data/1/nijia.nj/test/namespace_standby_20261003_v1/data/db_p.z1.obs0.nijia.nj/sstable;ln -sf /data/1/nijia.nj/test/namespace_standby_20261003_v1/data/db_p.z1.obs0.nijia.nj/sstable /data/1/nijia.nj/test/namespace_standby_20261003_v1/work/db_p.z1.obs0/store/;ln -sf /data/1/nijia.nj/test/namespace_standby_20261003_v1/clog/db_p.z1.obs0.nijia.nj/store/clog /data/1/nijia.nj/test/namespace_standby_20261003_v1/work/db_p.z1.obs0/store/;ln -sf /data/1/nijia.nj/test/namespace_standby_20261003_v1/clog/db_p.z1.obs0.nijia.nj/store/ilog /data/1/nijia.nj/test/namespace_standby_20261003_v1/work/db_p.z1.obs0/store/;ln -sf /data/1/nijia.nj/test/namespace_standby_20261003_v1/clog/db_p.z1.obs0.nijia.nj/store/slog /data/1/nijia.nj/test/namespace_standby_20261003_v1/work/db_p.z1.obs0/store/;ln -sf /data/1/nijia.nj/test/namespace_standby_20261003_v1/data/db_p.z1.obs0.nijia.nj/sort_dir /data/1/nijia.nj/test/namespace_standby_20261003_v1/work/db_p.z1.obs0/store/ on 6.12.232.130
[2026-10-03 04:54:25.670][INFO ] [Deploy         :294] - execute db_p.z1.obs0.mkdir  result => true
[2026-10-03 04:54:25.671][INFO ] [Deploy         :362] - execute db_p.z1.mkdir_obs result => true [true]
[2026-10-03 04:54:25.671][INFO ] [Deploy         :362] - execute db_p.z1.mkdir_logstore result => true []
[2026-10-03 04:54:25.671][INFO ] [Deploy         :331] - execute db_p.z1.mkdir result => true
[2026-10-03 04:54:25.674][INFO ] [Deploy         :287] - execute db_p.z1.obs0.rsync 
[2026-10-03 04:54:25.679][INFO ] [Role           :1648] - sync server finish, time = 1
[2026-10-03 04:54:25.679][INFO ] [Role           :1563] - rsync server => db_p.z1.obs0 version if specified => .
[2026-10-03 04:54:25.698][INFO ] [Role           :1635] - check disk dir ==> './admin' exist
[2026-10-03 04:54:25.703][WARN ] [Role           :1638] - check disk dir ==> './plugin_dir' not exist
[2026-10-03 04:54:25.710][INFO ] [Role           :1635] - check disk dir ==> './wallet' exist
[2026-10-03 04:54:25.712][INFO ] [Role           :1590] - transfer cmd to =>  rsync -WrptgoDRLv --timeout=600 bin etc lib  admin  wallet /data/1/nijia.nj/test/namespace_standby_20261003_v1/work/db_p.z1.obs0
[2026-10-03 04:54:37.872][INFO ] [Role           :1604] - rsync cmd =>  rsync -WrptgoDRLv --timeout=600 bin etc lib  admin  wallet /data/1/nijia.nj/test/namespace_standby_20261003_v1/work/db_p.z1.obs0
[2026-10-03 04:54:37.872][INFO ] [Deploy         :294] - execute db_p.z1.obs0.rsync  result => true
[2026-10-03 04:54:37.873][INFO ] [Deploy         :362] - execute db_p.z1.rsync_obs result => true [true]
[2026-10-03 04:54:37.873][INFO ] [Deploy         :362] - execute db_p.z1.rsync_logstore result => true []
[2026-10-03 04:54:37.874][INFO ] [Deploy         :331] - execute db_p.z1.rsync result => true
[2026-10-03 04:54:37.874][INFO ] [Deploy         :362] - execute db_p.z1.start_logstore result => true []
[2026-10-03 04:54:37.875][INFO ] [Deploy         :287] - execute db_p.z1.sleep 5
[2026-10-03 04:54:42.876][INFO ] [Deploy         :294] - execute db_p.z1.sleep 5 result => true
[2026-10-03 04:54:42.877][INFO ] [Deploy         :287] - execute db_p.z1.obs0.start 
[2026-10-03 04:54:42.877][INFO ] [Deploy         :381] - execute db_p.lite_mode result => true result type => java.lang.Boolean
[2026-10-03 04:54:42.879][INFO ] [Deploy         :381] - execute db_p.lite_mode result => true result type => java.lang.Boolean
6.12.232.130 is not a valid IPv6 address.
[2026-10-03 04:54:42.886][INFO ] [Role           :539] - cluster_id1
[2026-10-03 04:54:42.887][INFO ] [Deploy         :381] - execute db_p.z_num result => 1 result type => java.lang.Integer
[2026-10-03 04:54:42.887][INFO ] [Role           :552] - db_p have 1 ZONE
[2026-10-03 04:54:42.887][INFO ] [Role           :584] - ofs_list ofs_list='z1@' has_ofs_zone false
[2026-10-03 04:54:42.888][INFO ] [Role           :637] - ulimit -c unlimited -s 4096;cd /data/1/nijia.nj/test/namespace_standby_20261003_v1/work/db_p.z1.obs0;LD_LIBRARY_PATH=./lib:/usr/local/lib:/usr/lib:/usr/lib64:/usr/local/lib64:$LD_LIBRARY_PATH /data/1/nijia.nj/test/namespace_standby_20261003_v1/work/db_p.z1.obs0/bin/observer --port 42035 --data-dir /data/1/nijia.nj/test/namespace_standby_20261003_v1/work/db_p.z1.obs0/store --redo-dir /data/1/nijia.nj/test/namespace_standby_20261003_v1/work/db_p.z1.obs0/store/clog  --role=PRIMARY --parameter enable_rpc_service=true --parameter rpc_port=42000 --parameter datafile_size='2G' --parameter log_disk_size='2G' --parameter cpu_count=4 --parameter memory_limit='8G' on 6.12.232.130
[2026-10-03 04:54:42.957][INFO ] [Deploy         :294] - execute db_p.z1.obs0.start  result => true
[2026-10-03 04:54:42.959][INFO ] [Deploy         :362] - execute db_p.z1.start_obs result => true [true]
[2026-10-03 04:54:42.959][INFO ] [Deploy         :331] - execute db_p.z1.start result => true
[2026-10-03 04:54:42.960][INFO ] [Deploy         :287] - execute db_p.z1.sleep 8
[2026-10-03 04:54:50.960][INFO ] [Deploy         :294] - execute db_p.z1.sleep 8 result => true
[2026-10-03 04:54:50.961][INFO ] [Deploy         :331] - execute db_p.z1.reboot  result => true
[2026-10-03 04:54:50.961][INFO ] [Deploy         :362] - execute db_p.deploy result => true [true]
[2026-10-03 04:54:50.961][INFO ] [Deploy         :287] - execute db_p.sleep 5
[2026-10-03 04:54:55.962][INFO ] [Deploy         :294] - execute db_p.sleep 5 result => true
[2026-10-03 04:54:55.962][INFO ] [Deploy         :287] - execute db_p.bootstrap
[2026-10-03 04:54:55.962][INFO ] [Deploy         :381] - execute db_p.z_num result => 1 result type => java.lang.Integer
[2026-10-03 04:54:55.963][INFO ] [Deploy         :381] - execute db_p.zone_names result => [Ljava.lang.String;@215be6bb result type => [Ljava.lang.String;
[2026-10-03 04:54:55.963][INFO ] [Deploy         :381] - execute db_p.z1.obs_num result => 1 result type => java.lang.Integer
[2026-10-03 04:54:55.968][INFO ] [Deploy         :287] - execute db_p.z1.obs0.get status
[2026-10-03 04:54:55.969][WARN ] [Deploy         :298] - execute db_p.z1.obs0.get status result => null
[2026-10-03 04:54:55.969][INFO ] [Deploy         :381] - execute db_p.lite_mode result => true result type => java.lang.Boolean
[2026-10-03 04:54:55.970][INFO ] [Deploy         :294] - execute db_p.bootstrap result => true
[2026-10-03 04:54:55.970][INFO ] [Deploy         :287] - execute db_p.addserver
[2026-10-03 04:54:55.970][INFO ] [Deploy         :381] - execute db_p.z_num result => 1 result type => java.lang.Integer
[2026-10-03 04:54:55.970][INFO ] [Deploy         :381] - execute db_p.zone_names result => [Ljava.lang.String;@215be6bb result type => [Ljava.lang.String;
[2026-10-03 04:54:55.970][INFO ] [Deploy         :381] - execute db_p.z1.obs_num result => 1 result type => java.lang.Integer
[2026-10-03 04:54:55.971][INFO ] [Deploy         :294] - execute db_p.addserver result => true
[2026-10-03 04:54:55.972][INFO ] [Deploy         :287] - execute db_p.exec_init_sql
[2026-10-03 04:54:55.973][INFO ] [Deploy         :381] - execute db_p.lite_mode result => true result type => java.lang.Boolean
[2026-10-03 04:54:55.974][INFO ] [Deploy         :287] - execute db_p.z1.obs0.mysql_tenant_root create user 'admin' IDENTIFIED BY 'admin';use oceanbase;grant all on *.* to 'admin' WITH GRANT OPTION;create database if not exists test;
[2026-10-03 04:54:55.975][INFO ] [Role           :3182] - sql =>create user 'admin' IDENTIFIED BY 'admin';use oceanbase;grant all on *.* to 'admin' WITH GRANT OPTION;create database if not exists test;
 will be executed with connection[z1.obs0]root@sys:@6.12.232.130:42035
[2026-10-03 04:54:56.72][INFO ] [Deploy         :294] - execute db_p.z1.obs0.mysql_tenant_root create user 'admin' IDENTIFIED BY 'admin';use oceanbase;grant all on *.* to 'admin' WITH GRANT OPTION;create database if not exists test; result => true
[2026-10-03 04:54:56.73][INFO ] [Deploy         :381] - execute db_p.lite_mode result => true result type => java.lang.Boolean
[2026-10-03 04:54:56.73][INFO ] [Deploy         :381] - execute db_p.lite_mode result => true result type => java.lang.Boolean
[2026-10-03 04:54:56.73][INFO ] [Deploy         :287] - execute db_p.z1.obs0.mysql_tenant_root create user 'proxyro' IDENTIFIED BY '3u^0kCdpE';grant select on oceanbase.* to 'proxyro' WITH GRANT OPTION;
[2026-10-03 04:54:56.74][INFO ] [Role           :3182] - sql =>create user 'proxyro' IDENTIFIED BY '3u^0kCdpE';grant select on oceanbase.* to 'proxyro' WITH GRANT OPTION;
 will be executed with connection[z1.obs0]root@sys:@6.12.232.130:42035
[2026-10-03 04:54:56.460][INFO ] [Deploy         :294] - execute db_p.z1.obs0.mysql_tenant_root create user 'proxyro' IDENTIFIED BY '3u^0kCdpE';grant select on oceanbase.* to 'proxyro' WITH GRANT OPTION; result => true
[2026-10-03 04:54:56.461][INFO ] [Deploy         :287] - execute db_p.z1.obs0.mysql_tenant_root create user 'sysslaveuser' IDENTIFIED BY 'sysslaveuser';grant select on *.* to 'sysslaveuser' WITH GRANT OPTION;
[2026-10-03 04:54:56.462][INFO ] [Role           :3182] - sql =>create user 'sysslaveuser' IDENTIFIED BY 'sysslaveuser';grant select on *.* to 'sysslaveuser' WITH GRANT OPTION;
 will be executed with connection[z1.obs0]root@sys:@6.12.232.130:42035
[2026-10-03 04:54:56.553][INFO ] [Deploy         :294] - execute db_p.z1.obs0.mysql_tenant_root create user 'sysslaveuser' IDENTIFIED BY 'sysslaveuser';grant select on *.* to 'sysslaveuser' WITH GRANT OPTION; result => true
[2026-10-03 04:54:56.553][INFO ] [Deploy         :294] - execute db_p.exec_init_sql result => true
[2026-10-03 04:54:56.554][INFO ] [Deploy         :287] - execute db_p.register_proxy
[2026-10-03 04:54:56.554][INFO ] [Deploy         :294] - execute db_p.register_proxy result => true
[2026-10-03 04:54:56.554][INFO ] [Deploy         :287] - execute db_p.deploy_proxy
[2026-10-03 04:54:56.554][INFO ] [Deploy         :294] - execute db_p.deploy_proxy result => true
[2026-10-03 04:54:56.554][INFO ] [Deploy         :287] - execute db_p.sleep 5
[2026-10-03 04:55:01.555][INFO ] [Deploy         :294] - execute db_p.sleep 5 result => true
[2026-10-03 04:55:01.556][INFO ] [Deploy         :331] - execute db_p.reboot_proxy result => true
[2026-10-03 04:55:01.556][INFO ] [Deploy         :287] - execute db_p.deploy_asvr
[2026-10-03 04:55:01.557][INFO ] [Deploy         :294] - execute db_p.deploy_asvr result => true
[2026-10-03 04:55:01.557][INFO ] [Deploy         :287] - execute db_p.sleep 5
[2026-10-03 04:55:06.558][INFO ] [Deploy         :294] - execute db_p.sleep 5 result => true
[2026-10-03 04:55:06.558][INFO ] [Deploy         :331] - execute db_p.reboot_asvr result => true
[2026-10-03 04:55:06.558][INFO ] [Deploy         :287] - execute db_p.add_asvr
[2026-10-03 04:55:06.559][INFO ] [OBI            :1509] - There is no need to add asvr.
[2026-10-03 04:55:06.559][INFO ] [Deploy         :294] - execute db_p.add_asvr result => true
[2026-10-03 04:55:06.559][INFO ] [Deploy         :287] - execute db_p.prepare_agent
[2026-10-03 04:55:06.560][INFO ] [Deploy         :294] - execute db_p.prepare_agent result => true
[2026-10-03 04:55:06.560][INFO ] [Deploy         :331] - execute db_p.reboot result => true
[2026-10-03 04:55:06.560][INFO ] [Command        :353] - start[1790974465056] time[41503] tag[Q_DEPLOY]
[2026-10-03 04:55:06.561][INFO ] [Command        :536] - > LINE => 29, CMD => Q_DEPLOY, CONTENT => db_s1=OBI(cluster=1,proxy_num=0,primary=db_p);
[2026-10-03 04:55:06.562][INFO ] [DeployProcessor:78] - OBI define => db_s1=OBI(cluster=1,proxy_num=0,primary=db_p)
[2026-10-03 04:55:06.562][INFO ] [Deploy         :381] - execute db_s1.z_num result => 1 result type => java.lang.Integer
[2026-10-03 04:55:06.563][INFO ] [Deploy         :464] - assign rpc port. observer=>db_s1.z1.obs0, rpc_port=>42001
[2026-10-03 04:55:06.563][INFO ] [Deploy         :471] - assign mysql port. observer=>db_s1.z1.obs0, mysql_port=>42036
[2026-10-03 04:55:06.563][INFO ] [Deploy         :478] - assign backup io rpc port. observer=>db_s1.z1.obs0, obesi_port=>42071
[2026-10-03 04:55:06.564][INFO ] [OBLog          :99] - config.ob_version='.'
[2026-10-03 04:55:06.565][INFO ] [OBLog          :100] - config.oblog_version='default'
[2026-10-03 04:55:06.565][INFO ] [OBLog          :117] - set oblog version='.'
[2026-10-03 04:55:06.565][INFO ] [OBLog          :126] - set oblog work_dir=''
[2026-10-03 04:55:06.565][INFO ] [OBLog          :148] - oblog.is_obcdc_exist: false
[2026-10-03 04:55:06.565][INFO ] [OBLog          :149] - oblog.exec: oblog/oblog_tailf
[2026-10-03 04:55:06.565][INFO ] [OBLog          :150] - oblog.configFile: oblog/liboblog.conf
[2026-10-03 04:55:06.565][INFO ] [OBLog          :151] - oblog.dataFile: oblog/data.log
[2026-10-03 04:55:06.565][INFO ] [OBLog          :152] - oblog.envCon: LD_LIBRARY_PATH=oblog:$LD_LIBRARY_PATH
[2026-10-03 04:55:06.565][INFO ] [OBLog          :153] - oblog.startCmdHead: ulimit -c unlimited; LD_LIBRARY_PATH=oblog:$LD_LIBRARY_PATH oblog/oblog_tailf
[2026-10-03 04:55:06.566][INFO ] [OBLog          :154] - oblog.defaultStartCmd: ulimit -c unlimited; LD_LIBRARY_PATH=oblog:$LD_LIBRARY_PATH oblog/oblog_tailf  -f oblog/liboblog.conf -D oblog/data.log -H oblog/heartbeat.log -d
[2026-10-03 04:55:06.965][INFO ] [Deploy         :1128] - start observer version is lite mode: true
[2026-10-03 04:55:06.965][INFO ] [Command        :353] - start[1790974506561] time[404] tag[Q_DEPLOY]
[2026-10-03 04:55:06.966][INFO ] [Command        :536] - > LINE => 30, CMD => Q_DEPLOY, CONTENT => db_s1.reboot;
[2026-10-03 04:55:06.967][INFO ] [DeployProcessor:93] - deploy => db_s1.reboot
[2026-10-03 04:55:06.967][INFO ] [Deploy         :287] - execute db_s1.reset
[2026-10-03 04:55:06.967][INFO ] [Deploy         :381] - execute db_s1.lite_mode result => true result type => java.lang.Boolean
[2026-10-03 04:55:06.967][INFO ] [Deploy         :294] - execute db_s1.reset result => true
[2026-10-03 04:55:06.968][INFO ] [Deploy         :287] - execute db_s1.clean_asvr
[2026-10-03 04:55:06.968][INFO ] [Deploy         :294] - execute db_s1.clean_asvr result => true
[2026-10-03 04:55:06.970][INFO ] [Deploy         :287] - execute db_s1.z1.obs0.force_stop_asvr
[2026-10-03 04:55:06.971][INFO ] [Role           :1228] - pkill -9 -u nijia.nj -f '^/data/1/nijia.nj/test/namespace_standby_20261003_v1/work/db_s1.asvr0/bin/observer' on 6.12.232.130
[2026-10-03 04:55:06.988][INFO ] [Role           :1230] - pkill asvr result is => 1
[2026-10-03 04:55:06.989][INFO ] [Deploy         :294] - execute db_s1.z1.obs0.force_stop_asvr result => true
[2026-10-03 04:55:06.989][INFO ] [Deploy         :287] - execute db_s1.z1.obs0.rmdir_asvr
[2026-10-03 04:55:06.989][INFO ] [Role           :1237] - try to remove asvr dir server  => db_s1.z1.obs0
[2026-10-03 04:55:06.993][INFO ] [Role           :1264] - rm -fr /data/1/nijia.nj/test/namespace_standby_20261003_v1/work/db_s1.asvr0 , on => 6.12.232.130 rc => 0 stdout => null
[2026-10-03 04:55:06.994][INFO ] [Deploy         :294] - execute db_s1.z1.obs0.rmdir_asvr result => true
[2026-10-03 04:55:06.994][INFO ] [Deploy         :331] - execute db_s1.z1.obs0.clean_asvr  result => true
[2026-10-03 04:55:06.994][INFO ] [Deploy         :362] - execute db_s1.z1.clean_asvr  result => true [true]
[2026-10-03 04:55:06.995][INFO ] [Deploy         :362] - execute db_s1.clean_asvr_everywhere result => true [true]
[2026-10-03 04:55:06.995][INFO ] [Deploy         :331] - execute db_s1.clean_all_asvr result => true
[2026-10-03 04:55:06.995][INFO ] [Deploy         :287] - execute db_s1.deploy_logservice
[2026-10-03 04:55:06.995][INFO ] [Deploy         :294] - execute db_s1.deploy_logservice result => true
[2026-10-03 04:55:06.995][INFO ] [Deploy         :287] - execute db_s1.bootstrap_logservice
[2026-10-03 04:55:06.995][INFO ] [Deploy         :294] - execute db_s1.bootstrap_logservice result => true
[2026-10-03 04:55:06.996][INFO ] [Deploy         :331] - execute db_s1.reboot_logservice result => true
[2026-10-03 04:55:06.996][INFO ] [Deploy         :287] - execute db_s1.z1.check_local_bin
[2026-10-03 04:55:07.02][INFO ] [Deploy         :294] - execute db_s1.z1.check_local_bin result => true
[2026-10-03 04:55:07.02][INFO ] [Deploy         :287] - execute db_s1.z1.check_ssh
[2026-10-03 04:55:07.03][INFO ] [Deploy         :294] - execute db_s1.z1.check_ssh result => true
[2026-10-03 04:55:07.03][INFO ] [Deploy         :287] - execute db_s1.z1.obs0.check_dir 
[2026-10-03 04:55:07.11][INFO ] [Deploy         :294] - execute db_s1.z1.obs0.check_dir  result => true
[2026-10-03 04:55:07.11][INFO ] [Deploy         :362] - execute db_s1.z1.check_dir result => true [true]
[2026-10-03 04:55:07.12][INFO ] [Deploy         :287] - execute db_s1.z1.obs0.force_stop 
[2026-10-03 04:55:07.14][INFO ] [Role           :1307] - pkill -9 -u nijia.nj -f '^/data/1/nijia.nj/test/namespace_standby_20261003_v1/work/db_s1.z1.obs0/bin/observer|^/data/1/nijia.nj/test/namespace_standby_20261003_v1/work/db_s1.z1.obs0/bin/obesi' on 6.12.232.130
[2026-10-03 04:55:07.33][INFO ] [Role           :1309] - pkill result is => 1
[2026-10-03 04:55:07.34][INFO ] [Role           :1142] - wait stop /data/1/nijia.nj/test/namespace_standby_20261003_v1/work/db_s1.z1.obs0/bin/observer on 6.12.232.130
[2026-10-03 04:55:07.34][INFO ] [Role           :1190] - ps uxf | grep "/data/1/nijia.nj/test/namespace_standby_20261003_v1/work/db_s1.z1.obs0/bin/observer" | grep -v grep
[2026-10-03 04:55:07.205][INFO ] [Role           :1154] - check port on 6.12.232.130
[2026-10-03 04:55:07.206][INFO ] [RemoteShell    :143] - netstat -lpnt 2>/dev/null | grep '0.0.0.0:42001 ' | awk -F ' ' '{print $7}'
[2026-10-03 04:55:07.242][INFO ] [RemoteShell    :143] - netstat -lpnt 2>/dev/null | grep '0.0.0.0:42036 ' | awk -F ' ' '{print $7}'
[2026-10-03 04:55:07.360][INFO ] [Role           :1164] - stop obs0 took 2 s
[2026-10-03 04:55:07.361][INFO ] [Deploy         :294] - execute db_s1.z1.obs0.force_stop  result => true
[2026-10-03 04:55:07.361][INFO ] [Deploy         :362] - execute db_s1.z1.force_stop result => true [true]
[2026-10-03 04:55:07.361][INFO ] [Deploy         :362] - execute db_s1.z1.force_stop_logstore result => true []
[2026-10-03 04:55:07.362][INFO ] [Deploy         :331] - execute db_s1.z1.force_stop_all result => true
[2026-10-03 04:55:07.362][INFO ] [Deploy         :287] - execute db_s1.z1.obs0.rmdir 
[2026-10-03 04:55:07.366][INFO ] [Deploy         :381] - execute db_s1.lite_mode result => true result type => java.lang.Boolean
[2026-10-03 04:55:07.367][INFO ] [Role           :1395] - rm -fr /data/1/nijia.nj/test/namespace_standby_20261003_v1/data/db_s1.z1.obs0.nijia.nj/sstable /data/1/nijia.nj/test/namespace_standby_20261003_v1/clog/db_s1.z1.obs0.nijia.nj/store /data/1/nijia.nj/test/namespace_standby_20261003_v1/clog/db_s1.z1.obs0.nijia.nj/store/slog /data/1/nijia.nj/test/namespace_standby_20261003_v1/data/db_s1.z1.obs0.nijia.nj/sort_dir , on => 6.12.232.130
[2026-10-03 04:55:07.375][INFO ] [Role           :1397] - rm -fr /data/1/nijia.nj/test/namespace_standby_20261003_v1/data/db_s1.z1.obs0.nijia.nj/sstable /data/1/nijia.nj/test/namespace_standby_20261003_v1/clog/db_s1.z1.obs0.nijia.nj/store /data/1/nijia.nj/test/namespace_standby_20261003_v1/clog/db_s1.z1.obs0.nijia.nj/store/slog /data/1/nijia.nj/test/namespace_standby_20261003_v1/data/db_s1.z1.obs0.nijia.nj/sort_dir , on => 6.12.232.130 rc => 0 stdout => null
[2026-10-03 04:55:07.393][INFO ] [Role           :1402] - rm -fr /data/1/nijia.nj/test/namespace_standby_20261003_v1/work/db_s1.z1.obs0/log , on => 6.12.232.130 rc => 0 stdout => null
[2026-10-03 04:55:07.398][INFO ] [Role           :1407] - rm -fr /data/1/nijia.nj/test/namespace_standby_20261003_v1/work/db_s1.z1.obs0/admin , on => 6.12.232.130 rc => 0 stdout => null
[2026-10-03 04:55:07.403][INFO ] [Role           :1412] - rm -fr /data/1/nijia.nj/test/namespace_standby_20261003_v1/work/db_s1.z1.obs0/wallet , on => 6.12.232.130 rc => 0 stdout => null
[2026-10-03 04:55:07.409][INFO ] [Role           :1417] - rm -fr /data/1/nijia.nj/test/namespace_standby_20261003_v1/work/db_s1.z1.obs0/etc/observer.c*nf*.bin* /data/1/nijia.nj/test/namespace_standby_20261003_v1/work/db_s1.z1.obs0/etc/seekdb.c*nf*.bin* , on => 6.12.232.130 rc => 0 stdout => null
[2026-10-03 04:55:07.417][INFO ] [Role           :1423] - rm -fr /data/1/nijia.nj/test/namespace_standby_20261003_v1/work/db_s1.z1.obs0/etc/observer.data_version.bin* /data/1/nijia.nj/test/namespace_standby_20261003_v1/work/db_s1.z1.obs0/etc/seekdb.data_version.bin* , on => 6.12.232.130 rc => 0 stdout => null
[2026-10-03 04:55:07.422][INFO ] [Role           :1429] - rm -fr /data/1/nijia.nj/test/namespace_standby_20261003_v1/work/db_s1.z1.obs0/etc2/observer.c*nf*.bin* , on => 6.12.232.130 rc => 0 stdout => null
[2026-10-03 04:55:07.447][INFO ] [Role           :1434] - rm -fr /data/1/nijia.nj/test/namespace_standby_20261003_v1/work/db_s1.z1.obs0/etc3/observer.c*nf*.bin* , on => 6.12.232.130 rc => 0 stdout => null
[2026-10-03 04:55:07.452][INFO ] [Role           :1439] - rm -fr /data/1/nijia.nj/test/namespace_standby_20261003_v1/work/db_s1.z1.obs0/run/observer.pid /data/1/nijia.nj/test/namespace_standby_20261003_v1/work/db_s1.z1.obs0/run/seekdb.pid , on => 6.12.232.130 rc => 0 stdout => null
[2026-10-03 04:55:07.457][INFO ] [Role           :1444] - rm -fr /data/1/nijia.nj/test/namespace_standby_20261003_v1/work/db_s1.z1.obs0/store/clog_shm , on => 6.12.232.130 rc => 0 stdout => null
[2026-10-03 04:55:07.461][INFO ] [Role           :1449] - rm -fr /data/1/nijia.nj/test/namespace_standby_20261003_v1/work/db_s1.z1.obs0/store/ilog_shm , on => 6.12.232.130 rc => 0 stdout => null
[2026-10-03 04:55:07.467][INFO ] [Role           :1454] - rm -fr /data/1/nijia.nj/test/namespace_standby_20261003_v1/work/db_s1.z1.obs0/store/manifest* , on => 6.12.232.130 rc => 0 stdout => null
[2026-10-03 04:55:07.475][INFO ] [Role           :1467] - rm -fr /data/1/nijia.nj/test/namespace_standby_20261003_v1/work/db_s1.z1.obs0/core* , on => 6.12.232.130 rc => 0 stdout => null
[2026-10-03 04:55:07.480][INFO ] [Role           :1504] - rm -fr /data/1/nijia.nj/test/namespace_standby_20261003_v1/clog/db_s1.z1.obs0.nijia.nj/ /data/1/nijia.nj/test/namespace_standby_20261003_v1/data/db_s1.z1.obs0.nijia.nj/ , on => 6.12.232.130 rc => 0 stdout => null
[2026-10-03 04:55:07.722][INFO ] [Role           :1510] - rm -fr /data/1/nijia.nj/test/namespace_standby_20261003_v1/work/db_s1.z1.obs0 , on => 6.12.232.130 rc => 0 stdout => null
[2026-10-03 04:55:07.728][INFO ] [Deploy         :294] - execute db_s1.z1.obs0.rmdir  result => true
[2026-10-03 04:55:07.728][INFO ] [Deploy         :362] - execute db_s1.z1.rmdir result => true [true]
[2026-10-03 04:55:07.729][INFO ] [Deploy         :331] - execute db_s1.z1.cleanup result => true
[2026-10-03 04:55:07.729][INFO ] [Deploy         :362] - execute db_s1.z1.cleanup_logstore result => true []
[2026-10-03 04:55:07.730][INFO ] [Deploy         :331] - execute db_s1.z1.cleanup_all result => true
[2026-10-03 04:55:07.730][INFO ] [Deploy         :287] - execute db_s1.z1.genconf
[2026-10-03 04:55:07.730][INFO ] [Deploy         :294] - execute db_s1.z1.genconf result => true
[2026-10-03 04:55:07.731][INFO ] [Deploy         :287] - execute db_s1.z1.obs0.mkdir 
[2026-10-03 04:55:07.731][INFO ] [Role           :1768] - mkdir -p /data/1/nijia.nj/test/namespace_standby_20261003_v1/work/db_s1.z1.obs0/store/;mkdir -p /data/1/nijia.nj/test/namespace_standby_20261003_v1/clog/db_s1.z1.obs0.nijia.nj/store/clog /data/1/nijia.nj/test/namespace_standby_20261003_v1/clog/db_s1.z1.obs0.nijia.nj/store/ilog /data/1/nijia.nj/test/namespace_standby_20261003_v1/clog/db_s1.z1.obs0.nijia.nj/store/slog /data/1/nijia.nj/test/namespace_standby_20261003_v1/data/db_s1.z1.obs0.nijia.nj/sort_dir /data/1/nijia.nj/test/namespace_standby_20261003_v1/data/db_s1.z1.obs0.nijia.nj/sstable;ln -sf /data/1/nijia.nj/test/namespace_standby_20261003_v1/data/db_s1.z1.obs0.nijia.nj/sstable /data/1/nijia.nj/test/namespace_standby_20261003_v1/work/db_s1.z1.obs0/store/;ln -sf /data/1/nijia.nj/test/namespace_standby_20261003_v1/clog/db_s1.z1.obs0.nijia.nj/store/clog /data/1/nijia.nj/test/namespace_standby_20261003_v1/work/db_s1.z1.obs0/store/;ln -sf /data/1/nijia.nj/test/namespace_standby_20261003_v1/clog/db_s1.z1.obs0.nijia.nj/store/ilog /data/1/nijia.nj/test/namespace_standby_20261003_v1/work/db_s1.z1.obs0/store/;ln -sf /data/1/nijia.nj/test/namespace_standby_20261003_v1/clog/db_s1.z1.obs0.nijia.nj/store/slog /data/1/nijia.nj/test/namespace_standby_20261003_v1/work/db_s1.z1.obs0/store/;ln -sf /data/1/nijia.nj/test/namespace_standby_20261003_v1/data/db_s1.z1.obs0.nijia.nj/sort_dir /data/1/nijia.nj/test/namespace_standby_20261003_v1/work/db_s1.z1.obs0/store/ on 6.12.232.130
[2026-10-03 04:55:07.747][INFO ] [Deploy         :294] - execute db_s1.z1.obs0.mkdir  result => true
[2026-10-03 04:55:07.747][INFO ] [Deploy         :362] - execute db_s1.z1.mkdir_obs result => true [true]
[2026-10-03 04:55:07.748][INFO ] [Deploy         :362] - execute db_s1.z1.mkdir_logstore result => true []
[2026-10-03 04:55:07.748][INFO ] [Deploy         :331] - execute db_s1.z1.mkdir result => true
[2026-10-03 04:55:07.749][INFO ] [Deploy         :287] - execute db_s1.z1.obs0.rsync 
[2026-10-03 04:55:07.749][INFO ] [Role           :1648] - sync server finish, time = 0
[2026-10-03 04:55:07.750][INFO ] [Role           :1563] - rsync server => db_s1.z1.obs0 version if specified => .
[2026-10-03 04:55:07.756][INFO ] [Role           :1635] - check disk dir ==> './admin' exist
[2026-10-03 04:55:07.762][WARN ] [Role           :1638] - check disk dir ==> './plugin_dir' not exist
[2026-10-03 04:55:07.767][INFO ] [Role           :1635] - check disk dir ==> './wallet' exist
[2026-10-03 04:55:07.768][INFO ] [Role           :1590] - transfer cmd to =>  rsync -WrptgoDRLv --timeout=600 bin etc lib  admin  wallet /data/1/nijia.nj/test/namespace_standby_20261003_v1/work/db_s1.z1.obs0
[2026-10-03 04:55:20.797][INFO ] [Role           :1604] - rsync cmd =>  rsync -WrptgoDRLv --timeout=600 bin etc lib  admin  wallet /data/1/nijia.nj/test/namespace_standby_20261003_v1/work/db_s1.z1.obs0
[2026-10-03 04:55:20.798][INFO ] [Deploy         :294] - execute db_s1.z1.obs0.rsync  result => true
[2026-10-03 04:55:20.798][INFO ] [Deploy         :362] - execute db_s1.z1.rsync_obs result => true [true]
[2026-10-03 04:55:20.799][INFO ] [Deploy         :362] - execute db_s1.z1.rsync_logstore result => true []
[2026-10-03 04:55:20.799][INFO ] [Deploy         :331] - execute db_s1.z1.rsync result => true
[2026-10-03 04:55:20.799][INFO ] [Deploy         :362] - execute db_s1.z1.start_logstore result => true []
[2026-10-03 04:55:20.800][INFO ] [Deploy         :287] - execute db_s1.z1.sleep 5
[2026-10-03 04:55:25.800][INFO ] [Deploy         :294] - execute db_s1.z1.sleep 5 result => true
[2026-10-03 04:55:25.801][INFO ] [Deploy         :287] - execute db_s1.z1.obs0.start 
[2026-10-03 04:55:25.801][INFO ] [Deploy         :381] - execute db_s1.lite_mode result => true result type => java.lang.Boolean
[2026-10-03 04:55:25.802][INFO ] [Deploy         :381] - execute db_s1.lite_mode result => true result type => java.lang.Boolean
6.12.232.130 is not a valid IPv6 address.
[2026-10-03 04:55:25.803][INFO ] [Role           :539] - cluster_id1
[2026-10-03 04:55:25.803][INFO ] [Deploy         :381] - execute db_s1.z_num result => 1 result type => java.lang.Integer
[2026-10-03 04:55:25.803][INFO ] [Role           :552] - db_s1 have 1 ZONE
[2026-10-03 04:55:25.803][INFO ] [Role           :584] - ofs_list ofs_list='z1@' has_ofs_zone false
[2026-10-03 04:55:25.804][INFO ] [Role           :637] - ulimit -c unlimited -s 4096;cd /data/1/nijia.nj/test/namespace_standby_20261003_v1/work/db_s1.z1.obs0;LD_LIBRARY_PATH=./lib:/usr/local/lib:/usr/lib:/usr/lib64:/usr/local/lib64:$LD_LIBRARY_PATH /data/1/nijia.nj/test/namespace_standby_20261003_v1/work/db_s1.z1.obs0/bin/observer --port 42036 --data-dir /data/1/nijia.nj/test/namespace_standby_20261003_v1/work/db_s1.z1.obs0/store --redo-dir /data/1/nijia.nj/test/namespace_standby_20261003_v1/work/db_s1.z1.obs0/store/clog  --role=STANDBY --parameter log_restore_source=6.12.232.130:42000 --parameter enable_rpc_service=true --parameter rpc_port=42001 --parameter datafile_size='2G' --parameter log_disk_size='2G' --parameter cpu_count=4 --parameter memory_limit='8G' on 6.12.232.130
[2026-10-03 04:55:25.893][INFO ] [Deploy         :294] - execute db_s1.z1.obs0.start  result => true
[2026-10-03 04:55:25.894][INFO ] [Deploy         :362] - execute db_s1.z1.start_obs result => true [true]
[2026-10-03 04:55:25.894][INFO ] [Deploy         :331] - execute db_s1.z1.start result => true
[2026-10-03 04:55:25.894][INFO ] [Deploy         :287] - execute db_s1.z1.sleep 8
[2026-10-03 04:55:33.895][INFO ] [Deploy         :294] - execute db_s1.z1.sleep 8 result => true
[2026-10-03 04:55:33.895][INFO ] [Deploy         :331] - execute db_s1.z1.reboot  result => true
[2026-10-03 04:55:33.896][INFO ] [Deploy         :362] - execute db_s1.deploy result => true [true]
[2026-10-03 04:55:33.897][INFO ] [Deploy         :287] - execute db_s1.sleep 5
[2026-10-03 04:55:38.897][INFO ] [Deploy         :294] - execute db_s1.sleep 5 result => true
[2026-10-03 04:55:38.897][INFO ] [Deploy         :287] - execute db_s1.bootstrap
[2026-10-03 04:55:38.898][INFO ] [Deploy         :381] - execute db_s1.z_num result => 1 result type => java.lang.Integer
[2026-10-03 04:55:38.898][INFO ] [Deploy         :381] - execute db_s1.zone_names result => [Ljava.lang.String;@3bfdc050 result type => [Ljava.lang.String;
[2026-10-03 04:55:38.898][INFO ] [Deploy         :381] - execute db_s1.z1.obs_num result => 1 result type => java.lang.Integer
[2026-10-03 04:55:38.899][INFO ] [Deploy         :287] - execute db_s1.z1.obs0.get status
[2026-10-03 04:55:38.899][WARN ] [Deploy         :298] - execute db_s1.z1.obs0.get status result => null
[2026-10-03 04:55:38.899][INFO ] [Deploy         :381] - execute db_s1.lite_mode result => true result type => java.lang.Boolean
[2026-10-03 04:55:38.899][INFO ] [Deploy         :294] - execute db_s1.bootstrap result => true
[2026-10-03 04:55:38.899][INFO ] [Deploy         :287] - execute db_s1.addserver
[2026-10-03 04:55:38.899][INFO ] [Deploy         :381] - execute db_s1.z_num result => 1 result type => java.lang.Integer
[2026-10-03 04:55:38.899][INFO ] [Deploy         :381] - execute db_s1.zone_names result => [Ljava.lang.String;@3bfdc050 result type => [Ljava.lang.String;
[2026-10-03 04:55:38.899][INFO ] [Deploy         :381] - execute db_s1.z1.obs_num result => 1 result type => java.lang.Integer
[2026-10-03 04:55:38.900][INFO ] [Deploy         :294] - execute db_s1.addserver result => true
[2026-10-03 04:55:38.900][INFO ] [Deploy         :287] - execute db_s1.exec_init_sql
[2026-10-03 04:55:38.900][INFO ] [Deploy         :381] - execute db_s1.lite_mode result => true result type => java.lang.Boolean
[2026-10-03 04:55:38.900][INFO ] [Deploy         :294] - execute db_s1.exec_init_sql result => true
[2026-10-03 04:55:38.900][INFO ] [Deploy         :287] - execute db_s1.register_proxy
[2026-10-03 04:55:38.900][INFO ] [Deploy         :294] - execute db_s1.register_proxy result => true
[2026-10-03 04:55:38.901][INFO ] [Deploy         :287] - execute db_s1.deploy_proxy
[2026-10-03 04:55:38.901][INFO ] [Deploy         :294] - execute db_s1.deploy_proxy result => true
[2026-10-03 04:55:38.901][INFO ] [Deploy         :287] - execute db_s1.sleep 5
[2026-10-03 04:55:43.901][INFO ] [Deploy         :294] - execute db_s1.sleep 5 result => true
[2026-10-03 04:55:43.902][INFO ] [Deploy         :331] - execute db_s1.reboot_proxy result => true
[2026-10-03 04:55:43.902][INFO ] [Deploy         :287] - execute db_s1.deploy_asvr
[2026-10-03 04:55:43.902][INFO ] [Deploy         :294] - execute db_s1.deploy_asvr result => true
[2026-10-03 04:55:43.902][INFO ] [Deploy         :287] - execute db_s1.sleep 5
[2026-10-03 04:55:48.902][INFO ] [Deploy         :294] - execute db_s1.sleep 5 result => true
[2026-10-03 04:55:48.903][INFO ] [Deploy         :331] - execute db_s1.reboot_asvr result => true
[2026-10-03 04:55:48.903][INFO ] [Deploy         :287] - execute db_s1.add_asvr
[2026-10-03 04:55:48.903][INFO ] [OBI            :1509] - There is no need to add asvr.
[2026-10-03 04:55:48.903][INFO ] [Deploy         :294] - execute db_s1.add_asvr result => true
[2026-10-03 04:55:48.903][INFO ] [Deploy         :287] - execute db_s1.prepare_agent
[2026-10-03 04:55:48.903][INFO ] [Deploy         :294] - execute db_s1.prepare_agent result => true
[2026-10-03 04:55:48.903][INFO ] [Deploy         :331] - execute db_s1.reboot result => true
[2026-10-03 04:55:48.903][INFO ] [Command        :353] - start[1790974506966] time[41937] tag[Q_DEPLOY]
[2026-10-03 04:55:48.904][INFO ] [Command        :536] - > LINE => 32, CMD => Q_DEPLOY, CONTENT => db_s2=OBI(cluster=1,proxy_num=0,primary=db_p);
[2026-10-03 04:55:48.905][INFO ] [DeployProcessor:78] - OBI define => db_s2=OBI(cluster=1,proxy_num=0,primary=db_p)
[2026-10-03 04:55:48.905][INFO ] [Deploy         :381] - execute db_s2.z_num result => 1 result type => java.lang.Integer
[2026-10-03 04:55:48.906][INFO ] [Deploy         :464] - assign rpc port. observer=>db_s2.z1.obs0, rpc_port=>42002
[2026-10-03 04:55:48.906][INFO ] [Deploy         :471] - assign mysql port. observer=>db_s2.z1.obs0, mysql_port=>42037
[2026-10-03 04:55:48.906][INFO ] [Deploy         :478] - assign backup io rpc port. observer=>db_s2.z1.obs0, obesi_port=>42072
[2026-10-03 04:55:48.907][INFO ] [OBLog          :99] - config.ob_version='.'
[2026-10-03 04:55:48.907][INFO ] [OBLog          :100] - config.oblog_version='default'
[2026-10-03 04:55:48.907][INFO ] [OBLog          :117] - set oblog version='.'
[2026-10-03 04:55:48.907][INFO ] [OBLog          :126] - set oblog work_dir=''
[2026-10-03 04:55:48.907][INFO ] [OBLog          :148] - oblog.is_obcdc_exist: false
[2026-10-03 04:55:48.907][INFO ] [OBLog          :149] - oblog.exec: oblog/oblog_tailf
[2026-10-03 04:55:48.908][INFO ] [OBLog          :150] - oblog.configFile: oblog/liboblog.conf
[2026-10-03 04:55:48.908][INFO ] [OBLog          :151] - oblog.dataFile: oblog/data.log
[2026-10-03 04:55:48.908][INFO ] [OBLog          :152] - oblog.envCon: LD_LIBRARY_PATH=oblog:$LD_LIBRARY_PATH
[2026-10-03 04:55:48.908][INFO ] [OBLog          :153] - oblog.startCmdHead: ulimit -c unlimited; LD_LIBRARY_PATH=oblog:$LD_LIBRARY_PATH oblog/oblog_tailf
[2026-10-03 04:55:48.908][INFO ] [OBLog          :154] - oblog.defaultStartCmd: ulimit -c unlimited; LD_LIBRARY_PATH=oblog:$LD_LIBRARY_PATH oblog/oblog_tailf  -f oblog/liboblog.conf -D oblog/data.log -H oblog/heartbeat.log -d
[2026-10-03 04:55:49.196][INFO ] [Deploy         :1128] - start observer version is lite mode: true
[2026-10-03 04:55:49.197][INFO ] [Command        :353] - start[1790974548904] time[292] tag[Q_DEPLOY]
[2026-10-03 04:55:49.197][INFO ] [Command        :536] - > LINE => 33, CMD => Q_DEPLOY, CONTENT => db_s2.reboot;
[2026-10-03 04:55:49.197][INFO ] [DeployProcessor:93] - deploy => db_s2.reboot
[2026-10-03 04:55:49.198][INFO ] [Deploy         :287] - execute db_s2.reset
[2026-10-03 04:55:49.198][INFO ] [Deploy         :381] - execute db_s2.lite_mode result => true result type => java.lang.Boolean
[2026-10-03 04:55:49.198][INFO ] [Deploy         :294] - execute db_s2.reset result => true
[2026-10-03 04:55:49.198][INFO ] [Deploy         :287] - execute db_s2.clean_asvr
[2026-10-03 04:55:49.198][INFO ] [Deploy         :294] - execute db_s2.clean_asvr result => true
[2026-10-03 04:55:49.199][INFO ] [Deploy         :287] - execute db_s2.z1.obs0.force_stop_asvr
[2026-10-03 04:55:49.200][INFO ] [Role           :1228] - pkill -9 -u nijia.nj -f '^/data/1/nijia.nj/test/namespace_standby_20261003_v1/work/db_s2.asvr0/bin/observer' on 6.12.232.130
[2026-10-03 04:55:49.217][INFO ] [Role           :1230] - pkill asvr result is => 1
[2026-10-03 04:55:49.217][INFO ] [Deploy         :294] - execute db_s2.z1.obs0.force_stop_asvr result => true
[2026-10-03 04:55:49.218][INFO ] [Deploy         :287] - execute db_s2.z1.obs0.rmdir_asvr
[2026-10-03 04:55:49.218][INFO ] [Role           :1237] - try to remove asvr dir server  => db_s2.z1.obs0
[2026-10-03 04:55:49.222][INFO ] [Role           :1264] - rm -fr /data/1/nijia.nj/test/namespace_standby_20261003_v1/work/db_s2.asvr0 , on => 6.12.232.130 rc => 0 stdout => null
[2026-10-03 04:55:49.222][INFO ] [Deploy         :294] - execute db_s2.z1.obs0.rmdir_asvr result => true
[2026-10-03 04:55:49.222][INFO ] [Deploy         :331] - execute db_s2.z1.obs0.clean_asvr  result => true
[2026-10-03 04:55:49.222][INFO ] [Deploy         :362] - execute db_s2.z1.clean_asvr  result => true [true]
[2026-10-03 04:55:49.223][INFO ] [Deploy         :362] - execute db_s2.clean_asvr_everywhere result => true [true]
[2026-10-03 04:55:49.223][INFO ] [Deploy         :331] - execute db_s2.clean_all_asvr result => true
[2026-10-03 04:55:49.223][INFO ] [Deploy         :287] - execute db_s2.deploy_logservice
[2026-10-03 04:55:49.223][INFO ] [Deploy         :294] - execute db_s2.deploy_logservice result => true
[2026-10-03 04:55:49.223][INFO ] [Deploy         :287] - execute db_s2.bootstrap_logservice
[2026-10-03 04:55:49.223][INFO ] [Deploy         :294] - execute db_s2.bootstrap_logservice result => true
[2026-10-03 04:55:49.223][INFO ] [Deploy         :331] - execute db_s2.reboot_logservice result => true
[2026-10-03 04:55:49.224][INFO ] [Deploy         :287] - execute db_s2.z1.check_local_bin
[2026-10-03 04:55:49.229][INFO ] [Deploy         :294] - execute db_s2.z1.check_local_bin result => true
[2026-10-03 04:55:49.229][INFO ] [Deploy         :287] - execute db_s2.z1.check_ssh
[2026-10-03 04:55:49.229][INFO ] [Deploy         :294] - execute db_s2.z1.check_ssh result => true
[2026-10-03 04:55:49.230][INFO ] [Deploy         :287] - execute db_s2.z1.obs0.check_dir 
[2026-10-03 04:55:49.236][INFO ] [Deploy         :294] - execute db_s2.z1.obs0.check_dir  result => true
[2026-10-03 04:55:49.237][INFO ] [Deploy         :362] - execute db_s2.z1.check_dir result => true [true]
[2026-10-03 04:55:49.238][INFO ] [Deploy         :287] - execute db_s2.z1.obs0.force_stop 
[2026-10-03 04:55:49.238][INFO ] [Role           :1307] - pkill -9 -u nijia.nj -f '^/data/1/nijia.nj/test/namespace_standby_20261003_v1/work/db_s2.z1.obs0/bin/observer|^/data/1/nijia.nj/test/namespace_standby_20261003_v1/work/db_s2.z1.obs0/bin/obesi' on 6.12.232.130
[2026-10-03 04:55:49.255][INFO ] [Role           :1309] - pkill result is => 1
[2026-10-03 04:55:49.255][INFO ] [Role           :1142] - wait stop /data/1/nijia.nj/test/namespace_standby_20261003_v1/work/db_s2.z1.obs0/bin/observer on 6.12.232.130
[2026-10-03 04:55:49.256][INFO ] [Role           :1190] - ps uxf | grep "/data/1/nijia.nj/test/namespace_standby_20261003_v1/work/db_s2.z1.obs0/bin/observer" | grep -v grep
[2026-10-03 04:55:49.295][INFO ] [Role           :1154] - check port on 6.12.232.130
[2026-10-03 04:55:49.296][INFO ] [RemoteShell    :143] - netstat -lpnt 2>/dev/null | grep '0.0.0.0:42002 ' | awk -F ' ' '{print $7}'
[2026-10-03 04:55:49.332][INFO ] [RemoteShell    :143] - netstat -lpnt 2>/dev/null | grep '0.0.0.0:42037 ' | awk -F ' ' '{print $7}'
[2026-10-03 04:55:49.361][INFO ] [Role           :1164] - stop obs0 took 2 s
[2026-10-03 04:55:49.361][INFO ] [Deploy         :294] - execute db_s2.z1.obs0.force_stop  result => true
[2026-10-03 04:55:49.362][INFO ] [Deploy         :362] - execute db_s2.z1.force_stop result => true [true]
[2026-10-03 04:55:49.362][INFO ] [Deploy         :362] - execute db_s2.z1.force_stop_logstore result => true []
[2026-10-03 04:55:49.363][INFO ] [Deploy         :331] - execute db_s2.z1.force_stop_all result => true
[2026-10-03 04:55:49.363][INFO ] [Deploy         :287] - execute db_s2.z1.obs0.rmdir 
[2026-10-03 04:55:49.363][INFO ] [Deploy         :381] - execute db_s2.lite_mode result => true result type => java.lang.Boolean
[2026-10-03 04:55:49.364][INFO ] [Role           :1395] - rm -fr /data/1/nijia.nj/test/namespace_standby_20261003_v1/data/db_s2.z1.obs0.nijia.nj/sstable /data/1/nijia.nj/test/namespace_standby_20261003_v1/clog/db_s2.z1.obs0.nijia.nj/store /data/1/nijia.nj/test/namespace_standby_20261003_v1/clog/db_s2.z1.obs0.nijia.nj/store/slog /data/1/nijia.nj/test/namespace_standby_20261003_v1/data/db_s2.z1.obs0.nijia.nj/sort_dir , on => 6.12.232.130
[2026-10-03 04:55:49.373][INFO ] [Role           :1397] - rm -fr /data/1/nijia.nj/test/namespace_standby_20261003_v1/data/db_s2.z1.obs0.nijia.nj/sstable /data/1/nijia.nj/test/namespace_standby_20261003_v1/clog/db_s2.z1.obs0.nijia.nj/store /data/1/nijia.nj/test/namespace_standby_20261003_v1/clog/db_s2.z1.obs0.nijia.nj/store/slog /data/1/nijia.nj/test/namespace_standby_20261003_v1/data/db_s2.z1.obs0.nijia.nj/sort_dir , on => 6.12.232.130 rc => 0 stdout => null
[2026-10-03 04:55:49.388][INFO ] [Role           :1402] - rm -fr /data/1/nijia.nj/test/namespace_standby_20261003_v1/work/db_s2.z1.obs0/log , on => 6.12.232.130 rc => 0 stdout => null
[2026-10-03 04:55:49.393][INFO ] [Role           :1407] - rm -fr /data/1/nijia.nj/test/namespace_standby_20261003_v1/work/db_s2.z1.obs0/admin , on => 6.12.232.130 rc => 0 stdout => null
[2026-10-03 04:55:49.398][INFO ] [Role           :1412] - rm -fr /data/1/nijia.nj/test/namespace_standby_20261003_v1/work/db_s2.z1.obs0/wallet , on => 6.12.232.130 rc => 0 stdout => null
[2026-10-03 04:55:49.402][INFO ] [Role           :1417] - rm -fr /data/1/nijia.nj/test/namespace_standby_20261003_v1/work/db_s2.z1.obs0/etc/observer.c*nf*.bin* /data/1/nijia.nj/test/namespace_standby_20261003_v1/work/db_s2.z1.obs0/etc/seekdb.c*nf*.bin* , on => 6.12.232.130 rc => 0 stdout => null
[2026-10-03 04:55:49.407][INFO ] [Role           :1423] - rm -fr /data/1/nijia.nj/test/namespace_standby_20261003_v1/work/db_s2.z1.obs0/etc/observer.data_version.bin* /data/1/nijia.nj/test/namespace_standby_20261003_v1/work/db_s2.z1.obs0/etc/seekdb.data_version.bin* , on => 6.12.232.130 rc => 0 stdout => null
[2026-10-03 04:55:49.411][INFO ] [Role           :1429] - rm -fr /data/1/nijia.nj/test/namespace_standby_20261003_v1/work/db_s2.z1.obs0/etc2/observer.c*nf*.bin* , on => 6.12.232.130 rc => 0 stdout => null
[2026-10-03 04:55:49.416][INFO ] [Role           :1434] - rm -fr /data/1/nijia.nj/test/namespace_standby_20261003_v1/work/db_s2.z1.obs0/etc3/observer.c*nf*.bin* , on => 6.12.232.130 rc => 0 stdout => null
[2026-10-03 04:55:49.420][INFO ] [Role           :1439] - rm -fr /data/1/nijia.nj/test/namespace_standby_20261003_v1/work/db_s2.z1.obs0/run/observer.pid /data/1/nijia.nj/test/namespace_standby_20261003_v1/work/db_s2.z1.obs0/run/seekdb.pid , on => 6.12.232.130 rc => 0 stdout => null
[2026-10-03 04:55:49.425][INFO ] [Role           :1444] - rm -fr /data/1/nijia.nj/test/namespace_standby_20261003_v1/work/db_s2.z1.obs0/store/clog_shm , on => 6.12.232.130 rc => 0 stdout => null
[2026-10-03 04:55:49.429][INFO ] [Role           :1449] - rm -fr /data/1/nijia.nj/test/namespace_standby_20261003_v1/work/db_s2.z1.obs0/store/ilog_shm , on => 6.12.232.130 rc => 0 stdout => null
[2026-10-03 04:55:49.434][INFO ] [Role           :1454] - rm -fr /data/1/nijia.nj/test/namespace_standby_20261003_v1/work/db_s2.z1.obs0/store/manifest* , on => 6.12.232.130 rc => 0 stdout => null
[2026-10-03 04:55:49.443][INFO ] [Role           :1467] - rm -fr /data/1/nijia.nj/test/namespace_standby_20261003_v1/work/db_s2.z1.obs0/core* , on => 6.12.232.130 rc => 0 stdout => null
[2026-10-03 04:55:49.448][INFO ] [Role           :1504] - rm -fr /data/1/nijia.nj/test/namespace_standby_20261003_v1/clog/db_s2.z1.obs0.nijia.nj/ /data/1/nijia.nj/test/namespace_standby_20261003_v1/data/db_s2.z1.obs0.nijia.nj/ , on => 6.12.232.130 rc => 0 stdout => null
[2026-10-03 04:55:49.669][INFO ] [Role           :1510] - rm -fr /data/1/nijia.nj/test/namespace_standby_20261003_v1/work/db_s2.z1.obs0 , on => 6.12.232.130 rc => 0 stdout => null
[2026-10-03 04:55:49.675][INFO ] [Deploy         :294] - execute db_s2.z1.obs0.rmdir  result => true
[2026-10-03 04:55:49.675][INFO ] [Deploy         :362] - execute db_s2.z1.rmdir result => true [true]
[2026-10-03 04:55:49.676][INFO ] [Deploy         :331] - execute db_s2.z1.cleanup result => true
[2026-10-03 04:55:49.676][INFO ] [Deploy         :362] - execute db_s2.z1.cleanup_logstore result => true []
[2026-10-03 04:55:49.676][INFO ] [Deploy         :331] - execute db_s2.z1.cleanup_all result => true
[2026-10-03 04:55:49.676][INFO ] [Deploy         :287] - execute db_s2.z1.genconf
[2026-10-03 04:55:49.677][INFO ] [Deploy         :294] - execute db_s2.z1.genconf result => true
[2026-10-03 04:55:49.677][INFO ] [Deploy         :287] - execute db_s2.z1.obs0.mkdir 
[2026-10-03 04:55:49.678][INFO ] [Role           :1768] - mkdir -p /data/1/nijia.nj/test/namespace_standby_20261003_v1/work/db_s2.z1.obs0/store/;mkdir -p /data/1/nijia.nj/test/namespace_standby_20261003_v1/clog/db_s2.z1.obs0.nijia.nj/store/clog /data/1/nijia.nj/test/namespace_standby_20261003_v1/clog/db_s2.z1.obs0.nijia.nj/store/ilog /data/1/nijia.nj/test/namespace_standby_20261003_v1/clog/db_s2.z1.obs0.nijia.nj/store/slog /data/1/nijia.nj/test/namespace_standby_20261003_v1/data/db_s2.z1.obs0.nijia.nj/sort_dir /data/1/nijia.nj/test/namespace_standby_20261003_v1/data/db_s2.z1.obs0.nijia.nj/sstable;ln -sf /data/1/nijia.nj/test/namespace_standby_20261003_v1/data/db_s2.z1.obs0.nijia.nj/sstable /data/1/nijia.nj/test/namespace_standby_20261003_v1/work/db_s2.z1.obs0/store/;ln -sf /data/1/nijia.nj/test/namespace_standby_20261003_v1/clog/db_s2.z1.obs0.nijia.nj/store/clog /data/1/nijia.nj/test/namespace_standby_20261003_v1/work/db_s2.z1.obs0/store/;ln -sf /data/1/nijia.nj/test/namespace_standby_20261003_v1/clog/db_s2.z1.obs0.nijia.nj/store/ilog /data/1/nijia.nj/test/namespace_standby_20261003_v1/work/db_s2.z1.obs0/store/;ln -sf /data/1/nijia.nj/test/namespace_standby_20261003_v1/clog/db_s2.z1.obs0.nijia.nj/store/slog /data/1/nijia.nj/test/namespace_standby_20261003_v1/work/db_s2.z1.obs0/store/;ln -sf /data/1/nijia.nj/test/namespace_standby_20261003_v1/data/db_s2.z1.obs0.nijia.nj/sort_dir /data/1/nijia.nj/test/namespace_standby_20261003_v1/work/db_s2.z1.obs0/store/ on 6.12.232.130
[2026-10-03 04:55:49.699][INFO ] [Deploy         :294] - execute db_s2.z1.obs0.mkdir  result => true
[2026-10-03 04:55:49.700][INFO ] [Deploy         :362] - execute db_s2.z1.mkdir_obs result => true [true]
[2026-10-03 04:55:49.702][INFO ] [Deploy         :362] - execute db_s2.z1.mkdir_logstore result => true []
[2026-10-03 04:55:49.702][INFO ] [Deploy         :331] - execute db_s2.z1.mkdir result => true
[2026-10-03 04:55:49.703][INFO ] [Deploy         :287] - execute db_s2.z1.obs0.rsync 
[2026-10-03 04:55:49.703][INFO ] [Role           :1648] - sync server finish, time = 0
[2026-10-03 04:55:49.704][INFO ] [Role           :1563] - rsync server => db_s2.z1.obs0 version if specified => .
[2026-10-03 04:55:49.710][INFO ] [Role           :1635] - check disk dir ==> './admin' exist
[2026-10-03 04:55:49.716][WARN ] [Role           :1638] - check disk dir ==> './plugin_dir' not exist
[2026-10-03 04:55:49.721][INFO ] [Role           :1635] - check disk dir ==> './wallet' exist
[2026-10-03 04:55:49.722][INFO ] [Role           :1590] - transfer cmd to =>  rsync -WrptgoDRLv --timeout=600 bin etc lib  admin  wallet /data/1/nijia.nj/test/namespace_standby_20261003_v1/work/db_s2.z1.obs0
[2026-10-03 04:55:59.906][INFO ] [Role           :1604] - rsync cmd =>  rsync -WrptgoDRLv --timeout=600 bin etc lib  admin  wallet /data/1/nijia.nj/test/namespace_standby_20261003_v1/work/db_s2.z1.obs0
[2026-10-03 04:55:59.907][INFO ] [Deploy         :294] - execute db_s2.z1.obs0.rsync  result => true
[2026-10-03 04:55:59.907][INFO ] [Deploy         :362] - execute db_s2.z1.rsync_obs result => true [true]
[2026-10-03 04:55:59.908][INFO ] [Deploy         :362] - execute db_s2.z1.rsync_logstore result => true []
[2026-10-03 04:55:59.908][INFO ] [Deploy         :331] - execute db_s2.z1.rsync result => true
[2026-10-03 04:55:59.908][INFO ] [Deploy         :362] - execute db_s2.z1.start_logstore result => true []
[2026-10-03 04:55:59.908][INFO ] [Deploy         :287] - execute db_s2.z1.sleep 5
[2026-10-03 04:56:04.908][INFO ] [Deploy         :294] - execute db_s2.z1.sleep 5 result => true
[2026-10-03 04:56:04.909][INFO ] [Deploy         :287] - execute db_s2.z1.obs0.start 
[2026-10-03 04:56:04.909][INFO ] [Deploy         :381] - execute db_s2.lite_mode result => true result type => java.lang.Boolean
[2026-10-03 04:56:04.910][INFO ] [Deploy         :381] - execute db_s2.lite_mode result => true result type => java.lang.Boolean
6.12.232.130 is not a valid IPv6 address.
[2026-10-03 04:56:04.911][INFO ] [Role           :539] - cluster_id1
[2026-10-03 04:56:04.911][INFO ] [Deploy         :381] - execute db_s2.z_num result => 1 result type => java.lang.Integer
[2026-10-03 04:56:04.911][INFO ] [Role           :552] - db_s2 have 1 ZONE
[2026-10-03 04:56:04.911][INFO ] [Role           :584] - ofs_list ofs_list='z1@' has_ofs_zone false
[2026-10-03 04:56:04.911][INFO ] [Role           :637] - ulimit -c unlimited -s 4096;cd /data/1/nijia.nj/test/namespace_standby_20261003_v1/work/db_s2.z1.obs0;LD_LIBRARY_PATH=./lib:/usr/local/lib:/usr/lib:/usr/lib64:/usr/local/lib64:$LD_LIBRARY_PATH /data/1/nijia.nj/test/namespace_standby_20261003_v1/work/db_s2.z1.obs0/bin/observer --port 42037 --data-dir /data/1/nijia.nj/test/namespace_standby_20261003_v1/work/db_s2.z1.obs0/store --redo-dir /data/1/nijia.nj/test/namespace_standby_20261003_v1/work/db_s2.z1.obs0/store/clog  --role=STANDBY --parameter log_restore_source=6.12.232.130:42000 --parameter enable_rpc_service=true --parameter rpc_port=42002 --parameter datafile_size='2G' --parameter log_disk_size='2G' --parameter cpu_count=4 --parameter memory_limit='8G' on 6.12.232.130
[2026-10-03 04:56:04.989][INFO ] [Deploy         :294] - execute db_s2.z1.obs0.start  result => true
[2026-10-03 04:56:04.989][INFO ] [Deploy         :362] - execute db_s2.z1.start_obs result => true [true]
[2026-10-03 04:56:04.990][INFO ] [Deploy         :331] - execute db_s2.z1.start result => true
[2026-10-03 04:56:04.990][INFO ] [Deploy         :287] - execute db_s2.z1.sleep 8
[2026-10-03 04:56:12.990][INFO ] [Deploy         :294] - execute db_s2.z1.sleep 8 result => true
[2026-10-03 04:56:12.990][INFO ] [Deploy         :331] - execute db_s2.z1.reboot  result => true
[2026-10-03 04:56:12.991][INFO ] [Deploy         :362] - execute db_s2.deploy result => true [true]
[2026-10-03 04:56:12.991][INFO ] [Deploy         :287] - execute db_s2.sleep 5
[2026-10-03 04:56:17.991][INFO ] [Deploy         :294] - execute db_s2.sleep 5 result => true
[2026-10-03 04:56:17.991][INFO ] [Deploy         :287] - execute db_s2.bootstrap
[2026-10-03 04:56:17.991][INFO ] [Deploy         :381] - execute db_s2.z_num result => 1 result type => java.lang.Integer
[2026-10-03 04:56:17.992][INFO ] [Deploy         :381] - execute db_s2.zone_names result => [Ljava.lang.String;@4566e5bd result type => [Ljava.lang.String;
[2026-10-03 04:56:17.992][INFO ] [Deploy         :381] - execute db_s2.z1.obs_num result => 1 result type => java.lang.Integer
[2026-10-03 04:56:17.992][INFO ] [Deploy         :287] - execute db_s2.z1.obs0.get status
[2026-10-03 04:56:17.992][WARN ] [Deploy         :298] - execute db_s2.z1.obs0.get status result => null
[2026-10-03 04:56:17.992][INFO ] [Deploy         :381] - execute db_s2.lite_mode result => true result type => java.lang.Boolean
[2026-10-03 04:56:17.992][INFO ] [Deploy         :294] - execute db_s2.bootstrap result => true
[2026-10-03 04:56:17.992][INFO ] [Deploy         :287] - execute db_s2.addserver
[2026-10-03 04:56:17.992][INFO ] [Deploy         :381] - execute db_s2.z_num result => 1 result type => java.lang.Integer
[2026-10-03 04:56:17.992][INFO ] [Deploy         :381] - execute db_s2.zone_names result => [Ljava.lang.String;@4566e5bd result type => [Ljava.lang.String;
[2026-10-03 04:56:17.992][INFO ] [Deploy         :381] - execute db_s2.z1.obs_num result => 1 result type => java.lang.Integer
[2026-10-03 04:56:17.992][INFO ] [Deploy         :294] - execute db_s2.addserver result => true
[2026-10-03 04:56:17.992][INFO ] [Deploy         :287] - execute db_s2.exec_init_sql
[2026-10-03 04:56:17.993][INFO ] [Deploy         :381] - execute db_s2.lite_mode result => true result type => java.lang.Boolean
[2026-10-03 04:56:17.993][INFO ] [Deploy         :294] - execute db_s2.exec_init_sql result => true
[2026-10-03 04:56:17.993][INFO ] [Deploy         :287] - execute db_s2.register_proxy
[2026-10-03 04:56:17.993][INFO ] [Deploy         :294] - execute db_s2.register_proxy result => true
[2026-10-03 04:56:17.993][INFO ] [Deploy         :287] - execute db_s2.deploy_proxy
[2026-10-03 04:56:17.993][INFO ] [Deploy         :294] - execute db_s2.deploy_proxy result => true
[2026-10-03 04:56:17.993][INFO ] [Deploy         :287] - execute db_s2.sleep 5
[2026-10-03 04:56:22.994][INFO ] [Deploy         :294] - execute db_s2.sleep 5 result => true
[2026-10-03 04:56:22.994][INFO ] [Deploy         :331] - execute db_s2.reboot_proxy result => true
[2026-10-03 04:56:22.994][INFO ] [Deploy         :287] - execute db_s2.deploy_asvr
[2026-10-03 04:56:22.994][INFO ] [Deploy         :294] - execute db_s2.deploy_asvr result => true
[2026-10-03 04:56:22.994][INFO ] [Deploy         :287] - execute db_s2.sleep 5
[2026-10-03 04:56:27.994][INFO ] [Deploy         :294] - execute db_s2.sleep 5 result => true
[2026-10-03 04:56:27.995][INFO ] [Deploy         :331] - execute db_s2.reboot_asvr result => true
[2026-10-03 04:56:27.995][INFO ] [Deploy         :287] - execute db_s2.add_asvr
[2026-10-03 04:56:27.995][INFO ] [OBI            :1509] - There is no need to add asvr.
[2026-10-03 04:56:27.995][INFO ] [Deploy         :294] - execute db_s2.add_asvr result => true
[2026-10-03 04:56:27.995][INFO ] [Deploy         :287] - execute db_s2.prepare_agent
[2026-10-03 04:56:27.996][INFO ] [Deploy         :294] - execute db_s2.prepare_agent result => true
[2026-10-03 04:56:27.996][INFO ] [Deploy         :331] - execute db_s2.reboot result => true
[2026-10-03 04:56:27.996][INFO ] [Command        :353] - start[1790974549197] time[38798] tag[Q_DEPLOY]
[2026-10-03 04:56:27.996][INFO ] [Command        :536] - > LINE => 38, CMD => Q_ECHO, CONTENT => ========== Initialization: Verify One Primary Multi Standby Topology ==========
[2026-10-03 04:56:27.997][INFO ] [Command        :353] - start[1790974587996] time[0] tag[Q_ECHO]
[2026-10-03 04:56:27.997][INFO ] [Command        :536] - > LINE => 40, CMD => Q_DISABLE_QUERY_LOG, CONTENT => --disable_query_log
[2026-10-03 04:56:27.997][INFO ] [Command        :353] - start[1790974587997] time[0] tag[Q_DISABLE_QUERY_LOG]
[2026-10-03 04:56:27.997][INFO ] [Command        :536] - > LINE => 41, CMD => Q_DISABLE_RESULT_LOG, CONTENT => --disable_result_log
[2026-10-03 04:56:27.997][INFO ] [Command        :353] - start[1790974587997] time[0] tag[Q_DISABLE_RESULT_LOG]
[2026-10-03 04:56:27.998][INFO ] [Command        :536] - > LINE => 44, CMD => Q_DEPLOY, CONTENT => db_p.check_until_timeout select count(*) from oceanbase.__all_virtual_server_stat where role = 'PRIMARY', 1, 30;
[2026-10-03 04:56:27.998][INFO ] [DeployProcessor:93] - deploy => db_p.check_until_timeout select count(*) from oceanbase.__all_virtual_server_stat where role = 'PRIMARY', 1, 30
[2026-10-03 04:56:27.999][INFO ] [Deploy         :287] - execute db_p.check_until_timeout select count(*) from oceanbase.__all_virtual_server_stat where role = 'PRIMARY', 1, 30
[2026-10-03 04:56:27.999][INFO ] [Deploy         :287] - execute db_p.select_one_value select count(*) from oceanbase.__all_virtual_server_stat where role = 'PRIMARY'
Loading class `com.mysql.jdbc.Driver'. This is deprecated. The new driver class is `com.mysql.cj.jdbc.Driver'. The driver is automatically registered via the SPI and manual loading of the driver class is generally unnecessary.
[2026-10-03 04:56:28.111][INFO ] [SQLProcessor   :2086] - execute sql => select count(*) from oceanbase.__all_virtual_server_stat where role = 'PRIMARY'
[2026-10-03 04:56:28.470][INFO ] [Deploy         :294] - execute db_p.select_one_value select count(*) from oceanbase.__all_virtual_server_stat where role = 'PRIMARY' result => 1
[2026-10-03 04:56:28.470][INFO ] [OBI            :5345] - check success! use time = 0
[2026-10-03 04:56:28.471][INFO ] [Deploy         :294] - execute db_p.check_until_timeout select count(*) from oceanbase.__all_virtual_server_stat where role = 'PRIMARY', 1, 30 result => true
[2026-10-03 04:56:28.471][INFO ] [Command        :353] - start[1790974587998] time[472] tag[Q_DEPLOY]
[2026-10-03 04:56:28.472][INFO ] [Command        :536] - > LINE => 47, CMD => Q_DEPLOY, CONTENT => db_s1.check_until_timeout select count(*) from oceanbase.__all_virtual_server_stat where role = 'STANDBY', 1, 30;
[2026-10-03 04:56:28.472][INFO ] [DeployProcessor:93] - deploy => db_s1.check_until_timeout select count(*) from oceanbase.__all_virtual_server_stat where role = 'STANDBY', 1, 30
[2026-10-03 04:56:28.472][INFO ] [Deploy         :287] - execute db_s1.check_until_timeout select count(*) from oceanbase.__all_virtual_server_stat where role = 'STANDBY', 1, 30
[2026-10-03 04:56:28.473][INFO ] [Deploy         :287] - execute db_s1.select_one_value select count(*) from oceanbase.__all_virtual_server_stat where role = 'STANDBY'
[2026-10-03 04:56:28.473][INFO ] [SQLProcessor   :2086] - execute sql => select count(*) from oceanbase.__all_virtual_server_stat where role = 'STANDBY'
[2026-10-03 04:56:28.563][INFO ] [Deploy         :294] - execute db_s1.select_one_value select count(*) from oceanbase.__all_virtual_server_stat where role = 'STANDBY' result => 1
[2026-10-03 04:56:28.564][INFO ] [OBI            :5345] - check success! use time = 0
[2026-10-03 04:56:28.564][INFO ] [Deploy         :294] - execute db_s1.check_until_timeout select count(*) from oceanbase.__all_virtual_server_stat where role = 'STANDBY', 1, 30 result => true
[2026-10-03 04:56:28.564][INFO ] [Command        :353] - start[1790974588472] time[92] tag[Q_DEPLOY]
[2026-10-03 04:56:28.565][INFO ] [Command        :536] - > LINE => 50, CMD => Q_DEPLOY, CONTENT => db_s2.check_until_timeout select count(*) from oceanbase.__all_virtual_server_stat where role = 'STANDBY', 1, 30;
[2026-10-03 04:56:28.565][INFO ] [DeployProcessor:93] - deploy => db_s2.check_until_timeout select count(*) from oceanbase.__all_virtual_server_stat where role = 'STANDBY', 1, 30
[2026-10-03 04:56:28.565][INFO ] [Deploy         :287] - execute db_s2.check_until_timeout select count(*) from oceanbase.__all_virtual_server_stat where role = 'STANDBY', 1, 30
[2026-10-03 04:56:28.566][INFO ] [Deploy         :287] - execute db_s2.select_one_value select count(*) from oceanbase.__all_virtual_server_stat where role = 'STANDBY'
[2026-10-03 04:56:28.566][INFO ] [SQLProcessor   :2086] - execute sql => select count(*) from oceanbase.__all_virtual_server_stat where role = 'STANDBY'
[2026-10-03 04:56:28.611][INFO ] [Deploy         :294] - execute db_s2.select_one_value select count(*) from oceanbase.__all_virtual_server_stat where role = 'STANDBY' result => 1
[2026-10-03 04:56:28.612][INFO ] [OBI            :5345] - check success! use time = 0
[2026-10-03 04:56:28.612][INFO ] [Deploy         :294] - execute db_s2.check_until_timeout select count(*) from oceanbase.__all_virtual_server_stat where role = 'STANDBY', 1, 30 result => true
[2026-10-03 04:56:28.612][INFO ] [Command        :353] - start[1790974588565] time[47] tag[Q_DEPLOY]
[2026-10-03 04:56:28.613][INFO ] [Command        :536] - > LINE => 53, CMD => Q_LET_DEPLOY, CONTENT => $db_p_svr_ip
[2026-10-03 04:56:28.613][INFO ] [Deploy         :287] - execute db_p.select select svr_ip from oceanbase.__all_virtual_server_stat limit 1, svr_ip, 1
[2026-10-03 04:56:28.614][INFO ] [SQLProcessor   :2086] - execute sql => select svr_ip from oceanbase.__all_virtual_server_stat limit 1
[2026-10-03 04:56:28.630][INFO ] [Deploy         :294] - execute db_p.select select svr_ip from oceanbase.__all_virtual_server_stat limit 1, svr_ip, 1 result => 127.0.0.1
[2026-10-03 04:56:28.630][INFO ] [Command        :353] - start[1790974588613] time[17] tag[Q_LET_DEPLOY]
[2026-10-03 04:56:28.630][INFO ] [Command        :536] - > LINE => 54, CMD => Q_LET_DEPLOY, CONTENT => $db_p_rpc_port
[2026-10-03 04:56:28.631][INFO ] [Deploy         :287] - execute db_p.select select rpc_port from oceanbase.__all_virtual_server_stat limit 1, rpc_port, 1
[2026-10-03 04:56:28.631][INFO ] [SQLProcessor   :2086] - execute sql => select rpc_port from oceanbase.__all_virtual_server_stat limit 1
[2026-10-03 04:56:28.639][INFO ] [Deploy         :294] - execute db_p.select select rpc_port from oceanbase.__all_virtual_server_stat limit 1, rpc_port, 1 result => 42000
[2026-10-03 04:56:28.640][INFO ] [Command        :353] - start[1790974588630] time[9] tag[Q_LET_DEPLOY]
[2026-10-03 04:56:28.640][INFO ] [Command        :536] - > LINE => 57, CMD => Q_DEPLOY, CONTENT => db_s1.check_until_timeout select count(*) from oceanbase.__all_virtual_server_stat where log_restore_source like '%:$db_p_rpc_port', 1, 30;
[2026-10-03 04:56:28.644][INFO ] [DeployProcessor:93] - deploy => db_s1.check_until_timeout select count(*) from oceanbase.__all_virtual_server_stat where log_restore_source like '%:42000', 1, 30
[2026-10-03 04:56:28.644][INFO ] [Deploy         :287] - execute db_s1.check_until_timeout select count(*) from oceanbase.__all_virtual_server_stat where log_restore_source like '%:42000', 1, 30
[2026-10-03 04:56:28.644][INFO ] [Deploy         :287] - execute db_s1.select_one_value select count(*) from oceanbase.__all_virtual_server_stat where log_restore_source like '%:42000'
[2026-10-03 04:56:28.645][INFO ] [SQLProcessor   :2086] - execute sql => select count(*) from oceanbase.__all_virtual_server_stat where log_restore_source like '%:42000'
[2026-10-03 04:56:28.659][INFO ] [Deploy         :294] - execute db_s1.select_one_value select count(*) from oceanbase.__all_virtual_server_stat where log_restore_source like '%:42000' result => 1
[2026-10-03 04:56:28.659][INFO ] [OBI            :5345] - check success! use time = 0
[2026-10-03 04:56:28.659][INFO ] [Deploy         :294] - execute db_s1.check_until_timeout select count(*) from oceanbase.__all_virtual_server_stat where log_restore_source like '%:42000', 1, 30 result => true
[2026-10-03 04:56:28.659][INFO ] [Command        :353] - start[1790974588641] time[18] tag[Q_DEPLOY]
[2026-10-03 04:56:28.660][INFO ] [Command        :536] - > LINE => 60, CMD => Q_DEPLOY, CONTENT => db_s2.check_until_timeout select count(*) from oceanbase.__all_virtual_server_stat where log_restore_source like '%:$db_p_rpc_port', 1, 30;
[2026-10-03 04:56:28.661][INFO ] [DeployProcessor:93] - deploy => db_s2.check_until_timeout select count(*) from oceanbase.__all_virtual_server_stat where log_restore_source like '%:42000', 1, 30
[2026-10-03 04:56:28.661][INFO ] [Deploy         :287] - execute db_s2.check_until_timeout select count(*) from oceanbase.__all_virtual_server_stat where log_restore_source like '%:42000', 1, 30
[2026-10-03 04:56:28.662][INFO ] [Deploy         :287] - execute db_s2.select_one_value select count(*) from oceanbase.__all_virtual_server_stat where log_restore_source like '%:42000'
[2026-10-03 04:56:28.662][INFO ] [SQLProcessor   :2086] - execute sql => select count(*) from oceanbase.__all_virtual_server_stat where log_restore_source like '%:42000'
[2026-10-03 04:56:28.672][INFO ] [Deploy         :294] - execute db_s2.select_one_value select count(*) from oceanbase.__all_virtual_server_stat where log_restore_source like '%:42000' result => 1
[2026-10-03 04:56:28.672][INFO ] [OBI            :5345] - check success! use time = 0
[2026-10-03 04:56:28.672][INFO ] [Deploy         :294] - execute db_s2.check_until_timeout select count(*) from oceanbase.__all_virtual_server_stat where log_restore_source like '%:42000', 1, 30 result => true
[2026-10-03 04:56:28.672][INFO ] [Command        :353] - start[1790974588660] time[11] tag[Q_DEPLOY]
[2026-10-03 04:56:28.673][INFO ] [Command        :536] - > LINE => 62, CMD => Q_ENABLE_QUERY_LOG, CONTENT => --enable_query_log
[2026-10-03 04:56:28.673][INFO ] [Command        :353] - start[1790974588673] time[0] tag[Q_ENABLE_QUERY_LOG]
[2026-10-03 04:56:28.673][INFO ] [Command        :536] - > LINE => 63, CMD => Q_ENABLE_RESULT_LOG, CONTENT => --enable_result_log
[2026-10-03 04:56:28.673][INFO ] [Command        :353] - start[1790974588673] time[0] tag[Q_ENABLE_RESULT_LOG]
[2026-10-03 04:56:28.673][INFO ] [Command        :536] - > LINE => 65, CMD => Q_ECHO, CONTENT => Initialization completed: One primary multi standby topology verified (db_p -> db_s1, db_p -> db_s2)
[2026-10-03 04:56:28.673][INFO ] [Command        :353] - start[1790974588673] time[0] tag[Q_ECHO]
[2026-10-03 04:56:28.674][INFO ] [Command        :536] - > LINE => 70, CMD => Q_ECHO, CONTENT => ========== Case 1: Verify Parallel Sync ==========
[2026-10-03 04:56:28.674][INFO ] [Command        :353] - start[1790974588674] time[0] tag[Q_ECHO]
[2026-10-03 04:56:28.674][INFO ] [Command        :536] - > LINE => 72, CMD => Q_DISABLE_QUERY_LOG, CONTENT => --disable_query_log
[2026-10-03 04:56:28.674][INFO ] [Command        :353] - start[1790974588674] time[0] tag[Q_DISABLE_QUERY_LOG]
[2026-10-03 04:56:28.675][INFO ] [Command        :536] - > LINE => 73, CMD => Q_DISABLE_RESULT_LOG, CONTENT => --disable_result_log
[2026-10-03 04:56:28.675][INFO ] [Command        :353] - start[1790974588675] time[0] tag[Q_DISABLE_RESULT_LOG]
[2026-10-03 04:56:28.675][INFO ] [Command        :536] - > LINE => 76, CMD => Q_CONNECT, CONTENT => ob_connect(conn_sys_p, db_p.z1.obs0, root@sys, , oceanbase, , USE_MYSQL_CONNECTOR)
[2026-10-03 04:56:28.677][INFO ] [SQLProcessor   :1505] - conn_sys_p create a physical connection  using jdbc:mysql://6.12.232.130:42035/oceanbase?useAffectedRows=true&emulateUnsupportedPstmts=false&characterEncoding=utf8&useServerPrepStmts=true&prepStmtCacheSqlLimit=1000&enableQueryTimeouts=false&useLocalSessionState=false&useLocalTransactionState=false&rewriteBatchedStatements=true&allowMultiQueries=true&socketTimeout=1800000 user/pwd is root@sys/
[2026-10-03 04:56:28.693][INFO ] [SQLProcessor   :1519] - connection => conn_sys_p is mysql mode.
[2026-10-03 04:56:28.693][INFO ] [SQLProcessor   :1522] - put conn: dataid=conn_sys_p currentConn=com.mysql.cj.jdbc.ConnectionImpl@5fe94a96 hashcode => 1609124502
[2026-10-03 04:56:28.693][INFO ] [Command        :353] - start[1790974588675] time[18] tag[Q_CONNECT]
[2026-10-03 04:56:28.693][INFO ] [Command        :536] - > LINE => 77, CMD => Q_CONNECTION, CONTENT => connection conn_sys_p
[2026-10-03 04:56:28.694][INFO ] [SQLProcessor   :1128] - use connection => conn_sys_p hashcode => 1609124502
[2026-10-03 04:56:28.695][INFO ] [SQLProcessor   :1158] - connection => conn_sys_p is mysql mode. conn=com.mysql.cj.jdbc.ConnectionImpl@5fe94a96
[2026-10-03 04:56:28.695][INFO ] [Command        :353] - start[1790974588693] time[1] tag[Q_CONNECTION]
[2026-10-03 04:56:28.695][INFO ] [Command        :536] - > LINE => 79, CMD => Q_ENABLE_QUERY_LOG, CONTENT => --enable_query_log
[2026-10-03 04:56:28.695][INFO ] [Command        :353] - start[1790974588695] time[0] tag[Q_ENABLE_QUERY_LOG]
[2026-10-03 04:56:28.696][INFO ] [Command        :536] - > LINE => 80, CMD => Q_ENABLE_RESULT_LOG, CONTENT => --enable_result_log
[2026-10-03 04:56:28.696][INFO ] [Command        :353] - start[1790974588696] time[0] tag[Q_ENABLE_RESULT_LOG]
[2026-10-03 04:56:28.696][INFO ] [Command        :536] - > LINE => 83, CMD => Q_QUERY, CONTENT => create table if not exists test_multi_standby(id int primary key, name varchar(100), value int);
[2026-10-03 04:56:28.958][INFO ] [Command        :353] - start[1790974588696] time[261] tag[Q_QUERY]
[2026-10-03 04:56:28.958][INFO ] [Command        :536] - > LINE => 84, CMD => Q_QUERY, CONTENT => insert into test_multi_standby values(1, 'init_data', 100);
[2026-10-03 04:56:28.965][INFO ] [Command        :353] - start[1790974588959] time[6] tag[Q_QUERY]
[2026-10-03 04:56:28.966][INFO ] [Command        :536] - > LINE => 85, CMD => Q_QUERY, CONTENT => insert into test_multi_standby values(2, 'init_data_2', 200);
[2026-10-03 04:56:28.969][INFO ] [Command        :353] - start[1790974588966] time[2] tag[Q_QUERY]
[2026-10-03 04:56:28.969][INFO ] [Command        :536] - > LINE => 87, CMD => Q_DISABLE_QUERY_LOG, CONTENT => --disable_query_log
[2026-10-03 04:56:28.970][INFO ] [Command        :353] - start[1790974588970] time[0] tag[Q_DISABLE_QUERY_LOG]
[2026-10-03 04:56:28.970][INFO ] [Command        :536] - > LINE => 88, CMD => Q_DISABLE_RESULT_LOG, CONTENT => --disable_result_log
[2026-10-03 04:56:28.970][INFO ] [Command        :353] - start[1790974588970] time[0] tag[Q_DISABLE_RESULT_LOG]
[2026-10-03 04:56:28.970][INFO ] [Command        :536] - > LINE => 91, CMD => Q_QUERY, CONTENT => ALTER SYSTEM MINOR FREEZE;
[2026-10-03 04:56:28.974][INFO ] [Command        :353] - start[1790974588970] time[3] tag[Q_QUERY]
[2026-10-03 04:56:28.975][INFO ] [Command        :536] - > LINE => 94, CMD => Q_DEPLOY, CONTENT => db_s1.check_until_timeout select count(*) from test_multi_standby where id = 1, 1, 120;
[2026-10-03 04:56:28.975][INFO ] [DeployProcessor:93] - deploy => db_s1.check_until_timeout select count(*) from test_multi_standby where id = 1, 1, 120
[2026-10-03 04:56:28.976][INFO ] [Deploy         :287] - execute db_s1.check_until_timeout select count(*) from test_multi_standby where id = 1, 1, 120
[2026-10-03 04:56:28.976][INFO ] [Deploy         :287] - execute db_s1.select_one_value select count(*) from test_multi_standby where id = 1
[2026-10-03 04:56:28.976][INFO ] [SQLProcessor   :2086] - execute sql => select count(*) from test_multi_standby where id = 1
[2026-10-03 04:56:29.79][INFO ] [Deploy         :294] - execute db_s1.select_one_value select count(*) from test_multi_standby where id = 1 result => 1
[2026-10-03 04:56:29.79][INFO ] [OBI            :5345] - check success! use time = 0
[2026-10-03 04:56:29.79][INFO ] [Deploy         :294] - execute db_s1.check_until_timeout select count(*) from test_multi_standby where id = 1, 1, 120 result => true
[2026-10-03 04:56:29.79][INFO ] [Command        :353] - start[1790974588975] time[104] tag[Q_DEPLOY]
[2026-10-03 04:56:29.80][INFO ] [Command        :536] - > LINE => 95, CMD => Q_DEPLOY, CONTENT => db_s1.check_until_timeout select count(*) from test_multi_standby where id = 2, 1, 30;
[2026-10-03 04:56:29.80][INFO ] [DeployProcessor:93] - deploy => db_s1.check_until_timeout select count(*) from test_multi_standby where id = 2, 1, 30
[2026-10-03 04:56:29.80][INFO ] [Deploy         :287] - execute db_s1.check_until_timeout select count(*) from test_multi_standby where id = 2, 1, 30
[2026-10-03 04:56:29.80][INFO ] [Deploy         :287] - execute db_s1.select_one_value select count(*) from test_multi_standby where id = 2
[2026-10-03 04:56:29.81][INFO ] [SQLProcessor   :2086] - execute sql => select count(*) from test_multi_standby where id = 2
[2026-10-03 04:56:29.87][INFO ] [Deploy         :294] - execute db_s1.select_one_value select count(*) from test_multi_standby where id = 2 result => 1
[2026-10-03 04:56:29.88][INFO ] [OBI            :5345] - check success! use time = 0
[2026-10-03 04:56:29.88][INFO ] [Deploy         :294] - execute db_s1.check_until_timeout select count(*) from test_multi_standby where id = 2, 1, 30 result => true
[2026-10-03 04:56:29.88][INFO ] [Command        :353] - start[1790974589080] time[8] tag[Q_DEPLOY]
[2026-10-03 04:56:29.89][INFO ] [Command        :536] - > LINE => 97, CMD => Q_DEPLOY, CONTENT => db_s2.check_until_timeout select count(*) from test_multi_standby where id = 1, 1, 120;
[2026-10-03 04:56:29.89][INFO ] [DeployProcessor:93] - deploy => db_s2.check_until_timeout select count(*) from test_multi_standby where id = 1, 1, 120
[2026-10-03 04:56:29.89][INFO ] [Deploy         :287] - execute db_s2.check_until_timeout select count(*) from test_multi_standby where id = 1, 1, 120
[2026-10-03 04:56:29.90][INFO ] [Deploy         :287] - execute db_s2.select_one_value select count(*) from test_multi_standby where id = 1
[2026-10-03 04:56:29.90][INFO ] [SQLProcessor   :2086] - execute sql => select count(*) from test_multi_standby where id = 1
[2026-10-03 04:56:29.195][INFO ] [Deploy         :294] - execute db_s2.select_one_value select count(*) from test_multi_standby where id = 1 result => 1
[2026-10-03 04:56:29.196][INFO ] [OBI            :5345] - check success! use time = 0
[2026-10-03 04:56:29.196][INFO ] [Deploy         :294] - execute db_s2.check_until_timeout select count(*) from test_multi_standby where id = 1, 1, 120 result => true
[2026-10-03 04:56:29.196][INFO ] [Command        :353] - start[1790974589089] time[107] tag[Q_DEPLOY]
[2026-10-03 04:56:29.197][INFO ] [Command        :536] - > LINE => 98, CMD => Q_DEPLOY, CONTENT => db_s2.check_until_timeout select count(*) from test_multi_standby where id = 2, 1, 30;
[2026-10-03 04:56:29.197][INFO ] [DeployProcessor:93] - deploy => db_s2.check_until_timeout select count(*) from test_multi_standby where id = 2, 1, 30
[2026-10-03 04:56:29.198][INFO ] [Deploy         :287] - execute db_s2.check_until_timeout select count(*) from test_multi_standby where id = 2, 1, 30
[2026-10-03 04:56:29.198][INFO ] [Deploy         :287] - execute db_s2.select_one_value select count(*) from test_multi_standby where id = 2
[2026-10-03 04:56:29.198][INFO ] [SQLProcessor   :2086] - execute sql => select count(*) from test_multi_standby where id = 2
[2026-10-03 04:56:29.205][INFO ] [Deploy         :294] - execute db_s2.select_one_value select count(*) from test_multi_standby where id = 2 result => 1
[2026-10-03 04:56:29.206][INFO ] [OBI            :5345] - check success! use time = 0
[2026-10-03 04:56:29.206][INFO ] [Deploy         :294] - execute db_s2.check_until_timeout select count(*) from test_multi_standby where id = 2, 1, 30 result => true
[2026-10-03 04:56:29.206][INFO ] [Command        :353] - start[1790974589197] time[8] tag[Q_DEPLOY]
[2026-10-03 04:56:29.206][INFO ] [Command        :536] - > LINE => 100, CMD => Q_ENABLE_QUERY_LOG, CONTENT => --enable_query_log
[2026-10-03 04:56:29.206][INFO ] [Command        :353] - start[1790974589206] time[0] tag[Q_ENABLE_QUERY_LOG]
[2026-10-03 04:56:29.207][INFO ] [Command        :536] - > LINE => 101, CMD => Q_ENABLE_RESULT_LOG, CONTENT => --enable_result_log
[2026-10-03 04:56:29.207][INFO ] [Command        :353] - start[1790974589207] time[0] tag[Q_ENABLE_RESULT_LOG]
[2026-10-03 04:56:29.207][INFO ] [Command        :536] - > LINE => 104, CMD => Q_CONNECT, CONTENT => ob_connect(conn_sys_s1, db_s1.z1.obs0, root@sys, , oceanbase, , USE_MYSQL_CONNECTOR)
[2026-10-03 04:56:29.208][INFO ] [SQLProcessor   :1505] - conn_sys_s1 create a physical connection  using jdbc:mysql://6.12.232.130:42036/oceanbase?useAffectedRows=true&emulateUnsupportedPstmts=false&characterEncoding=utf8&useServerPrepStmts=true&prepStmtCacheSqlLimit=1000&enableQueryTimeouts=false&useLocalSessionState=false&useLocalTransactionState=false&rewriteBatchedStatements=true&allowMultiQueries=true&socketTimeout=1800000 user/pwd is root@sys/
[2026-10-03 04:56:29.222][INFO ] [SQLProcessor   :1519] - connection => conn_sys_s1 is mysql mode.
[2026-10-03 04:56:29.222][INFO ] [SQLProcessor   :1522] - put conn: dataid=conn_sys_s1 currentConn=com.mysql.cj.jdbc.ConnectionImpl@3857f613 hashcode => 945288723
[2026-10-03 04:56:29.222][INFO ] [Command        :353] - start[1790974589207] time[15] tag[Q_CONNECT]
[2026-10-03 04:56:29.222][INFO ] [Command        :536] - > LINE => 105, CMD => Q_CONNECTION, CONTENT => connection conn_sys_s1
[2026-10-03 04:56:29.223][INFO ] [SQLProcessor   :1128] - use connection => conn_sys_s1 hashcode => 945288723
[2026-10-03 04:56:29.224][INFO ] [SQLProcessor   :1158] - connection => conn_sys_s1 is mysql mode. conn=com.mysql.cj.jdbc.ConnectionImpl@3857f613
[2026-10-03 04:56:29.224][INFO ] [Command        :353] - start[1790974589222] time[1] tag[Q_CONNECTION]
[2026-10-03 04:56:29.224][INFO ] [Command        :536] - > LINE => 106, CMD => Q_QUERY, CONTENT => select count(*) from test_multi_standby;
[2026-10-03 04:56:29.228][INFO ] [Command        :353] - start[1790974589224] time[3] tag[Q_QUERY]
[2026-10-03 04:56:29.228][INFO ] [Command        :536] - > LINE => 110, CMD => Q_CONNECT, CONTENT => ob_connect(conn_sys_s2, db_s2.z1.obs0, root@sys, , oceanbase, , USE_MYSQL_CONNECTOR)
[2026-10-03 04:56:29.229][INFO ] [SQLProcessor   :1505] - conn_sys_s2 create a physical connection  using jdbc:mysql://6.12.232.130:42037/oceanbase?useAffectedRows=true&emulateUnsupportedPstmts=false&characterEncoding=utf8&useServerPrepStmts=true&prepStmtCacheSqlLimit=1000&enableQueryTimeouts=false&useLocalSessionState=false&useLocalTransactionState=false&rewriteBatchedStatements=true&allowMultiQueries=true&socketTimeout=1800000 user/pwd is root@sys/
[2026-10-03 04:56:29.243][INFO ] [SQLProcessor   :1519] - connection => conn_sys_s2 is mysql mode.
[2026-10-03 04:56:29.243][INFO ] [SQLProcessor   :1522] - put conn: dataid=conn_sys_s2 currentConn=com.mysql.cj.jdbc.ConnectionImpl@fbd1f6 hashcode => 16503286
[2026-10-03 04:56:29.243][INFO ] [Command        :353] - start[1790974589228] time[14] tag[Q_CONNECT]
[2026-10-03 04:56:29.243][INFO ] [Command        :536] - > LINE => 111, CMD => Q_CONNECTION, CONTENT => connection conn_sys_s2
[2026-10-03 04:56:29.243][INFO ] [SQLProcessor   :1128] - use connection => conn_sys_s2 hashcode => 16503286
[2026-10-03 04:56:29.245][INFO ] [SQLProcessor   :1158] - connection => conn_sys_s2 is mysql mode. conn=com.mysql.cj.jdbc.ConnectionImpl@fbd1f6
[2026-10-03 04:56:29.245][INFO ] [Command        :353] - start[1790974589243] time[1] tag[Q_CONNECTION]
[2026-10-03 04:56:29.245][INFO ] [Command        :536] - > LINE => 112, CMD => Q_QUERY, CONTENT => select count(*) from test_multi_standby;
[2026-10-03 04:56:29.249][INFO ] [Command        :353] - start[1790974589245] time[3] tag[Q_QUERY]
[2026-10-03 04:56:29.249][INFO ] [Command        :536] - > LINE => 115, CMD => Q_ECHO, CONTENT => Case 1 completed: Parallel sync verified (db_p -> db_s1, db_p -> db_s2)
[2026-10-03 04:56:29.249][INFO ] [Command        :353] - start[1790974589249] time[0] tag[Q_ECHO]
[2026-10-03 04:56:29.250][INFO ] [Command        :536] - > LINE => 120, CMD => Q_ECHO, CONTENT => ========== Case 2: Verify Independent Sync Progress ==========
[2026-10-03 04:56:29.250][INFO ] [Command        :353] - start[1790974589250] time[0] tag[Q_ECHO]
[2026-10-03 04:56:29.250][INFO ] [Command        :536] - > LINE => 122, CMD => Q_DISABLE_QUERY_LOG, CONTENT => --disable_query_log
[2026-10-03 04:56:29.250][INFO ] [Command        :353] - start[1790974589250] time[0] tag[Q_DISABLE_QUERY_LOG]
[2026-10-03 04:56:29.250][INFO ] [Command        :536] - > LINE => 123, CMD => Q_DISABLE_RESULT_LOG, CONTENT => --disable_result_log
[2026-10-03 04:56:29.251][INFO ] [Command        :353] - start[1790974589251] time[0] tag[Q_DISABLE_RESULT_LOG]
[2026-10-03 04:56:29.251][INFO ] [Command        :536] - > LINE => 126, CMD => Q_CONNECTION, CONTENT => connection conn_sys_p
[2026-10-03 04:56:29.251][INFO ] [SQLProcessor   :1128] - use connection => conn_sys_p hashcode => 1609124502
[2026-10-03 04:56:29.252][INFO ] [SQLProcessor   :1158] - connection => conn_sys_p is mysql mode. conn=com.mysql.cj.jdbc.ConnectionImpl@5fe94a96
[2026-10-03 04:56:29.252][INFO ] [Command        :353] - start[1790974589251] time[1] tag[Q_CONNECTION]
[2026-10-03 04:56:29.253][INFO ] [Command        :536] - > LINE => 127, CMD => Q_QUERY, CONTENT => insert into test_multi_standby values(3, 'sync_progress_test', 300);
[2026-10-03 04:56:29.255][INFO ] [Command        :353] - start[1790974589253] time[2] tag[Q_QUERY]
[2026-10-03 04:56:29.256][INFO ] [Command        :536] - > LINE => 128, CMD => Q_QUERY, CONTENT => insert into test_multi_standby values(4, 'sync_progress_test_2', 400);
[2026-10-03 04:56:29.257][INFO ] [Command        :353] - start[1790974589256] time[1] tag[Q_QUERY]
[2026-10-03 04:56:29.258][INFO ] [Command        :536] - > LINE => 131, CMD => Q_QUERY, CONTENT => ALTER SYSTEM MINOR FREEZE;
[2026-10-03 04:56:29.261][INFO ] [Command        :353] - start[1790974589258] time[3] tag[Q_QUERY]
[2026-10-03 04:56:29.262][INFO ] [Command        :536] - > LINE => 134, CMD => Q_LET_DEPLOY, CONTENT => $primary_sync_scn
[2026-10-03 04:56:29.262][INFO ] [Deploy         :287] - execute db_p.select select sync_scn from oceanbase.__all_virtual_server_stat where role = 'PRIMARY', sync_scn, 1
[2026-10-03 04:56:29.263][INFO ] [SQLProcessor   :2086] - execute sql => select sync_scn from oceanbase.__all_virtual_server_stat where role = 'PRIMARY'
[2026-10-03 04:56:29.273][INFO ] [Deploy         :294] - execute db_p.select select sync_scn from oceanbase.__all_virtual_server_stat where role = 'PRIMARY', sync_scn, 1 result => 1790974589252075004
[2026-10-03 04:56:29.273][INFO ] [Command        :353] - start[1790974589262] time[10] tag[Q_LET_DEPLOY]
[2026-10-03 04:56:29.273][INFO ] [Command        :536] - > LINE => 137, CMD => Q_DEPLOY, CONTENT => db_s1.check_until_timeout select count(*) from test_multi_standby where id = 3, 1, 120;
[2026-10-03 04:56:29.274][INFO ] [DeployProcessor:93] - deploy => db_s1.check_until_timeout select count(*) from test_multi_standby where id = 3, 1, 120
[2026-10-03 04:56:29.274][INFO ] [Deploy         :287] - execute db_s1.check_until_timeout select count(*) from test_multi_standby where id = 3, 1, 120
[2026-10-03 04:56:29.274][INFO ] [Deploy         :287] - execute db_s1.select_one_value select count(*) from test_multi_standby where id = 3
[2026-10-03 04:56:29.274][INFO ] [SQLProcessor   :2086] - execute sql => select count(*) from test_multi_standby where id = 3
[2026-10-03 04:56:29.282][INFO ] [Deploy         :294] - execute db_s1.select_one_value select count(*) from test_multi_standby where id = 3 result => 1
[2026-10-03 04:56:29.282][INFO ] [OBI            :5345] - check success! use time = 0
[2026-10-03 04:56:29.282][INFO ] [Deploy         :294] - execute db_s1.check_until_timeout select count(*) from test_multi_standby where id = 3, 1, 120 result => true
[2026-10-03 04:56:29.283][INFO ] [Command        :353] - start[1790974589273] time[9] tag[Q_DEPLOY]
[2026-10-03 04:56:29.283][INFO ] [Command        :536] - > LINE => 138, CMD => Q_DEPLOY, CONTENT => db_s1.check_until_timeout select count(*) from test_multi_standby where id = 4, 1, 30;
[2026-10-03 04:56:29.284][INFO ] [DeployProcessor:93] - deploy => db_s1.check_until_timeout select count(*) from test_multi_standby where id = 4, 1, 30
[2026-10-03 04:56:29.284][INFO ] [Deploy         :287] - execute db_s1.check_until_timeout select count(*) from test_multi_standby where id = 4, 1, 30
[2026-10-03 04:56:29.284][INFO ] [Deploy         :287] - execute db_s1.select_one_value select count(*) from test_multi_standby where id = 4
[2026-10-03 04:56:29.284][INFO ] [SQLProcessor   :2086] - execute sql => select count(*) from test_multi_standby where id = 4
[2026-10-03 04:56:29.290][INFO ] [Deploy         :294] - execute db_s1.select_one_value select count(*) from test_multi_standby where id = 4 result => 1
[2026-10-03 04:56:29.291][INFO ] [OBI            :5345] - check success! use time = 0
[2026-10-03 04:56:29.291][INFO ] [Deploy         :294] - execute db_s1.check_until_timeout select count(*) from test_multi_standby where id = 4, 1, 30 result => true
[2026-10-03 04:56:29.291][INFO ] [Command        :353] - start[1790974589283] time[7] tag[Q_DEPLOY]
[2026-10-03 04:56:29.292][INFO ] [Command        :536] - > LINE => 141, CMD => Q_DEPLOY, CONTENT => db_s2.check_until_timeout select count(*) from test_multi_standby where id = 3, 1, 120;
[2026-10-03 04:56:29.292][INFO ] [DeployProcessor:93] - deploy => db_s2.check_until_timeout select count(*) from test_multi_standby where id = 3, 1, 120
[2026-10-03 04:56:29.292][INFO ] [Deploy         :287] - execute db_s2.check_until_timeout select count(*) from test_multi_standby where id = 3, 1, 120
[2026-10-03 04:56:29.292][INFO ] [Deploy         :287] - execute db_s2.select_one_value select count(*) from test_multi_standby where id = 3
[2026-10-03 04:56:29.293][INFO ] [SQLProcessor   :2086] - execute sql => select count(*) from test_multi_standby where id = 3
[2026-10-03 04:56:29.299][INFO ] [Deploy         :294] - execute db_s2.select_one_value select count(*) from test_multi_standby where id = 3 result => 0
[2026-10-03 04:56:29.300][WARN ] [OBI            :5348] - expect => 1, actual => 0, left timeout => 120, totaltime => 120, file => 141/433, file_percent => 32
[2026-10-03 04:56:30.300][INFO ] [Deploy         :287] - execute db_s2.select_one_value select count(*) from test_multi_standby where id = 3
[2026-10-03 04:56:30.301][INFO ] [SQLProcessor   :2086] - execute sql => select count(*) from test_multi_standby where id = 3
[2026-10-03 04:56:30.313][INFO ] [Deploy         :294] - execute db_s2.select_one_value select count(*) from test_multi_standby where id = 3 result => 1
[2026-10-03 04:56:30.314][INFO ] [OBI            :5345] - check success! use time = 1
[2026-10-03 04:56:30.314][INFO ] [Deploy         :294] - execute db_s2.check_until_timeout select count(*) from test_multi_standby where id = 3, 1, 120 result => true
[2026-10-03 04:56:30.314][INFO ] [Command        :353] - start[1790974589292] time[1022] tag[Q_DEPLOY]
[2026-10-03 04:56:30.314][INFO ] [Command        :536] - > LINE => 142, CMD => Q_DEPLOY, CONTENT => db_s2.check_until_timeout select count(*) from test_multi_standby where id = 4, 1, 30;
[2026-10-03 04:56:30.315][INFO ] [DeployProcessor:93] - deploy => db_s2.check_until_timeout select count(*) from test_multi_standby where id = 4, 1, 30
[2026-10-03 04:56:30.315][INFO ] [Deploy         :287] - execute db_s2.check_until_timeout select count(*) from test_multi_standby where id = 4, 1, 30
[2026-10-03 04:56:30.315][INFO ] [Deploy         :287] - execute db_s2.select_one_value select count(*) from test_multi_standby where id = 4
[2026-10-03 04:56:30.315][INFO ] [SQLProcessor   :2086] - execute sql => select count(*) from test_multi_standby where id = 4
[2026-10-03 04:56:30.323][INFO ] [Deploy         :294] - execute db_s2.select_one_value select count(*) from test_multi_standby where id = 4 result => 1
[2026-10-03 04:56:30.323][INFO ] [OBI            :5345] - check success! use time = 0
[2026-10-03 04:56:30.324][INFO ] [Deploy         :294] - execute db_s2.check_until_timeout select count(*) from test_multi_standby where id = 4, 1, 30 result => true
[2026-10-03 04:56:30.324][INFO ] [Command        :353] - start[1790974590314] time[9] tag[Q_DEPLOY]
[2026-10-03 04:56:30.324][INFO ] [Command        :536] - > LINE => 144, CMD => Q_ENABLE_QUERY_LOG, CONTENT => --enable_query_log
[2026-10-03 04:56:30.324][INFO ] [Command        :353] - start[1790974590324] time[0] tag[Q_ENABLE_QUERY_LOG]
[2026-10-03 04:56:30.324][INFO ] [Command        :536] - > LINE => 145, CMD => Q_ENABLE_RESULT_LOG, CONTENT => --enable_result_log
[2026-10-03 04:56:30.324][INFO ] [Command        :353] - start[1790974590324] time[0] tag[Q_ENABLE_RESULT_LOG]
[2026-10-03 04:56:30.325][INFO ] [Command        :536] - > LINE => 148, CMD => Q_DEPLOY, CONTENT => db_s1.check_until_timeout select count(*) from oceanbase.__all_virtual_server_stat where role = 'STANDBY' and sync_scn >= $primary_sync_scn, 1, 120;
[2026-10-03 04:56:30.326][INFO ] [DeployProcessor:93] - deploy => db_s1.check_until_timeout select count(*) from oceanbase.__all_virtual_server_stat where role = 'STANDBY' and sync_scn >= 1790974589252075004, 1, 120
[2026-10-03 04:56:30.326][INFO ] [Deploy         :287] - execute db_s1.check_until_timeout select count(*) from oceanbase.__all_virtual_server_stat where role = 'STANDBY' and sync_scn >= 1790974589252075004, 1, 120
[2026-10-03 04:56:30.326][INFO ] [Deploy         :287] - execute db_s1.select_one_value select count(*) from oceanbase.__all_virtual_server_stat where role = 'STANDBY' and sync_scn >= 1790974589252075004
[2026-10-03 04:56:30.326][INFO ] [SQLProcessor   :2086] - execute sql => select count(*) from oceanbase.__all_virtual_server_stat where role = 'STANDBY' and sync_scn >= 1790974589252075004
[2026-10-03 04:56:30.336][INFO ] [Deploy         :294] - execute db_s1.select_one_value select count(*) from oceanbase.__all_virtual_server_stat where role = 'STANDBY' and sync_scn >= 1790974589252075004 result => 1
[2026-10-03 04:56:30.336][INFO ] [OBI            :5345] - check success! use time = 0
[2026-10-03 04:56:30.337][INFO ] [Deploy         :294] - execute db_s1.check_until_timeout select count(*) from oceanbase.__all_virtual_server_stat where role = 'STANDBY' and sync_scn >= 1790974589252075004, 1, 120 result => true
[2026-10-03 04:56:30.337][INFO ] [Command        :353] - start[1790974590325] time[11] tag[Q_DEPLOY]
[2026-10-03 04:56:30.337][INFO ] [Command        :536] - > LINE => 149, CMD => Q_DEPLOY, CONTENT => db_s2.check_until_timeout select count(*) from oceanbase.__all_virtual_server_stat where role = 'STANDBY' and sync_scn >= $primary_sync_scn, 1, 120;
[2026-10-03 04:56:30.338][INFO ] [DeployProcessor:93] - deploy => db_s2.check_until_timeout select count(*) from oceanbase.__all_virtual_server_stat where role = 'STANDBY' and sync_scn >= 1790974589252075004, 1, 120
[2026-10-03 04:56:30.338][INFO ] [Deploy         :287] - execute db_s2.check_until_timeout select count(*) from oceanbase.__all_virtual_server_stat where role = 'STANDBY' and sync_scn >= 1790974589252075004, 1, 120
[2026-10-03 04:56:30.338][INFO ] [Deploy         :287] - execute db_s2.select_one_value select count(*) from oceanbase.__all_virtual_server_stat where role = 'STANDBY' and sync_scn >= 1790974589252075004
[2026-10-03 04:56:30.339][INFO ] [SQLProcessor   :2086] - execute sql => select count(*) from oceanbase.__all_virtual_server_stat where role = 'STANDBY' and sync_scn >= 1790974589252075004
[2026-10-03 04:56:30.348][INFO ] [Deploy         :294] - execute db_s2.select_one_value select count(*) from oceanbase.__all_virtual_server_stat where role = 'STANDBY' and sync_scn >= 1790974589252075004 result => 1
[2026-10-03 04:56:30.349][INFO ] [OBI            :5345] - check success! use time = 0
[2026-10-03 04:56:30.349][INFO ] [Deploy         :294] - execute db_s2.check_until_timeout select count(*) from oceanbase.__all_virtual_server_stat where role = 'STANDBY' and sync_scn >= 1790974589252075004, 1, 120 result => true
[2026-10-03 04:56:30.349][INFO ] [Command        :353] - start[1790974590337] time[11] tag[Q_DEPLOY]
[2026-10-03 04:56:30.349][INFO ] [Command        :536] - > LINE => 151, CMD => Q_ECHO, CONTENT => Case 2 completed: Independent sync progress verified for each standby
[2026-10-03 04:56:30.349][INFO ] [Command        :353] - start[1790974590349] time[0] tag[Q_ECHO]
[2026-10-03 04:56:30.349][INFO ] [Command        :536] - > LINE => 156, CMD => Q_ECHO, CONTENT => ========== Case 3: Switchover with Multiple Standbys ==========
[2026-10-03 04:56:30.349][INFO ] [Command        :353] - start[1790974590349] time[0] tag[Q_ECHO]
[2026-10-03 04:56:30.350][INFO ] [Command        :536] - > LINE => 158, CMD => Q_DISABLE_QUERY_LOG, CONTENT => --disable_query_log
[2026-10-03 04:56:30.350][INFO ] [Command        :353] - start[1790974590350] time[0] tag[Q_DISABLE_QUERY_LOG]
[2026-10-03 04:56:30.350][INFO ] [Command        :536] - > LINE => 159, CMD => Q_DISABLE_RESULT_LOG, CONTENT => --disable_result_log
[2026-10-03 04:56:30.350][INFO ] [Command        :353] - start[1790974590350] time[0] tag[Q_DISABLE_RESULT_LOG]
[2026-10-03 04:56:30.350][INFO ] [Command        :536] - > LINE => 162, CMD => Q_LET_DEPLOY, CONTENT => $db_s1_svr_ip
[2026-10-03 04:56:30.351][INFO ] [Deploy         :287] - execute db_s1.select select svr_ip from oceanbase.__all_virtual_server_stat limit 1, svr_ip, 1
[2026-10-03 04:56:30.351][INFO ] [SQLProcessor   :2086] - execute sql => select svr_ip from oceanbase.__all_virtual_server_stat limit 1
[2026-10-03 04:56:30.369][INFO ] [Deploy         :294] - execute db_s1.select select svr_ip from oceanbase.__all_virtual_server_stat limit 1, svr_ip, 1 result => 127.0.0.1
[2026-10-03 04:56:30.369][INFO ] [Command        :353] - start[1790974590350] time[18] tag[Q_LET_DEPLOY]
[2026-10-03 04:56:30.369][INFO ] [Command        :536] - > LINE => 163, CMD => Q_LET_DEPLOY, CONTENT => $db_s1_rpc_port
[2026-10-03 04:56:30.370][INFO ] [Deploy         :287] - execute db_s1.select select rpc_port from oceanbase.__all_virtual_server_stat limit 1, rpc_port, 1
[2026-10-03 04:56:30.370][INFO ] [SQLProcessor   :2086] - execute sql => select rpc_port from oceanbase.__all_virtual_server_stat limit 1
[2026-10-03 04:56:30.382][INFO ] [Deploy         :294] - execute db_s1.select select rpc_port from oceanbase.__all_virtual_server_stat limit 1, rpc_port, 1 result => 42001
[2026-10-03 04:56:30.382][INFO ] [Command        :353] - start[1790974590369] time[12] tag[Q_LET_DEPLOY]
[2026-10-03 04:56:30.382][INFO ] [Command        :536] - > LINE => 165, CMD => Q_CONNECTION, CONTENT => connection conn_sys_p
[2026-10-03 04:56:30.382][INFO ] [SQLProcessor   :1128] - use connection => conn_sys_p hashcode => 1609124502
[2026-10-03 04:56:30.383][INFO ] [SQLProcessor   :1158] - connection => conn_sys_p is mysql mode. conn=com.mysql.cj.jdbc.ConnectionImpl@5fe94a96
[2026-10-03 04:56:30.384][INFO ] [Command        :353] - start[1790974590382] time[1] tag[Q_CONNECTION]
[2026-10-03 04:56:30.384][INFO ] [Command        :536] - > LINE => 166, CMD => Q_EVAL, CONTENT => alter system set log_restore_source = '$db_s1_svr_ip:$db_s1_rpc_port';
[2026-10-03 04:56:30.385][INFO ] [Command        :771] - eval => alter system set log_restore_source = '127.0.0.1:42001';
[2026-10-03 04:56:30.392][INFO ] [Command        :353] - start[1790974590384] time[7] tag[Q_EVAL]
[2026-10-03 04:56:30.392][INFO ] [Command        :536] - > LINE => 169, CMD => Q_DEPLOY, CONTENT => db_p.check_until_timeout select count(*) from oceanbase.__all_virtual_server_stat where log_restore_source like '%:$db_s1_rpc_port', 1, 30;
[2026-10-03 04:56:30.393][INFO ] [DeployProcessor:93] - deploy => db_p.check_until_timeout select count(*) from oceanbase.__all_virtual_server_stat where log_restore_source like '%:42001', 1, 30
[2026-10-03 04:56:30.393][INFO ] [Deploy         :287] - execute db_p.check_until_timeout select count(*) from oceanbase.__all_virtual_server_stat where log_restore_source like '%:42001', 1, 30
[2026-10-03 04:56:30.393][INFO ] [Deploy         :287] - execute db_p.select_one_value select count(*) from oceanbase.__all_virtual_server_stat where log_restore_source like '%:42001'
[2026-10-03 04:56:30.394][INFO ] [SQLProcessor   :2086] - execute sql => select count(*) from oceanbase.__all_virtual_server_stat where log_restore_source like '%:42001'
[2026-10-03 04:56:30.401][INFO ] [Deploy         :294] - execute db_p.select_one_value select count(*) from oceanbase.__all_virtual_server_stat where log_restore_source like '%:42001' result => 1
[2026-10-03 04:56:30.402][INFO ] [OBI            :5345] - check success! use time = 0
[2026-10-03 04:56:30.402][INFO ] [Deploy         :294] - execute db_p.check_until_timeout select count(*) from oceanbase.__all_virtual_server_stat where log_restore_source like '%:42001', 1, 30 result => true
[2026-10-03 04:56:30.402][INFO ] [Command        :353] - start[1790974590392] time[9] tag[Q_DEPLOY]
[2026-10-03 04:56:30.402][INFO ] [Command        :536] - > LINE => 172, CMD => Q_CONNECTION, CONTENT => connection conn_sys_s2
[2026-10-03 04:56:30.402][INFO ] [SQLProcessor   :1128] - use connection => conn_sys_s2 hashcode => 16503286
[2026-10-03 04:56:30.404][INFO ] [SQLProcessor   :1158] - connection => conn_sys_s2 is mysql mode. conn=com.mysql.cj.jdbc.ConnectionImpl@fbd1f6
[2026-10-03 04:56:30.404][INFO ] [Command        :353] - start[1790974590402] time[2] tag[Q_CONNECTION]
[2026-10-03 04:56:30.404][INFO ] [Command        :536] - > LINE => 173, CMD => Q_EVAL, CONTENT => alter system set log_restore_source = '$db_s1_svr_ip:$db_s1_rpc_port';
[2026-10-03 04:56:30.405][INFO ] [Command        :771] - eval => alter system set log_restore_source = '127.0.0.1:42001';
[2026-10-03 04:56:30.412][INFO ] [Command        :353] - start[1790974590405] time[7] tag[Q_EVAL]
[2026-10-03 04:56:30.413][INFO ] [Command        :536] - > LINE => 176, CMD => Q_DEPLOY, CONTENT => db_s2.check_until_timeout select count(*) from oceanbase.__all_virtual_server_stat where log_restore_source like '%:$db_s1_rpc_port', 1, 30;
[2026-10-03 04:56:30.414][INFO ] [DeployProcessor:93] - deploy => db_s2.check_until_timeout select count(*) from oceanbase.__all_virtual_server_stat where log_restore_source like '%:42001', 1, 30
[2026-10-03 04:56:30.414][INFO ] [Deploy         :287] - execute db_s2.check_until_timeout select count(*) from oceanbase.__all_virtual_server_stat where log_restore_source like '%:42001', 1, 30
[2026-10-03 04:56:30.414][INFO ] [Deploy         :287] - execute db_s2.select_one_value select count(*) from oceanbase.__all_virtual_server_stat where log_restore_source like '%:42001'
[2026-10-03 04:56:30.414][INFO ] [SQLProcessor   :2086] - execute sql => select count(*) from oceanbase.__all_virtual_server_stat where log_restore_source like '%:42001'
[2026-10-03 04:56:30.421][INFO ] [Deploy         :294] - execute db_s2.select_one_value select count(*) from oceanbase.__all_virtual_server_stat where log_restore_source like '%:42001' result => 1
[2026-10-03 04:56:30.422][INFO ] [OBI            :5345] - check success! use time = 0
[2026-10-03 04:56:30.422][INFO ] [Deploy         :294] - execute db_s2.check_until_timeout select count(*) from oceanbase.__all_virtual_server_stat where log_restore_source like '%:42001', 1, 30 result => true
[2026-10-03 04:56:30.422][INFO ] [Command        :353] - start[1790974590413] time[8] tag[Q_DEPLOY]
[2026-10-03 04:56:30.422][INFO ] [Command        :536] - > LINE => 178, CMD => Q_ENABLE_QUERY_LOG, CONTENT => --enable_query_log
[2026-10-03 04:56:30.422][INFO ] [Command        :353] - start[1790974590422] time[0] tag[Q_ENABLE_QUERY_LOG]
[2026-10-03 04:56:30.423][INFO ] [Command        :536] - > LINE => 179, CMD => Q_ENABLE_RESULT_LOG, CONTENT => --enable_result_log
[2026-10-03 04:56:30.423][INFO ] [Command        :353] - start[1790974590423] time[0] tag[Q_ENABLE_RESULT_LOG]
[2026-10-03 04:56:30.423][INFO ] [Command        :536] - > LINE => 182, CMD => Q_CONNECTION, CONTENT => connection conn_sys_p
[2026-10-03 04:56:30.423][INFO ] [SQLProcessor   :1128] - use connection => conn_sys_p hashcode => 1609124502
[2026-10-03 04:56:30.425][INFO ] [SQLProcessor   :1158] - connection => conn_sys_p is mysql mode. conn=com.mysql.cj.jdbc.ConnectionImpl@5fe94a96
[2026-10-03 04:56:30.425][INFO ] [Command        :353] - start[1790974590423] time[2] tag[Q_CONNECTION]
[2026-10-03 04:56:30.426][INFO ] [Command        :536] - > LINE => 183, CMD => Q_QUERY, CONTENT => insert into test_multi_standby values(5, 'before_switchover', 500);
[2026-10-03 04:56:30.431][INFO ] [Command        :353] - start[1790974590426] time[4] tag[Q_QUERY]
[2026-10-03 04:56:30.431][INFO ] [Command        :536] - > LINE => 185, CMD => Q_DISABLE_QUERY_LOG, CONTENT => --disable_query_log
[2026-10-03 04:56:30.431][INFO ] [Command        :353] - start[1790974590431] time[0] tag[Q_DISABLE_QUERY_LOG]
[2026-10-03 04:56:30.431][INFO ] [Command        :536] - > LINE => 186, CMD => Q_DISABLE_RESULT_LOG, CONTENT => --disable_result_log
[2026-10-03 04:56:30.431][INFO ] [Command        :353] - start[1790974590431] time[0] tag[Q_DISABLE_RESULT_LOG]
[2026-10-03 04:56:30.432][INFO ] [Command        :536] - > LINE => 189, CMD => Q_DEPLOY, CONTENT => db_s1.check_until_timeout select count(*) from test_multi_standby where id = 5, 1, 120;
[2026-10-03 04:56:30.432][INFO ] [DeployProcessor:93] - deploy => db_s1.check_until_timeout select count(*) from test_multi_standby where id = 5, 1, 120
[2026-10-03 04:56:30.432][INFO ] [Deploy         :287] - execute db_s1.check_until_timeout select count(*) from test_multi_standby where id = 5, 1, 120
[2026-10-03 04:56:30.432][INFO ] [Deploy         :287] - execute db_s1.select_one_value select count(*) from test_multi_standby where id = 5
[2026-10-03 04:56:30.433][INFO ] [SQLProcessor   :2086] - execute sql => select count(*) from test_multi_standby where id = 5
[2026-10-03 04:56:30.439][INFO ] [Deploy         :294] - execute db_s1.select_one_value select count(*) from test_multi_standby where id = 5 result => 0
[2026-10-03 04:56:30.439][WARN ] [OBI            :5348] - expect => 1, actual => 0, left timeout => 120, totaltime => 120, file => 189/433, file_percent => 43
[2026-10-03 04:56:31.439][INFO ] [Deploy         :287] - execute db_s1.select_one_value select count(*) from test_multi_standby where id = 5
[2026-10-03 04:56:31.440][INFO ] [SQLProcessor   :2086] - execute sql => select count(*) from test_multi_standby where id = 5
[2026-10-03 04:56:31.449][INFO ] [Deploy         :294] - execute db_s1.select_one_value select count(*) from test_multi_standby where id = 5 result => 1
[2026-10-03 04:56:31.449][INFO ] [OBI            :5345] - check success! use time = 1
[2026-10-03 04:56:31.449][INFO ] [Deploy         :294] - execute db_s1.check_until_timeout select count(*) from test_multi_standby where id = 5, 1, 120 result => true
[2026-10-03 04:56:31.450][INFO ] [Command        :353] - start[1790974590432] time[1017] tag[Q_DEPLOY]
[2026-10-03 04:56:31.450][INFO ] [Command        :536] - > LINE => 190, CMD => Q_DEPLOY, CONTENT => db_s2.check_until_timeout select count(*) from test_multi_standby where id = 5, 1, 120;
[2026-10-03 04:56:31.450][INFO ] [DeployProcessor:93] - deploy => db_s2.check_until_timeout select count(*) from test_multi_standby where id = 5, 1, 120
[2026-10-03 04:56:31.450][INFO ] [Deploy         :287] - execute db_s2.check_until_timeout select count(*) from test_multi_standby where id = 5, 1, 120
[2026-10-03 04:56:31.451][INFO ] [Deploy         :287] - execute db_s2.select_one_value select count(*) from test_multi_standby where id = 5
[2026-10-03 04:56:31.451][INFO ] [SQLProcessor   :2086] - execute sql => select count(*) from test_multi_standby where id = 5
[2026-10-03 04:56:31.459][INFO ] [Deploy         :294] - execute db_s2.select_one_value select count(*) from test_multi_standby where id = 5 result => 1
[2026-10-03 04:56:31.459][INFO ] [OBI            :5345] - check success! use time = 0
[2026-10-03 04:56:31.459][INFO ] [Deploy         :294] - execute db_s2.check_until_timeout select count(*) from test_multi_standby where id = 5, 1, 120 result => true
[2026-10-03 04:56:31.459][INFO ] [Command        :353] - start[1790974591450] time[9] tag[Q_DEPLOY]
[2026-10-03 04:56:31.460][INFO ] [Command        :536] - > LINE => 192, CMD => Q_ENABLE_QUERY_LOG, CONTENT => --enable_query_log
[2026-10-03 04:56:31.460][INFO ] [Command        :353] - start[1790974591460] time[0] tag[Q_ENABLE_QUERY_LOG]
[2026-10-03 04:56:31.460][INFO ] [Command        :536] - > LINE => 193, CMD => Q_ENABLE_RESULT_LOG, CONTENT => --enable_result_log
[2026-10-03 04:56:31.460][INFO ] [Command        :353] - start[1790974591460] time[0] tag[Q_ENABLE_RESULT_LOG]
[2026-10-03 04:56:31.460][INFO ] [Command        :536] - > LINE => 196, CMD => Q_CONNECTION, CONTENT => connection conn_sys_p
[2026-10-03 04:56:31.460][INFO ] [SQLProcessor   :1128] - use connection => conn_sys_p hashcode => 1609124502
[2026-10-03 04:56:31.462][INFO ] [SQLProcessor   :1158] - connection => conn_sys_p is mysql mode. conn=com.mysql.cj.jdbc.ConnectionImpl@5fe94a96
[2026-10-03 04:56:31.462][INFO ] [Command        :353] - start[1790974591460] time[1] tag[Q_CONNECTION]
[2026-10-03 04:56:31.463][INFO ] [Command        :536] - > LINE => 197, CMD => Q_QUERY, CONTENT => ALTER SYSTEM SWITCHOVER TO STANDBY;
[2026-10-03 04:56:31.470][INFO ] [Command        :353] - start[1790974591463] time[7] tag[Q_QUERY]
[2026-10-03 04:56:31.470][INFO ] [Command        :536] - > LINE => 199, CMD => Q_DISABLE_QUERY_LOG, CONTENT => --disable_query_log
[2026-10-03 04:56:31.470][INFO ] [Command        :353] - start[1790974591470] time[0] tag[Q_DISABLE_QUERY_LOG]
[2026-10-03 04:56:31.470][INFO ] [Command        :536] - > LINE => 200, CMD => Q_DISABLE_RESULT_LOG, CONTENT => --disable_result_log
[2026-10-03 04:56:31.471][INFO ] [Command        :353] - start[1790974591471] time[0] tag[Q_DISABLE_RESULT_LOG]
[2026-10-03 04:56:31.471][INFO ] [Command        :536] - > LINE => 203, CMD => Q_DEPLOY, CONTENT => db_p.check_until_timeout select count(*) from oceanbase.__all_virtual_server_stat where role = 'PRIMARY' and pending_role = 'STANDBY' and switchover_status = 'PREPARING', 1, 60;
[2026-10-03 04:56:31.472][INFO ] [DeployProcessor:93] - deploy => db_p.check_until_timeout select count(*) from oceanbase.__all_virtual_server_stat where role = 'PRIMARY' and pending_role = 'STANDBY' and switchover_status = 'PREPARING', 1, 60
[2026-10-03 04:56:31.472][INFO ] [Deploy         :287] - execute db_p.check_until_timeout select count(*) from oceanbase.__all_virtual_server_stat where role = 'PRIMARY' and pending_role = 'STANDBY' and switchover_status = 'PREPARING', 1, 60
[2026-10-03 04:56:31.472][INFO ] [Deploy         :287] - execute db_p.select_one_value select count(*) from oceanbase.__all_virtual_server_stat where role = 'PRIMARY' and pending_role = 'STANDBY' and switchover_status = 'PREPARING'
[2026-10-03 04:56:31.472][INFO ] [SQLProcessor   :2086] - execute sql => select count(*) from oceanbase.__all_virtual_server_stat where role = 'PRIMARY' and pending_role = 'STANDBY' and switchover_status = 'PREPARING'
[2026-10-03 04:56:31.482][INFO ] [Deploy         :294] - execute db_p.select_one_value select count(*) from oceanbase.__all_virtual_server_stat where role = 'PRIMARY' and pending_role = 'STANDBY' and switchover_status = 'PREPARING' result => 1
[2026-10-03 04:56:31.483][INFO ] [OBI            :5345] - check success! use time = 0
[2026-10-03 04:56:31.483][INFO ] [Deploy         :294] - execute db_p.check_until_timeout select count(*) from oceanbase.__all_virtual_server_stat where role = 'PRIMARY' and pending_role = 'STANDBY' and switchover_status = 'PREPARING', 1, 60 result => true
[2026-10-03 04:56:31.483][INFO ] [Command        :353] - start[1790974591471] time[11] tag[Q_DEPLOY]
[2026-10-03 04:56:31.483][INFO ] [Command        :536] - > LINE => 205, CMD => Q_ENABLE_QUERY_LOG, CONTENT => --enable_query_log
[2026-10-03 04:56:31.483][INFO ] [Command        :353] - start[1790974591483] time[0] tag[Q_ENABLE_QUERY_LOG]
[2026-10-03 04:56:31.483][INFO ] [Command        :536] - > LINE => 206, CMD => Q_ENABLE_RESULT_LOG, CONTENT => --enable_result_log
[2026-10-03 04:56:31.483][INFO ] [Command        :353] - start[1790974591483] time[0] tag[Q_ENABLE_RESULT_LOG]
[2026-10-03 04:56:31.484][INFO ] [Command        :536] - > LINE => 209, CMD => Q_CONNECTION, CONTENT => connection conn_sys_s1
[2026-10-03 04:56:31.484][INFO ] [SQLProcessor   :1128] - use connection => conn_sys_s1 hashcode => 945288723
[2026-10-03 04:56:31.485][INFO ] [SQLProcessor   :1158] - connection => conn_sys_s1 is mysql mode. conn=com.mysql.cj.jdbc.ConnectionImpl@3857f613
[2026-10-03 04:56:31.485][INFO ] [Command        :353] - start[1790974591484] time[1] tag[Q_CONNECTION]
[2026-10-03 04:56:31.486][INFO ] [Command        :536] - > LINE => 210, CMD => Q_QUERY, CONTENT => ALTER SYSTEM SWITCHOVER TO PRIMARY;
[2026-10-03 04:56:31.508][INFO ] [Command        :353] - start[1790974591486] time[22] tag[Q_QUERY]
[2026-10-03 04:56:31.508][INFO ] [Command        :536] - > LINE => 212, CMD => Q_DISABLE_QUERY_LOG, CONTENT => --disable_query_log
[2026-10-03 04:56:31.509][INFO ] [Command        :353] - start[1790974591509] time[0] tag[Q_DISABLE_QUERY_LOG]
[2026-10-03 04:56:31.509][INFO ] [Command        :536] - > LINE => 213, CMD => Q_DISABLE_RESULT_LOG, CONTENT => --disable_result_log
[2026-10-03 04:56:31.509][INFO ] [Command        :353] - start[1790974591509] time[0] tag[Q_DISABLE_RESULT_LOG]
[2026-10-03 04:56:31.509][INFO ] [Command        :536] - > LINE => 216, CMD => Q_DEPLOY, CONTENT => db_s1.check_until_timeout select count(*) from oceanbase.__all_virtual_server_stat where role = 'PRIMARY' and pending_role = 'INVALID' and switchover_status = 'NORMAL', 1, 120;
[2026-10-03 04:56:31.510][INFO ] [DeployProcessor:93] - deploy => db_s1.check_until_timeout select count(*) from oceanbase.__all_virtual_server_stat where role = 'PRIMARY' and pending_role = 'INVALID' and switchover_status = 'NORMAL', 1, 120
[2026-10-03 04:56:31.510][INFO ] [Deploy         :287] - execute db_s1.check_until_timeout select count(*) from oceanbase.__all_virtual_server_stat where role = 'PRIMARY' and pending_role = 'INVALID' and switchover_status = 'NORMAL', 1, 120
[2026-10-03 04:56:31.510][INFO ] [Deploy         :287] - execute db_s1.select_one_value select count(*) from oceanbase.__all_virtual_server_stat where role = 'PRIMARY' and pending_role = 'INVALID' and switchover_status = 'NORMAL'
[2026-10-03 04:56:31.511][INFO ] [SQLProcessor   :2086] - execute sql => select count(*) from oceanbase.__all_virtual_server_stat where role = 'PRIMARY' and pending_role = 'INVALID' and switchover_status = 'NORMAL'
[2026-10-03 04:56:31.520][INFO ] [Deploy         :294] - execute db_s1.select_one_value select count(*) from oceanbase.__all_virtual_server_stat where role = 'PRIMARY' and pending_role = 'INVALID' and switchover_status = 'NORMAL' result => 1
[2026-10-03 04:56:31.520][INFO ] [OBI            :5345] - check success! use time = 0
[2026-10-03 04:56:31.520][INFO ] [Deploy         :294] - execute db_s1.check_until_timeout select count(*) from oceanbase.__all_virtual_server_stat where role = 'PRIMARY' and pending_role = 'INVALID' and switchover_status = 'NORMAL', 1, 120 result => true
[2026-10-03 04:56:31.520][INFO ] [Command        :353] - start[1790974591510] time[10] tag[Q_DEPLOY]
[2026-10-03 04:56:31.521][INFO ] [Command        :536] - > LINE => 219, CMD => Q_DEPLOY, CONTENT => db_p.force_stop;
[2026-10-03 04:56:31.521][INFO ] [DeployProcessor:93] - deploy => db_p.force_stop
[2026-10-03 04:56:31.523][INFO ] [Deploy         :287] - execute db_p.z1.obs0.force_stop 
[2026-10-03 04:56:31.523][INFO ] [Role           :1307] - pkill -9 -u nijia.nj -f '^/data/1/nijia.nj/test/namespace_standby_20261003_v1/work/db_p.z1.obs0/bin/observer|^/data/1/nijia.nj/test/namespace_standby_20261003_v1/work/db_p.z1.obs0/bin/obesi' on 6.12.232.130
[2026-10-03 04:56:31.539][INFO ] [Role           :1309] - pkill result is => 0
[2026-10-03 04:56:31.540][INFO ] [Role           :1142] - wait stop /data/1/nijia.nj/test/namespace_standby_20261003_v1/work/db_p.z1.obs0/bin/observer on 6.12.232.130
[2026-10-03 04:56:31.540][INFO ] [Role           :1190] - ps uxf | grep "/data/1/nijia.nj/test/namespace_standby_20261003_v1/work/db_p.z1.obs0/bin/observer" | grep -v grep
[2026-10-03 04:56:31.576][INFO ] [Role           :1154] - check port on 6.12.232.130
[2026-10-03 04:56:31.577][INFO ] [RemoteShell    :143] - netstat -lpnt 2>/dev/null | grep '0.0.0.0:42000 ' | awk -F ' ' '{print $7}'
[2026-10-03 04:56:31.606][INFO ] [RemoteShell    :143] - netstat -lpnt 2>/dev/null | grep '0.0.0.0:42035 ' | awk -F ' ' '{print $7}'
[2026-10-03 04:56:31.718][INFO ] [Role           :1164] - stop obs0 took 2 s
[2026-10-03 04:56:31.718][INFO ] [Deploy         :294] - execute db_p.z1.obs0.force_stop  result => true
[2026-10-03 04:56:31.719][INFO ] [Deploy         :362] - execute db_p.z1.force_stop  result => true [true]
[2026-10-03 04:56:31.719][INFO ] [Deploy         :362] - execute db_p.force_stop result => true [true]
[2026-10-03 04:56:31.719][INFO ] [Command        :353] - start[1790974591521] time[198] tag[Q_DEPLOY]
[2026-10-03 04:56:31.719][INFO ] [Command        :536] - > LINE => 220, CMD => Q_DEPLOY, CONTENT => db_p.nstart;
[2026-10-03 04:56:31.720][INFO ] [DeployProcessor:93] - deploy => db_p.nstart
[2026-10-03 04:56:31.721][INFO ] [Deploy         :287] - execute db_p.z1.obs0.nstart 
[2026-10-03 04:56:31.722][INFO ] [RemoteShell    :143] - netstat -lpnt 2>/dev/null | grep '0.0.0.0:42000 ' | awk -F ' ' '{print $7}'
[2026-10-03 04:56:31.754][INFO ] [RemoteShell    :143] - netstat -lpnt 2>/dev/null | grep '0.0.0.0:42035 ' | awk -F ' ' '{print $7}'
[2026-10-03 04:56:31.784][INFO ] [Deploy         :381] - execute db_p.lite_mode result => true result type => java.lang.Boolean
[2026-10-03 04:56:31.785][INFO ] [Role           :197] - ulimit -c unlimited -s 4096;cd /data/1/nijia.nj/test/namespace_standby_20261003_v1/work/db_p.z1.obs0;LD_LIBRARY_PATH=./lib:/usr/local/lib:/usr/lib:/usr/lib64:/usr/local/lib64:$LD_LIBRARY_PATH /data/1/nijia.nj/test/namespace_standby_20261003_v1/work/db_p.z1.obs0/bin/observer  on 6.12.232.130
[2026-10-03 04:56:31.851][INFO ] [Deploy         :294] - execute db_p.z1.obs0.nstart  result => true
[2026-10-03 04:56:31.852][INFO ] [Deploy         :362] - execute db_p.z1.nstart  result => true [true]
[2026-10-03 04:56:31.852][INFO ] [Deploy         :362] - execute db_p.nstart result => true [true]
[2026-10-03 04:56:31.852][INFO ] [Command        :353] - start[1790974591720] time[132] tag[Q_DEPLOY]
[2026-10-03 04:56:31.853][INFO ] [Command        :536] - > LINE => 221, CMD => Q_DEPLOY, CONTENT => db_p.check_until_timeout select count(*) from oceanbase.__all_virtual_server_stat where role = 'STANDBY' and pending_role = 'INVALID' and switchover_status = 'NORMAL', 1, 60;
[2026-10-03 04:56:31.854][INFO ] [DeployProcessor:93] - deploy => db_p.check_until_timeout select count(*) from oceanbase.__all_virtual_server_stat where role = 'STANDBY' and pending_role = 'INVALID' and switchover_status = 'NORMAL', 1, 60
[2026-10-03 04:56:31.854][INFO ] [Deploy         :287] - execute db_p.check_until_timeout select count(*) from oceanbase.__all_virtual_server_stat where role = 'STANDBY' and pending_role = 'INVALID' and switchover_status = 'NORMAL', 1, 60
[2026-10-03 04:56:31.854][INFO ] [Deploy         :287] - execute db_p.select_one_value select count(*) from oceanbase.__all_virtual_server_stat where role = 'STANDBY' and pending_role = 'INVALID' and switchover_status = 'NORMAL'
[2026-10-03 04:56:31.855][INFO ] [SQLProcessor   :2086] - execute sql => select count(*) from oceanbase.__all_virtual_server_stat where role = 'STANDBY' and pending_role = 'INVALID' and switchover_status = 'NORMAL'
[2026-10-03 04:56:31.861][ERROR] [SQLProcessor   :2096] - user => admin@sys, passwd => admin, jdbcUrl => jdbc:mysql://6.12.232.130:42035/oceanbase?useAffectedRows=true&emulateUnsupportedPstmts=false&characterEncoding=utf8&useServerPrepStmts=false&prepStmtCacheSqlLimit=1000&enableQueryTimeouts=true&useLocalSessionState=false&useLocalTransactionState=false&rewriteBatchedStatements=true&allowMultiQueries=true&socketTimeout=600000
[2026-10-03 04:56:31.861][ERROR] [SQLProcessor   :2098] - execute sql => select count(*) from oceanbase.__all_virtual_server_stat where role = 'STANDBY' and pending_role = 'INVALID' and switchover_status = 'NORMAL' failed
com.mysql.cj.jdbc.exceptions.CommunicationsException: Communications link failure

The last packet sent successfully to the server was 0 milliseconds ago. The driver has not received any packets from the server.
	at com.mysql.cj.jdbc.exceptions.SQLError.createCommunicationsException(SQLError.java:175)
	at com.mysql.cj.jdbc.exceptions.SQLExceptionsMapping.translateException(SQLExceptionsMapping.java:64)
	at com.mysql.cj.jdbc.ConnectionImpl.createNewIO(ConnectionImpl.java:825)
	at com.mysql.cj.jdbc.ConnectionImpl.<init>(ConnectionImpl.java:446)
	at com.mysql.cj.jdbc.ConnectionImpl.getInstance(ConnectionImpl.java:239)
	at com.mysql.cj.jdbc.NonRegisteringDriver.connect(NonRegisteringDriver.java:188)
	at java.sql.DriverManager.getConnection(DriverManager.java:664)
	at java.sql.DriverManager.getConnection(DriverManager.java:247)
	at com.etao.mytest.processor.SQLProcessor.selectGetValue(SQLProcessor.java:2088)
	at com.etao.mytest.deploy.OBI.select_one_value(OBI.java:4540)
	at sun.reflect.GeneratedMethodAccessor1.invoke(Unknown Source)
	at sun.reflect.DelegatingMethodAccessorImpl.invoke(DelegatingMethodAccessorImpl.java:43)
	at java.lang.reflect.Method.invoke(Method.java:498)
	at com.etao.mytest.deploy.Deploy.execute(Deploy.java:289)
	at com.etao.mytest.deploy.OBI.check_until_timeout(OBI.java:5340)
	at sun.reflect.GeneratedMethodAccessor2.invoke(Unknown Source)
	at sun.reflect.DelegatingMethodAccessorImpl.invoke(DelegatingMethodAccessorImpl.java:43)
	at java.lang.reflect.Method.invoke(Method.java:498)
	at com.etao.mytest.deploy.Deploy.execute(Deploy.java:289)
	at com.etao.mytest.processor.DeployProcessor.process(DeployProcessor.java:157)
	at com.etao.mytest.command.Command.execute(Command.java:552)
	at com.etao.mytest.main.TestCase.run(TestCase.java:779)
	at com.etao.mytest.main.MyTest.main(MyTest.java:129)
Caused by: com.mysql.cj.exceptions.CJCommunicationsException: Communications link failure

The last packet sent successfully to the server was 0 milliseconds ago. The driver has not received any packets from the server.
	at sun.reflect.NativeConstructorAccessorImpl.newInstance0(Native Method)
	at sun.reflect.NativeConstructorAccessorImpl.newInstance(NativeConstructorAccessorImpl.java:62)
	at sun.reflect.DelegatingConstructorAccessorImpl.newInstance(DelegatingConstructorAccessorImpl.java:45)
	at java.lang.reflect.Constructor.newInstance(Constructor.java:423)
	at com.mysql.cj.exceptions.ExceptionFactory.createException(ExceptionFactory.java:62)
	at com.mysql.cj.exceptions.ExceptionFactory.createException(ExceptionFactory.java:105)
	at com.mysql.cj.exceptions.ExceptionFactory.createException(ExceptionFactory.java:150)
	at com.mysql.cj.exceptions.ExceptionFactory.createCommunicationsException(ExceptionFactory.java:166)
	at com.mysql.cj.protocol.a.NativeSocketConnection.connect(NativeSocketConnection.java:89)
	at com.mysql.cj.NativeSession.connect(NativeSession.java:121)
	at com.mysql.cj.jdbc.ConnectionImpl.connectOneTryOnly(ConnectionImpl.java:945)
	at com.mysql.cj.jdbc.ConnectionImpl.createNewIO(ConnectionImpl.java:815)
	... 20 more
Caused by: java.net.ConnectException: Connection refused (Connection refused)
	at java.net.PlainSocketImpl.socketConnect(Native Method)
	at java.net.AbstractPlainSocketImpl.doConnect(AbstractPlainSocketImpl.java:350)
	at java.net.AbstractPlainSocketImpl.connectToAddress(AbstractPlainSocketImpl.java:206)
	at java.net.AbstractPlainSocketImpl.connect(AbstractPlainSocketImpl.java:188)
	at java.net.SocksSocketImpl.connect(SocksSocketImpl.java:392)
	at java.net.Socket.connect(Socket.java:607)
	at com.mysql.cj.protocol.StandardSocketFactory.connect(StandardSocketFactory.java:153)
	at com.mysql.cj.protocol.a.NativeSocketConnection.connect(NativeSocketConnection.java:63)
	... 23 more
[2026-10-03 04:56:31.862][WARN ] [Deploy         :298] - execute db_p.select_one_value select count(*) from oceanbase.__all_virtual_server_stat where role = 'STANDBY' and pending_role = 'INVALID' and switchover_status = 'NORMAL' result => null
[2026-10-03 04:56:31.862][WARN ] [OBI            :5348] - expect => 1, actual => null, left timeout => 60, totaltime => 60, file => 221/433, file_percent => 51
[2026-10-03 04:56:32.863][INFO ] [Deploy         :287] - execute db_p.select_one_value select count(*) from oceanbase.__all_virtual_server_stat where role = 'STANDBY' and pending_role = 'INVALID' and switchover_status = 'NORMAL'
[2026-10-03 04:56:32.863][INFO ] [SQLProcessor   :2086] - execute sql => select count(*) from oceanbase.__all_virtual_server_stat where role = 'STANDBY' and pending_role = 'INVALID' and switchover_status = 'NORMAL'
[2026-10-03 04:56:32.865][ERROR] [SQLProcessor   :2096] - user => admin@sys, passwd => admin, jdbcUrl => jdbc:mysql://6.12.232.130:42035/oceanbase?useAffectedRows=true&emulateUnsupportedPstmts=false&characterEncoding=utf8&useServerPrepStmts=false&prepStmtCacheSqlLimit=1000&enableQueryTimeouts=true&useLocalSessionState=false&useLocalTransactionState=false&rewriteBatchedStatements=true&allowMultiQueries=true&socketTimeout=600000
[2026-10-03 04:56:32.866][ERROR] [SQLProcessor   :2098] - execute sql => select count(*) from oceanbase.__all_virtual_server_stat where role = 'STANDBY' and pending_role = 'INVALID' and switchover_status = 'NORMAL' failed
com.mysql.cj.jdbc.exceptions.CommunicationsException: Communications link failure

The last packet sent successfully to the server was 0 milliseconds ago. The driver has not received any packets from the server.
	at com.mysql.cj.jdbc.exceptions.SQLError.createCommunicationsException(SQLError.java:175)
	at com.mysql.cj.jdbc.exceptions.SQLExceptionsMapping.translateException(SQLExceptionsMapping.java:64)
	at com.mysql.cj.jdbc.ConnectionImpl.createNewIO(ConnectionImpl.java:825)
	at com.mysql.cj.jdbc.ConnectionImpl.<init>(ConnectionImpl.java:446)
	at com.mysql.cj.jdbc.ConnectionImpl.getInstance(ConnectionImpl.java:239)
	at com.mysql.cj.jdbc.NonRegisteringDriver.connect(NonRegisteringDriver.java:188)
	at java.sql.DriverManager.getConnection(DriverManager.java:664)
	at java.sql.DriverManager.getConnection(DriverManager.java:247)
	at com.etao.mytest.processor.SQLProcessor.selectGetValue(SQLProcessor.java:2088)
	at com.etao.mytest.deploy.OBI.select_one_value(OBI.java:4540)
	at sun.reflect.GeneratedMethodAccessor1.invoke(Unknown Source)
	at sun.reflect.DelegatingMethodAccessorImpl.invoke(DelegatingMethodAccessorImpl.java:43)
	at java.lang.reflect.Method.invoke(Method.java:498)
	at com.etao.mytest.deploy.Deploy.execute(Deploy.java:289)
	at com.etao.mytest.deploy.OBI.check_until_timeout(OBI.java:5340)
	at sun.reflect.GeneratedMethodAccessor2.invoke(Unknown Source)
	at sun.reflect.DelegatingMethodAccessorImpl.invoke(DelegatingMethodAccessorImpl.java:43)
	at java.lang.reflect.Method.invoke(Method.java:498)
	at com.etao.mytest.deploy.Deploy.execute(Deploy.java:289)
	at com.etao.mytest.processor.DeployProcessor.process(DeployProcessor.java:157)
	at com.etao.mytest.command.Command.execute(Command.java:552)
	at com.etao.mytest.main.TestCase.run(TestCase.java:779)
	at com.etao.mytest.main.MyTest.main(MyTest.java:129)
Caused by: com.mysql.cj.exceptions.CJCommunicationsException: Communications link failure

The last packet sent successfully to the server was 0 milliseconds ago. The driver has not received any packets from the server.
	at sun.reflect.NativeConstructorAccessorImpl.newInstance0(Native Method)
	at sun.reflect.NativeConstructorAccessorImpl.newInstance(NativeConstructorAccessorImpl.java:62)
	at sun.reflect.DelegatingConstructorAccessorImpl.newInstance(DelegatingConstructorAccessorImpl.java:45)
	at java.lang.reflect.Constructor.newInstance(Constructor.java:423)
	at com.mysql.cj.exceptions.ExceptionFactory.createException(ExceptionFactory.java:62)
	at com.mysql.cj.exceptions.ExceptionFactory.createException(ExceptionFactory.java:105)
	at com.mysql.cj.exceptions.ExceptionFactory.createException(ExceptionFactory.java:150)
	at com.mysql.cj.exceptions.ExceptionFactory.createCommunicationsException(ExceptionFactory.java:166)
	at com.mysql.cj.protocol.a.NativeSocketConnection.connect(NativeSocketConnection.java:89)
	at com.mysql.cj.NativeSession.connect(NativeSession.java:121)
	at com.mysql.cj.jdbc.ConnectionImpl.connectOneTryOnly(ConnectionImpl.java:945)
	at com.mysql.cj.jdbc.ConnectionImpl.createNewIO(ConnectionImpl.java:815)
	... 20 more
Caused by: java.net.ConnectException: Connection refused (Connection refused)
	at java.net.PlainSocketImpl.socketConnect(Native Method)
	at java.net.AbstractPlainSocketImpl.doConnect(AbstractPlainSocketImpl.java:350)
	at java.net.AbstractPlainSocketImpl.connectToAddress(AbstractPlainSocketImpl.java:206)
	at java.net.AbstractPlainSocketImpl.connect(AbstractPlainSocketImpl.java:188)
	at java.net.SocksSocketImpl.connect(SocksSocketImpl.java:392)
	at java.net.Socket.connect(Socket.java:607)
	at com.mysql.cj.protocol.StandardSocketFactory.connect(StandardSocketFactory.java:153)
	at com.mysql.cj.protocol.a.NativeSocketConnection.connect(NativeSocketConnection.java:63)
	... 23 more
[2026-10-03 04:56:32.866][WARN ] [Deploy         :298] - execute db_p.select_one_value select count(*) from oceanbase.__all_virtual_server_stat where role = 'STANDBY' and pending_role = 'INVALID' and switchover_status = 'NORMAL' result => null
[2026-10-03 04:56:32.866][WARN ] [OBI            :5348] - expect => 1, actual => null, left timeout => 59, totaltime => 60, file => 221/433, file_percent => 51
[2026-10-03 04:56:33.867][INFO ] [Deploy         :287] - execute db_p.select_one_value select count(*) from oceanbase.__all_virtual_server_stat where role = 'STANDBY' and pending_role = 'INVALID' and switchover_status = 'NORMAL'
[2026-10-03 04:56:33.867][INFO ] [SQLProcessor   :2086] - execute sql => select count(*) from oceanbase.__all_virtual_server_stat where role = 'STANDBY' and pending_role = 'INVALID' and switchover_status = 'NORMAL'
[2026-10-03 04:56:33.869][ERROR] [SQLProcessor   :2096] - user => admin@sys, passwd => admin, jdbcUrl => jdbc:mysql://6.12.232.130:42035/oceanbase?useAffectedRows=true&emulateUnsupportedPstmts=false&characterEncoding=utf8&useServerPrepStmts=false&prepStmtCacheSqlLimit=1000&enableQueryTimeouts=true&useLocalSessionState=false&useLocalTransactionState=false&rewriteBatchedStatements=true&allowMultiQueries=true&socketTimeout=600000
[2026-10-03 04:56:33.869][ERROR] [SQLProcessor   :2098] - execute sql => select count(*) from oceanbase.__all_virtual_server_stat where role = 'STANDBY' and pending_role = 'INVALID' and switchover_status = 'NORMAL' failed
com.mysql.cj.jdbc.exceptions.CommunicationsException: Communications link failure

The last packet sent successfully to the server was 0 milliseconds ago. The driver has not received any packets from the server.
	at com.mysql.cj.jdbc.exceptions.SQLError.createCommunicationsException(SQLError.java:175)
	at com.mysql.cj.jdbc.exceptions.SQLExceptionsMapping.translateException(SQLExceptionsMapping.java:64)
	at com.mysql.cj.jdbc.ConnectionImpl.createNewIO(ConnectionImpl.java:825)
	at com.mysql.cj.jdbc.ConnectionImpl.<init>(ConnectionImpl.java:446)
	at com.mysql.cj.jdbc.ConnectionImpl.getInstance(ConnectionImpl.java:239)
	at com.mysql.cj.jdbc.NonRegisteringDriver.connect(NonRegisteringDriver.java:188)
	at java.sql.DriverManager.getConnection(DriverManager.java:664)
	at java.sql.DriverManager.getConnection(DriverManager.java:247)
	at com.etao.mytest.processor.SQLProcessor.selectGetValue(SQLProcessor.java:2088)
	at com.etao.mytest.deploy.OBI.select_one_value(OBI.java:4540)
	at sun.reflect.GeneratedMethodAccessor1.invoke(Unknown Source)
	at sun.reflect.DelegatingMethodAccessorImpl.invoke(DelegatingMethodAccessorImpl.java:43)
	at java.lang.reflect.Method.invoke(Method.java:498)
	at com.etao.mytest.deploy.Deploy.execute(Deploy.java:289)
	at com.etao.mytest.deploy.OBI.check_until_timeout(OBI.java:5340)
	at sun.reflect.GeneratedMethodAccessor2.invoke(Unknown Source)
	at sun.reflect.DelegatingMethodAccessorImpl.invoke(DelegatingMethodAccessorImpl.java:43)
	at java.lang.reflect.Method.invoke(Method.java:498)
	at com.etao.mytest.deploy.Deploy.execute(Deploy.java:289)
	at com.etao.mytest.processor.DeployProcessor.process(DeployProcessor.java:157)
	at com.etao.mytest.command.Command.execute(Command.java:552)
	at com.etao.mytest.main.TestCase.run(TestCase.java:779)
	at com.etao.mytest.main.MyTest.main(MyTest.java:129)
Caused by: com.mysql.cj.exceptions.CJCommunicationsException: Communications link failure

The last packet sent successfully to the server was 0 milliseconds ago. The driver has not received any packets from the server.
	at sun.reflect.NativeConstructorAccessorImpl.newInstance0(Native Method)
	at sun.reflect.NativeConstructorAccessorImpl.newInstance(NativeConstructorAccessorImpl.java:62)
	at sun.reflect.DelegatingConstructorAccessorImpl.newInstance(DelegatingConstructorAccessorImpl.java:45)
	at java.lang.reflect.Constructor.newInstance(Constructor.java:423)
	at com.mysql.cj.exceptions.ExceptionFactory.createException(ExceptionFactory.java:62)
	at com.mysql.cj.exceptions.ExceptionFactory.createException(ExceptionFactory.java:105)
	at com.mysql.cj.exceptions.ExceptionFactory.createException(ExceptionFactory.java:150)
	at com.mysql.cj.exceptions.ExceptionFactory.createCommunicationsException(ExceptionFactory.java:166)
	at com.mysql.cj.protocol.a.NativeSocketConnection.connect(NativeSocketConnection.java:89)
	at com.mysql.cj.NativeSession.connect(NativeSession.java:121)
	at com.mysql.cj.jdbc.ConnectionImpl.connectOneTryOnly(ConnectionImpl.java:945)
	at com.mysql.cj.jdbc.ConnectionImpl.createNewIO(ConnectionImpl.java:815)
	... 20 more
Caused by: java.net.ConnectException: Connection refused (Connection refused)
	at java.net.PlainSocketImpl.socketConnect(Native Method)
	at java.net.AbstractPlainSocketImpl.doConnect(AbstractPlainSocketImpl.java:350)
	at java.net.AbstractPlainSocketImpl.connectToAddress(AbstractPlainSocketImpl.java:206)
	at java.net.AbstractPlainSocketImpl.connect(AbstractPlainSocketImpl.java:188)
	at java.net.SocksSocketImpl.connect(SocksSocketImpl.java:392)
	at java.net.Socket.connect(Socket.java:607)
	at com.mysql.cj.protocol.StandardSocketFactory.connect(StandardSocketFactory.java:153)
	at com.mysql.cj.protocol.a.NativeSocketConnection.connect(NativeSocketConnection.java:63)
	... 23 more
[2026-10-03 04:56:33.870][WARN ] [Deploy         :298] - execute db_p.select_one_value select count(*) from oceanbase.__all_virtual_server_stat where role = 'STANDBY' and pending_role = 'INVALID' and switchover_status = 'NORMAL' result => null
[2026-10-03 04:56:33.870][WARN ] [OBI            :5348] - expect => 1, actual => null, left timeout => 58, totaltime => 60, file => 221/433, file_percent => 51
[2026-10-03 04:56:34.870][INFO ] [Deploy         :287] - execute db_p.select_one_value select count(*) from oceanbase.__all_virtual_server_stat where role = 'STANDBY' and pending_role = 'INVALID' and switchover_status = 'NORMAL'
[2026-10-03 04:56:34.871][INFO ] [SQLProcessor   :2086] - execute sql => select count(*) from oceanbase.__all_virtual_server_stat where role = 'STANDBY' and pending_role = 'INVALID' and switchover_status = 'NORMAL'
[2026-10-03 04:56:34.872][ERROR] [SQLProcessor   :2096] - user => admin@sys, passwd => admin, jdbcUrl => jdbc:mysql://6.12.232.130:42035/oceanbase?useAffectedRows=true&emulateUnsupportedPstmts=false&characterEncoding=utf8&useServerPrepStmts=false&prepStmtCacheSqlLimit=1000&enableQueryTimeouts=true&useLocalSessionState=false&useLocalTransactionState=false&rewriteBatchedStatements=true&allowMultiQueries=true&socketTimeout=600000
[2026-10-03 04:56:34.873][ERROR] [SQLProcessor   :2098] - execute sql => select count(*) from oceanbase.__all_virtual_server_stat where role = 'STANDBY' and pending_role = 'INVALID' and switchover_status = 'NORMAL' failed
com.mysql.cj.jdbc.exceptions.CommunicationsException: Communications link failure

The last packet sent successfully to the server was 0 milliseconds ago. The driver has not received any packets from the server.
	at com.mysql.cj.jdbc.exceptions.SQLError.createCommunicationsException(SQLError.java:175)
	at com.mysql.cj.jdbc.exceptions.SQLExceptionsMapping.translateException(SQLExceptionsMapping.java:64)
	at com.mysql.cj.jdbc.ConnectionImpl.createNewIO(ConnectionImpl.java:825)
	at com.mysql.cj.jdbc.ConnectionImpl.<init>(ConnectionImpl.java:446)
	at com.mysql.cj.jdbc.ConnectionImpl.getInstance(ConnectionImpl.java:239)
	at com.mysql.cj.jdbc.NonRegisteringDriver.connect(NonRegisteringDriver.java:188)
	at java.sql.DriverManager.getConnection(DriverManager.java:664)
	at java.sql.DriverManager.getConnection(DriverManager.java:247)
	at com.etao.mytest.processor.SQLProcessor.selectGetValue(SQLProcessor.java:2088)
	at com.etao.mytest.deploy.OBI.select_one_value(OBI.java:4540)
	at sun.reflect.GeneratedMethodAccessor1.invoke(Unknown Source)
	at sun.reflect.DelegatingMethodAccessorImpl.invoke(DelegatingMethodAccessorImpl.java:43)
	at java.lang.reflect.Method.invoke(Method.java:498)
	at com.etao.mytest.deploy.Deploy.execute(Deploy.java:289)
	at com.etao.mytest.deploy.OBI.check_until_timeout(OBI.java:5340)
	at sun.reflect.GeneratedMethodAccessor2.invoke(Unknown Source)
	at sun.reflect.DelegatingMethodAccessorImpl.invoke(DelegatingMethodAccessorImpl.java:43)
	at java.lang.reflect.Method.invoke(Method.java:498)
	at com.etao.mytest.deploy.Deploy.execute(Deploy.java:289)
	at com.etao.mytest.processor.DeployProcessor.process(DeployProcessor.java:157)
	at com.etao.mytest.command.Command.execute(Command.java:552)
	at com.etao.mytest.main.TestCase.run(TestCase.java:779)
	at com.etao.mytest.main.MyTest.main(MyTest.java:129)
Caused by: com.mysql.cj.exceptions.CJCommunicationsException: Communications link failure

The last packet sent successfully to the server was 0 milliseconds ago. The driver has not received any packets from the server.
	at sun.reflect.NativeConstructorAccessorImpl.newInstance0(Native Method)
	at sun.reflect.NativeConstructorAccessorImpl.newInstance(NativeConstructorAccessorImpl.java:62)
	at sun.reflect.DelegatingConstructorAccessorImpl.newInstance(DelegatingConstructorAccessorImpl.java:45)
	at java.lang.reflect.Constructor.newInstance(Constructor.java:423)
	at com.mysql.cj.exceptions.ExceptionFactory.createException(ExceptionFactory.java:62)
	at com.mysql.cj.exceptions.ExceptionFactory.createException(ExceptionFactory.java:105)
	at com.mysql.cj.exceptions.ExceptionFactory.createException(ExceptionFactory.java:150)
	at com.mysql.cj.exceptions.ExceptionFactory.createCommunicationsException(ExceptionFactory.java:166)
	at com.mysql.cj.protocol.a.NativeSocketConnection.connect(NativeSocketConnection.java:89)
	at com.mysql.cj.NativeSession.connect(NativeSession.java:121)
	at com.mysql.cj.jdbc.ConnectionImpl.connectOneTryOnly(ConnectionImpl.java:945)
	at com.mysql.cj.jdbc.ConnectionImpl.createNewIO(ConnectionImpl.java:815)
	... 20 more
Caused by: java.net.ConnectException: Connection refused (Connection refused)
	at java.net.PlainSocketImpl.socketConnect(Native Method)
	at java.net.AbstractPlainSocketImpl.doConnect(AbstractPlainSocketImpl.java:350)
	at java.net.AbstractPlainSocketImpl.connectToAddress(AbstractPlainSocketImpl.java:206)
	at java.net.AbstractPlainSocketImpl.connect(AbstractPlainSocketImpl.java:188)
	at java.net.SocksSocketImpl.connect(SocksSocketImpl.java:392)
	at java.net.Socket.connect(Socket.java:607)
	at com.mysql.cj.protocol.StandardSocketFactory.connect(StandardSocketFactory.java:153)
	at com.mysql.cj.protocol.a.NativeSocketConnection.connect(NativeSocketConnection.java:63)
	... 23 more
[2026-10-03 04:56:34.873][WARN ] [Deploy         :298] - execute db_p.select_one_value select count(*) from oceanbase.__all_virtual_server_stat where role = 'STANDBY' and pending_role = 'INVALID' and switchover_status = 'NORMAL' result => null
[2026-10-03 04:56:34.873][WARN ] [OBI            :5348] - expect => 1, actual => null, left timeout => 57, totaltime => 60, file => 221/433, file_percent => 51
[2026-10-03 04:56:35.874][INFO ] [Deploy         :287] - execute db_p.select_one_value select count(*) from oceanbase.__all_virtual_server_stat where role = 'STANDBY' and pending_role = 'INVALID' and switchover_status = 'NORMAL'
[2026-10-03 04:56:35.875][INFO ] [SQLProcessor   :2086] - execute sql => select count(*) from oceanbase.__all_virtual_server_stat where role = 'STANDBY' and pending_role = 'INVALID' and switchover_status = 'NORMAL'
[2026-10-03 04:56:35.913][INFO ] [Deploy         :294] - execute db_p.select_one_value select count(*) from oceanbase.__all_virtual_server_stat where role = 'STANDBY' and pending_role = 'INVALID' and switchover_status = 'NORMAL' result => 1
[2026-10-03 04:56:35.914][INFO ] [OBI            :5345] - check success! use time = 4
[2026-10-03 04:56:35.914][INFO ] [Deploy         :294] - execute db_p.check_until_timeout select count(*) from oceanbase.__all_virtual_server_stat where role = 'STANDBY' and pending_role = 'INVALID' and switchover_status = 'NORMAL', 1, 60 result => true
[2026-10-03 04:56:35.914][INFO ] [Command        :353] - start[1790974591853] time[4061] tag[Q_DEPLOY]
[2026-10-03 04:56:35.914][INFO ] [Command        :536] - > LINE => 222, CMD => Q_CONNECT, CONTENT => ob_connect(conn_sys_p, db_p.z1.obs0, root@sys, , oceanbase, , USE_MYSQL_CONNECTOR)
[2026-10-03 04:56:35.915][INFO ] [SQLProcessor   :1505] - conn_sys_p create a physical connection  using jdbc:mysql://6.12.232.130:42035/oceanbase?useAffectedRows=true&emulateUnsupportedPstmts=false&characterEncoding=utf8&useServerPrepStmts=true&prepStmtCacheSqlLimit=1000&enableQueryTimeouts=false&useLocalSessionState=false&useLocalTransactionState=false&rewriteBatchedStatements=true&allowMultiQueries=true&socketTimeout=1800000 user/pwd is root@sys/
[2026-10-03 04:56:35.926][INFO ] [SQLProcessor   :1519] - connection => conn_sys_p is mysql mode.
[2026-10-03 04:56:35.927][INFO ] [SQLProcessor   :1522] - put conn: dataid=conn_sys_p currentConn=com.mysql.cj.jdbc.ConnectionImpl@4efc180e hashcode => 1325144078
[2026-10-03 04:56:35.927][INFO ] [Command        :353] - start[1790974595914] time[12] tag[Q_CONNECT]
[2026-10-03 04:56:35.927][INFO ] [Command        :536] - > LINE => 224, CMD => Q_ENABLE_QUERY_LOG, CONTENT => --enable_query_log
[2026-10-03 04:56:35.927][INFO ] [Command        :353] - start[1790974595927] time[0] tag[Q_ENABLE_QUERY_LOG]
[2026-10-03 04:56:35.927][INFO ] [Command        :536] - > LINE => 225, CMD => Q_ENABLE_RESULT_LOG, CONTENT => --enable_result_log
[2026-10-03 04:56:35.927][INFO ] [Command        :353] - start[1790974595927] time[0] tag[Q_ENABLE_RESULT_LOG]
[2026-10-03 04:56:35.927][INFO ] [Command        :536] - > LINE => 228, CMD => Q_CONNECTION, CONTENT => connection conn_sys_s1
[2026-10-03 04:56:35.928][INFO ] [SQLProcessor   :1128] - use connection => conn_sys_s1 hashcode => 945288723
[2026-10-03 04:56:35.932][INFO ] [SQLProcessor   :1158] - connection => conn_sys_s1 is mysql mode. conn=com.mysql.cj.jdbc.ConnectionImpl@3857f613
[2026-10-03 04:56:35.932][INFO ] [Command        :353] - start[1790974595927] time[4] tag[Q_CONNECTION]
[2026-10-03 04:56:35.932][INFO ] [Command        :536] - > LINE => 229, CMD => Q_QUERY, CONTENT => insert into test_multi_standby values(6, 'after_switchover', 600);
[2026-10-03 04:56:35.942][INFO ] [Command        :353] - start[1790974595932] time[9] tag[Q_QUERY]
[2026-10-03 04:56:35.942][INFO ] [Command        :536] - > LINE => 231, CMD => Q_DISABLE_QUERY_LOG, CONTENT => --disable_query_log
[2026-10-03 04:56:35.942][INFO ] [Command        :353] - start[1790974595942] time[0] tag[Q_DISABLE_QUERY_LOG]
[2026-10-03 04:56:35.942][INFO ] [Command        :536] - > LINE => 232, CMD => Q_DISABLE_RESULT_LOG, CONTENT => --disable_result_log
[2026-10-03 04:56:35.943][INFO ] [Command        :353] - start[1790974595943] time[0] tag[Q_DISABLE_RESULT_LOG]
[2026-10-03 04:56:35.943][INFO ] [Command        :536] - > LINE => 235, CMD => Q_DEPLOY, CONTENT => db_p.check_until_timeout select count(*) from test_multi_standby where id = 6, 1, 120;
[2026-10-03 04:56:35.943][INFO ] [DeployProcessor:93] - deploy => db_p.check_until_timeout select count(*) from test_multi_standby where id = 6, 1, 120
[2026-10-03 04:56:35.943][INFO ] [Deploy         :287] - execute db_p.check_until_timeout select count(*) from test_multi_standby where id = 6, 1, 120
[2026-10-03 04:56:35.943][INFO ] [Deploy         :287] - execute db_p.select_one_value select count(*) from test_multi_standby where id = 6
[2026-10-03 04:56:35.944][INFO ] [SQLProcessor   :2086] - execute sql => select count(*) from test_multi_standby where id = 6
[2026-10-03 04:56:35.977][INFO ] [Deploy         :294] - execute db_p.select_one_value select count(*) from test_multi_standby where id = 6 result => 0
[2026-10-03 04:56:35.977][WARN ] [OBI            :5348] - expect => 1, actual => 0, left timeout => 120, totaltime => 120, file => 235/433, file_percent => 54
[2026-10-03 04:56:36.977][INFO ] [Deploy         :287] - execute db_p.select_one_value select count(*) from test_multi_standby where id = 6
[2026-10-03 04:56:36.978][INFO ] [SQLProcessor   :2086] - execute sql => select count(*) from test_multi_standby where id = 6
[2026-10-03 04:56:36.984][INFO ] [Deploy         :294] - execute db_p.select_one_value select count(*) from test_multi_standby where id = 6 result => 1
[2026-10-03 04:56:36.985][INFO ] [OBI            :5345] - check success! use time = 1
[2026-10-03 04:56:36.985][INFO ] [Deploy         :294] - execute db_p.check_until_timeout select count(*) from test_multi_standby where id = 6, 1, 120 result => true
[2026-10-03 04:56:36.985][INFO ] [Command        :353] - start[1790974595943] time[1041] tag[Q_DEPLOY]
[2026-10-03 04:56:36.985][INFO ] [Command        :536] - > LINE => 238, CMD => Q_DEPLOY, CONTENT => db_s2.check_until_timeout select count(*) from test_multi_standby where id = 6, 1, 120;
[2026-10-03 04:56:36.986][INFO ] [DeployProcessor:93] - deploy => db_s2.check_until_timeout select count(*) from test_multi_standby where id = 6, 1, 120
[2026-10-03 04:56:36.986][INFO ] [Deploy         :287] - execute db_s2.check_until_timeout select count(*) from test_multi_standby where id = 6, 1, 120
[2026-10-03 04:56:36.986][INFO ] [Deploy         :287] - execute db_s2.select_one_value select count(*) from test_multi_standby where id = 6
[2026-10-03 04:56:36.986][INFO ] [SQLProcessor   :2086] - execute sql => select count(*) from test_multi_standby where id = 6
[2026-10-03 04:56:36.993][INFO ] [Deploy         :294] - execute db_s2.select_one_value select count(*) from test_multi_standby where id = 6 result => 1
[2026-10-03 04:56:36.993][INFO ] [OBI            :5345] - check success! use time = 0
[2026-10-03 04:56:36.993][INFO ] [Deploy         :294] - execute db_s2.check_until_timeout select count(*) from test_multi_standby where id = 6, 1, 120 result => true
[2026-10-03 04:56:36.993][INFO ] [Command        :353] - start[1790974596985] time[7] tag[Q_DEPLOY]
[2026-10-03 04:56:36.993][INFO ] [Command        :536] - > LINE => 240, CMD => Q_ENABLE_QUERY_LOG, CONTENT => --enable_query_log
[2026-10-03 04:56:36.994][INFO ] [Command        :353] - start[1790974596994] time[0] tag[Q_ENABLE_QUERY_LOG]
[2026-10-03 04:56:36.994][INFO ] [Command        :536] - > LINE => 241, CMD => Q_ENABLE_RESULT_LOG, CONTENT => --enable_result_log
[2026-10-03 04:56:36.994][INFO ] [Command        :353] - start[1790974596994] time[0] tag[Q_ENABLE_RESULT_LOG]
[2026-10-03 04:56:36.994][INFO ] [Command        :536] - > LINE => 244, CMD => Q_CONNECTION, CONTENT => connection conn_sys_s1
[2026-10-03 04:56:36.994][INFO ] [SQLProcessor   :1128] - use connection => conn_sys_s1 hashcode => 945288723
[2026-10-03 04:56:36.995][INFO ] [SQLProcessor   :1158] - connection => conn_sys_s1 is mysql mode. conn=com.mysql.cj.jdbc.ConnectionImpl@3857f613
[2026-10-03 04:56:36.996][INFO ] [Command        :353] - start[1790974596994] time[1] tag[Q_CONNECTION]
[2026-10-03 04:56:36.996][INFO ] [Command        :536] - > LINE => 245, CMD => Q_QUERY, CONTENT => select count(*) from test_multi_standby;
[2026-10-03 04:56:37.00][INFO ] [Command        :353] - start[1790974596996] time[3] tag[Q_QUERY]
[2026-10-03 04:56:37.00][INFO ] [Command        :536] - > LINE => 248, CMD => Q_CONNECTION, CONTENT => connection conn_sys_p
[2026-10-03 04:56:37.00][INFO ] [SQLProcessor   :1128] - use connection => conn_sys_p hashcode => 1325144078
[2026-10-03 04:56:37.02][INFO ] [SQLProcessor   :1158] - connection => conn_sys_p is mysql mode. conn=com.mysql.cj.jdbc.ConnectionImpl@4efc180e
[2026-10-03 04:56:37.02][INFO ] [Command        :353] - start[1790974597000] time[1] tag[Q_CONNECTION]
[2026-10-03 04:56:37.02][INFO ] [Command        :536] - > LINE => 249, CMD => Q_QUERY, CONTENT => select count(*) from test_multi_standby;
[2026-10-03 04:56:37.07][INFO ] [Command        :353] - start[1790974597002] time[5] tag[Q_QUERY]
[2026-10-03 04:56:37.08][INFO ] [Command        :536] - > LINE => 252, CMD => Q_CONNECTION, CONTENT => connection conn_sys_s2
[2026-10-03 04:56:37.08][INFO ] [SQLProcessor   :1128] - use connection => conn_sys_s2 hashcode => 16503286
[2026-10-03 04:56:37.09][INFO ] [SQLProcessor   :1158] - connection => conn_sys_s2 is mysql mode. conn=com.mysql.cj.jdbc.ConnectionImpl@fbd1f6
[2026-10-03 04:56:37.09][INFO ] [Command        :353] - start[1790974597008] time[1] tag[Q_CONNECTION]
[2026-10-03 04:56:37.09][INFO ] [Command        :536] - > LINE => 253, CMD => Q_QUERY, CONTENT => select count(*) from test_multi_standby;
[2026-10-03 04:56:37.13][INFO ] [Command        :353] - start[1790974597010] time[3] tag[Q_QUERY]
[2026-10-03 04:56:37.13][INFO ] [Command        :536] - > LINE => 256, CMD => Q_ECHO, CONTENT => Case 3 completed: Switchover with multiple standbys verified
[2026-10-03 04:56:37.14][INFO ] [Command        :353] - start[1790974597013] time[0] tag[Q_ECHO]
[2026-10-03 04:56:37.14][INFO ] [Command        :536] - > LINE => 261, CMD => Q_ECHO, CONTENT => ========== Case 4: Roundtrip Switchover with Multiple Standbys ==========
[2026-10-03 04:56:37.14][INFO ] [Command        :353] - start[1790974597014] time[0] tag[Q_ECHO]
[2026-10-03 04:56:37.14][INFO ] [Command        :536] - > LINE => 263, CMD => Q_DISABLE_QUERY_LOG, CONTENT => --disable_query_log
[2026-10-03 04:56:37.14][INFO ] [Command        :353] - start[1790974597014] time[0] tag[Q_DISABLE_QUERY_LOG]
[2026-10-03 04:56:37.14][INFO ] [Command        :536] - > LINE => 264, CMD => Q_DISABLE_RESULT_LOG, CONTENT => --disable_result_log
[2026-10-03 04:56:37.15][INFO ] [Command        :353] - start[1790974597015] time[0] tag[Q_DISABLE_RESULT_LOG]
[2026-10-03 04:56:37.15][INFO ] [Command        :536] - > LINE => 267, CMD => Q_LET_DEPLOY, CONTENT => $db_p_svr_ip
[2026-10-03 04:56:37.15][INFO ] [Deploy         :287] - execute db_p.select select svr_ip from oceanbase.__all_virtual_server_stat limit 1, svr_ip, 1
[2026-10-03 04:56:37.15][INFO ] [SQLProcessor   :2086] - execute sql => select svr_ip from oceanbase.__all_virtual_server_stat limit 1
[2026-10-03 04:56:37.24][INFO ] [Deploy         :294] - execute db_p.select select svr_ip from oceanbase.__all_virtual_server_stat limit 1, svr_ip, 1 result => 127.0.0.1
[2026-10-03 04:56:37.25][INFO ] [Command        :353] - start[1790974597015] time[9] tag[Q_LET_DEPLOY]
[2026-10-03 04:56:37.25][INFO ] [Command        :536] - > LINE => 268, CMD => Q_LET_DEPLOY, CONTENT => $db_p_rpc_port
[2026-10-03 04:56:37.25][INFO ] [Deploy         :287] - execute db_p.select select rpc_port from oceanbase.__all_virtual_server_stat limit 1, rpc_port, 1
[2026-10-03 04:56:37.25][INFO ] [SQLProcessor   :2086] - execute sql => select rpc_port from oceanbase.__all_virtual_server_stat limit 1
[2026-10-03 04:56:37.31][INFO ] [Deploy         :294] - execute db_p.select select rpc_port from oceanbase.__all_virtual_server_stat limit 1, rpc_port, 1 result => 42000
[2026-10-03 04:56:37.31][INFO ] [Command        :353] - start[1790974597025] time[6] tag[Q_LET_DEPLOY]
[2026-10-03 04:56:37.32][INFO ] [Command        :536] - > LINE => 270, CMD => Q_CONNECTION, CONTENT => connection conn_sys_s1
[2026-10-03 04:56:37.32][INFO ] [SQLProcessor   :1128] - use connection => conn_sys_s1 hashcode => 945288723
[2026-10-03 04:56:37.33][INFO ] [SQLProcessor   :1158] - connection => conn_sys_s1 is mysql mode. conn=com.mysql.cj.jdbc.ConnectionImpl@3857f613
[2026-10-03 04:56:37.33][INFO ] [Command        :353] - start[1790974597032] time[1] tag[Q_CONNECTION]
[2026-10-03 04:56:37.33][INFO ] [Command        :536] - > LINE => 271, CMD => Q_EVAL, CONTENT => alter system set log_restore_source = '$db_p_svr_ip:$db_p_rpc_port';
[2026-10-03 04:56:37.34][INFO ] [Command        :771] - eval => alter system set log_restore_source = '127.0.0.1:42000';
[2026-10-03 04:56:37.44][INFO ] [Command        :353] - start[1790974597034] time[9] tag[Q_EVAL]
[2026-10-03 04:56:37.44][INFO ] [Command        :536] - > LINE => 274, CMD => Q_DEPLOY, CONTENT => db_s1.check_until_timeout select count(*) from oceanbase.__all_virtual_server_stat where log_restore_source like '%:$db_p_rpc_port', 1, 30;
[2026-10-03 04:56:37.44][INFO ] [DeployProcessor:93] - deploy => db_s1.check_until_timeout select count(*) from oceanbase.__all_virtual_server_stat where log_restore_source like '%:42000', 1, 30
[2026-10-03 04:56:37.44][INFO ] [Deploy         :287] - execute db_s1.check_until_timeout select count(*) from oceanbase.__all_virtual_server_stat where log_restore_source like '%:42000', 1, 30
[2026-10-03 04:56:37.44][INFO ] [Deploy         :287] - execute db_s1.select_one_value select count(*) from oceanbase.__all_virtual_server_stat where log_restore_source like '%:42000'
[2026-10-03 04:56:37.45][INFO ] [SQLProcessor   :2086] - execute sql => select count(*) from oceanbase.__all_virtual_server_stat where log_restore_source like '%:42000'
[2026-10-03 04:56:37.52][INFO ] [Deploy         :294] - execute db_s1.select_one_value select count(*) from oceanbase.__all_virtual_server_stat where log_restore_source like '%:42000' result => 1
[2026-10-03 04:56:37.53][INFO ] [OBI            :5345] - check success! use time = 0
[2026-10-03 04:56:37.53][INFO ] [Deploy         :294] - execute db_s1.check_until_timeout select count(*) from oceanbase.__all_virtual_server_stat where log_restore_source like '%:42000', 1, 30 result => true
[2026-10-03 04:56:37.53][INFO ] [Command        :353] - start[1790974597044] time[8] tag[Q_DEPLOY]
[2026-10-03 04:56:37.53][INFO ] [Command        :536] - > LINE => 277, CMD => Q_CONNECTION, CONTENT => connection conn_sys_s2
[2026-10-03 04:56:37.53][INFO ] [SQLProcessor   :1128] - use connection => conn_sys_s2 hashcode => 16503286
[2026-10-03 04:56:37.55][INFO ] [SQLProcessor   :1158] - connection => conn_sys_s2 is mysql mode. conn=com.mysql.cj.jdbc.ConnectionImpl@fbd1f6
[2026-10-03 04:56:37.55][INFO ] [Command        :353] - start[1790974597053] time[2] tag[Q_CONNECTION]
[2026-10-03 04:56:37.56][INFO ] [Command        :536] - > LINE => 278, CMD => Q_EVAL, CONTENT => alter system set log_restore_source = '$db_p_svr_ip:$db_p_rpc_port';
[2026-10-03 04:56:37.56][INFO ] [Command        :771] - eval => alter system set log_restore_source = '127.0.0.1:42000';
[2026-10-03 04:56:37.63][INFO ] [Command        :353] - start[1790974597056] time[7] tag[Q_EVAL]
[2026-10-03 04:56:37.64][INFO ] [Command        :536] - > LINE => 281, CMD => Q_DEPLOY, CONTENT => db_s2.check_until_timeout select count(*) from oceanbase.__all_virtual_server_stat where log_restore_source like '%:$db_p_rpc_port', 1, 30;
[2026-10-03 04:56:37.64][INFO ] [DeployProcessor:93] - deploy => db_s2.check_until_timeout select count(*) from oceanbase.__all_virtual_server_stat where log_restore_source like '%:42000', 1, 30
[2026-10-03 04:56:37.64][INFO ] [Deploy         :287] - execute db_s2.check_until_timeout select count(*) from oceanbase.__all_virtual_server_stat where log_restore_source like '%:42000', 1, 30
[2026-10-03 04:56:37.64][INFO ] [Deploy         :287] - execute db_s2.select_one_value select count(*) from oceanbase.__all_virtual_server_stat where log_restore_source like '%:42000'
[2026-10-03 04:56:37.65][INFO ] [SQLProcessor   :2086] - execute sql => select count(*) from oceanbase.__all_virtual_server_stat where log_restore_source like '%:42000'
[2026-10-03 04:56:37.73][INFO ] [Deploy         :294] - execute db_s2.select_one_value select count(*) from oceanbase.__all_virtual_server_stat where log_restore_source like '%:42000' result => 1
[2026-10-03 04:56:37.74][INFO ] [OBI            :5345] - check success! use time = 0
[2026-10-03 04:56:37.74][INFO ] [Deploy         :294] - execute db_s2.check_until_timeout select count(*) from oceanbase.__all_virtual_server_stat where log_restore_source like '%:42000', 1, 30 result => true
[2026-10-03 04:56:37.74][INFO ] [Command        :353] - start[1790974597064] time[10] tag[Q_DEPLOY]
[2026-10-03 04:56:37.74][INFO ] [Command        :536] - > LINE => 283, CMD => Q_ENABLE_QUERY_LOG, CONTENT => --enable_query_log
[2026-10-03 04:56:37.75][INFO ] [Command        :353] - start[1790974597075] time[0] tag[Q_ENABLE_QUERY_LOG]
[2026-10-03 04:56:37.75][INFO ] [Command        :536] - > LINE => 284, CMD => Q_ENABLE_RESULT_LOG, CONTENT => --enable_result_log
[2026-10-03 04:56:37.75][INFO ] [Command        :353] - start[1790974597075] time[0] tag[Q_ENABLE_RESULT_LOG]
[2026-10-03 04:56:37.75][INFO ] [Command        :536] - > LINE => 287, CMD => Q_CONNECTION, CONTENT => connection conn_sys_s1
[2026-10-03 04:56:37.75][INFO ] [SQLProcessor   :1128] - use connection => conn_sys_s1 hashcode => 945288723
[2026-10-03 04:56:37.76][INFO ] [SQLProcessor   :1158] - connection => conn_sys_s1 is mysql mode. conn=com.mysql.cj.jdbc.ConnectionImpl@3857f613
[2026-10-03 04:56:37.77][INFO ] [Command        :353] - start[1790974597075] time[1] tag[Q_CONNECTION]
[2026-10-03 04:56:37.77][INFO ] [Command        :536] - > LINE => 288, CMD => Q_QUERY, CONTENT => insert into test_multi_standby values(7, 'before_roundtrip', 700);
[2026-10-03 04:56:37.81][INFO ] [Command        :353] - start[1790974597077] time[3] tag[Q_QUERY]
[2026-10-03 04:56:37.81][INFO ] [Command        :536] - > LINE => 290, CMD => Q_DISABLE_QUERY_LOG, CONTENT => --disable_query_log
[2026-10-03 04:56:37.81][INFO ] [Command        :353] - start[1790974597081] time[0] tag[Q_DISABLE_QUERY_LOG]
[2026-10-03 04:56:37.81][INFO ] [Command        :536] - > LINE => 291, CMD => Q_DISABLE_RESULT_LOG, CONTENT => --disable_result_log
[2026-10-03 04:56:37.81][INFO ] [Command        :353] - start[1790974597081] time[0] tag[Q_DISABLE_RESULT_LOG]
[2026-10-03 04:56:37.82][INFO ] [Command        :536] - > LINE => 294, CMD => Q_DEPLOY, CONTENT => db_p.check_until_timeout select count(*) from test_multi_standby where id = 7, 1, 120;
[2026-10-03 04:56:37.82][INFO ] [DeployProcessor:93] - deploy => db_p.check_until_timeout select count(*) from test_multi_standby where id = 7, 1, 120
[2026-10-03 04:56:37.83][INFO ] [Deploy         :287] - execute db_p.check_until_timeout select count(*) from test_multi_standby where id = 7, 1, 120
[2026-10-03 04:56:37.83][INFO ] [Deploy         :287] - execute db_p.select_one_value select count(*) from test_multi_standby where id = 7
[2026-10-03 04:56:37.83][INFO ] [SQLProcessor   :2086] - execute sql => select count(*) from test_multi_standby where id = 7
[2026-10-03 04:56:37.90][INFO ] [Deploy         :294] - execute db_p.select_one_value select count(*) from test_multi_standby where id = 7 result => 0
[2026-10-03 04:56:37.90][WARN ] [OBI            :5348] - expect => 1, actual => 0, left timeout => 120, totaltime => 120, file => 294/433, file_percent => 67
[2026-10-03 04:56:38.90][INFO ] [Deploy         :287] - execute db_p.select_one_value select count(*) from test_multi_standby where id = 7
[2026-10-03 04:56:38.91][INFO ] [SQLProcessor   :2086] - execute sql => select count(*) from test_multi_standby where id = 7
[2026-10-03 04:56:38.100][INFO ] [Deploy         :294] - execute db_p.select_one_value select count(*) from test_multi_standby where id = 7 result => 1
[2026-10-03 04:56:38.100][INFO ] [OBI            :5345] - check success! use time = 1
[2026-10-03 04:56:38.100][INFO ] [Deploy         :294] - execute db_p.check_until_timeout select count(*) from test_multi_standby where id = 7, 1, 120 result => true
[2026-10-03 04:56:38.100][INFO ] [Command        :353] - start[1790974597082] time[1018] tag[Q_DEPLOY]
[2026-10-03 04:56:38.101][INFO ] [Command        :536] - > LINE => 295, CMD => Q_DEPLOY, CONTENT => db_s2.check_until_timeout select count(*) from test_multi_standby where id = 7, 1, 120;
[2026-10-03 04:56:38.101][INFO ] [DeployProcessor:93] - deploy => db_s2.check_until_timeout select count(*) from test_multi_standby where id = 7, 1, 120
[2026-10-03 04:56:38.101][INFO ] [Deploy         :287] - execute db_s2.check_until_timeout select count(*) from test_multi_standby where id = 7, 1, 120
[2026-10-03 04:56:38.101][INFO ] [Deploy         :287] - execute db_s2.select_one_value select count(*) from test_multi_standby where id = 7
[2026-10-03 04:56:38.101][INFO ] [SQLProcessor   :2086] - execute sql => select count(*) from test_multi_standby where id = 7
[2026-10-03 04:56:38.108][INFO ] [Deploy         :294] - execute db_s2.select_one_value select count(*) from test_multi_standby where id = 7 result => 1
[2026-10-03 04:56:38.109][INFO ] [OBI            :5345] - check success! use time = 0
[2026-10-03 04:56:38.109][INFO ] [Deploy         :294] - execute db_s2.check_until_timeout select count(*) from test_multi_standby where id = 7, 1, 120 result => true
[2026-10-03 04:56:38.109][INFO ] [Command        :353] - start[1790974598101] time[8] tag[Q_DEPLOY]
[2026-10-03 04:56:38.109][INFO ] [Command        :536] - > LINE => 297, CMD => Q_ENABLE_QUERY_LOG, CONTENT => --enable_query_log
[2026-10-03 04:56:38.109][INFO ] [Command        :353] - start[1790974598109] time[0] tag[Q_ENABLE_QUERY_LOG]
[2026-10-03 04:56:38.109][INFO ] [Command        :536] - > LINE => 298, CMD => Q_ENABLE_RESULT_LOG, CONTENT => --enable_result_log
[2026-10-03 04:56:38.109][INFO ] [Command        :353] - start[1790974598109] time[0] tag[Q_ENABLE_RESULT_LOG]
[2026-10-03 04:56:38.109][INFO ] [Command        :536] - > LINE => 301, CMD => Q_CONNECTION, CONTENT => connection conn_sys_s1
[2026-10-03 04:56:38.109][INFO ] [SQLProcessor   :1128] - use connection => conn_sys_s1 hashcode => 945288723
[2026-10-03 04:56:38.112][INFO ] [SQLProcessor   :1158] - connection => conn_sys_s1 is mysql mode. conn=com.mysql.cj.jdbc.ConnectionImpl@3857f613
[2026-10-03 04:56:38.112][INFO ] [Command        :353] - start[1790974598109] time[2] tag[Q_CONNECTION]
[2026-10-03 04:56:38.113][INFO ] [Command        :536] - > LINE => 302, CMD => Q_QUERY, CONTENT => ALTER SYSTEM SWITCHOVER TO STANDBY;
[2026-10-03 04:56:38.118][INFO ] [Command        :353] - start[1790974598113] time[5] tag[Q_QUERY]
[2026-10-03 04:56:38.119][INFO ] [Command        :536] - > LINE => 304, CMD => Q_DISABLE_QUERY_LOG, CONTENT => --disable_query_log
[2026-10-03 04:56:38.119][INFO ] [Command        :353] - start[1790974598119] time[0] tag[Q_DISABLE_QUERY_LOG]
[2026-10-03 04:56:38.119][INFO ] [Command        :536] - > LINE => 305, CMD => Q_DISABLE_RESULT_LOG, CONTENT => --disable_result_log
[2026-10-03 04:56:38.119][INFO ] [Command        :353] - start[1790974598119] time[0] tag[Q_DISABLE_RESULT_LOG]
[2026-10-03 04:56:38.119][INFO ] [Command        :536] - > LINE => 308, CMD => Q_DEPLOY, CONTENT => db_s1.check_until_timeout select count(*) from oceanbase.__all_virtual_server_stat where role = 'PRIMARY' and pending_role = 'STANDBY' and switchover_status = 'PREPARING', 1, 60;
[2026-10-03 04:56:38.120][INFO ] [DeployProcessor:93] - deploy => db_s1.check_until_timeout select count(*) from oceanbase.__all_virtual_server_stat where role = 'PRIMARY' and pending_role = 'STANDBY' and switchover_status = 'PREPARING', 1, 60
[2026-10-03 04:56:38.120][INFO ] [Deploy         :287] - execute db_s1.check_until_timeout select count(*) from oceanbase.__all_virtual_server_stat where role = 'PRIMARY' and pending_role = 'STANDBY' and switchover_status = 'PREPARING', 1, 60
[2026-10-03 04:56:38.120][INFO ] [Deploy         :287] - execute db_s1.select_one_value select count(*) from oceanbase.__all_virtual_server_stat where role = 'PRIMARY' and pending_role = 'STANDBY' and switchover_status = 'PREPARING'
[2026-10-03 04:56:38.120][INFO ] [SQLProcessor   :2086] - execute sql => select count(*) from oceanbase.__all_virtual_server_stat where role = 'PRIMARY' and pending_role = 'STANDBY' and switchover_status = 'PREPARING'
[2026-10-03 04:56:38.126][INFO ] [Deploy         :294] - execute db_s1.select_one_value select count(*) from oceanbase.__all_virtual_server_stat where role = 'PRIMARY' and pending_role = 'STANDBY' and switchover_status = 'PREPARING' result => 1
[2026-10-03 04:56:38.126][INFO ] [OBI            :5345] - check success! use time = 0
[2026-10-03 04:56:38.126][INFO ] [Deploy         :294] - execute db_s1.check_until_timeout select count(*) from oceanbase.__all_virtual_server_stat where role = 'PRIMARY' and pending_role = 'STANDBY' and switchover_status = 'PREPARING', 1, 60 result => true
[2026-10-03 04:56:38.126][INFO ] [Command        :353] - start[1790974598120] time[6] tag[Q_DEPLOY]
[2026-10-03 04:56:38.126][INFO ] [Command        :536] - > LINE => 310, CMD => Q_ENABLE_QUERY_LOG, CONTENT => --enable_query_log
[2026-10-03 04:56:38.126][INFO ] [Command        :353] - start[1790974598126] time[0] tag[Q_ENABLE_QUERY_LOG]
[2026-10-03 04:56:38.126][INFO ] [Command        :536] - > LINE => 311, CMD => Q_ENABLE_RESULT_LOG, CONTENT => --enable_result_log
[2026-10-03 04:56:38.127][INFO ] [Command        :353] - start[1790974598127] time[0] tag[Q_ENABLE_RESULT_LOG]
[2026-10-03 04:56:38.127][INFO ] [Command        :536] - > LINE => 314, CMD => Q_CONNECTION, CONTENT => connection conn_sys_p
[2026-10-03 04:56:38.127][INFO ] [SQLProcessor   :1128] - use connection => conn_sys_p hashcode => 1325144078
[2026-10-03 04:56:38.128][INFO ] [SQLProcessor   :1158] - connection => conn_sys_p is mysql mode. conn=com.mysql.cj.jdbc.ConnectionImpl@4efc180e
[2026-10-03 04:56:38.128][INFO ] [Command        :353] - start[1790974598127] time[1] tag[Q_CONNECTION]
[2026-10-03 04:56:38.128][INFO ] [Command        :536] - > LINE => 315, CMD => Q_QUERY, CONTENT => ALTER SYSTEM SWITCHOVER TO PRIMARY;
[2026-10-03 04:56:38.145][INFO ] [Command        :353] - start[1790974598128] time[17] tag[Q_QUERY]
[2026-10-03 04:56:38.146][INFO ] [Command        :536] - > LINE => 317, CMD => Q_DISABLE_QUERY_LOG, CONTENT => --disable_query_log
[2026-10-03 04:56:38.146][INFO ] [Command        :353] - start[1790974598146] time[0] tag[Q_DISABLE_QUERY_LOG]
[2026-10-03 04:56:38.146][INFO ] [Command        :536] - > LINE => 318, CMD => Q_DISABLE_RESULT_LOG, CONTENT => --disable_result_log
[2026-10-03 04:56:38.146][INFO ] [Command        :353] - start[1790974598146] time[0] tag[Q_DISABLE_RESULT_LOG]
[2026-10-03 04:56:38.147][INFO ] [Command        :536] - > LINE => 321, CMD => Q_DEPLOY, CONTENT => db_p.check_until_timeout select count(*) from oceanbase.__all_virtual_server_stat where role = 'PRIMARY' and pending_role = 'INVALID' and switchover_status = 'NORMAL', 1, 120;
[2026-10-03 04:56:38.147][INFO ] [DeployProcessor:93] - deploy => db_p.check_until_timeout select count(*) from oceanbase.__all_virtual_server_stat where role = 'PRIMARY' and pending_role = 'INVALID' and switchover_status = 'NORMAL', 1, 120
[2026-10-03 04:56:38.147][INFO ] [Deploy         :287] - execute db_p.check_until_timeout select count(*) from oceanbase.__all_virtual_server_stat where role = 'PRIMARY' and pending_role = 'INVALID' and switchover_status = 'NORMAL', 1, 120
[2026-10-03 04:56:38.147][INFO ] [Deploy         :287] - execute db_p.select_one_value select count(*) from oceanbase.__all_virtual_server_stat where role = 'PRIMARY' and pending_role = 'INVALID' and switchover_status = 'NORMAL'
[2026-10-03 04:56:38.148][INFO ] [SQLProcessor   :2086] - execute sql => select count(*) from oceanbase.__all_virtual_server_stat where role = 'PRIMARY' and pending_role = 'INVALID' and switchover_status = 'NORMAL'
[2026-10-03 04:56:38.156][INFO ] [Deploy         :294] - execute db_p.select_one_value select count(*) from oceanbase.__all_virtual_server_stat where role = 'PRIMARY' and pending_role = 'INVALID' and switchover_status = 'NORMAL' result => 1
[2026-10-03 04:56:38.157][INFO ] [OBI            :5345] - check success! use time = 0
[2026-10-03 04:56:38.157][INFO ] [Deploy         :294] - execute db_p.check_until_timeout select count(*) from oceanbase.__all_virtual_server_stat where role = 'PRIMARY' and pending_role = 'INVALID' and switchover_status = 'NORMAL', 1, 120 result => true
[2026-10-03 04:56:38.157][INFO ] [Command        :353] - start[1790974598147] time[9] tag[Q_DEPLOY]
[2026-10-03 04:56:38.157][INFO ] [Command        :536] - > LINE => 324, CMD => Q_DEPLOY, CONTENT => db_s1.force_stop;
[2026-10-03 04:56:38.157][INFO ] [DeployProcessor:93] - deploy => db_s1.force_stop
[2026-10-03 04:56:38.159][INFO ] [Deploy         :287] - execute db_s1.z1.obs0.force_stop 
[2026-10-03 04:56:38.159][INFO ] [Role           :1307] - pkill -9 -u nijia.nj -f '^/data/1/nijia.nj/test/namespace_standby_20261003_v1/work/db_s1.z1.obs0/bin/observer|^/data/1/nijia.nj/test/namespace_standby_20261003_v1/work/db_s1.z1.obs0/bin/obesi' on 6.12.232.130
[2026-10-03 04:56:38.176][INFO ] [Role           :1309] - pkill result is => 0
[2026-10-03 04:56:38.176][INFO ] [Role           :1142] - wait stop /data/1/nijia.nj/test/namespace_standby_20261003_v1/work/db_s1.z1.obs0/bin/observer on 6.12.232.130
[2026-10-03 04:56:38.176][INFO ] [Role           :1190] - ps uxf | grep "/data/1/nijia.nj/test/namespace_standby_20261003_v1/work/db_s1.z1.obs0/bin/observer" | grep -v grep
[2026-10-03 04:56:38.215][INFO ] [Role           :1154] - check port on 6.12.232.130
[2026-10-03 04:56:38.215][INFO ] [RemoteShell    :143] - netstat -lpnt 2>/dev/null | grep '0.0.0.0:42001 ' | awk -F ' ' '{print $7}'
[2026-10-03 04:56:38.244][INFO ] [RemoteShell    :143] - netstat -lpnt 2>/dev/null | grep '0.0.0.0:42036 ' | awk -F ' ' '{print $7}'
[2026-10-03 04:56:38.285][INFO ] [Role           :1164] - stop obs0 took 2 s
[2026-10-03 04:56:38.285][INFO ] [Deploy         :294] - execute db_s1.z1.obs0.force_stop  result => true
[2026-10-03 04:56:38.286][INFO ] [Deploy         :362] - execute db_s1.z1.force_stop  result => true [true]
[2026-10-03 04:56:38.286][INFO ] [Deploy         :362] - execute db_s1.force_stop result => true [true]
[2026-10-03 04:56:38.286][INFO ] [Command        :353] - start[1790974598157] time[128] tag[Q_DEPLOY]
[2026-10-03 04:56:38.287][INFO ] [Command        :536] - > LINE => 325, CMD => Q_DEPLOY, CONTENT => db_s1.nstart;
[2026-10-03 04:56:38.287][INFO ] [DeployProcessor:93] - deploy => db_s1.nstart
[2026-10-03 04:56:38.288][INFO ] [Deploy         :287] - execute db_s1.z1.obs0.nstart 
[2026-10-03 04:56:38.288][INFO ] [RemoteShell    :143] - netstat -lpnt 2>/dev/null | grep '0.0.0.0:42001 ' | awk -F ' ' '{print $7}'
[2026-10-03 04:56:38.323][INFO ] [RemoteShell    :143] - netstat -lpnt 2>/dev/null | grep '0.0.0.0:42036 ' | awk -F ' ' '{print $7}'
[2026-10-03 04:56:38.355][INFO ] [Deploy         :381] - execute db_s1.lite_mode result => true result type => java.lang.Boolean
[2026-10-03 04:56:38.356][INFO ] [Role           :197] - ulimit -c unlimited -s 4096;cd /data/1/nijia.nj/test/namespace_standby_20261003_v1/work/db_s1.z1.obs0;LD_LIBRARY_PATH=./lib:/usr/local/lib:/usr/lib:/usr/lib64:/usr/local/lib64:$LD_LIBRARY_PATH /data/1/nijia.nj/test/namespace_standby_20261003_v1/work/db_s1.z1.obs0/bin/observer  on 6.12.232.130
[2026-10-03 04:56:38.435][INFO ] [Deploy         :294] - execute db_s1.z1.obs0.nstart  result => true
[2026-10-03 04:56:38.435][INFO ] [Deploy         :362] - execute db_s1.z1.nstart  result => true [true]
[2026-10-03 04:56:38.435][INFO ] [Deploy         :362] - execute db_s1.nstart result => true [true]
[2026-10-03 04:56:38.436][INFO ] [Command        :353] - start[1790974598287] time[149] tag[Q_DEPLOY]
[2026-10-03 04:56:38.436][INFO ] [Command        :536] - > LINE => 326, CMD => Q_DEPLOY, CONTENT => db_s1.check_until_timeout select count(*) from oceanbase.__all_virtual_server_stat where role = 'STANDBY' and pending_role = 'INVALID' and switchover_status = 'NORMAL', 1, 60;
[2026-10-03 04:56:38.437][INFO ] [DeployProcessor:93] - deploy => db_s1.check_until_timeout select count(*) from oceanbase.__all_virtual_server_stat where role = 'STANDBY' and pending_role = 'INVALID' and switchover_status = 'NORMAL', 1, 60
[2026-10-03 04:56:38.437][INFO ] [Deploy         :287] - execute db_s1.check_until_timeout select count(*) from oceanbase.__all_virtual_server_stat where role = 'STANDBY' and pending_role = 'INVALID' and switchover_status = 'NORMAL', 1, 60
[2026-10-03 04:56:38.437][INFO ] [Deploy         :287] - execute db_s1.select_one_value select count(*) from oceanbase.__all_virtual_server_stat where role = 'STANDBY' and pending_role = 'INVALID' and switchover_status = 'NORMAL'
[2026-10-03 04:56:38.437][INFO ] [SQLProcessor   :2086] - execute sql => select count(*) from oceanbase.__all_virtual_server_stat where role = 'STANDBY' and pending_role = 'INVALID' and switchover_status = 'NORMAL'
[2026-10-03 04:56:38.441][ERROR] [SQLProcessor   :2096] - user => admin@sys, passwd => admin, jdbcUrl => jdbc:mysql://6.12.232.130:42036/oceanbase?useAffectedRows=true&emulateUnsupportedPstmts=false&characterEncoding=utf8&useServerPrepStmts=false&prepStmtCacheSqlLimit=1000&enableQueryTimeouts=true&useLocalSessionState=false&useLocalTransactionState=false&rewriteBatchedStatements=true&allowMultiQueries=true&socketTimeout=600000
[2026-10-03 04:56:38.442][ERROR] [SQLProcessor   :2098] - execute sql => select count(*) from oceanbase.__all_virtual_server_stat where role = 'STANDBY' and pending_role = 'INVALID' and switchover_status = 'NORMAL' failed
com.mysql.cj.jdbc.exceptions.CommunicationsException: Communications link failure

The last packet sent successfully to the server was 0 milliseconds ago. The driver has not received any packets from the server.
	at com.mysql.cj.jdbc.exceptions.SQLError.createCommunicationsException(SQLError.java:175)
	at com.mysql.cj.jdbc.exceptions.SQLExceptionsMapping.translateException(SQLExceptionsMapping.java:64)
	at com.mysql.cj.jdbc.ConnectionImpl.createNewIO(ConnectionImpl.java:825)
	at com.mysql.cj.jdbc.ConnectionImpl.<init>(ConnectionImpl.java:446)
	at com.mysql.cj.jdbc.ConnectionImpl.getInstance(ConnectionImpl.java:239)
	at com.mysql.cj.jdbc.NonRegisteringDriver.connect(NonRegisteringDriver.java:188)
	at java.sql.DriverManager.getConnection(DriverManager.java:664)
	at java.sql.DriverManager.getConnection(DriverManager.java:247)
	at com.etao.mytest.processor.SQLProcessor.selectGetValue(SQLProcessor.java:2088)
	at com.etao.mytest.deploy.OBI.select_one_value(OBI.java:4540)
	at sun.reflect.GeneratedMethodAccessor1.invoke(Unknown Source)
	at sun.reflect.DelegatingMethodAccessorImpl.invoke(DelegatingMethodAccessorImpl.java:43)
	at java.lang.reflect.Method.invoke(Method.java:498)
	at com.etao.mytest.deploy.Deploy.execute(Deploy.java:289)
	at com.etao.mytest.deploy.OBI.check_until_timeout(OBI.java:5340)
	at sun.reflect.GeneratedMethodAccessor2.invoke(Unknown Source)
	at sun.reflect.DelegatingMethodAccessorImpl.invoke(DelegatingMethodAccessorImpl.java:43)
	at java.lang.reflect.Method.invoke(Method.java:498)
	at com.etao.mytest.deploy.Deploy.execute(Deploy.java:289)
	at com.etao.mytest.processor.DeployProcessor.process(DeployProcessor.java:157)
	at com.etao.mytest.command.Command.execute(Command.java:552)
	at com.etao.mytest.main.TestCase.run(TestCase.java:779)
	at com.etao.mytest.main.MyTest.main(MyTest.java:129)
Caused by: com.mysql.cj.exceptions.CJCommunicationsException: Communications link failure

The last packet sent successfully to the server was 0 milliseconds ago. The driver has not received any packets from the server.
	at sun.reflect.NativeConstructorAccessorImpl.newInstance0(Native Method)
	at sun.reflect.NativeConstructorAccessorImpl.newInstance(NativeConstructorAccessorImpl.java:62)
	at sun.reflect.DelegatingConstructorAccessorImpl.newInstance(DelegatingConstructorAccessorImpl.java:45)
	at java.lang.reflect.Constructor.newInstance(Constructor.java:423)
	at com.mysql.cj.exceptions.ExceptionFactory.createException(ExceptionFactory.java:62)
	at com.mysql.cj.exceptions.ExceptionFactory.createException(ExceptionFactory.java:105)
	at com.mysql.cj.exceptions.ExceptionFactory.createException(ExceptionFactory.java:150)
	at com.mysql.cj.exceptions.ExceptionFactory.createCommunicationsException(ExceptionFactory.java:166)
	at com.mysql.cj.protocol.a.NativeSocketConnection.connect(NativeSocketConnection.java:89)
	at com.mysql.cj.NativeSession.connect(NativeSession.java:121)
	at com.mysql.cj.jdbc.ConnectionImpl.connectOneTryOnly(ConnectionImpl.java:945)
	at com.mysql.cj.jdbc.ConnectionImpl.createNewIO(ConnectionImpl.java:815)
	... 20 more
Caused by: java.net.ConnectException: Connection refused (Connection refused)
	at java.net.PlainSocketImpl.socketConnect(Native Method)
	at java.net.AbstractPlainSocketImpl.doConnect(AbstractPlainSocketImpl.java:350)
	at java.net.AbstractPlainSocketImpl.connectToAddress(AbstractPlainSocketImpl.java:206)
	at java.net.AbstractPlainSocketImpl.connect(AbstractPlainSocketImpl.java:188)
	at java.net.SocksSocketImpl.connect(SocksSocketImpl.java:392)
	at java.net.Socket.connect(Socket.java:607)
	at com.mysql.cj.protocol.StandardSocketFactory.connect(StandardSocketFactory.java:153)
	at com.mysql.cj.protocol.a.NativeSocketConnection.connect(NativeSocketConnection.java:63)
	... 23 more
[2026-10-03 04:56:38.442][WARN ] [Deploy         :298] - execute db_s1.select_one_value select count(*) from oceanbase.__all_virtual_server_stat where role = 'STANDBY' and pending_role = 'INVALID' and switchover_status = 'NORMAL' result => null
[2026-10-03 04:56:38.443][WARN ] [OBI            :5348] - expect => 1, actual => null, left timeout => 60, totaltime => 60, file => 326/433, file_percent => 75
[2026-10-03 04:56:39.443][INFO ] [Deploy         :287] - execute db_s1.select_one_value select count(*) from oceanbase.__all_virtual_server_stat where role = 'STANDBY' and pending_role = 'INVALID' and switchover_status = 'NORMAL'
[2026-10-03 04:56:39.444][INFO ] [SQLProcessor   :2086] - execute sql => select count(*) from oceanbase.__all_virtual_server_stat where role = 'STANDBY' and pending_role = 'INVALID' and switchover_status = 'NORMAL'
[2026-10-03 04:56:39.445][ERROR] [SQLProcessor   :2096] - user => admin@sys, passwd => admin, jdbcUrl => jdbc:mysql://6.12.232.130:42036/oceanbase?useAffectedRows=true&emulateUnsupportedPstmts=false&characterEncoding=utf8&useServerPrepStmts=false&prepStmtCacheSqlLimit=1000&enableQueryTimeouts=true&useLocalSessionState=false&useLocalTransactionState=false&rewriteBatchedStatements=true&allowMultiQueries=true&socketTimeout=600000
[2026-10-03 04:56:39.445][ERROR] [SQLProcessor   :2098] - execute sql => select count(*) from oceanbase.__all_virtual_server_stat where role = 'STANDBY' and pending_role = 'INVALID' and switchover_status = 'NORMAL' failed
com.mysql.cj.jdbc.exceptions.CommunicationsException: Communications link failure

The last packet sent successfully to the server was 0 milliseconds ago. The driver has not received any packets from the server.
	at com.mysql.cj.jdbc.exceptions.SQLError.createCommunicationsException(SQLError.java:175)
	at com.mysql.cj.jdbc.exceptions.SQLExceptionsMapping.translateException(SQLExceptionsMapping.java:64)
	at com.mysql.cj.jdbc.ConnectionImpl.createNewIO(ConnectionImpl.java:825)
	at com.mysql.cj.jdbc.ConnectionImpl.<init>(ConnectionImpl.java:446)
	at com.mysql.cj.jdbc.ConnectionImpl.getInstance(ConnectionImpl.java:239)
	at com.mysql.cj.jdbc.NonRegisteringDriver.connect(NonRegisteringDriver.java:188)
	at java.sql.DriverManager.getConnection(DriverManager.java:664)
	at java.sql.DriverManager.getConnection(DriverManager.java:247)
	at com.etao.mytest.processor.SQLProcessor.selectGetValue(SQLProcessor.java:2088)
	at com.etao.mytest.deploy.OBI.select_one_value(OBI.java:4540)
	at sun.reflect.GeneratedMethodAccessor1.invoke(Unknown Source)
	at sun.reflect.DelegatingMethodAccessorImpl.invoke(DelegatingMethodAccessorImpl.java:43)
	at java.lang.reflect.Method.invoke(Method.java:498)
	at com.etao.mytest.deploy.Deploy.execute(Deploy.java:289)
	at com.etao.mytest.deploy.OBI.check_until_timeout(OBI.java:5340)
	at sun.reflect.GeneratedMethodAccessor2.invoke(Unknown Source)
	at sun.reflect.DelegatingMethodAccessorImpl.invoke(DelegatingMethodAccessorImpl.java:43)
	at java.lang.reflect.Method.invoke(Method.java:498)
	at com.etao.mytest.deploy.Deploy.execute(Deploy.java:289)
	at com.etao.mytest.processor.DeployProcessor.process(DeployProcessor.java:157)
	at com.etao.mytest.command.Command.execute(Command.java:552)
	at com.etao.mytest.main.TestCase.run(TestCase.java:779)
	at com.etao.mytest.main.MyTest.main(MyTest.java:129)
Caused by: com.mysql.cj.exceptions.CJCommunicationsException: Communications link failure

The last packet sent successfully to the server was 0 milliseconds ago. The driver has not received any packets from the server.
	at sun.reflect.NativeConstructorAccessorImpl.newInstance0(Native Method)
	at sun.reflect.NativeConstructorAccessorImpl.newInstance(NativeConstructorAccessorImpl.java:62)
	at sun.reflect.DelegatingConstructorAccessorImpl.newInstance(DelegatingConstructorAccessorImpl.java:45)
	at java.lang.reflect.Constructor.newInstance(Constructor.java:423)
	at com.mysql.cj.exceptions.ExceptionFactory.createException(ExceptionFactory.java:62)
	at com.mysql.cj.exceptions.ExceptionFactory.createException(ExceptionFactory.java:105)
	at com.mysql.cj.exceptions.ExceptionFactory.createException(ExceptionFactory.java:150)
	at com.mysql.cj.exceptions.ExceptionFactory.createCommunicationsException(ExceptionFactory.java:166)
	at com.mysql.cj.protocol.a.NativeSocketConnection.connect(NativeSocketConnection.java:89)
	at com.mysql.cj.NativeSession.connect(NativeSession.java:121)
	at com.mysql.cj.jdbc.ConnectionImpl.connectOneTryOnly(ConnectionImpl.java:945)
	at com.mysql.cj.jdbc.ConnectionImpl.createNewIO(ConnectionImpl.java:815)
	... 20 more
Caused by: java.net.ConnectException: Connection refused (Connection refused)
	at java.net.PlainSocketImpl.socketConnect(Native Method)
	at java.net.AbstractPlainSocketImpl.doConnect(AbstractPlainSocketImpl.java:350)
	at java.net.AbstractPlainSocketImpl.connectToAddress(AbstractPlainSocketImpl.java:206)
	at java.net.AbstractPlainSocketImpl.connect(AbstractPlainSocketImpl.java:188)
	at java.net.SocksSocketImpl.connect(SocksSocketImpl.java:392)
	at java.net.Socket.connect(Socket.java:607)
	at com.mysql.cj.protocol.StandardSocketFactory.connect(StandardSocketFactory.java:153)
	at com.mysql.cj.protocol.a.NativeSocketConnection.connect(NativeSocketConnection.java:63)
	... 23 more
[2026-10-03 04:56:39.446][WARN ] [Deploy         :298] - execute db_s1.select_one_value select count(*) from oceanbase.__all_virtual_server_stat where role = 'STANDBY' and pending_role = 'INVALID' and switchover_status = 'NORMAL' result => null
[2026-10-03 04:56:39.446][WARN ] [OBI            :5348] - expect => 1, actual => null, left timeout => 59, totaltime => 60, file => 326/433, file_percent => 75
[2026-10-03 04:56:40.446][INFO ] [Deploy         :287] - execute db_s1.select_one_value select count(*) from oceanbase.__all_virtual_server_stat where role = 'STANDBY' and pending_role = 'INVALID' and switchover_status = 'NORMAL'
[2026-10-03 04:56:40.447][INFO ] [SQLProcessor   :2086] - execute sql => select count(*) from oceanbase.__all_virtual_server_stat where role = 'STANDBY' and pending_role = 'INVALID' and switchover_status = 'NORMAL'
[2026-10-03 04:56:40.448][ERROR] [SQLProcessor   :2096] - user => admin@sys, passwd => admin, jdbcUrl => jdbc:mysql://6.12.232.130:42036/oceanbase?useAffectedRows=true&emulateUnsupportedPstmts=false&characterEncoding=utf8&useServerPrepStmts=false&prepStmtCacheSqlLimit=1000&enableQueryTimeouts=true&useLocalSessionState=false&useLocalTransactionState=false&rewriteBatchedStatements=true&allowMultiQueries=true&socketTimeout=600000
[2026-10-03 04:56:40.449][ERROR] [SQLProcessor   :2098] - execute sql => select count(*) from oceanbase.__all_virtual_server_stat where role = 'STANDBY' and pending_role = 'INVALID' and switchover_status = 'NORMAL' failed
com.mysql.cj.jdbc.exceptions.CommunicationsException: Communications link failure

The last packet sent successfully to the server was 0 milliseconds ago. The driver has not received any packets from the server.
	at com.mysql.cj.jdbc.exceptions.SQLError.createCommunicationsException(SQLError.java:175)
	at com.mysql.cj.jdbc.exceptions.SQLExceptionsMapping.translateException(SQLExceptionsMapping.java:64)
	at com.mysql.cj.jdbc.ConnectionImpl.createNewIO(ConnectionImpl.java:825)
	at com.mysql.cj.jdbc.ConnectionImpl.<init>(ConnectionImpl.java:446)
	at com.mysql.cj.jdbc.ConnectionImpl.getInstance(ConnectionImpl.java:239)
	at com.mysql.cj.jdbc.NonRegisteringDriver.connect(NonRegisteringDriver.java:188)
	at java.sql.DriverManager.getConnection(DriverManager.java:664)
	at java.sql.DriverManager.getConnection(DriverManager.java:247)
	at com.etao.mytest.processor.SQLProcessor.selectGetValue(SQLProcessor.java:2088)
	at com.etao.mytest.deploy.OBI.select_one_value(OBI.java:4540)
	at sun.reflect.GeneratedMethodAccessor1.invoke(Unknown Source)
	at sun.reflect.DelegatingMethodAccessorImpl.invoke(DelegatingMethodAccessorImpl.java:43)
	at java.lang.reflect.Method.invoke(Method.java:498)
	at com.etao.mytest.deploy.Deploy.execute(Deploy.java:289)
	at com.etao.mytest.deploy.OBI.check_until_timeout(OBI.java:5340)
	at sun.reflect.GeneratedMethodAccessor2.invoke(Unknown Source)
	at sun.reflect.DelegatingMethodAccessorImpl.invoke(DelegatingMethodAccessorImpl.java:43)
	at java.lang.reflect.Method.invoke(Method.java:498)
	at com.etao.mytest.deploy.Deploy.execute(Deploy.java:289)
	at com.etao.mytest.processor.DeployProcessor.process(DeployProcessor.java:157)
	at com.etao.mytest.command.Command.execute(Command.java:552)
	at com.etao.mytest.main.TestCase.run(TestCase.java:779)
	at com.etao.mytest.main.MyTest.main(MyTest.java:129)
Caused by: com.mysql.cj.exceptions.CJCommunicationsException: Communications link failure

The last packet sent successfully to the server was 0 milliseconds ago. The driver has not received any packets from the server.
	at sun.reflect.NativeConstructorAccessorImpl.newInstance0(Native Method)
	at sun.reflect.NativeConstructorAccessorImpl.newInstance(NativeConstructorAccessorImpl.java:62)
	at sun.reflect.DelegatingConstructorAccessorImpl.newInstance(DelegatingConstructorAccessorImpl.java:45)
	at java.lang.reflect.Constructor.newInstance(Constructor.java:423)
	at com.mysql.cj.exceptions.ExceptionFactory.createException(ExceptionFactory.java:62)
	at com.mysql.cj.exceptions.ExceptionFactory.createException(ExceptionFactory.java:105)
	at com.mysql.cj.exceptions.ExceptionFactory.createException(ExceptionFactory.java:150)
	at com.mysql.cj.exceptions.ExceptionFactory.createCommunicationsException(ExceptionFactory.java:166)
	at com.mysql.cj.protocol.a.NativeSocketConnection.connect(NativeSocketConnection.java:89)
	at com.mysql.cj.NativeSession.connect(NativeSession.java:121)
	at com.mysql.cj.jdbc.ConnectionImpl.connectOneTryOnly(ConnectionImpl.java:945)
	at com.mysql.cj.jdbc.ConnectionImpl.createNewIO(ConnectionImpl.java:815)
	... 20 more
Caused by: java.net.ConnectException: Connection refused (Connection refused)
	at java.net.PlainSocketImpl.socketConnect(Native Method)
	at java.net.AbstractPlainSocketImpl.doConnect(AbstractPlainSocketImpl.java:350)
	at java.net.AbstractPlainSocketImpl.connectToAddress(AbstractPlainSocketImpl.java:206)
	at java.net.AbstractPlainSocketImpl.connect(AbstractPlainSocketImpl.java:188)
	at java.net.SocksSocketImpl.connect(SocksSocketImpl.java:392)
	at java.net.Socket.connect(Socket.java:607)
	at com.mysql.cj.protocol.StandardSocketFactory.connect(StandardSocketFactory.java:153)
	at com.mysql.cj.protocol.a.NativeSocketConnection.connect(NativeSocketConnection.java:63)
	... 23 more
[2026-10-03 04:56:40.449][WARN ] [Deploy         :298] - execute db_s1.select_one_value select count(*) from oceanbase.__all_virtual_server_stat where role = 'STANDBY' and pending_role = 'INVALID' and switchover_status = 'NORMAL' result => null
[2026-10-03 04:56:40.449][WARN ] [OBI            :5348] - expect => 1, actual => null, left timeout => 58, totaltime => 60, file => 326/433, file_percent => 75
[2026-10-03 04:56:41.450][INFO ] [Deploy         :287] - execute db_s1.select_one_value select count(*) from oceanbase.__all_virtual_server_stat where role = 'STANDBY' and pending_role = 'INVALID' and switchover_status = 'NORMAL'
[2026-10-03 04:56:41.450][INFO ] [SQLProcessor   :2086] - execute sql => select count(*) from oceanbase.__all_virtual_server_stat where role = 'STANDBY' and pending_role = 'INVALID' and switchover_status = 'NORMAL'
[2026-10-03 04:56:41.452][ERROR] [SQLProcessor   :2096] - user => admin@sys, passwd => admin, jdbcUrl => jdbc:mysql://6.12.232.130:42036/oceanbase?useAffectedRows=true&emulateUnsupportedPstmts=false&characterEncoding=utf8&useServerPrepStmts=false&prepStmtCacheSqlLimit=1000&enableQueryTimeouts=true&useLocalSessionState=false&useLocalTransactionState=false&rewriteBatchedStatements=true&allowMultiQueries=true&socketTimeout=600000
[2026-10-03 04:56:41.452][ERROR] [SQLProcessor   :2098] - execute sql => select count(*) from oceanbase.__all_virtual_server_stat where role = 'STANDBY' and pending_role = 'INVALID' and switchover_status = 'NORMAL' failed
com.mysql.cj.jdbc.exceptions.CommunicationsException: Communications link failure

The last packet sent successfully to the server was 0 milliseconds ago. The driver has not received any packets from the server.
	at com.mysql.cj.jdbc.exceptions.SQLError.createCommunicationsException(SQLError.java:175)
	at com.mysql.cj.jdbc.exceptions.SQLExceptionsMapping.translateException(SQLExceptionsMapping.java:64)
	at com.mysql.cj.jdbc.ConnectionImpl.createNewIO(ConnectionImpl.java:825)
	at com.mysql.cj.jdbc.ConnectionImpl.<init>(ConnectionImpl.java:446)
	at com.mysql.cj.jdbc.ConnectionImpl.getInstance(ConnectionImpl.java:239)
	at com.mysql.cj.jdbc.NonRegisteringDriver.connect(NonRegisteringDriver.java:188)
	at java.sql.DriverManager.getConnection(DriverManager.java:664)
	at java.sql.DriverManager.getConnection(DriverManager.java:247)
	at com.etao.mytest.processor.SQLProcessor.selectGetValue(SQLProcessor.java:2088)
	at com.etao.mytest.deploy.OBI.select_one_value(OBI.java:4540)
	at sun.reflect.GeneratedMethodAccessor1.invoke(Unknown Source)
	at sun.reflect.DelegatingMethodAccessorImpl.invoke(DelegatingMethodAccessorImpl.java:43)
	at java.lang.reflect.Method.invoke(Method.java:498)
	at com.etao.mytest.deploy.Deploy.execute(Deploy.java:289)
	at com.etao.mytest.deploy.OBI.check_until_timeout(OBI.java:5340)
	at sun.reflect.GeneratedMethodAccessor2.invoke(Unknown Source)
	at sun.reflect.DelegatingMethodAccessorImpl.invoke(DelegatingMethodAccessorImpl.java:43)
	at java.lang.reflect.Method.invoke(Method.java:498)
	at com.etao.mytest.deploy.Deploy.execute(Deploy.java:289)
	at com.etao.mytest.processor.DeployProcessor.process(DeployProcessor.java:157)
	at com.etao.mytest.command.Command.execute(Command.java:552)
	at com.etao.mytest.main.TestCase.run(TestCase.java:779)
	at com.etao.mytest.main.MyTest.main(MyTest.java:129)
Caused by: com.mysql.cj.exceptions.CJCommunicationsException: Communications link failure

The last packet sent successfully to the server was 0 milliseconds ago. The driver has not received any packets from the server.
	at sun.reflect.NativeConstructorAccessorImpl.newInstance0(Native Method)
	at sun.reflect.NativeConstructorAccessorImpl.newInstance(NativeConstructorAccessorImpl.java:62)
	at sun.reflect.DelegatingConstructorAccessorImpl.newInstance(DelegatingConstructorAccessorImpl.java:45)
	at java.lang.reflect.Constructor.newInstance(Constructor.java:423)
	at com.mysql.cj.exceptions.ExceptionFactory.createException(ExceptionFactory.java:62)
	at com.mysql.cj.exceptions.ExceptionFactory.createException(ExceptionFactory.java:105)
	at com.mysql.cj.exceptions.ExceptionFactory.createException(ExceptionFactory.java:150)
	at com.mysql.cj.exceptions.ExceptionFactory.createCommunicationsException(ExceptionFactory.java:166)
	at com.mysql.cj.protocol.a.NativeSocketConnection.connect(NativeSocketConnection.java:89)
	at com.mysql.cj.NativeSession.connect(NativeSession.java:121)
	at com.mysql.cj.jdbc.ConnectionImpl.connectOneTryOnly(ConnectionImpl.java:945)
	at com.mysql.cj.jdbc.ConnectionImpl.createNewIO(ConnectionImpl.java:815)
	... 20 more
Caused by: java.net.ConnectException: Connection refused (Connection refused)
	at java.net.PlainSocketImpl.socketConnect(Native Method)
	at java.net.AbstractPlainSocketImpl.doConnect(AbstractPlainSocketImpl.java:350)
	at java.net.AbstractPlainSocketImpl.connectToAddress(AbstractPlainSocketImpl.java:206)
	at java.net.AbstractPlainSocketImpl.connect(AbstractPlainSocketImpl.java:188)
	at java.net.SocksSocketImpl.connect(SocksSocketImpl.java:392)
	at java.net.Socket.connect(Socket.java:607)
	at com.mysql.cj.protocol.StandardSocketFactory.connect(StandardSocketFactory.java:153)
	at com.mysql.cj.protocol.a.NativeSocketConnection.connect(NativeSocketConnection.java:63)
	... 23 more
[2026-10-03 04:56:41.453][WARN ] [Deploy         :298] - execute db_s1.select_one_value select count(*) from oceanbase.__all_virtual_server_stat where role = 'STANDBY' and pending_role = 'INVALID' and switchover_status = 'NORMAL' result => null
[2026-10-03 04:56:41.453][WARN ] [OBI            :5348] - expect => 1, actual => null, left timeout => 57, totaltime => 60, file => 326/433, file_percent => 75
[2026-10-03 04:56:42.453][INFO ] [Deploy         :287] - execute db_s1.select_one_value select count(*) from oceanbase.__all_virtual_server_stat where role = 'STANDBY' and pending_role = 'INVALID' and switchover_status = 'NORMAL'
[2026-10-03 04:56:42.454][INFO ] [SQLProcessor   :2086] - execute sql => select count(*) from oceanbase.__all_virtual_server_stat where role = 'STANDBY' and pending_role = 'INVALID' and switchover_status = 'NORMAL'
[2026-10-03 04:56:42.492][INFO ] [Deploy         :294] - execute db_s1.select_one_value select count(*) from oceanbase.__all_virtual_server_stat where role = 'STANDBY' and pending_role = 'INVALID' and switchover_status = 'NORMAL' result => 1
[2026-10-03 04:56:42.493][INFO ] [OBI            :5345] - check success! use time = 4
[2026-10-03 04:56:42.493][INFO ] [Deploy         :294] - execute db_s1.check_until_timeout select count(*) from oceanbase.__all_virtual_server_stat where role = 'STANDBY' and pending_role = 'INVALID' and switchover_status = 'NORMAL', 1, 60 result => true
[2026-10-03 04:56:42.493][INFO ] [Command        :353] - start[1790974598436] time[4056] tag[Q_DEPLOY]
[2026-10-03 04:56:42.493][INFO ] [Command        :536] - > LINE => 327, CMD => Q_CONNECT, CONTENT => ob_connect(conn_sys_s1, db_s1.z1.obs0, root@sys, , oceanbase, , USE_MYSQL_CONNECTOR)
[2026-10-03 04:56:42.493][INFO ] [SQLProcessor   :1505] - conn_sys_s1 create a physical connection  using jdbc:mysql://6.12.232.130:42036/oceanbase?useAffectedRows=true&emulateUnsupportedPstmts=false&characterEncoding=utf8&useServerPrepStmts=true&prepStmtCacheSqlLimit=1000&enableQueryTimeouts=false&useLocalSessionState=false&useLocalTransactionState=false&rewriteBatchedStatements=true&allowMultiQueries=true&socketTimeout=1800000 user/pwd is root@sys/
[2026-10-03 04:56:42.505][INFO ] [SQLProcessor   :1519] - connection => conn_sys_s1 is mysql mode.
[2026-10-03 04:56:42.505][INFO ] [SQLProcessor   :1522] - put conn: dataid=conn_sys_s1 currentConn=com.mysql.cj.jdbc.ConnectionImpl@353352b6 hashcode => 892555958
[2026-10-03 04:56:42.505][INFO ] [Command        :353] - start[1790974602493] time[11] tag[Q_CONNECT]
[2026-10-03 04:56:42.505][INFO ] [Command        :536] - > LINE => 329, CMD => Q_ENABLE_QUERY_LOG, CONTENT => --enable_query_log
[2026-10-03 04:56:42.505][INFO ] [Command        :353] - start[1790974602505] time[0] tag[Q_ENABLE_QUERY_LOG]
[2026-10-03 04:56:42.505][INFO ] [Command        :536] - > LINE => 330, CMD => Q_ENABLE_RESULT_LOG, CONTENT => --enable_result_log
[2026-10-03 04:56:42.506][INFO ] [Command        :353] - start[1790974602505] time[0] tag[Q_ENABLE_RESULT_LOG]
[2026-10-03 04:56:42.506][INFO ] [Command        :536] - > LINE => 333, CMD => Q_CONNECTION, CONTENT => connection conn_sys_p
[2026-10-03 04:56:42.506][INFO ] [SQLProcessor   :1128] - use connection => conn_sys_p hashcode => 1325144078
[2026-10-03 04:56:42.509][INFO ] [SQLProcessor   :1158] - connection => conn_sys_p is mysql mode. conn=com.mysql.cj.jdbc.ConnectionImpl@4efc180e
[2026-10-03 04:56:42.509][INFO ] [Command        :353] - start[1790974602506] time[3] tag[Q_CONNECTION]
[2026-10-03 04:56:42.510][INFO ] [Command        :536] - > LINE => 334, CMD => Q_QUERY, CONTENT => insert into test_multi_standby values(8, 'after_roundtrip', 800);
[2026-10-03 04:56:42.515][INFO ] [Command        :353] - start[1790974602510] time[4] tag[Q_QUERY]
[2026-10-03 04:56:42.515][INFO ] [Command        :536] - > LINE => 336, CMD => Q_DISABLE_QUERY_LOG, CONTENT => --disable_query_log
[2026-10-03 04:56:42.515][INFO ] [Command        :353] - start[1790974602515] time[0] tag[Q_DISABLE_QUERY_LOG]
[2026-10-03 04:56:42.515][INFO ] [Command        :536] - > LINE => 337, CMD => Q_DISABLE_RESULT_LOG, CONTENT => --disable_result_log
[2026-10-03 04:56:42.515][INFO ] [Command        :353] - start[1790974602515] time[0] tag[Q_DISABLE_RESULT_LOG]
[2026-10-03 04:56:42.516][INFO ] [Command        :536] - > LINE => 340, CMD => Q_DEPLOY, CONTENT => db_s1.check_until_timeout select count(*) from test_multi_standby where id = 8, 1, 120;
[2026-10-03 04:56:42.516][INFO ] [DeployProcessor:93] - deploy => db_s1.check_until_timeout select count(*) from test_multi_standby where id = 8, 1, 120
[2026-10-03 04:56:42.516][INFO ] [Deploy         :287] - execute db_s1.check_until_timeout select count(*) from test_multi_standby where id = 8, 1, 120
[2026-10-03 04:56:42.516][INFO ] [Deploy         :287] - execute db_s1.select_one_value select count(*) from test_multi_standby where id = 8
[2026-10-03 04:56:42.517][INFO ] [SQLProcessor   :2086] - execute sql => select count(*) from test_multi_standby where id = 8
[2026-10-03 04:56:42.543][INFO ] [Deploy         :294] - execute db_s1.select_one_value select count(*) from test_multi_standby where id = 8 result => 0
[2026-10-03 04:56:42.543][WARN ] [OBI            :5348] - expect => 1, actual => 0, left timeout => 120, totaltime => 120, file => 340/433, file_percent => 78
[2026-10-03 04:56:43.544][INFO ] [Deploy         :287] - execute db_s1.select_one_value select count(*) from test_multi_standby where id = 8
[2026-10-03 04:56:43.545][INFO ] [SQLProcessor   :2086] - execute sql => select count(*) from test_multi_standby where id = 8
[2026-10-03 04:56:43.551][INFO ] [Deploy         :294] - execute db_s1.select_one_value select count(*) from test_multi_standby where id = 8 result => 1
[2026-10-03 04:56:43.551][INFO ] [OBI            :5345] - check success! use time = 1
[2026-10-03 04:56:43.552][INFO ] [Deploy         :294] - execute db_s1.check_until_timeout select count(*) from test_multi_standby where id = 8, 1, 120 result => true
[2026-10-03 04:56:43.552][INFO ] [Command        :353] - start[1790974602516] time[1035] tag[Q_DEPLOY]
[2026-10-03 04:56:43.552][INFO ] [Command        :536] - > LINE => 341, CMD => Q_DEPLOY, CONTENT => db_s2.check_until_timeout select count(*) from test_multi_standby where id = 8, 1, 120;
[2026-10-03 04:56:43.553][INFO ] [DeployProcessor:93] - deploy => db_s2.check_until_timeout select count(*) from test_multi_standby where id = 8, 1, 120
[2026-10-03 04:56:43.553][INFO ] [Deploy         :287] - execute db_s2.check_until_timeout select count(*) from test_multi_standby where id = 8, 1, 120
[2026-10-03 04:56:43.553][INFO ] [Deploy         :287] - execute db_s2.select_one_value select count(*) from test_multi_standby where id = 8
[2026-10-03 04:56:43.553][INFO ] [SQLProcessor   :2086] - execute sql => select count(*) from test_multi_standby where id = 8
[2026-10-03 04:56:43.560][INFO ] [Deploy         :294] - execute db_s2.select_one_value select count(*) from test_multi_standby where id = 8 result => 1
[2026-10-03 04:56:43.560][INFO ] [OBI            :5345] - check success! use time = 0
[2026-10-03 04:56:43.560][INFO ] [Deploy         :294] - execute db_s2.check_until_timeout select count(*) from test_multi_standby where id = 8, 1, 120 result => true
[2026-10-03 04:56:43.561][INFO ] [Command        :353] - start[1790974603552] time[8] tag[Q_DEPLOY]
[2026-10-03 04:56:43.561][INFO ] [Command        :536] - > LINE => 343, CMD => Q_ENABLE_QUERY_LOG, CONTENT => --enable_query_log
[2026-10-03 04:56:43.561][INFO ] [Command        :353] - start[1790974603561] time[0] tag[Q_ENABLE_QUERY_LOG]
[2026-10-03 04:56:43.561][INFO ] [Command        :536] - > LINE => 344, CMD => Q_ENABLE_RESULT_LOG, CONTENT => --enable_result_log
[2026-10-03 04:56:43.561][INFO ] [Command        :353] - start[1790974603561] time[0] tag[Q_ENABLE_RESULT_LOG]
[2026-10-03 04:56:43.561][INFO ] [Command        :536] - > LINE => 347, CMD => Q_CONNECTION, CONTENT => connection conn_sys_p
[2026-10-03 04:56:43.561][INFO ] [SQLProcessor   :1128] - use connection => conn_sys_p hashcode => 1325144078
[2026-10-03 04:56:43.563][INFO ] [SQLProcessor   :1158] - connection => conn_sys_p is mysql mode. conn=com.mysql.cj.jdbc.ConnectionImpl@4efc180e
[2026-10-03 04:56:43.563][INFO ] [Command        :353] - start[1790974603561] time[1] tag[Q_CONNECTION]
[2026-10-03 04:56:43.563][INFO ] [Command        :536] - > LINE => 348, CMD => Q_QUERY, CONTENT => select count(*) from test_multi_standby;
[2026-10-03 04:56:43.567][INFO ] [Command        :353] - start[1790974603563] time[3] tag[Q_QUERY]
[2026-10-03 04:56:43.567][INFO ] [Command        :536] - > LINE => 351, CMD => Q_CONNECTION, CONTENT => connection conn_sys_s1
[2026-10-03 04:56:43.567][INFO ] [SQLProcessor   :1128] - use connection => conn_sys_s1 hashcode => 892555958
[2026-10-03 04:56:43.568][INFO ] [SQLProcessor   :1158] - connection => conn_sys_s1 is mysql mode. conn=com.mysql.cj.jdbc.ConnectionImpl@353352b6
[2026-10-03 04:56:43.568][INFO ] [Command        :353] - start[1790974603567] time[1] tag[Q_CONNECTION]
[2026-10-03 04:56:43.569][INFO ] [Command        :536] - > LINE => 352, CMD => Q_QUERY, CONTENT => select count(*) from test_multi_standby;
[2026-10-03 04:56:43.574][INFO ] [Command        :353] - start[1790974603569] time[4] tag[Q_QUERY]
[2026-10-03 04:56:43.574][INFO ] [Command        :536] - > LINE => 355, CMD => Q_CONNECTION, CONTENT => connection conn_sys_s2
[2026-10-03 04:56:43.574][INFO ] [SQLProcessor   :1128] - use connection => conn_sys_s2 hashcode => 16503286
[2026-10-03 04:56:43.576][INFO ] [SQLProcessor   :1158] - connection => conn_sys_s2 is mysql mode. conn=com.mysql.cj.jdbc.ConnectionImpl@fbd1f6
[2026-10-03 04:56:43.576][INFO ] [Command        :353] - start[1790974603574] time[1] tag[Q_CONNECTION]
[2026-10-03 04:56:43.576][INFO ] [Command        :536] - > LINE => 356, CMD => Q_QUERY, CONTENT => select count(*) from test_multi_standby;
[2026-10-03 04:56:43.580][INFO ] [Command        :353] - start[1790974603576] time[3] tag[Q_QUERY]
[2026-10-03 04:56:43.580][INFO ] [Command        :536] - > LINE => 359, CMD => Q_ECHO, CONTENT => Case 4 completed: Roundtrip switchover with multiple standbys verified
[2026-10-03 04:56:43.580][INFO ] [Command        :353] - start[1790974603580] time[0] tag[Q_ECHO]
[2026-10-03 04:56:43.580][INFO ] [Command        :536] - > LINE => 364, CMD => Q_ECHO, CONTENT => ========== Case 5: Failover with Multiple Standbys ==========
[2026-10-03 04:56:43.581][INFO ] [Command        :353] - start[1790974603580] time[0] tag[Q_ECHO]
[2026-10-03 04:56:43.581][INFO ] [Command        :536] - > LINE => 366, CMD => Q_DISABLE_QUERY_LOG, CONTENT => --disable_query_log
[2026-10-03 04:56:43.581][INFO ] [Command        :353] - start[1790974603581] time[0] tag[Q_DISABLE_QUERY_LOG]
[2026-10-03 04:56:43.581][INFO ] [Command        :536] - > LINE => 367, CMD => Q_DISABLE_RESULT_LOG, CONTENT => --disable_result_log
[2026-10-03 04:56:43.581][INFO ] [Command        :353] - start[1790974603581] time[0] tag[Q_DISABLE_RESULT_LOG]
[2026-10-03 04:56:43.581][INFO ] [Command        :536] - > LINE => 372, CMD => Q_CONNECTION, CONTENT => connection conn_sys_p
[2026-10-03 04:56:43.581][INFO ] [SQLProcessor   :1128] - use connection => conn_sys_p hashcode => 1325144078
[2026-10-03 04:56:43.583][INFO ] [SQLProcessor   :1158] - connection => conn_sys_p is mysql mode. conn=com.mysql.cj.jdbc.ConnectionImpl@4efc180e
[2026-10-03 04:56:43.583][INFO ] [Command        :353] - start[1790974603581] time[1] tag[Q_CONNECTION]
[2026-10-03 04:56:43.583][INFO ] [Command        :536] - > LINE => 373, CMD => Q_QUERY, CONTENT => insert into test_multi_standby values(9, 'before_failover', 900);
[2026-10-03 04:56:43.585][INFO ] [Command        :353] - start[1790974603583] time[1] tag[Q_QUERY]
[2026-10-03 04:56:43.585][INFO ] [Command        :536] - > LINE => 376, CMD => Q_DEPLOY, CONTENT => db_s1.check_until_timeout select count(*) from test_multi_standby where id = 9, 1, 120;
[2026-10-03 04:56:43.586][INFO ] [DeployProcessor:93] - deploy => db_s1.check_until_timeout select count(*) from test_multi_standby where id = 9, 1, 120
[2026-10-03 04:56:43.586][INFO ] [Deploy         :287] - execute db_s1.check_until_timeout select count(*) from test_multi_standby where id = 9, 1, 120
[2026-10-03 04:56:43.586][INFO ] [Deploy         :287] - execute db_s1.select_one_value select count(*) from test_multi_standby where id = 9
[2026-10-03 04:56:43.586][INFO ] [SQLProcessor   :2086] - execute sql => select count(*) from test_multi_standby where id = 9
[2026-10-03 04:56:43.593][INFO ] [Deploy         :294] - execute db_s1.select_one_value select count(*) from test_multi_standby where id = 9 result => 0
[2026-10-03 04:56:43.593][WARN ] [OBI            :5348] - expect => 1, actual => 0, left timeout => 120, totaltime => 120, file => 376/433, file_percent => 86
[2026-10-03 04:56:44.594][INFO ] [Deploy         :287] - execute db_s1.select_one_value select count(*) from test_multi_standby where id = 9
[2026-10-03 04:56:44.594][INFO ] [SQLProcessor   :2086] - execute sql => select count(*) from test_multi_standby where id = 9
[2026-10-03 04:56:44.601][INFO ] [Deploy         :294] - execute db_s1.select_one_value select count(*) from test_multi_standby where id = 9 result => 1
[2026-10-03 04:56:44.601][INFO ] [OBI            :5345] - check success! use time = 1
[2026-10-03 04:56:44.601][INFO ] [Deploy         :294] - execute db_s1.check_until_timeout select count(*) from test_multi_standby where id = 9, 1, 120 result => true
[2026-10-03 04:56:44.602][INFO ] [Command        :353] - start[1790974603586] time[1016] tag[Q_DEPLOY]
[2026-10-03 04:56:44.602][INFO ] [Command        :536] - > LINE => 377, CMD => Q_DEPLOY, CONTENT => db_s2.check_until_timeout select count(*) from test_multi_standby where id = 9, 1, 120;
[2026-10-03 04:56:44.603][INFO ] [DeployProcessor:93] - deploy => db_s2.check_until_timeout select count(*) from test_multi_standby where id = 9, 1, 120
[2026-10-03 04:56:44.603][INFO ] [Deploy         :287] - execute db_s2.check_until_timeout select count(*) from test_multi_standby where id = 9, 1, 120
[2026-10-03 04:56:44.603][INFO ] [Deploy         :287] - execute db_s2.select_one_value select count(*) from test_multi_standby where id = 9
[2026-10-03 04:56:44.603][INFO ] [SQLProcessor   :2086] - execute sql => select count(*) from test_multi_standby where id = 9
[2026-10-03 04:56:44.609][INFO ] [Deploy         :294] - execute db_s2.select_one_value select count(*) from test_multi_standby where id = 9 result => 1
[2026-10-03 04:56:44.609][INFO ] [OBI            :5345] - check success! use time = 0
[2026-10-03 04:56:44.609][INFO ] [Deploy         :294] - execute db_s2.check_until_timeout select count(*) from test_multi_standby where id = 9, 1, 120 result => true
[2026-10-03 04:56:44.609][INFO ] [Command        :353] - start[1790974604602] time[7] tag[Q_DEPLOY]
[2026-10-03 04:56:44.610][INFO ] [Command        :536] - > LINE => 379, CMD => Q_ENABLE_QUERY_LOG, CONTENT => --enable_query_log
[2026-10-03 04:56:44.610][INFO ] [Command        :353] - start[1790974604610] time[0] tag[Q_ENABLE_QUERY_LOG]
[2026-10-03 04:56:44.610][INFO ] [Command        :536] - > LINE => 380, CMD => Q_ENABLE_RESULT_LOG, CONTENT => --enable_result_log
[2026-10-03 04:56:44.610][INFO ] [Command        :353] - start[1790974604610] time[0] tag[Q_ENABLE_RESULT_LOG]
[2026-10-03 04:56:44.611][INFO ] [Command        :536] - > LINE => 383, CMD => Q_DEPLOY, CONTENT => db_p.force_stop;
[2026-10-03 04:56:44.611][INFO ] [DeployProcessor:93] - deploy => db_p.force_stop
[2026-10-03 04:56:44.612][INFO ] [Deploy         :287] - execute db_p.z1.obs0.force_stop 
[2026-10-03 04:56:44.612][INFO ] [Role           :1307] - pkill -9 -u nijia.nj -f '^/data/1/nijia.nj/test/namespace_standby_20261003_v1/work/db_p.z1.obs0/bin/observer|^/data/1/nijia.nj/test/namespace_standby_20261003_v1/work/db_p.z1.obs0/bin/obesi' on 6.12.232.130
[2026-10-03 04:56:44.631][INFO ] [Role           :1309] - pkill result is => 0
[2026-10-03 04:56:44.632][INFO ] [Role           :1142] - wait stop /data/1/nijia.nj/test/namespace_standby_20261003_v1/work/db_p.z1.obs0/bin/observer on 6.12.232.130
[2026-10-03 04:56:44.632][INFO ] [Role           :1190] - ps uxf | grep "/data/1/nijia.nj/test/namespace_standby_20261003_v1/work/db_p.z1.obs0/bin/observer" | grep -v grep
[2026-10-03 04:56:44.668][INFO ] [Role           :1154] - check port on 6.12.232.130
[2026-10-03 04:56:44.668][INFO ] [RemoteShell    :143] - netstat -lpnt 2>/dev/null | grep '0.0.0.0:42000 ' | awk -F ' ' '{print $7}'
[2026-10-03 04:56:44.705][INFO ] [RemoteShell    :143] - netstat -lpnt 2>/dev/null | grep '0.0.0.0:42035 ' | awk -F ' ' '{print $7}'
[2026-10-03 04:56:44.741][ERROR] [RemoteShell    :146] - 42035 in use, PID/Program name : -
[2026-10-03 04:56:44.741][INFO ] [Role           :1154] - check port on 6.12.232.130
[2026-10-03 04:56:44.741][INFO ] [RemoteShell    :143] - netstat -lpnt 2>/dev/null | grep '0.0.0.0:42000 ' | awk -F ' ' '{print $7}'
[2026-10-03 04:56:44.773][INFO ] [RemoteShell    :143] - netstat -lpnt 2>/dev/null | grep '0.0.0.0:42035 ' | awk -F ' ' '{print $7}'
[2026-10-03 04:56:44.801][INFO ] [Role           :1164] - stop obs0 took 3 s
[2026-10-03 04:56:44.801][INFO ] [Deploy         :294] - execute db_p.z1.obs0.force_stop  result => true
[2026-10-03 04:56:44.802][INFO ] [Deploy         :362] - execute db_p.z1.force_stop  result => true [true]
[2026-10-03 04:56:44.802][INFO ] [Deploy         :362] - execute db_p.force_stop result => true [true]
[2026-10-03 04:56:44.802][INFO ] [Command        :353] - start[1790974604611] time[191] tag[Q_DEPLOY]
[2026-10-03 04:56:44.803][INFO ] [Command        :536] - > LINE => 386, CMD => Q_CONNECTION, CONTENT => connection conn_sys_s2
[2026-10-03 04:56:44.803][INFO ] [SQLProcessor   :1128] - use connection => conn_sys_s2 hashcode => 16503286
[2026-10-03 04:56:44.805][INFO ] [SQLProcessor   :1158] - connection => conn_sys_s2 is mysql mode. conn=com.mysql.cj.jdbc.ConnectionImpl@fbd1f6
[2026-10-03 04:56:44.805][INFO ] [Command        :353] - start[1790974604803] time[2] tag[Q_CONNECTION]
[2026-10-03 04:56:44.805][INFO ] [Command        :536] - > LINE => 387, CMD => Q_QUERY, CONTENT => ALTER SYSTEM ACTIVATE STANDBY;
[2026-10-03 04:56:44.817][INFO ] [Command        :353] - start[1790974604805] time[11] tag[Q_QUERY]
[2026-10-03 04:56:44.817][INFO ] [Command        :536] - > LINE => 389, CMD => Q_DISABLE_QUERY_LOG, CONTENT => --disable_query_log
[2026-10-03 04:56:44.817][INFO ] [Command        :353] - start[1790974604817] time[0] tag[Q_DISABLE_QUERY_LOG]
[2026-10-03 04:56:44.818][INFO ] [Command        :536] - > LINE => 390, CMD => Q_DISABLE_RESULT_LOG, CONTENT => --disable_result_log
[2026-10-03 04:56:44.818][INFO ] [Command        :353] - start[1790974604818] time[0] tag[Q_DISABLE_RESULT_LOG]
[2026-10-03 04:56:44.818][INFO ] [Command        :536] - > LINE => 393, CMD => Q_DEPLOY, CONTENT => db_s2.check_until_timeout select count(*) from oceanbase.__all_virtual_server_stat where role = 'PRIMARY' and pending_role = 'INVALID' and switchover_status = 'NORMAL', 1, 60;
[2026-10-03 04:56:44.819][INFO ] [DeployProcessor:93] - deploy => db_s2.check_until_timeout select count(*) from oceanbase.__all_virtual_server_stat where role = 'PRIMARY' and pending_role = 'INVALID' and switchover_status = 'NORMAL', 1, 60
[2026-10-03 04:56:44.819][INFO ] [Deploy         :287] - execute db_s2.check_until_timeout select count(*) from oceanbase.__all_virtual_server_stat where role = 'PRIMARY' and pending_role = 'INVALID' and switchover_status = 'NORMAL', 1, 60
[2026-10-03 04:56:44.819][INFO ] [Deploy         :287] - execute db_s2.select_one_value select count(*) from oceanbase.__all_virtual_server_stat where role = 'PRIMARY' and pending_role = 'INVALID' and switchover_status = 'NORMAL'
[2026-10-03 04:56:44.819][INFO ] [SQLProcessor   :2086] - execute sql => select count(*) from oceanbase.__all_virtual_server_stat where role = 'PRIMARY' and pending_role = 'INVALID' and switchover_status = 'NORMAL'
[2026-10-03 04:56:44.828][INFO ] [Deploy         :294] - execute db_s2.select_one_value select count(*) from oceanbase.__all_virtual_server_stat where role = 'PRIMARY' and pending_role = 'INVALID' and switchover_status = 'NORMAL' result => 1
[2026-10-03 04:56:44.828][INFO ] [OBI            :5345] - check success! use time = 0
[2026-10-03 04:56:44.828][INFO ] [Deploy         :294] - execute db_s2.check_until_timeout select count(*) from oceanbase.__all_virtual_server_stat where role = 'PRIMARY' and pending_role = 'INVALID' and switchover_status = 'NORMAL', 1, 60 result => true
[2026-10-03 04:56:44.828][INFO ] [Command        :353] - start[1790974604818] time[9] tag[Q_DEPLOY]
[2026-10-03 04:56:44.828][INFO ] [Command        :536] - > LINE => 395, CMD => Q_ENABLE_QUERY_LOG, CONTENT => --enable_query_log
[2026-10-03 04:56:44.828][INFO ] [Command        :353] - start[1790974604828] time[0] tag[Q_ENABLE_QUERY_LOG]
[2026-10-03 04:56:44.829][INFO ] [Command        :536] - > LINE => 396, CMD => Q_ENABLE_RESULT_LOG, CONTENT => --enable_result_log
[2026-10-03 04:56:44.829][INFO ] [Command        :353] - start[1790974604829] time[0] tag[Q_ENABLE_RESULT_LOG]
[2026-10-03 04:56:44.829][INFO ] [Command        :536] - > LINE => 399, CMD => Q_CONNECTION, CONTENT => connection conn_sys_s2
[2026-10-03 04:56:44.829][INFO ] [SQLProcessor   :1128] - use connection => conn_sys_s2 hashcode => 16503286
[2026-10-03 04:56:44.832][INFO ] [SQLProcessor   :1158] - connection => conn_sys_s2 is mysql mode. conn=com.mysql.cj.jdbc.ConnectionImpl@fbd1f6
[2026-10-03 04:56:44.832][INFO ] [Command        :353] - start[1790974604829] time[2] tag[Q_CONNECTION]
[2026-10-03 04:56:44.832][INFO ] [Command        :536] - > LINE => 400, CMD => Q_QUERY, CONTENT => insert into test_multi_standby values(10, 'after_failover', 1000);
[2026-10-03 04:56:44.838][INFO ] [Command        :353] - start[1790974604833] time[5] tag[Q_QUERY]
[2026-10-03 04:56:44.839][INFO ] [Command        :536] - > LINE => 402, CMD => Q_DISABLE_QUERY_LOG, CONTENT => --disable_query_log
[2026-10-03 04:56:44.839][INFO ] [Command        :353] - start[1790974604839] time[0] tag[Q_DISABLE_QUERY_LOG]
[2026-10-03 04:56:44.839][INFO ] [Command        :536] - > LINE => 403, CMD => Q_DISABLE_RESULT_LOG, CONTENT => --disable_result_log
[2026-10-03 04:56:44.840][INFO ] [Command        :353] - start[1790974604840] time[0] tag[Q_DISABLE_RESULT_LOG]
[2026-10-03 04:56:44.840][INFO ] [Command        :536] - > LINE => 406, CMD => Q_DEPLOY, CONTENT => db_s1.check_until_timeout select count(*) from oceanbase.__all_virtual_server_stat where role = 'STANDBY', 1, 30;
[2026-10-03 04:56:44.840][INFO ] [DeployProcessor:93] - deploy => db_s1.check_until_timeout select count(*) from oceanbase.__all_virtual_server_stat where role = 'STANDBY', 1, 30
[2026-10-03 04:56:44.840][INFO ] [Deploy         :287] - execute db_s1.check_until_timeout select count(*) from oceanbase.__all_virtual_server_stat where role = 'STANDBY', 1, 30
[2026-10-03 04:56:44.840][INFO ] [Deploy         :287] - execute db_s1.select_one_value select count(*) from oceanbase.__all_virtual_server_stat where role = 'STANDBY'
[2026-10-03 04:56:44.841][INFO ] [SQLProcessor   :2086] - execute sql => select count(*) from oceanbase.__all_virtual_server_stat where role = 'STANDBY'
[2026-10-03 04:56:44.855][INFO ] [Deploy         :294] - execute db_s1.select_one_value select count(*) from oceanbase.__all_virtual_server_stat where role = 'STANDBY' result => 1
[2026-10-03 04:56:44.855][INFO ] [OBI            :5345] - check success! use time = 0
[2026-10-03 04:56:44.855][INFO ] [Deploy         :294] - execute db_s1.check_until_timeout select count(*) from oceanbase.__all_virtual_server_stat where role = 'STANDBY', 1, 30 result => true
[2026-10-03 04:56:44.855][INFO ] [Command        :353] - start[1790974604840] time[15] tag[Q_DEPLOY]
[2026-10-03 04:56:44.856][INFO ] [Command        :536] - > LINE => 408, CMD => Q_ENABLE_QUERY_LOG, CONTENT => --enable_query_log
[2026-10-03 04:56:44.856][INFO ] [Command        :353] - start[1790974604856] time[0] tag[Q_ENABLE_QUERY_LOG]
[2026-10-03 04:56:44.856][INFO ] [Command        :536] - > LINE => 409, CMD => Q_ENABLE_RESULT_LOG, CONTENT => --enable_result_log
[2026-10-03 04:56:44.856][INFO ] [Command        :353] - start[1790974604856] time[0] tag[Q_ENABLE_RESULT_LOG]
[2026-10-03 04:56:44.856][INFO ] [Command        :536] - > LINE => 412, CMD => Q_CONNECTION, CONTENT => connection conn_sys_s2
[2026-10-03 04:56:44.856][INFO ] [SQLProcessor   :1128] - use connection => conn_sys_s2 hashcode => 16503286
[2026-10-03 04:56:44.858][INFO ] [SQLProcessor   :1158] - connection => conn_sys_s2 is mysql mode. conn=com.mysql.cj.jdbc.ConnectionImpl@fbd1f6
[2026-10-03 04:56:44.858][INFO ] [Command        :353] - start[1790974604856] time[1] tag[Q_CONNECTION]
[2026-10-03 04:56:44.859][INFO ] [Command        :536] - > LINE => 413, CMD => Q_QUERY, CONTENT => select count(*) from test_multi_standby;
[2026-10-03 04:56:44.864][INFO ] [Command        :353] - start[1790974604860] time[4] tag[Q_QUERY]
[2026-10-03 04:56:44.864][INFO ] [Command        :536] - > LINE => 417, CMD => Q_CONNECTION, CONTENT => connection conn_sys_s1
[2026-10-03 04:56:44.864][INFO ] [SQLProcessor   :1128] - use connection => conn_sys_s1 hashcode => 892555958
[2026-10-03 04:56:44.866][INFO ] [SQLProcessor   :1158] - connection => conn_sys_s1 is mysql mode. conn=com.mysql.cj.jdbc.ConnectionImpl@353352b6
[2026-10-03 04:56:44.866][INFO ] [Command        :353] - start[1790974604864] time[2] tag[Q_CONNECTION]
[2026-10-03 04:56:44.867][INFO ] [Command        :536] - > LINE => 418, CMD => Q_QUERY, CONTENT => select count(*) from test_multi_standby;
[2026-10-03 04:56:44.870][INFO ] [Command        :353] - start[1790974604867] time[3] tag[Q_QUERY]
[2026-10-03 04:56:44.870][INFO ] [Command        :536] - > LINE => 421, CMD => Q_ECHO, CONTENT => Case 5 completed: Failover with multiple standbys verified
[2026-10-03 04:56:44.871][INFO ] [Command        :353] - start[1790974604870] time[0] tag[Q_ECHO]
[2026-10-03 04:56:44.871][INFO ] [Command        :536] - > LINE => 426, CMD => Q_ECHO, CONTENT => ========== Test Summary ==========
[2026-10-03 04:56:44.871][INFO ] [Command        :353] - start[1790974604871] time[0] tag[Q_ECHO]
[2026-10-03 04:56:44.871][INFO ] [Command        :536] - > LINE => 427, CMD => Q_ECHO, CONTENT => All one primary multi standby test cases completed successfully:
[2026-10-03 04:56:44.872][INFO ] [Command        :353] - start[1790974604872] time[0] tag[Q_ECHO]
[2026-10-03 04:56:44.872][INFO ] [Command        :536] - > LINE => 428, CMD => Q_ECHO, CONTENT => 1. Parallel sync verification (db_p -> db_s1, db_p -> db_s2): PASSED
[2026-10-03 04:56:44.872][INFO ] [Command        :353] - start[1790974604872] time[0] tag[Q_ECHO]
[2026-10-03 04:56:44.872][INFO ] [Command        :536] - > LINE => 429, CMD => Q_ECHO, CONTENT => 2. Independent sync progress tracking: PASSED
[2026-10-03 04:56:44.873][INFO ] [Command        :353] - start[1790974604872] time[0] tag[Q_ECHO]
[2026-10-03 04:56:44.873][INFO ] [Command        :536] - > LINE => 430, CMD => Q_ECHO, CONTENT => 3. Switchover with multiple standbys: PASSED
[2026-10-03 04:56:44.873][INFO ] [Command        :353] - start[1790974604873] time[0] tag[Q_ECHO]
[2026-10-03 04:56:44.873][INFO ] [Command        :536] - > LINE => 431, CMD => Q_ECHO, CONTENT => 4. Roundtrip switchover with multiple standbys: PASSED
[2026-10-03 04:56:44.874][INFO ] [Command        :353] - start[1790974604873] time[0] tag[Q_ECHO]
[2026-10-03 04:56:44.874][INFO ] [Command        :536] - > LINE => 432, CMD => Q_ECHO, CONTENT => 5. Failover with multiple standbys: PASSED
[2026-10-03 04:56:44.874][INFO ] [Command        :353] - start[1790974604874] time[0] tag[Q_ECHO]
[2026-10-03 04:56:44.874][INFO ] [Command        :536] - > LINE => 433, CMD => Q_ECHO, CONTENT => One primary multi standby topology verified successfully
[2026-10-03 04:56:44.874][INFO ] [Command        :353] - start[1790974604874] time[0] tag[Q_ECHO]
[2026-10-03 04:56:44.881][INFO ] [TestCase       :832] - test success
[2026-10-03 04:56:44.881][INFO ] [MyTest         :151] - cost ts 140s exitcode 0
Shutdown hook ran!
