Run case stanby/standby_restart
[2026-10-03 04:56:45.383][INFO ] [MyTest         :78] - print args => [-use_ob_connector, true, -result_file, r/stanby/standby_restart.result, -test_file, t/stanby/standby_restart.test]
[-use_ob_connector, true, -result_file, r/stanby/standby_restart.result, -test_file, t/stanby/standby_restart.test]
[2026-10-03 04:56:45.385][INFO ] [MyTest         :81] - start case => t/stanby/standby_restart.test
[2026-10-03 04:56:45.391][INFO ] [MyTest         :84] - use data id => obtest_nijia.nj_6.12.232.130
[2026-10-03 04:56:45.491][INFO ] [TestCase       :107] - initilize deploy processor
[2026-10-03 04:56:45.502][INFO ] [DeployConfig   :590] - config port and dataid. port_base=>1124, obs_port=>1124, mysql_port=>1159, data_id=>obtest_nijia.nj_6.12.232.130_0, port_offset=>0
[2026-10-03 04:56:45.549][INFO ] [DeployConfig   :577] - config port and dataid. port_base=>42000, obs_port=>42000, mysql_port=>42035, data_id=>obtest_nijia.nj_6.12.232.130_042000
[2026-10-03 04:56:45.556][INFO ] [OfsProcessor   :53] - ofs_deployer: null/hap.py
[2026-10-03 04:56:45.557][INFO ] [OfsCreateTenantProcessor:32] - ofsshell: null/../../bin/ofsshell
[2026-10-03 04:56:45.557][INFO ] [TestCase       :761] - Read file => t/stanby/standby_restart.test
[2026-10-03 04:56:45.559][INFO ] [TestCase       :721] - Finish read case: file_lines => 305, lineNo => 141
[2026-10-03 04:56:45.575][INFO ] [Command        :536] - > LINE => 30, CMD => Q_DEPLOY, CONTENT => db_p=OBI(cluster=1,proxy_num=0,role=primary);
[2026-10-03 04:56:45.579][INFO ] [DeployProcessor:78] - OBI define => db_p=OBI(cluster=1,proxy_num=0,role=primary)
[2026-10-03 04:56:45.596][INFO ] [Deploy         :381] - execute db_p.z_num result => 1 result type => java.lang.Integer
[2026-10-03 04:56:45.669][INFO ] [Deploy         :464] - assign rpc port. observer=>db_p.z1.obs0, rpc_port=>42000
[2026-10-03 04:56:45.670][INFO ] [Deploy         :471] - assign mysql port. observer=>db_p.z1.obs0, mysql_port=>42035
[2026-10-03 04:56:45.670][INFO ] [Deploy         :478] - assign backup io rpc port. observer=>db_p.z1.obs0, obesi_port=>42070
[2026-10-03 04:56:45.677][INFO ] [OBLog          :99] - config.ob_version='.'
[2026-10-03 04:56:45.678][INFO ] [OBLog          :100] - config.oblog_version='default'
[2026-10-03 04:56:45.678][INFO ] [OBLog          :117] - set oblog version='.'
[2026-10-03 04:56:45.678][INFO ] [OBLog          :126] - set oblog work_dir=''
[2026-10-03 04:56:45.679][INFO ] [OBLog          :148] - oblog.is_obcdc_exist: false
[2026-10-03 04:56:45.679][INFO ] [OBLog          :149] - oblog.exec: oblog/oblog_tailf
[2026-10-03 04:56:45.679][INFO ] [OBLog          :150] - oblog.configFile: oblog/liboblog.conf
[2026-10-03 04:56:45.680][INFO ] [OBLog          :151] - oblog.dataFile: oblog/data.log
[2026-10-03 04:56:45.680][INFO ] [OBLog          :152] - oblog.envCon: LD_LIBRARY_PATH=oblog:$LD_LIBRARY_PATH
[2026-10-03 04:56:45.680][INFO ] [OBLog          :153] - oblog.startCmdHead: ulimit -c unlimited; LD_LIBRARY_PATH=oblog:$LD_LIBRARY_PATH oblog/oblog_tailf
[2026-10-03 04:56:45.680][INFO ] [OBLog          :154] - oblog.defaultStartCmd: ulimit -c unlimited; LD_LIBRARY_PATH=oblog:$LD_LIBRARY_PATH oblog/oblog_tailf  -f oblog/liboblog.conf -D oblog/data.log -H oblog/heartbeat.log -d
[2026-10-03 04:56:45.984][INFO ] [Deploy         :1128] - start observer version is lite mode: true
[2026-10-03 04:56:45.984][INFO ] [Command        :353] - start[1790974605576] time[408] tag[Q_DEPLOY]
[2026-10-03 04:56:45.986][INFO ] [Command        :536] - > LINE => 31, CMD => Q_DEPLOY, CONTENT => db_p.reboot;
[2026-10-03 04:56:45.987][INFO ] [DeployProcessor:93] - deploy => db_p.reboot
[2026-10-03 04:56:45.988][INFO ] [Deploy         :287] - execute db_p.reset
[2026-10-03 04:56:45.988][INFO ] [Deploy         :381] - execute db_p.lite_mode result => true result type => java.lang.Boolean
[2026-10-03 04:56:45.988][INFO ] [Deploy         :294] - execute db_p.reset result => true
[2026-10-03 04:56:45.988][INFO ] [Deploy         :287] - execute db_p.clean_asvr
[2026-10-03 04:56:45.989][INFO ] [Deploy         :294] - execute db_p.clean_asvr result => true
[2026-10-03 04:56:45.993][INFO ] [Deploy         :287] - execute db_p.z1.obs0.force_stop_asvr
[2026-10-03 04:56:45.994][INFO ] [Role           :1228] - pkill -9 -u nijia.nj -f '^/data/1/nijia.nj/test/namespace_standby_20261003_v1/work/db_p.asvr0/bin/observer' on 6.12.232.130
[2026-10-03 04:56:46.27][INFO ] [Role           :1230] - pkill asvr result is => 1
[2026-10-03 04:56:46.27][INFO ] [Deploy         :294] - execute db_p.z1.obs0.force_stop_asvr result => true
[2026-10-03 04:56:46.28][INFO ] [Deploy         :287] - execute db_p.z1.obs0.rmdir_asvr
[2026-10-03 04:56:46.28][INFO ] [Role           :1237] - try to remove asvr dir server  => db_p.z1.obs0
[2026-10-03 04:56:46.39][INFO ] [Role           :1264] - rm -fr /data/1/nijia.nj/test/namespace_standby_20261003_v1/work/db_p.asvr0 , on => 6.12.232.130 rc => 0 stdout => null
[2026-10-03 04:56:46.40][INFO ] [Deploy         :294] - execute db_p.z1.obs0.rmdir_asvr result => true
[2026-10-03 04:56:46.40][INFO ] [Deploy         :331] - execute db_p.z1.obs0.clean_asvr  result => true
[2026-10-03 04:56:46.40][INFO ] [Deploy         :362] - execute db_p.z1.clean_asvr  result => true [true]
[2026-10-03 04:56:46.41][INFO ] [Deploy         :362] - execute db_p.clean_asvr_everywhere result => true [true]
[2026-10-03 04:56:46.41][INFO ] [Deploy         :331] - execute db_p.clean_all_asvr result => true
[2026-10-03 04:56:46.41][INFO ] [Deploy         :287] - execute db_p.deploy_logservice
[2026-10-03 04:56:46.41][INFO ] [Deploy         :294] - execute db_p.deploy_logservice result => true
[2026-10-03 04:56:46.41][INFO ] [Deploy         :287] - execute db_p.bootstrap_logservice
[2026-10-03 04:56:46.42][INFO ] [Deploy         :294] - execute db_p.bootstrap_logservice result => true
[2026-10-03 04:56:46.42][INFO ] [Deploy         :331] - execute db_p.reboot_logservice result => true
[2026-10-03 04:56:46.44][INFO ] [Deploy         :287] - execute db_p.z1.check_local_bin
[2026-10-03 04:56:46.49][INFO ] [Deploy         :294] - execute db_p.z1.check_local_bin result => true
[2026-10-03 04:56:46.50][INFO ] [Deploy         :287] - execute db_p.z1.check_ssh
[2026-10-03 04:56:46.50][INFO ] [Deploy         :294] - execute db_p.z1.check_ssh result => true
[2026-10-03 04:56:46.54][INFO ] [Deploy         :287] - execute db_p.z1.obs0.check_dir 
[2026-10-03 04:56:46.63][INFO ] [Deploy         :294] - execute db_p.z1.obs0.check_dir  result => true
[2026-10-03 04:56:46.63][INFO ] [Deploy         :362] - execute db_p.z1.check_dir result => true [true]
[2026-10-03 04:56:46.64][INFO ] [Deploy         :287] - execute db_p.z1.obs0.force_stop 
[2026-10-03 04:56:46.79][INFO ] [Role           :1307] - pkill -9 -u nijia.nj -f '^/data/1/nijia.nj/test/namespace_standby_20261003_v1/work/db_p.z1.obs0/bin/observer|^/data/1/nijia.nj/test/namespace_standby_20261003_v1/work/db_p.z1.obs0/bin/obesi' on 6.12.232.130
[2026-10-03 04:56:46.99][INFO ] [Role           :1309] - pkill result is => 1
[2026-10-03 04:56:46.99][INFO ] [Role           :1142] - wait stop /data/1/nijia.nj/test/namespace_standby_20261003_v1/work/db_p.z1.obs0/bin/observer on 6.12.232.130
[2026-10-03 04:56:46.100][INFO ] [Role           :1190] - ps uxf | grep "/data/1/nijia.nj/test/namespace_standby_20261003_v1/work/db_p.z1.obs0/bin/observer" | grep -v grep
[2026-10-03 04:56:46.142][INFO ] [Role           :1154] - check port on 6.12.232.130
[2026-10-03 04:56:46.143][INFO ] [RemoteShell    :143] - netstat -lpnt 2>/dev/null | grep '0.0.0.0:42000 ' | awk -F ' ' '{print $7}'
[2026-10-03 04:56:46.186][INFO ] [RemoteShell    :143] - netstat -lpnt 2>/dev/null | grep '0.0.0.0:42035 ' | awk -F ' ' '{print $7}'
[2026-10-03 04:56:46.226][INFO ] [Role           :1164] - stop obs0 took 2 s
[2026-10-03 04:56:46.227][INFO ] [Deploy         :294] - execute db_p.z1.obs0.force_stop  result => true
[2026-10-03 04:56:46.227][INFO ] [Deploy         :362] - execute db_p.z1.force_stop result => true [true]
[2026-10-03 04:56:46.228][INFO ] [Deploy         :362] - execute db_p.z1.force_stop_logstore result => true []
[2026-10-03 04:56:46.229][INFO ] [Deploy         :331] - execute db_p.z1.force_stop_all result => true
[2026-10-03 04:56:46.230][INFO ] [Deploy         :287] - execute db_p.z1.obs0.rmdir 
[2026-10-03 04:56:46.230][INFO ] [Deploy         :381] - execute db_p.lite_mode result => true result type => java.lang.Boolean
[2026-10-03 04:56:46.231][INFO ] [Role           :1395] - rm -fr /data/1/nijia.nj/test/namespace_standby_20261003_v1/data/db_p.z1.obs0.nijia.nj/sstable /data/1/nijia.nj/test/namespace_standby_20261003_v1/clog/db_p.z1.obs0.nijia.nj/store /data/1/nijia.nj/test/namespace_standby_20261003_v1/clog/db_p.z1.obs0.nijia.nj/store/slog /data/1/nijia.nj/test/namespace_standby_20261003_v1/data/db_p.z1.obs0.nijia.nj/sort_dir , on => 6.12.232.130
[2026-10-03 04:56:46.237][INFO ] [Role           :1397] - rm -fr /data/1/nijia.nj/test/namespace_standby_20261003_v1/data/db_p.z1.obs0.nijia.nj/sstable /data/1/nijia.nj/test/namespace_standby_20261003_v1/clog/db_p.z1.obs0.nijia.nj/store /data/1/nijia.nj/test/namespace_standby_20261003_v1/clog/db_p.z1.obs0.nijia.nj/store/slog /data/1/nijia.nj/test/namespace_standby_20261003_v1/data/db_p.z1.obs0.nijia.nj/sort_dir , on => 6.12.232.130 rc => 0 stdout => null
[2026-10-03 04:56:46.251][INFO ] [Role           :1402] - rm -fr /data/1/nijia.nj/test/namespace_standby_20261003_v1/work/db_p.z1.obs0/log , on => 6.12.232.130 rc => 0 stdout => null
[2026-10-03 04:56:46.256][INFO ] [Role           :1407] - rm -fr /data/1/nijia.nj/test/namespace_standby_20261003_v1/work/db_p.z1.obs0/admin , on => 6.12.232.130 rc => 0 stdout => null
[2026-10-03 04:56:46.260][INFO ] [Role           :1412] - rm -fr /data/1/nijia.nj/test/namespace_standby_20261003_v1/work/db_p.z1.obs0/wallet , on => 6.12.232.130 rc => 0 stdout => null
[2026-10-03 04:56:46.275][INFO ] [Role           :1417] - rm -fr /data/1/nijia.nj/test/namespace_standby_20261003_v1/work/db_p.z1.obs0/etc/observer.c*nf*.bin* /data/1/nijia.nj/test/namespace_standby_20261003_v1/work/db_p.z1.obs0/etc/seekdb.c*nf*.bin* , on => 6.12.232.130 rc => 0 stdout => null
[2026-10-03 04:56:46.279][INFO ] [Role           :1423] - rm -fr /data/1/nijia.nj/test/namespace_standby_20261003_v1/work/db_p.z1.obs0/etc/observer.data_version.bin* /data/1/nijia.nj/test/namespace_standby_20261003_v1/work/db_p.z1.obs0/etc/seekdb.data_version.bin* , on => 6.12.232.130 rc => 0 stdout => null
[2026-10-03 04:56:46.283][INFO ] [Role           :1429] - rm -fr /data/1/nijia.nj/test/namespace_standby_20261003_v1/work/db_p.z1.obs0/etc2/observer.c*nf*.bin* , on => 6.12.232.130 rc => 0 stdout => null
[2026-10-03 04:56:46.286][INFO ] [Role           :1434] - rm -fr /data/1/nijia.nj/test/namespace_standby_20261003_v1/work/db_p.z1.obs0/etc3/observer.c*nf*.bin* , on => 6.12.232.130 rc => 0 stdout => null
[2026-10-03 04:56:46.290][INFO ] [Role           :1439] - rm -fr /data/1/nijia.nj/test/namespace_standby_20261003_v1/work/db_p.z1.obs0/run/observer.pid /data/1/nijia.nj/test/namespace_standby_20261003_v1/work/db_p.z1.obs0/run/seekdb.pid , on => 6.12.232.130 rc => 0 stdout => null
[2026-10-03 04:56:46.296][INFO ] [Role           :1444] - rm -fr /data/1/nijia.nj/test/namespace_standby_20261003_v1/work/db_p.z1.obs0/store/clog_shm , on => 6.12.232.130 rc => 0 stdout => null
[2026-10-03 04:56:46.301][INFO ] [Role           :1449] - rm -fr /data/1/nijia.nj/test/namespace_standby_20261003_v1/work/db_p.z1.obs0/store/ilog_shm , on => 6.12.232.130 rc => 0 stdout => null
[2026-10-03 04:56:46.305][INFO ] [Role           :1454] - rm -fr /data/1/nijia.nj/test/namespace_standby_20261003_v1/work/db_p.z1.obs0/store/manifest* , on => 6.12.232.130 rc => 0 stdout => null
[2026-10-03 04:56:46.323][INFO ] [Role           :1467] - rm -fr /data/1/nijia.nj/test/namespace_standby_20261003_v1/work/db_p.z1.obs0/core* , on => 6.12.232.130 rc => 0 stdout => null
[2026-10-03 04:56:46.336][INFO ] [Role           :1504] - rm -fr /data/1/nijia.nj/test/namespace_standby_20261003_v1/clog/db_p.z1.obs0.nijia.nj/ /data/1/nijia.nj/test/namespace_standby_20261003_v1/data/db_p.z1.obs0.nijia.nj/ , on => 6.12.232.130 rc => 0 stdout => null
[2026-10-03 04:56:46.667][INFO ] [Role           :1510] - rm -fr /data/1/nijia.nj/test/namespace_standby_20261003_v1/work/db_p.z1.obs0 , on => 6.12.232.130 rc => 0 stdout => null
[2026-10-03 04:56:46.673][INFO ] [Deploy         :294] - execute db_p.z1.obs0.rmdir  result => true
[2026-10-03 04:56:46.673][INFO ] [Deploy         :362] - execute db_p.z1.rmdir result => true [true]
[2026-10-03 04:56:46.673][INFO ] [Deploy         :331] - execute db_p.z1.cleanup result => true
[2026-10-03 04:56:46.674][INFO ] [Deploy         :362] - execute db_p.z1.cleanup_logstore result => true []
[2026-10-03 04:56:46.674][INFO ] [Deploy         :331] - execute db_p.z1.cleanup_all result => true
[2026-10-03 04:56:46.674][INFO ] [Deploy         :287] - execute db_p.z1.genconf
[2026-10-03 04:56:46.675][INFO ] [Deploy         :294] - execute db_p.z1.genconf result => true
[2026-10-03 04:56:46.675][INFO ] [Deploy         :287] - execute db_p.z1.obs0.mkdir 
[2026-10-03 04:56:46.676][INFO ] [Role           :1768] - mkdir -p /data/1/nijia.nj/test/namespace_standby_20261003_v1/work/db_p.z1.obs0/store/;mkdir -p /data/1/nijia.nj/test/namespace_standby_20261003_v1/clog/db_p.z1.obs0.nijia.nj/store/clog /data/1/nijia.nj/test/namespace_standby_20261003_v1/clog/db_p.z1.obs0.nijia.nj/store/ilog /data/1/nijia.nj/test/namespace_standby_20261003_v1/clog/db_p.z1.obs0.nijia.nj/store/slog /data/1/nijia.nj/test/namespace_standby_20261003_v1/data/db_p.z1.obs0.nijia.nj/sort_dir /data/1/nijia.nj/test/namespace_standby_20261003_v1/data/db_p.z1.obs0.nijia.nj/sstable;ln -sf /data/1/nijia.nj/test/namespace_standby_20261003_v1/data/db_p.z1.obs0.nijia.nj/sstable /data/1/nijia.nj/test/namespace_standby_20261003_v1/work/db_p.z1.obs0/store/;ln -sf /data/1/nijia.nj/test/namespace_standby_20261003_v1/clog/db_p.z1.obs0.nijia.nj/store/clog /data/1/nijia.nj/test/namespace_standby_20261003_v1/work/db_p.z1.obs0/store/;ln -sf /data/1/nijia.nj/test/namespace_standby_20261003_v1/clog/db_p.z1.obs0.nijia.nj/store/ilog /data/1/nijia.nj/test/namespace_standby_20261003_v1/work/db_p.z1.obs0/store/;ln -sf /data/1/nijia.nj/test/namespace_standby_20261003_v1/clog/db_p.z1.obs0.nijia.nj/store/slog /data/1/nijia.nj/test/namespace_standby_20261003_v1/work/db_p.z1.obs0/store/;ln -sf /data/1/nijia.nj/test/namespace_standby_20261003_v1/data/db_p.z1.obs0.nijia.nj/sort_dir /data/1/nijia.nj/test/namespace_standby_20261003_v1/work/db_p.z1.obs0/store/ on 6.12.232.130
[2026-10-03 04:56:46.702][INFO ] [Deploy         :294] - execute db_p.z1.obs0.mkdir  result => true
[2026-10-03 04:56:46.702][INFO ] [Deploy         :362] - execute db_p.z1.mkdir_obs result => true [true]
[2026-10-03 04:56:46.703][INFO ] [Deploy         :362] - execute db_p.z1.mkdir_logstore result => true []
[2026-10-03 04:56:46.703][INFO ] [Deploy         :331] - execute db_p.z1.mkdir result => true
[2026-10-03 04:56:46.704][INFO ] [Deploy         :287] - execute db_p.z1.obs0.rsync 
[2026-10-03 04:56:46.704][INFO ] [Role           :1648] - sync server finish, time = 0
[2026-10-03 04:56:46.705][INFO ] [Role           :1563] - rsync server => db_p.z1.obs0 version if specified => .
[2026-10-03 04:56:46.709][INFO ] [Role           :1635] - check disk dir ==> './admin' exist
[2026-10-03 04:56:46.715][WARN ] [Role           :1638] - check disk dir ==> './plugin_dir' not exist
[2026-10-03 04:56:46.720][INFO ] [Role           :1635] - check disk dir ==> './wallet' exist
[2026-10-03 04:56:46.720][INFO ] [Role           :1590] - transfer cmd to =>  rsync -WrptgoDRLv --timeout=600 bin etc lib  admin  wallet /data/1/nijia.nj/test/namespace_standby_20261003_v1/work/db_p.z1.obs0
[2026-10-03 04:56:55.487][INFO ] [Role           :1604] - rsync cmd =>  rsync -WrptgoDRLv --timeout=600 bin etc lib  admin  wallet /data/1/nijia.nj/test/namespace_standby_20261003_v1/work/db_p.z1.obs0
[2026-10-03 04:56:55.488][INFO ] [Deploy         :294] - execute db_p.z1.obs0.rsync  result => true
[2026-10-03 04:56:55.488][INFO ] [Deploy         :362] - execute db_p.z1.rsync_obs result => true [true]
[2026-10-03 04:56:55.489][INFO ] [Deploy         :362] - execute db_p.z1.rsync_logstore result => true []
[2026-10-03 04:56:55.490][INFO ] [Deploy         :331] - execute db_p.z1.rsync result => true
[2026-10-03 04:56:55.490][INFO ] [Deploy         :362] - execute db_p.z1.start_logstore result => true []
[2026-10-03 04:56:55.490][INFO ] [Deploy         :287] - execute db_p.z1.sleep 5
[2026-10-03 04:57:00.493][INFO ] [Deploy         :294] - execute db_p.z1.sleep 5 result => true
[2026-10-03 04:57:00.494][INFO ] [Deploy         :287] - execute db_p.z1.obs0.start 
[2026-10-03 04:57:00.495][INFO ] [Deploy         :381] - execute db_p.lite_mode result => true result type => java.lang.Boolean
[2026-10-03 04:57:00.496][INFO ] [Deploy         :381] - execute db_p.lite_mode result => true result type => java.lang.Boolean
6.12.232.130 is not a valid IPv6 address.
[2026-10-03 04:57:00.498][INFO ] [Role           :539] - cluster_id1
[2026-10-03 04:57:00.498][INFO ] [Deploy         :381] - execute db_p.z_num result => 1 result type => java.lang.Integer
[2026-10-03 04:57:00.498][INFO ] [Role           :552] - db_p have 1 ZONE
[2026-10-03 04:57:00.499][INFO ] [Role           :584] - ofs_list ofs_list='z1@' has_ofs_zone false
[2026-10-03 04:57:00.499][INFO ] [Role           :637] - ulimit -c unlimited -s 4096;cd /data/1/nijia.nj/test/namespace_standby_20261003_v1/work/db_p.z1.obs0;LD_LIBRARY_PATH=./lib:/usr/local/lib:/usr/lib:/usr/lib64:/usr/local/lib64:$LD_LIBRARY_PATH /data/1/nijia.nj/test/namespace_standby_20261003_v1/work/db_p.z1.obs0/bin/observer --port 42035 --data-dir /data/1/nijia.nj/test/namespace_standby_20261003_v1/work/db_p.z1.obs0/store --redo-dir /data/1/nijia.nj/test/namespace_standby_20261003_v1/work/db_p.z1.obs0/store/clog  --role=PRIMARY --parameter enable_rpc_service=true --parameter rpc_port=42000 --parameter datafile_size='2G' --parameter log_disk_size='2G' --parameter cpu_count=4 --parameter memory_limit='8G' on 6.12.232.130
[2026-10-03 04:57:00.567][INFO ] [Deploy         :294] - execute db_p.z1.obs0.start  result => true
[2026-10-03 04:57:00.568][INFO ] [Deploy         :362] - execute db_p.z1.start_obs result => true [true]
[2026-10-03 04:57:00.569][INFO ] [Deploy         :331] - execute db_p.z1.start result => true
[2026-10-03 04:57:00.569][INFO ] [Deploy         :287] - execute db_p.z1.sleep 8
[2026-10-03 04:57:08.570][INFO ] [Deploy         :294] - execute db_p.z1.sleep 8 result => true
[2026-10-03 04:57:08.571][INFO ] [Deploy         :331] - execute db_p.z1.reboot  result => true
[2026-10-03 04:57:08.572][INFO ] [Deploy         :362] - execute db_p.deploy result => true [true]
[2026-10-03 04:57:08.572][INFO ] [Deploy         :287] - execute db_p.sleep 5
[2026-10-03 04:57:13.573][INFO ] [Deploy         :294] - execute db_p.sleep 5 result => true
[2026-10-03 04:57:13.573][INFO ] [Deploy         :287] - execute db_p.bootstrap
[2026-10-03 04:57:13.573][INFO ] [Deploy         :381] - execute db_p.z_num result => 1 result type => java.lang.Integer
[2026-10-03 04:57:13.574][INFO ] [Deploy         :381] - execute db_p.zone_names result => [Ljava.lang.String;@215be6bb result type => [Ljava.lang.String;
[2026-10-03 04:57:13.574][INFO ] [Deploy         :381] - execute db_p.z1.obs_num result => 1 result type => java.lang.Integer
[2026-10-03 04:57:13.574][INFO ] [Deploy         :287] - execute db_p.z1.obs0.get status
[2026-10-03 04:57:13.574][WARN ] [Deploy         :298] - execute db_p.z1.obs0.get status result => null
[2026-10-03 04:57:13.575][INFO ] [Deploy         :381] - execute db_p.lite_mode result => true result type => java.lang.Boolean
[2026-10-03 04:57:13.575][INFO ] [Deploy         :294] - execute db_p.bootstrap result => true
[2026-10-03 04:57:13.575][INFO ] [Deploy         :287] - execute db_p.addserver
[2026-10-03 04:57:13.576][INFO ] [Deploy         :381] - execute db_p.z_num result => 1 result type => java.lang.Integer
[2026-10-03 04:57:13.576][INFO ] [Deploy         :381] - execute db_p.zone_names result => [Ljava.lang.String;@215be6bb result type => [Ljava.lang.String;
[2026-10-03 04:57:13.576][INFO ] [Deploy         :381] - execute db_p.z1.obs_num result => 1 result type => java.lang.Integer
[2026-10-03 04:57:13.576][INFO ] [Deploy         :294] - execute db_p.addserver result => true
[2026-10-03 04:57:13.576][INFO ] [Deploy         :287] - execute db_p.exec_init_sql
[2026-10-03 04:57:13.576][INFO ] [Deploy         :381] - execute db_p.lite_mode result => true result type => java.lang.Boolean
[2026-10-03 04:57:13.577][INFO ] [Deploy         :287] - execute db_p.z1.obs0.mysql_tenant_root create user 'admin' IDENTIFIED BY 'admin';use oceanbase;grant all on *.* to 'admin' WITH GRANT OPTION;create database if not exists test;
[2026-10-03 04:57:13.578][INFO ] [Role           :3182] - sql =>create user 'admin' IDENTIFIED BY 'admin';use oceanbase;grant all on *.* to 'admin' WITH GRANT OPTION;create database if not exists test;
 will be executed with connection[z1.obs0]root@sys:@6.12.232.130:42035
[2026-10-03 04:57:13.677][INFO ] [Deploy         :294] - execute db_p.z1.obs0.mysql_tenant_root create user 'admin' IDENTIFIED BY 'admin';use oceanbase;grant all on *.* to 'admin' WITH GRANT OPTION;create database if not exists test; result => true
[2026-10-03 04:57:13.678][INFO ] [Deploy         :381] - execute db_p.lite_mode result => true result type => java.lang.Boolean
[2026-10-03 04:57:13.678][INFO ] [Deploy         :381] - execute db_p.lite_mode result => true result type => java.lang.Boolean
[2026-10-03 04:57:13.679][INFO ] [Deploy         :287] - execute db_p.z1.obs0.mysql_tenant_root create user 'proxyro' IDENTIFIED BY '3u^0kCdpE';grant select on oceanbase.* to 'proxyro' WITH GRANT OPTION;
[2026-10-03 04:57:13.679][INFO ] [Role           :3182] - sql =>create user 'proxyro' IDENTIFIED BY '3u^0kCdpE';grant select on oceanbase.* to 'proxyro' WITH GRANT OPTION;
 will be executed with connection[z1.obs0]root@sys:@6.12.232.130:42035
[2026-10-03 04:57:13.733][INFO ] [Deploy         :294] - execute db_p.z1.obs0.mysql_tenant_root create user 'proxyro' IDENTIFIED BY '3u^0kCdpE';grant select on oceanbase.* to 'proxyro' WITH GRANT OPTION; result => true
[2026-10-03 04:57:13.733][INFO ] [Deploy         :287] - execute db_p.z1.obs0.mysql_tenant_root create user 'sysslaveuser' IDENTIFIED BY 'sysslaveuser';grant select on *.* to 'sysslaveuser' WITH GRANT OPTION;
[2026-10-03 04:57:13.734][INFO ] [Role           :3182] - sql =>create user 'sysslaveuser' IDENTIFIED BY 'sysslaveuser';grant select on *.* to 'sysslaveuser' WITH GRANT OPTION;
 will be executed with connection[z1.obs0]root@sys:@6.12.232.130:42035
[2026-10-03 04:57:13.790][INFO ] [Deploy         :294] - execute db_p.z1.obs0.mysql_tenant_root create user 'sysslaveuser' IDENTIFIED BY 'sysslaveuser';grant select on *.* to 'sysslaveuser' WITH GRANT OPTION; result => true
[2026-10-03 04:57:13.792][INFO ] [Deploy         :294] - execute db_p.exec_init_sql result => true
[2026-10-03 04:57:13.792][INFO ] [Deploy         :287] - execute db_p.register_proxy
[2026-10-03 04:57:13.792][INFO ] [Deploy         :294] - execute db_p.register_proxy result => true
[2026-10-03 04:57:13.792][INFO ] [Deploy         :287] - execute db_p.deploy_proxy
[2026-10-03 04:57:13.793][INFO ] [Deploy         :294] - execute db_p.deploy_proxy result => true
[2026-10-03 04:57:13.793][INFO ] [Deploy         :287] - execute db_p.sleep 5
[2026-10-03 04:57:18.793][INFO ] [Deploy         :294] - execute db_p.sleep 5 result => true
[2026-10-03 04:57:18.793][INFO ] [Deploy         :331] - execute db_p.reboot_proxy result => true
[2026-10-03 04:57:18.794][INFO ] [Deploy         :287] - execute db_p.deploy_asvr
[2026-10-03 04:57:18.794][INFO ] [Deploy         :294] - execute db_p.deploy_asvr result => true
[2026-10-03 04:57:18.794][INFO ] [Deploy         :287] - execute db_p.sleep 5
[2026-10-03 04:57:23.794][INFO ] [Deploy         :294] - execute db_p.sleep 5 result => true
[2026-10-03 04:57:23.795][INFO ] [Deploy         :331] - execute db_p.reboot_asvr result => true
[2026-10-03 04:57:23.795][INFO ] [Deploy         :287] - execute db_p.add_asvr
[2026-10-03 04:57:23.795][INFO ] [OBI            :1509] - There is no need to add asvr.
[2026-10-03 04:57:23.795][INFO ] [Deploy         :294] - execute db_p.add_asvr result => true
[2026-10-03 04:57:23.796][INFO ] [Deploy         :287] - execute db_p.prepare_agent
[2026-10-03 04:57:23.796][INFO ] [Deploy         :294] - execute db_p.prepare_agent result => true
[2026-10-03 04:57:23.796][INFO ] [Deploy         :331] - execute db_p.reboot result => true
[2026-10-03 04:57:23.796][INFO ] [Command        :353] - start[1790974605987] time[37809] tag[Q_DEPLOY]
[2026-10-03 04:57:23.797][INFO ] [Command        :536] - > LINE => 33, CMD => Q_DEPLOY, CONTENT => db_s=OBI(cluster=1,proxy_num=0,primary=db_p);
[2026-10-03 04:57:23.798][INFO ] [DeployProcessor:78] - OBI define => db_s=OBI(cluster=1,proxy_num=0,primary=db_p)
[2026-10-03 04:57:23.798][INFO ] [Deploy         :381] - execute db_s.z_num result => 1 result type => java.lang.Integer
[2026-10-03 04:57:23.799][INFO ] [Deploy         :464] - assign rpc port. observer=>db_s.z1.obs0, rpc_port=>42001
[2026-10-03 04:57:23.799][INFO ] [Deploy         :471] - assign mysql port. observer=>db_s.z1.obs0, mysql_port=>42036
[2026-10-03 04:57:23.799][INFO ] [Deploy         :478] - assign backup io rpc port. observer=>db_s.z1.obs0, obesi_port=>42071
[2026-10-03 04:57:23.800][INFO ] [OBLog          :99] - config.ob_version='.'
[2026-10-03 04:57:23.800][INFO ] [OBLog          :100] - config.oblog_version='default'
[2026-10-03 04:57:23.800][INFO ] [OBLog          :117] - set oblog version='.'
[2026-10-03 04:57:23.800][INFO ] [OBLog          :126] - set oblog work_dir=''
[2026-10-03 04:57:23.800][INFO ] [OBLog          :148] - oblog.is_obcdc_exist: false
[2026-10-03 04:57:23.800][INFO ] [OBLog          :149] - oblog.exec: oblog/oblog_tailf
[2026-10-03 04:57:23.800][INFO ] [OBLog          :150] - oblog.configFile: oblog/liboblog.conf
[2026-10-03 04:57:23.800][INFO ] [OBLog          :151] - oblog.dataFile: oblog/data.log
[2026-10-03 04:57:23.800][INFO ] [OBLog          :152] - oblog.envCon: LD_LIBRARY_PATH=oblog:$LD_LIBRARY_PATH
[2026-10-03 04:57:23.800][INFO ] [OBLog          :153] - oblog.startCmdHead: ulimit -c unlimited; LD_LIBRARY_PATH=oblog:$LD_LIBRARY_PATH oblog/oblog_tailf
[2026-10-03 04:57:23.801][INFO ] [OBLog          :154] - oblog.defaultStartCmd: ulimit -c unlimited; LD_LIBRARY_PATH=oblog:$LD_LIBRARY_PATH oblog/oblog_tailf  -f oblog/liboblog.conf -D oblog/data.log -H oblog/heartbeat.log -d
[2026-10-03 04:57:24.63][INFO ] [Deploy         :1128] - start observer version is lite mode: true
[2026-10-03 04:57:24.63][INFO ] [Command        :353] - start[1790974643797] time[266] tag[Q_DEPLOY]
[2026-10-03 04:57:24.64][INFO ] [Command        :536] - > LINE => 34, CMD => Q_DEPLOY, CONTENT => db_s.reboot;
[2026-10-03 04:57:24.65][INFO ] [DeployProcessor:93] - deploy => db_s.reboot
[2026-10-03 04:57:24.65][INFO ] [Deploy         :287] - execute db_s.reset
[2026-10-03 04:57:24.65][INFO ] [Deploy         :381] - execute db_s.lite_mode result => true result type => java.lang.Boolean
[2026-10-03 04:57:24.65][INFO ] [Deploy         :294] - execute db_s.reset result => true
[2026-10-03 04:57:24.66][INFO ] [Deploy         :287] - execute db_s.clean_asvr
[2026-10-03 04:57:24.66][INFO ] [Deploy         :294] - execute db_s.clean_asvr result => true
[2026-10-03 04:57:24.69][INFO ] [Deploy         :287] - execute db_s.z1.obs0.force_stop_asvr
[2026-10-03 04:57:24.69][INFO ] [Role           :1228] - pkill -9 -u nijia.nj -f '^/data/1/nijia.nj/test/namespace_standby_20261003_v1/work/db_s.asvr0/bin/observer' on 6.12.232.130
[2026-10-03 04:57:24.87][INFO ] [Role           :1230] - pkill asvr result is => 1
[2026-10-03 04:57:24.88][INFO ] [Deploy         :294] - execute db_s.z1.obs0.force_stop_asvr result => true
[2026-10-03 04:57:24.88][INFO ] [Deploy         :287] - execute db_s.z1.obs0.rmdir_asvr
[2026-10-03 04:57:24.88][INFO ] [Role           :1237] - try to remove asvr dir server  => db_s.z1.obs0
[2026-10-03 04:57:24.104][INFO ] [Role           :1264] - rm -fr /data/1/nijia.nj/test/namespace_standby_20261003_v1/work/db_s.asvr0 , on => 6.12.232.130 rc => 0 stdout => null
[2026-10-03 04:57:24.104][INFO ] [Deploy         :294] - execute db_s.z1.obs0.rmdir_asvr result => true
[2026-10-03 04:57:24.105][INFO ] [Deploy         :331] - execute db_s.z1.obs0.clean_asvr  result => true
[2026-10-03 04:57:24.105][INFO ] [Deploy         :362] - execute db_s.z1.clean_asvr  result => true [true]
[2026-10-03 04:57:24.106][INFO ] [Deploy         :362] - execute db_s.clean_asvr_everywhere result => true [true]
[2026-10-03 04:57:24.106][INFO ] [Deploy         :331] - execute db_s.clean_all_asvr result => true
[2026-10-03 04:57:24.106][INFO ] [Deploy         :287] - execute db_s.deploy_logservice
[2026-10-03 04:57:24.106][INFO ] [Deploy         :294] - execute db_s.deploy_logservice result => true
[2026-10-03 04:57:24.106][INFO ] [Deploy         :287] - execute db_s.bootstrap_logservice
[2026-10-03 04:57:24.106][INFO ] [Deploy         :294] - execute db_s.bootstrap_logservice result => true
[2026-10-03 04:57:24.107][INFO ] [Deploy         :331] - execute db_s.reboot_logservice result => true
[2026-10-03 04:57:24.107][INFO ] [Deploy         :287] - execute db_s.z1.check_local_bin
[2026-10-03 04:57:24.112][INFO ] [Deploy         :294] - execute db_s.z1.check_local_bin result => true
[2026-10-03 04:57:24.113][INFO ] [Deploy         :287] - execute db_s.z1.check_ssh
[2026-10-03 04:57:24.113][INFO ] [Deploy         :294] - execute db_s.z1.check_ssh result => true
[2026-10-03 04:57:24.113][INFO ] [Deploy         :287] - execute db_s.z1.obs0.check_dir 
[2026-10-03 04:57:24.120][INFO ] [Deploy         :294] - execute db_s.z1.obs0.check_dir  result => true
[2026-10-03 04:57:24.121][INFO ] [Deploy         :362] - execute db_s.z1.check_dir result => true [true]
[2026-10-03 04:57:24.121][INFO ] [Deploy         :287] - execute db_s.z1.obs0.force_stop 
[2026-10-03 04:57:24.122][INFO ] [Role           :1307] - pkill -9 -u nijia.nj -f '^/data/1/nijia.nj/test/namespace_standby_20261003_v1/work/db_s.z1.obs0/bin/observer|^/data/1/nijia.nj/test/namespace_standby_20261003_v1/work/db_s.z1.obs0/bin/obesi' on 6.12.232.130
[2026-10-03 04:57:24.138][INFO ] [Role           :1309] - pkill result is => 1
[2026-10-03 04:57:24.138][INFO ] [Role           :1142] - wait stop /data/1/nijia.nj/test/namespace_standby_20261003_v1/work/db_s.z1.obs0/bin/observer on 6.12.232.130
[2026-10-03 04:57:24.139][INFO ] [Role           :1190] - ps uxf | grep "/data/1/nijia.nj/test/namespace_standby_20261003_v1/work/db_s.z1.obs0/bin/observer" | grep -v grep
[2026-10-03 04:57:24.236][INFO ] [Role           :1154] - check port on 6.12.232.130
[2026-10-03 04:57:24.237][INFO ] [RemoteShell    :143] - netstat -lpnt 2>/dev/null | grep '0.0.0.0:42001 ' | awk -F ' ' '{print $7}'
[2026-10-03 04:57:24.296][INFO ] [RemoteShell    :143] - netstat -lpnt 2>/dev/null | grep '0.0.0.0:42036 ' | awk -F ' ' '{print $7}'
[2026-10-03 04:57:24.325][INFO ] [Role           :1164] - stop obs0 took 2 s
[2026-10-03 04:57:24.325][INFO ] [Deploy         :294] - execute db_s.z1.obs0.force_stop  result => true
[2026-10-03 04:57:24.325][INFO ] [Deploy         :362] - execute db_s.z1.force_stop result => true [true]
[2026-10-03 04:57:24.326][INFO ] [Deploy         :362] - execute db_s.z1.force_stop_logstore result => true []
[2026-10-03 04:57:24.326][INFO ] [Deploy         :331] - execute db_s.z1.force_stop_all result => true
[2026-10-03 04:57:24.327][INFO ] [Deploy         :287] - execute db_s.z1.obs0.rmdir 
[2026-10-03 04:57:24.327][INFO ] [Deploy         :381] - execute db_s.lite_mode result => true result type => java.lang.Boolean
[2026-10-03 04:57:24.331][INFO ] [Role           :1395] - rm -fr /data/1/nijia.nj/test/namespace_standby_20261003_v1/data/db_s.z1.obs0.nijia.nj/sstable /data/1/nijia.nj/test/namespace_standby_20261003_v1/clog/db_s.z1.obs0.nijia.nj/store /data/1/nijia.nj/test/namespace_standby_20261003_v1/clog/db_s.z1.obs0.nijia.nj/store/slog /data/1/nijia.nj/test/namespace_standby_20261003_v1/data/db_s.z1.obs0.nijia.nj/sort_dir , on => 6.12.232.130
[2026-10-03 04:57:24.343][INFO ] [Role           :1397] - rm -fr /data/1/nijia.nj/test/namespace_standby_20261003_v1/data/db_s.z1.obs0.nijia.nj/sstable /data/1/nijia.nj/test/namespace_standby_20261003_v1/clog/db_s.z1.obs0.nijia.nj/store /data/1/nijia.nj/test/namespace_standby_20261003_v1/clog/db_s.z1.obs0.nijia.nj/store/slog /data/1/nijia.nj/test/namespace_standby_20261003_v1/data/db_s.z1.obs0.nijia.nj/sort_dir , on => 6.12.232.130 rc => 0 stdout => null
[2026-10-03 04:57:24.359][INFO ] [Role           :1402] - rm -fr /data/1/nijia.nj/test/namespace_standby_20261003_v1/work/db_s.z1.obs0/log , on => 6.12.232.130 rc => 0 stdout => null
[2026-10-03 04:57:24.364][INFO ] [Role           :1407] - rm -fr /data/1/nijia.nj/test/namespace_standby_20261003_v1/work/db_s.z1.obs0/admin , on => 6.12.232.130 rc => 0 stdout => null
[2026-10-03 04:57:24.369][INFO ] [Role           :1412] - rm -fr /data/1/nijia.nj/test/namespace_standby_20261003_v1/work/db_s.z1.obs0/wallet , on => 6.12.232.130 rc => 0 stdout => null
[2026-10-03 04:57:24.373][INFO ] [Role           :1417] - rm -fr /data/1/nijia.nj/test/namespace_standby_20261003_v1/work/db_s.z1.obs0/etc/observer.c*nf*.bin* /data/1/nijia.nj/test/namespace_standby_20261003_v1/work/db_s.z1.obs0/etc/seekdb.c*nf*.bin* , on => 6.12.232.130 rc => 0 stdout => null
[2026-10-03 04:57:24.377][INFO ] [Role           :1423] - rm -fr /data/1/nijia.nj/test/namespace_standby_20261003_v1/work/db_s.z1.obs0/etc/observer.data_version.bin* /data/1/nijia.nj/test/namespace_standby_20261003_v1/work/db_s.z1.obs0/etc/seekdb.data_version.bin* , on => 6.12.232.130 rc => 0 stdout => null
[2026-10-03 04:57:24.382][INFO ] [Role           :1429] - rm -fr /data/1/nijia.nj/test/namespace_standby_20261003_v1/work/db_s.z1.obs0/etc2/observer.c*nf*.bin* , on => 6.12.232.130 rc => 0 stdout => null
[2026-10-03 04:57:24.387][INFO ] [Role           :1434] - rm -fr /data/1/nijia.nj/test/namespace_standby_20261003_v1/work/db_s.z1.obs0/etc3/observer.c*nf*.bin* , on => 6.12.232.130 rc => 0 stdout => null
[2026-10-03 04:57:24.392][INFO ] [Role           :1439] - rm -fr /data/1/nijia.nj/test/namespace_standby_20261003_v1/work/db_s.z1.obs0/run/observer.pid /data/1/nijia.nj/test/namespace_standby_20261003_v1/work/db_s.z1.obs0/run/seekdb.pid , on => 6.12.232.130 rc => 0 stdout => null
[2026-10-03 04:57:24.396][INFO ] [Role           :1444] - rm -fr /data/1/nijia.nj/test/namespace_standby_20261003_v1/work/db_s.z1.obs0/store/clog_shm , on => 6.12.232.130 rc => 0 stdout => null
[2026-10-03 04:57:24.400][INFO ] [Role           :1449] - rm -fr /data/1/nijia.nj/test/namespace_standby_20261003_v1/work/db_s.z1.obs0/store/ilog_shm , on => 6.12.232.130 rc => 0 stdout => null
[2026-10-03 04:57:24.404][INFO ] [Role           :1454] - rm -fr /data/1/nijia.nj/test/namespace_standby_20261003_v1/work/db_s.z1.obs0/store/manifest* , on => 6.12.232.130 rc => 0 stdout => null
[2026-10-03 04:57:24.413][INFO ] [Role           :1467] - rm -fr /data/1/nijia.nj/test/namespace_standby_20261003_v1/work/db_s.z1.obs0/core* , on => 6.12.232.130 rc => 0 stdout => null
[2026-10-03 04:57:24.418][INFO ] [Role           :1504] - rm -fr /data/1/nijia.nj/test/namespace_standby_20261003_v1/clog/db_s.z1.obs0.nijia.nj/ /data/1/nijia.nj/test/namespace_standby_20261003_v1/data/db_s.z1.obs0.nijia.nj/ , on => 6.12.232.130 rc => 0 stdout => null
[2026-10-03 04:57:24.671][INFO ] [Role           :1510] - rm -fr /data/1/nijia.nj/test/namespace_standby_20261003_v1/work/db_s.z1.obs0 , on => 6.12.232.130 rc => 0 stdout => null
[2026-10-03 04:57:24.676][INFO ] [Deploy         :294] - execute db_s.z1.obs0.rmdir  result => true
[2026-10-03 04:57:24.676][INFO ] [Deploy         :362] - execute db_s.z1.rmdir result => true [true]
[2026-10-03 04:57:24.676][INFO ] [Deploy         :331] - execute db_s.z1.cleanup result => true
[2026-10-03 04:57:24.676][INFO ] [Deploy         :362] - execute db_s.z1.cleanup_logstore result => true []
[2026-10-03 04:57:24.677][INFO ] [Deploy         :331] - execute db_s.z1.cleanup_all result => true
[2026-10-03 04:57:24.677][INFO ] [Deploy         :287] - execute db_s.z1.genconf
[2026-10-03 04:57:24.677][INFO ] [Deploy         :294] - execute db_s.z1.genconf result => true
[2026-10-03 04:57:24.677][INFO ] [Deploy         :287] - execute db_s.z1.obs0.mkdir 
[2026-10-03 04:57:24.678][INFO ] [Role           :1768] - mkdir -p /data/1/nijia.nj/test/namespace_standby_20261003_v1/work/db_s.z1.obs0/store/;mkdir -p /data/1/nijia.nj/test/namespace_standby_20261003_v1/clog/db_s.z1.obs0.nijia.nj/store/clog /data/1/nijia.nj/test/namespace_standby_20261003_v1/clog/db_s.z1.obs0.nijia.nj/store/ilog /data/1/nijia.nj/test/namespace_standby_20261003_v1/clog/db_s.z1.obs0.nijia.nj/store/slog /data/1/nijia.nj/test/namespace_standby_20261003_v1/data/db_s.z1.obs0.nijia.nj/sort_dir /data/1/nijia.nj/test/namespace_standby_20261003_v1/data/db_s.z1.obs0.nijia.nj/sstable;ln -sf /data/1/nijia.nj/test/namespace_standby_20261003_v1/data/db_s.z1.obs0.nijia.nj/sstable /data/1/nijia.nj/test/namespace_standby_20261003_v1/work/db_s.z1.obs0/store/;ln -sf /data/1/nijia.nj/test/namespace_standby_20261003_v1/clog/db_s.z1.obs0.nijia.nj/store/clog /data/1/nijia.nj/test/namespace_standby_20261003_v1/work/db_s.z1.obs0/store/;ln -sf /data/1/nijia.nj/test/namespace_standby_20261003_v1/clog/db_s.z1.obs0.nijia.nj/store/ilog /data/1/nijia.nj/test/namespace_standby_20261003_v1/work/db_s.z1.obs0/store/;ln -sf /data/1/nijia.nj/test/namespace_standby_20261003_v1/clog/db_s.z1.obs0.nijia.nj/store/slog /data/1/nijia.nj/test/namespace_standby_20261003_v1/work/db_s.z1.obs0/store/;ln -sf /data/1/nijia.nj/test/namespace_standby_20261003_v1/data/db_s.z1.obs0.nijia.nj/sort_dir /data/1/nijia.nj/test/namespace_standby_20261003_v1/work/db_s.z1.obs0/store/ on 6.12.232.130
[2026-10-03 04:57:24.699][INFO ] [Deploy         :294] - execute db_s.z1.obs0.mkdir  result => true
[2026-10-03 04:57:24.700][INFO ] [Deploy         :362] - execute db_s.z1.mkdir_obs result => true [true]
[2026-10-03 04:57:24.701][INFO ] [Deploy         :362] - execute db_s.z1.mkdir_logstore result => true []
[2026-10-03 04:57:24.701][INFO ] [Deploy         :331] - execute db_s.z1.mkdir result => true
[2026-10-03 04:57:24.702][INFO ] [Deploy         :287] - execute db_s.z1.obs0.rsync 
[2026-10-03 04:57:24.702][INFO ] [Role           :1648] - sync server finish, time = 0
[2026-10-03 04:57:24.702][INFO ] [Role           :1563] - rsync server => db_s.z1.obs0 version if specified => .
[2026-10-03 04:57:24.708][INFO ] [Role           :1635] - check disk dir ==> './admin' exist
[2026-10-03 04:57:24.712][WARN ] [Role           :1638] - check disk dir ==> './plugin_dir' not exist
[2026-10-03 04:57:24.718][INFO ] [Role           :1635] - check disk dir ==> './wallet' exist
[2026-10-03 04:57:24.718][INFO ] [Role           :1590] - transfer cmd to =>  rsync -WrptgoDRLv --timeout=600 bin etc lib  admin  wallet /data/1/nijia.nj/test/namespace_standby_20261003_v1/work/db_s.z1.obs0
[2026-10-03 04:57:30.799][INFO ] [Role           :1604] - rsync cmd =>  rsync -WrptgoDRLv --timeout=600 bin etc lib  admin  wallet /data/1/nijia.nj/test/namespace_standby_20261003_v1/work/db_s.z1.obs0
[2026-10-03 04:57:30.800][INFO ] [Deploy         :294] - execute db_s.z1.obs0.rsync  result => true
[2026-10-03 04:57:30.800][INFO ] [Deploy         :362] - execute db_s.z1.rsync_obs result => true [true]
[2026-10-03 04:57:30.800][INFO ] [Deploy         :362] - execute db_s.z1.rsync_logstore result => true []
[2026-10-03 04:57:30.800][INFO ] [Deploy         :331] - execute db_s.z1.rsync result => true
[2026-10-03 04:57:30.801][INFO ] [Deploy         :362] - execute db_s.z1.start_logstore result => true []
[2026-10-03 04:57:30.801][INFO ] [Deploy         :287] - execute db_s.z1.sleep 5
[2026-10-03 04:57:35.801][INFO ] [Deploy         :294] - execute db_s.z1.sleep 5 result => true
[2026-10-03 04:57:35.802][INFO ] [Deploy         :287] - execute db_s.z1.obs0.start 
[2026-10-03 04:57:35.802][INFO ] [Deploy         :381] - execute db_s.lite_mode result => true result type => java.lang.Boolean
[2026-10-03 04:57:35.803][INFO ] [Deploy         :381] - execute db_s.lite_mode result => true result type => java.lang.Boolean
6.12.232.130 is not a valid IPv6 address.
[2026-10-03 04:57:35.804][INFO ] [Role           :539] - cluster_id1
[2026-10-03 04:57:35.804][INFO ] [Deploy         :381] - execute db_s.z_num result => 1 result type => java.lang.Integer
[2026-10-03 04:57:35.804][INFO ] [Role           :552] - db_s have 1 ZONE
[2026-10-03 04:57:35.804][INFO ] [Role           :584] - ofs_list ofs_list='z1@' has_ofs_zone false
[2026-10-03 04:57:35.805][INFO ] [Role           :637] - ulimit -c unlimited -s 4096;cd /data/1/nijia.nj/test/namespace_standby_20261003_v1/work/db_s.z1.obs0;LD_LIBRARY_PATH=./lib:/usr/local/lib:/usr/lib:/usr/lib64:/usr/local/lib64:$LD_LIBRARY_PATH /data/1/nijia.nj/test/namespace_standby_20261003_v1/work/db_s.z1.obs0/bin/observer --port 42036 --data-dir /data/1/nijia.nj/test/namespace_standby_20261003_v1/work/db_s.z1.obs0/store --redo-dir /data/1/nijia.nj/test/namespace_standby_20261003_v1/work/db_s.z1.obs0/store/clog  --role=STANDBY --parameter log_restore_source=6.12.232.130:42000 --parameter enable_rpc_service=true --parameter rpc_port=42001 --parameter datafile_size='2G' --parameter log_disk_size='2G' --parameter cpu_count=4 --parameter memory_limit='8G' on 6.12.232.130
[2026-10-03 04:57:35.862][INFO ] [Deploy         :294] - execute db_s.z1.obs0.start  result => true
[2026-10-03 04:57:35.863][INFO ] [Deploy         :362] - execute db_s.z1.start_obs result => true [true]
[2026-10-03 04:57:35.864][INFO ] [Deploy         :331] - execute db_s.z1.start result => true
[2026-10-03 04:57:35.864][INFO ] [Deploy         :287] - execute db_s.z1.sleep 8
[2026-10-03 04:57:43.864][INFO ] [Deploy         :294] - execute db_s.z1.sleep 8 result => true
[2026-10-03 04:57:43.864][INFO ] [Deploy         :331] - execute db_s.z1.reboot  result => true
[2026-10-03 04:57:43.864][INFO ] [Deploy         :362] - execute db_s.deploy result => true [true]
[2026-10-03 04:57:43.865][INFO ] [Deploy         :287] - execute db_s.sleep 5
[2026-10-03 04:57:48.865][INFO ] [Deploy         :294] - execute db_s.sleep 5 result => true
[2026-10-03 04:57:48.866][INFO ] [Deploy         :287] - execute db_s.bootstrap
[2026-10-03 04:57:48.866][INFO ] [Deploy         :381] - execute db_s.z_num result => 1 result type => java.lang.Integer
[2026-10-03 04:57:48.866][INFO ] [Deploy         :381] - execute db_s.zone_names result => [Ljava.lang.String;@3bfdc050 result type => [Ljava.lang.String;
[2026-10-03 04:57:48.866][INFO ] [Deploy         :381] - execute db_s.z1.obs_num result => 1 result type => java.lang.Integer
[2026-10-03 04:57:48.866][INFO ] [Deploy         :287] - execute db_s.z1.obs0.get status
[2026-10-03 04:57:48.867][WARN ] [Deploy         :298] - execute db_s.z1.obs0.get status result => null
[2026-10-03 04:57:48.867][INFO ] [Deploy         :381] - execute db_s.lite_mode result => true result type => java.lang.Boolean
[2026-10-03 04:57:48.867][INFO ] [Deploy         :294] - execute db_s.bootstrap result => true
[2026-10-03 04:57:48.867][INFO ] [Deploy         :287] - execute db_s.addserver
[2026-10-03 04:57:48.867][INFO ] [Deploy         :381] - execute db_s.z_num result => 1 result type => java.lang.Integer
[2026-10-03 04:57:48.867][INFO ] [Deploy         :381] - execute db_s.zone_names result => [Ljava.lang.String;@3bfdc050 result type => [Ljava.lang.String;
[2026-10-03 04:57:48.867][INFO ] [Deploy         :381] - execute db_s.z1.obs_num result => 1 result type => java.lang.Integer
[2026-10-03 04:57:48.867][INFO ] [Deploy         :294] - execute db_s.addserver result => true
[2026-10-03 04:57:48.867][INFO ] [Deploy         :287] - execute db_s.exec_init_sql
[2026-10-03 04:57:48.867][INFO ] [Deploy         :381] - execute db_s.lite_mode result => true result type => java.lang.Boolean
[2026-10-03 04:57:48.867][INFO ] [Deploy         :294] - execute db_s.exec_init_sql result => true
[2026-10-03 04:57:48.868][INFO ] [Deploy         :287] - execute db_s.register_proxy
[2026-10-03 04:57:48.868][INFO ] [Deploy         :294] - execute db_s.register_proxy result => true
[2026-10-03 04:57:48.868][INFO ] [Deploy         :287] - execute db_s.deploy_proxy
[2026-10-03 04:57:48.868][INFO ] [Deploy         :294] - execute db_s.deploy_proxy result => true
[2026-10-03 04:57:48.868][INFO ] [Deploy         :287] - execute db_s.sleep 5
[2026-10-03 04:57:53.871][INFO ] [Deploy         :294] - execute db_s.sleep 5 result => true
[2026-10-03 04:57:53.872][INFO ] [Deploy         :331] - execute db_s.reboot_proxy result => true
[2026-10-03 04:57:53.872][INFO ] [Deploy         :287] - execute db_s.deploy_asvr
[2026-10-03 04:57:53.872][INFO ] [Deploy         :294] - execute db_s.deploy_asvr result => true
[2026-10-03 04:57:53.872][INFO ] [Deploy         :287] - execute db_s.sleep 5
[2026-10-03 04:57:58.872][INFO ] [Deploy         :294] - execute db_s.sleep 5 result => true
[2026-10-03 04:57:58.873][INFO ] [Deploy         :331] - execute db_s.reboot_asvr result => true
[2026-10-03 04:57:58.873][INFO ] [Deploy         :287] - execute db_s.add_asvr
[2026-10-03 04:57:58.873][INFO ] [OBI            :1509] - There is no need to add asvr.
[2026-10-03 04:57:58.873][INFO ] [Deploy         :294] - execute db_s.add_asvr result => true
[2026-10-03 04:57:58.873][INFO ] [Deploy         :287] - execute db_s.prepare_agent
[2026-10-03 04:57:58.873][INFO ] [Deploy         :294] - execute db_s.prepare_agent result => true
[2026-10-03 04:57:58.873][INFO ] [Deploy         :331] - execute db_s.reboot result => true
[2026-10-03 04:57:58.873][INFO ] [Command        :353] - start[1790974644064] time[34808] tag[Q_DEPLOY]
[2026-10-03 04:57:58.874][INFO ] [Command        :536] - > LINE => 37, CMD => Q_SLEEP, CONTENT => 5
[2026-10-03 04:58:03.875][INFO ] [Command        :353] - start[1790974678874] time[5001] tag[Q_SLEEP]
[2026-10-03 04:58:03.875][INFO ] [Command        :536] - > LINE => 42, CMD => Q_ECHO, CONTENT => ========== Initialization ==========
[2026-10-03 04:58:03.876][INFO ] [Command        :353] - start[1790974683876] time[0] tag[Q_ECHO]
[2026-10-03 04:58:03.876][INFO ] [Command        :536] - > LINE => 44, CMD => Q_DISABLE_QUERY_LOG, CONTENT => --disable_query_log
[2026-10-03 04:58:03.877][INFO ] [Command        :353] - start[1790974683876] time[0] tag[Q_DISABLE_QUERY_LOG]
[2026-10-03 04:58:03.877][INFO ] [Command        :536] - > LINE => 45, CMD => Q_DISABLE_RESULT_LOG, CONTENT => --disable_result_log
[2026-10-03 04:58:03.877][INFO ] [Command        :353] - start[1790974683877] time[0] tag[Q_DISABLE_RESULT_LOG]
[2026-10-03 04:58:03.877][INFO ] [Command        :536] - > LINE => 48, CMD => Q_DEPLOY, CONTENT => db_p.check_until_timeout select count(*) from oceanbase.__all_virtual_server_stat where role = 'PRIMARY', 1, 30;
[2026-10-03 04:58:03.878][INFO ] [DeployProcessor:93] - deploy => db_p.check_until_timeout select count(*) from oceanbase.__all_virtual_server_stat where role = 'PRIMARY', 1, 30
[2026-10-03 04:58:03.878][INFO ] [Deploy         :287] - execute db_p.check_until_timeout select count(*) from oceanbase.__all_virtual_server_stat where role = 'PRIMARY', 1, 30
[2026-10-03 04:58:03.878][INFO ] [Deploy         :287] - execute db_p.select_one_value select count(*) from oceanbase.__all_virtual_server_stat where role = 'PRIMARY'
Loading class `com.mysql.jdbc.Driver'. This is deprecated. The new driver class is `com.mysql.cj.jdbc.Driver'. The driver is automatically registered via the SPI and manual loading of the driver class is generally unnecessary.
[2026-10-03 04:58:03.989][INFO ] [SQLProcessor   :2086] - execute sql => select count(*) from oceanbase.__all_virtual_server_stat where role = 'PRIMARY'
[2026-10-03 04:58:04.515][INFO ] [Deploy         :294] - execute db_p.select_one_value select count(*) from oceanbase.__all_virtual_server_stat where role = 'PRIMARY' result => 1
[2026-10-03 04:58:04.516][INFO ] [OBI            :5345] - check success! use time = 0
[2026-10-03 04:58:04.516][INFO ] [Deploy         :294] - execute db_p.check_until_timeout select count(*) from oceanbase.__all_virtual_server_stat where role = 'PRIMARY', 1, 30 result => true
[2026-10-03 04:58:04.516][INFO ] [Command        :353] - start[1790974683878] time[638] tag[Q_DEPLOY]
[2026-10-03 04:58:04.517][INFO ] [Command        :536] - > LINE => 51, CMD => Q_DEPLOY, CONTENT => db_s.check_until_timeout select count(*) from oceanbase.__all_virtual_server_stat where role = 'STANDBY', 1, 30;
[2026-10-03 04:58:04.518][INFO ] [DeployProcessor:93] - deploy => db_s.check_until_timeout select count(*) from oceanbase.__all_virtual_server_stat where role = 'STANDBY', 1, 30
[2026-10-03 04:58:04.518][INFO ] [Deploy         :287] - execute db_s.check_until_timeout select count(*) from oceanbase.__all_virtual_server_stat where role = 'STANDBY', 1, 30
[2026-10-03 04:58:04.519][INFO ] [Deploy         :287] - execute db_s.select_one_value select count(*) from oceanbase.__all_virtual_server_stat where role = 'STANDBY'
[2026-10-03 04:58:04.520][INFO ] [SQLProcessor   :2086] - execute sql => select count(*) from oceanbase.__all_virtual_server_stat where role = 'STANDBY'
[2026-10-03 04:58:04.558][INFO ] [Deploy         :294] - execute db_s.select_one_value select count(*) from oceanbase.__all_virtual_server_stat where role = 'STANDBY' result => 1
[2026-10-03 04:58:04.559][INFO ] [OBI            :5345] - check success! use time = 0
[2026-10-03 04:58:04.559][INFO ] [Deploy         :294] - execute db_s.check_until_timeout select count(*) from oceanbase.__all_virtual_server_stat where role = 'STANDBY', 1, 30 result => true
[2026-10-03 04:58:04.559][INFO ] [Command        :353] - start[1790974684517] time[41] tag[Q_DEPLOY]
[2026-10-03 04:58:04.559][INFO ] [Command        :536] - > LINE => 53, CMD => Q_ENABLE_QUERY_LOG, CONTENT => --enable_query_log
[2026-10-03 04:58:04.560][INFO ] [Command        :353] - start[1790974684560] time[0] tag[Q_ENABLE_QUERY_LOG]
[2026-10-03 04:58:04.560][INFO ] [Command        :536] - > LINE => 54, CMD => Q_ENABLE_RESULT_LOG, CONTENT => --enable_result_log
[2026-10-03 04:58:04.560][INFO ] [Command        :353] - start[1790974684560] time[0] tag[Q_ENABLE_RESULT_LOG]
[2026-10-03 04:58:04.560][INFO ] [Command        :536] - > LINE => 56, CMD => Q_ECHO, CONTENT => Initialization completed
[2026-10-03 04:58:04.561][INFO ] [Command        :353] - start[1790974684561] time[0] tag[Q_ECHO]
[2026-10-03 04:58:04.561][INFO ] [Command        :536] - > LINE => 61, CMD => Q_ECHO, CONTENT => ========== Step 1: Write initial data on primary ==========
[2026-10-03 04:58:04.562][INFO ] [Command        :353] - start[1790974684561] time[0] tag[Q_ECHO]
[2026-10-03 04:58:04.562][INFO ] [Command        :536] - > LINE => 63, CMD => Q_DISABLE_QUERY_LOG, CONTENT => --disable_query_log
[2026-10-03 04:58:04.562][INFO ] [Command        :353] - start[1790974684562] time[0] tag[Q_DISABLE_QUERY_LOG]
[2026-10-03 04:58:04.563][INFO ] [Command        :536] - > LINE => 64, CMD => Q_DISABLE_RESULT_LOG, CONTENT => --disable_result_log
[2026-10-03 04:58:04.563][INFO ] [Command        :353] - start[1790974684563] time[0] tag[Q_DISABLE_RESULT_LOG]
[2026-10-03 04:58:04.563][INFO ] [Command        :536] - > LINE => 65, CMD => Q_CONNECT, CONTENT => ob_connect(conn_sys_p, db_p.z1.obs0, root@sys, , oceanbase, , USE_MYSQL_CONNECTOR)
[2026-10-03 04:58:04.566][INFO ] [SQLProcessor   :1505] - conn_sys_p create a physical connection  using jdbc:mysql://6.12.232.130:42035/oceanbase?useAffectedRows=true&emulateUnsupportedPstmts=false&characterEncoding=utf8&useServerPrepStmts=true&prepStmtCacheSqlLimit=1000&enableQueryTimeouts=false&useLocalSessionState=false&useLocalTransactionState=false&rewriteBatchedStatements=true&allowMultiQueries=true&socketTimeout=1800000 user/pwd is root@sys/
[2026-10-03 04:58:04.584][INFO ] [SQLProcessor   :1519] - connection => conn_sys_p is mysql mode.
[2026-10-03 04:58:04.585][INFO ] [SQLProcessor   :1522] - put conn: dataid=conn_sys_p currentConn=com.mysql.cj.jdbc.ConnectionImpl@6b81ce95 hashcode => 1803669141
[2026-10-03 04:58:04.585][INFO ] [Command        :353] - start[1790974684563] time[21] tag[Q_CONNECT]
[2026-10-03 04:58:04.585][INFO ] [Command        :536] - > LINE => 66, CMD => Q_CONNECTION, CONTENT => connection conn_sys_p
[2026-10-03 04:58:04.586][INFO ] [SQLProcessor   :1128] - use connection => conn_sys_p hashcode => 1803669141
[2026-10-03 04:58:04.595][INFO ] [SQLProcessor   :1158] - connection => conn_sys_p is mysql mode. conn=com.mysql.cj.jdbc.ConnectionImpl@6b81ce95
[2026-10-03 04:58:04.596][INFO ] [Command        :353] - start[1790974684585] time[10] tag[Q_CONNECTION]
[2026-10-03 04:58:04.596][INFO ] [Command        :536] - > LINE => 67, CMD => Q_ENABLE_QUERY_LOG, CONTENT => --enable_query_log
[2026-10-03 04:58:04.597][INFO ] [Command        :353] - start[1790974684597] time[0] tag[Q_ENABLE_QUERY_LOG]
[2026-10-03 04:58:04.598][INFO ] [Command        :536] - > LINE => 68, CMD => Q_ENABLE_RESULT_LOG, CONTENT => --enable_result_log
[2026-10-03 04:58:04.598][INFO ] [Command        :353] - start[1790974684598] time[0] tag[Q_ENABLE_RESULT_LOG]
[2026-10-03 04:58:04.613][INFO ] [Command        :536] - > LINE => 70, CMD => Q_LET, CONTENT => $restart_step
[2026-10-03 04:58:04.614][INFO ] [Command        :353] - start[1790974684614] time[0] tag[Q_LET]
[2026-10-03 04:58:04.615][INFO ] [Command        :536] - > LINE => 71, CMD => Q_SOURCE, CONTENT => t/stanby/include/standby_restart_workloads.inc
[2026-10-03 04:58:04.615][INFO ] [TestCase       :761] - Read file => t/stanby/include/standby_restart_workloads.inc
[2026-10-03 04:58:04.615][INFO ] [TestCase       :721] - Finish read case: file_lines => 18, lineNo => 8
[2026-10-03 04:58:04.615][INFO ] [Command        :536] - > LINE => 11, CMD => Q_ECHO, CONTENT => --- ddl ---
[2026-10-03 04:58:04.616][INFO ] [Command        :353] - start[1790974684616] time[0] tag[Q_ECHO]
[2026-10-03 04:58:04.626][INFO ] [Command        :536] - > LINE => 12, CMD => Q_SOURCE, CONTENT => t/stanby/include/standby_restart_ddl.inc
[2026-10-03 04:58:04.627][INFO ] [TestCase       :761] - Read file => t/stanby/include/standby_restart_ddl.inc
[2026-10-03 04:58:04.631][INFO ] [TestCase       :721] - Finish read case: file_lines => 82, lineNo => 59
[2026-10-03 04:58:04.631][INFO ] [Command        :536] - > LINE => 0, CMD => Q_IF, CONTENT => $restart_step == 1
[2026-10-03 04:58:05.686][INFO ] [Command        :536] - > LINE => 0, CMD => Q_QUERY, CONTENT => create table if not exists test_restart_ddl(id int primary key, name varchar(100), value int);
[2026-10-03 04:58:05.927][INFO ] [Command        :353] - start[1790974685686] time[241] tag[Q_QUERY]
[2026-10-03 04:58:05.928][INFO ] [Command        :536] - > LINE => 0, CMD => Q_QUERY, CONTENT => insert into test_restart_ddl values(1, 'ddl_init_1', 100);
[2026-10-03 04:58:05.938][INFO ] [Command        :353] - start[1790974685928] time[10] tag[Q_QUERY]
[2026-10-03 04:58:05.939][INFO ] [Command        :536] - > LINE => 0, CMD => Q_QUERY, CONTENT => insert into test_restart_ddl values(2, 'ddl_init_2', 200);
[2026-10-03 04:58:05.942][INFO ] [Command        :353] - start[1790974685939] time[2] tag[Q_QUERY]
[2026-10-03 04:58:05.942][INFO ] [Command        :536] - > LINE => 0, CMD => Q_QUERY, CONTENT => insert into test_restart_ddl values(3, 'ddl_init_3', 300);
[2026-10-03 04:58:05.945][INFO ] [Command        :353] - start[1790974685943] time[2] tag[Q_QUERY]
[2026-10-03 04:58:05.945][INFO ] [Command        :353] - start[1790974684631] time[1314] tag[Q_IF]
[2026-10-03 04:58:05.946][INFO ] [Command        :536] - > LINE => 0, CMD => Q_IF, CONTENT => $restart_step == 2
[2026-10-03 04:58:05.957][INFO ] [Command        :353] - start[1790974685946] time[11] tag[Q_IF]
[2026-10-03 04:58:05.957][INFO ] [Command        :536] - > LINE => 0, CMD => Q_IF, CONTENT => $restart_step == 3
[2026-10-03 04:58:05.966][INFO ] [Command        :353] - start[1790974685957] time[8] tag[Q_IF]
[2026-10-03 04:58:05.966][INFO ] [Command        :536] - > LINE => 0, CMD => Q_IF, CONTENT => $restart_step == 4
[2026-10-03 04:58:05.975][INFO ] [Command        :353] - start[1790974685966] time[9] tag[Q_IF]
[2026-10-03 04:58:05.976][INFO ] [Command        :536] - > LINE => 0, CMD => Q_IF, CONTENT => $restart_step == 5
[2026-10-03 04:58:05.984][INFO ] [Command        :353] - start[1790974685976] time[8] tag[Q_IF]
[2026-10-03 04:58:05.985][INFO ] [Command        :536] - > LINE => 0, CMD => Q_IF, CONTENT => $restart_step == 6
[2026-10-03 04:58:05.992][INFO ] [Command        :353] - start[1790974685985] time[7] tag[Q_IF]
[2026-10-03 04:58:05.992][INFO ] [Command        :536] - > LINE => 0, CMD => Q_IF, CONTENT => $restart_step == 7
[2026-10-03 04:58:06.11][INFO ] [Command        :353] - start[1790974685992] time[18] tag[Q_IF]
[2026-10-03 04:58:06.11][INFO ] [Command        :536] - > LINE => 0, CMD => Q_IF, CONTENT => $restart_step == 8
[2026-10-03 04:58:06.18][INFO ] [Command        :353] - start[1790974686011] time[6] tag[Q_IF]
[2026-10-03 04:58:06.18][INFO ] [Command        :353] - start[1790974684627] time[1391] tag[Q_SOURCE]
[2026-10-03 04:58:06.18][INFO ] [Command        :536] - > LINE => 13, CMD => Q_ECHO, CONTENT => --- fulltext ---
[2026-10-03 04:58:06.19][INFO ] [Command        :353] - start[1790974686018] time[0] tag[Q_ECHO]
[2026-10-03 04:58:06.19][INFO ] [Command        :536] - > LINE => 14, CMD => Q_SOURCE, CONTENT => t/stanby/include/standby_restart_fulltext.inc
[2026-10-03 04:58:06.19][INFO ] [TestCase       :761] - Read file => t/stanby/include/standby_restart_fulltext.inc
[2026-10-03 04:58:06.19][INFO ] [TestCase       :721] - Finish read case: file_lines => 62, lineNo => 40
[2026-10-03 04:58:06.19][INFO ] [Command        :536] - > LINE => 0, CMD => Q_IF, CONTENT => $restart_step == 1
[2026-10-03 04:58:06.25][INFO ] [Command        :536] - > LINE => 0, CMD => Q_QUERY, CONTENT => create table test_restart_fts(id int primary key, title varchar(200), content text, fulltext index fts_idx(title, content));
[2026-10-03 04:58:06.144][INFO ] [Command        :353] - start[1790974686025] time[119] tag[Q_QUERY]
[2026-10-03 04:58:06.145][INFO ] [Command        :536] - > LINE => 0, CMD => Q_QUERY, CONTENT => insert into test_restart_fts values(1, 'OceanBase Database', 'OceanBase is a distributed relational database system');
[2026-10-03 04:58:06.154][INFO ] [Command        :353] - start[1790974686145] time[8] tag[Q_QUERY]
[2026-10-03 04:58:06.154][INFO ] [Command        :536] - > LINE => 0, CMD => Q_QUERY, CONTENT => insert into test_restart_fts values(2, 'Cloud Computing', 'Cloud computing provides scalable resources on demand');
[2026-10-03 04:58:06.157][INFO ] [Command        :353] - start[1790974686154] time[2] tag[Q_QUERY]
[2026-10-03 04:58:06.157][INFO ] [Command        :536] - > LINE => 0, CMD => Q_QUERY, CONTENT => insert into test_restart_fts values(3, 'Data Security', 'Data security protects sensitive information from threats');
[2026-10-03 04:58:06.160][INFO ] [Command        :353] - start[1790974686158] time[2] tag[Q_QUERY]
[2026-10-03 04:58:06.160][INFO ] [Command        :353] - start[1790974686019] time[140] tag[Q_IF]
[2026-10-03 04:58:06.160][INFO ] [Command        :536] - > LINE => 0, CMD => Q_IF, CONTENT => $restart_step == 2
[2026-10-03 04:58:06.167][INFO ] [Command        :353] - start[1790974686160] time[6] tag[Q_IF]
[2026-10-03 04:58:06.167][INFO ] [Command        :536] - > LINE => 0, CMD => Q_IF, CONTENT => $restart_step == 3
[2026-10-03 04:58:06.173][INFO ] [Command        :353] - start[1790974686167] time[5] tag[Q_IF]
[2026-10-03 04:58:06.173][INFO ] [Command        :536] - > LINE => 0, CMD => Q_IF, CONTENT => $restart_step == 4
[2026-10-03 04:58:06.178][INFO ] [Command        :353] - start[1790974686173] time[4] tag[Q_IF]
[2026-10-03 04:58:06.178][INFO ] [Command        :536] - > LINE => 0, CMD => Q_IF, CONTENT => $restart_step == 5
[2026-10-03 04:58:06.183][INFO ] [Command        :353] - start[1790974686178] time[4] tag[Q_IF]
[2026-10-03 04:58:06.183][INFO ] [Command        :536] - > LINE => 0, CMD => Q_IF, CONTENT => $restart_step == 6
[2026-10-03 04:58:06.188][INFO ] [Command        :353] - start[1790974686183] time[4] tag[Q_IF]
[2026-10-03 04:58:06.188][INFO ] [Command        :536] - > LINE => 0, CMD => Q_IF, CONTENT => $restart_step == 7
[2026-10-03 04:58:06.193][INFO ] [Command        :353] - start[1790974686188] time[4] tag[Q_IF]
[2026-10-03 04:58:06.193][INFO ] [Command        :536] - > LINE => 0, CMD => Q_IF, CONTENT => $restart_step == 8
[2026-10-03 04:58:06.202][INFO ] [Command        :353] - start[1790974686193] time[8] tag[Q_IF]
[2026-10-03 04:58:06.202][INFO ] [Command        :353] - start[1790974686019] time[183] tag[Q_SOURCE]
[2026-10-03 04:58:06.202][INFO ] [Command        :536] - > LINE => 15, CMD => Q_ECHO, CONTENT => --- vector ---
[2026-10-03 04:58:06.202][INFO ] [Command        :353] - start[1790974686202] time[0] tag[Q_ECHO]
[2026-10-03 04:58:06.203][INFO ] [Command        :536] - > LINE => 16, CMD => Q_SOURCE, CONTENT => t/stanby/include/standby_restart_vector.inc
[2026-10-03 04:58:06.203][INFO ] [TestCase       :761] - Read file => t/stanby/include/standby_restart_vector.inc
[2026-10-03 04:58:06.203][INFO ] [TestCase       :721] - Finish read case: file_lines => 91, lineNo => 57
[2026-10-03 04:58:06.203][INFO ] [Command        :536] - > LINE => 0, CMD => Q_IF, CONTENT => $restart_step == 1
[2026-10-03 04:58:06.208][INFO ] [Command        :536] - > LINE => 0, CMD => Q_QUERY, CONTENT => create table test_restart_vec(id int primary key, name varchar(100), embedding vector(3));
[2026-10-03 04:58:06.302][INFO ] [Command        :353] - start[1790974686208] time[94] tag[Q_QUERY]
[2026-10-03 04:58:06.303][INFO ] [Command        :536] - > LINE => 0, CMD => Q_QUERY, CONTENT => create vector index vec_idx_restart on test_restart_vec(embedding) with (distance=l2, type=hnsw, lib=vsag);
[2026-10-03 04:58:07.332][INFO ] [Command        :353] - start[1790974686303] time[1028] tag[Q_QUERY]
[2026-10-03 04:58:07.332][INFO ] [Command        :536] - > LINE => 0, CMD => Q_QUERY, CONTENT => insert into test_restart_vec values(1, 'vec_init_1', '[1.0, 2.0, 3.0]');
[2026-10-03 04:58:07.343][INFO ] [Command        :353] - start[1790974687332] time[10] tag[Q_QUERY]
[2026-10-03 04:58:07.343][INFO ] [Command        :536] - > LINE => 0, CMD => Q_QUERY, CONTENT => insert into test_restart_vec values(2, 'vec_init_2', '[4.0, 5.0, 6.0]');
[2026-10-03 04:58:07.347][INFO ] [Command        :353] - start[1790974687343] time[4] tag[Q_QUERY]
[2026-10-03 04:58:07.348][INFO ] [Command        :536] - > LINE => 0, CMD => Q_QUERY, CONTENT => insert into test_restart_vec values(3, 'vec_init_3', '[7.0, 8.0, 9.0]');
[2026-10-03 04:58:07.351][INFO ] [Command        :353] - start[1790974687348] time[2] tag[Q_QUERY]
[2026-10-03 04:58:07.351][INFO ] [Command        :353] - start[1790974686203] time[1147] tag[Q_IF]
[2026-10-03 04:58:07.351][INFO ] [Command        :536] - > LINE => 0, CMD => Q_IF, CONTENT => $restart_step == 2
[2026-10-03 04:58:07.359][INFO ] [Command        :353] - start[1790974687351] time[7] tag[Q_IF]
[2026-10-03 04:58:07.359][INFO ] [Command        :536] - > LINE => 0, CMD => Q_IF, CONTENT => $restart_step == 3
[2026-10-03 04:58:07.364][INFO ] [Command        :353] - start[1790974687359] time[5] tag[Q_IF]
[2026-10-03 04:58:07.364][INFO ] [Command        :536] - > LINE => 0, CMD => Q_IF, CONTENT => $restart_step == 4
[2026-10-03 04:58:07.369][INFO ] [Command        :353] - start[1790974687365] time[4] tag[Q_IF]
[2026-10-03 04:58:07.369][INFO ] [Command        :536] - > LINE => 0, CMD => Q_IF, CONTENT => $restart_step == 5
[2026-10-03 04:58:07.373][INFO ] [Command        :353] - start[1790974687369] time[4] tag[Q_IF]
[2026-10-03 04:58:07.374][INFO ] [Command        :536] - > LINE => 0, CMD => Q_IF, CONTENT => $restart_step == 6
[2026-10-03 04:58:07.378][INFO ] [Command        :353] - start[1790974687374] time[4] tag[Q_IF]
[2026-10-03 04:58:07.378][INFO ] [Command        :536] - > LINE => 0, CMD => Q_IF, CONTENT => $restart_step == 7
[2026-10-03 04:58:07.383][INFO ] [Command        :353] - start[1790974687379] time[4] tag[Q_IF]
[2026-10-03 04:58:07.383][INFO ] [Command        :536] - > LINE => 0, CMD => Q_IF, CONTENT => $restart_step == 8
[2026-10-03 04:58:07.389][INFO ] [Command        :353] - start[1790974687384] time[5] tag[Q_IF]
[2026-10-03 04:58:07.389][INFO ] [Command        :353] - start[1790974686203] time[1185] tag[Q_SOURCE]
[2026-10-03 04:58:07.389][INFO ] [Command        :536] - > LINE => 17, CMD => Q_ECHO, CONTENT => --- fork_table ---
[2026-10-03 04:58:07.389][INFO ] [Command        :353] - start[1790974687389] time[0] tag[Q_ECHO]
[2026-10-03 04:58:07.390][INFO ] [Command        :536] - > LINE => 18, CMD => Q_SOURCE, CONTENT => t/stanby/include/standby_restart_fork_table.inc
[2026-10-03 04:58:07.390][INFO ] [TestCase       :761] - Read file => t/stanby/include/standby_restart_fork_table.inc
[2026-10-03 04:58:07.390][INFO ] [TestCase       :721] - Finish read case: file_lines => 92, lineNo => 57
[2026-10-03 04:58:07.391][INFO ] [Command        :536] - > LINE => 0, CMD => Q_IF, CONTENT => $restart_step == 1
[2026-10-03 04:58:07.395][INFO ] [Command        :536] - > LINE => 0, CMD => Q_QUERY, CONTENT => create table test_restart_fork_src(c1 int primary key, c2 varchar(100), c3 int);
[2026-10-03 04:58:07.428][INFO ] [Command        :353] - start[1790974687395] time[32] tag[Q_QUERY]
[2026-10-03 04:58:07.429][INFO ] [Command        :536] - > LINE => 0, CMD => Q_QUERY, CONTENT => insert into test_restart_fork_src values(1, 'src_1', 100);
[2026-10-03 04:58:07.433][INFO ] [Command        :353] - start[1790974687429] time[4] tag[Q_QUERY]
[2026-10-03 04:58:07.434][INFO ] [Command        :536] - > LINE => 0, CMD => Q_QUERY, CONTENT => insert into test_restart_fork_src values(2, 'src_2', 200);
[2026-10-03 04:58:07.437][INFO ] [Command        :353] - start[1790974687434] time[2] tag[Q_QUERY]
[2026-10-03 04:58:07.437][INFO ] [Command        :536] - > LINE => 0, CMD => Q_QUERY, CONTENT => insert into test_restart_fork_src values(3, 'src_3', 300);
[2026-10-03 04:58:07.440][INFO ] [Command        :353] - start[1790974687437] time[2] tag[Q_QUERY]
[2026-10-03 04:58:07.441][INFO ] [Command        :536] - > LINE => 0, CMD => Q_DEPLOY, CONTENT => db_p.mysql fork table oceanbase.test_restart_fork_src to oceanbase.test_restart_fork_dst;
[2026-10-03 04:58:07.441][INFO ] [DeployProcessor:93] - deploy => db_p.mysql fork table oceanbase.test_restart_fork_src to oceanbase.test_restart_fork_dst
[2026-10-03 04:58:07.441][INFO ] [Deploy         :287] - execute db_p.mysql fork table oceanbase.test_restart_fork_src to oceanbase.test_restart_fork_dst
[2026-10-03 04:58:07.442][INFO ] [Deploy         :287] - execute db_p.z1.obs0.mysql fork table oceanbase.test_restart_fork_src to oceanbase.test_restart_fork_dst
[2026-10-03 04:58:07.442][INFO ] [Role           :3236] - sql =>fork table oceanbase.test_restart_fork_src to oceanbase.test_restart_fork_dst
 will be executed with connection[z1.obs0]admin:admin@6.12.232.130:42035
[2026-10-03 04:58:07.495][INFO ] [Deploy         :294] - execute db_p.z1.obs0.mysql fork table oceanbase.test_restart_fork_src to oceanbase.test_restart_fork_dst result => true
[2026-10-03 04:58:07.495][INFO ] [Deploy         :294] - execute db_p.mysql fork table oceanbase.test_restart_fork_src to oceanbase.test_restart_fork_dst result => true
[2026-10-03 04:58:07.495][INFO ] [Command        :353] - start[1790974687441] time[54] tag[Q_DEPLOY]
[2026-10-03 04:58:07.496][INFO ] [Command        :536] - > LINE => 0, CMD => Q_QUERY, CONTENT => select count(*) from test_restart_fork_dst;
[2026-10-03 04:58:07.503][INFO ] [Command        :353] - start[1790974687496] time[6] tag[Q_QUERY]
[2026-10-03 04:58:07.503][INFO ] [Command        :353] - start[1790974687391] time[111] tag[Q_IF]
[2026-10-03 04:58:07.503][INFO ] [Command        :536] - > LINE => 0, CMD => Q_IF, CONTENT => $restart_step == 2
[2026-10-03 04:58:07.512][INFO ] [Command        :353] - start[1790974687503] time[9] tag[Q_IF]
[2026-10-03 04:58:07.513][INFO ] [Command        :536] - > LINE => 0, CMD => Q_IF, CONTENT => $restart_step == 3
[2026-10-03 04:58:07.517][INFO ] [Command        :353] - start[1790974687513] time[4] tag[Q_IF]
[2026-10-03 04:58:07.518][INFO ] [Command        :536] - > LINE => 0, CMD => Q_IF, CONTENT => $restart_step == 4
[2026-10-03 04:58:07.521][INFO ] [Command        :353] - start[1790974687518] time[3] tag[Q_IF]
[2026-10-03 04:58:07.521][INFO ] [Command        :536] - > LINE => 0, CMD => Q_IF, CONTENT => $restart_step == 5
[2026-10-03 04:58:07.527][INFO ] [Command        :353] - start[1790974687521] time[5] tag[Q_IF]
[2026-10-03 04:58:07.527][INFO ] [Command        :536] - > LINE => 0, CMD => Q_IF, CONTENT => $restart_step == 6
[2026-10-03 04:58:07.532][INFO ] [Command        :353] - start[1790974687528] time[4] tag[Q_IF]
[2026-10-03 04:58:07.533][INFO ] [Command        :536] - > LINE => 0, CMD => Q_IF, CONTENT => $restart_step == 7
[2026-10-03 04:58:07.537][INFO ] [Command        :353] - start[1790974687533] time[3] tag[Q_IF]
[2026-10-03 04:58:07.537][INFO ] [Command        :536] - > LINE => 0, CMD => Q_IF, CONTENT => $restart_step == 8
[2026-10-03 04:58:07.542][INFO ] [Command        :353] - start[1790974687537] time[5] tag[Q_IF]
[2026-10-03 04:58:07.543][INFO ] [Command        :353] - start[1790974687390] time[152] tag[Q_SOURCE]
[2026-10-03 04:58:07.543][INFO ] [Command        :353] - start[1790974684615] time[2927] tag[Q_SOURCE]
[2026-10-03 04:58:07.543][INFO ] [Command        :536] - > LINE => 73, CMD => Q_DISABLE_QUERY_LOG, CONTENT => --disable_query_log
[2026-10-03 04:58:07.543][INFO ] [Command        :353] - start[1790974687543] time[0] tag[Q_DISABLE_QUERY_LOG]
[2026-10-03 04:58:07.543][INFO ] [Command        :536] - > LINE => 74, CMD => Q_DISABLE_RESULT_LOG, CONTENT => --disable_result_log
[2026-10-03 04:58:07.544][INFO ] [Command        :353] - start[1790974687544] time[0] tag[Q_DISABLE_RESULT_LOG]
[2026-10-03 04:58:07.544][INFO ] [Command        :536] - > LINE => 77, CMD => Q_QUERY, CONTENT => ALTER SYSTEM MINOR FREEZE;
[2026-10-03 04:58:07.551][INFO ] [Command        :353] - start[1790974687544] time[7] tag[Q_QUERY]
[2026-10-03 04:58:07.551][INFO ] [Command        :536] - > LINE => 78, CMD => Q_SLEEP, CONTENT => 5
[2026-10-03 04:58:12.552][INFO ] [Command        :353] - start[1790974687552] time[5000] tag[Q_SLEEP]
[2026-10-03 04:58:12.552][INFO ] [Command        :536] - > LINE => 81, CMD => Q_LET_DEPLOY, CONTENT => $primary_scn_1
[2026-10-03 04:58:12.553][INFO ] [Deploy         :287] - execute db_p.select select sync_scn from oceanbase.__all_virtual_server_stat where role = 'PRIMARY', sync_scn, 1
[2026-10-03 04:58:12.554][INFO ] [SQLProcessor   :2086] - execute sql => select sync_scn from oceanbase.__all_virtual_server_stat where role = 'PRIMARY'
[2026-10-03 04:58:12.567][INFO ] [Deploy         :294] - execute db_p.select select sync_scn from oceanbase.__all_virtual_server_stat where role = 'PRIMARY', sync_scn, 1 result => 1790974690903335004
[2026-10-03 04:58:12.568][INFO ] [Command        :353] - start[1790974692553] time[15] tag[Q_LET_DEPLOY]
[2026-10-03 04:58:12.568][INFO ] [Command        :536] - > LINE => 83, CMD => Q_ENABLE_QUERY_LOG, CONTENT => --enable_query_log
[2026-10-03 04:58:12.568][INFO ] [Command        :353] - start[1790974692568] time[0] tag[Q_ENABLE_QUERY_LOG]
[2026-10-03 04:58:12.569][INFO ] [Command        :536] - > LINE => 84, CMD => Q_ENABLE_RESULT_LOG, CONTENT => --enable_result_log
[2026-10-03 04:58:12.569][INFO ] [Command        :353] - start[1790974692569] time[0] tag[Q_ENABLE_RESULT_LOG]
[2026-10-03 04:58:12.569][INFO ] [Command        :536] - > LINE => 86, CMD => Q_ECHO, CONTENT => Step 1 completed
[2026-10-03 04:58:12.569][INFO ] [Command        :353] - start[1790974692569] time[0] tag[Q_ECHO]
[2026-10-03 04:58:12.570][INFO ] [Command        :536] - > LINE => 91, CMD => Q_ECHO, CONTENT => ========== Step 2: Verify initial data on standby ==========
[2026-10-03 04:58:12.570][INFO ] [Command        :353] - start[1790974692570] time[0] tag[Q_ECHO]
[2026-10-03 04:58:12.570][INFO ] [Command        :536] - > LINE => 93, CMD => Q_DISABLE_QUERY_LOG, CONTENT => --disable_query_log
[2026-10-03 04:58:12.570][INFO ] [Command        :353] - start[1790974692570] time[0] tag[Q_DISABLE_QUERY_LOG]
[2026-10-03 04:58:12.571][INFO ] [Command        :536] - > LINE => 94, CMD => Q_DISABLE_RESULT_LOG, CONTENT => --disable_result_log
[2026-10-03 04:58:12.571][INFO ] [Command        :353] - start[1790974692571] time[0] tag[Q_DISABLE_RESULT_LOG]
[2026-10-03 04:58:12.571][INFO ] [Command        :536] - > LINE => 97, CMD => Q_DEPLOY, CONTENT => db_s.check_until_timeout select count(*) from oceanbase.__all_virtual_server_stat where role = 'STANDBY' and sync_scn >= $primary_scn_1, 1, 120;
[2026-10-03 04:58:12.572][INFO ] [DeployProcessor:93] - deploy => db_s.check_until_timeout select count(*) from oceanbase.__all_virtual_server_stat where role = 'STANDBY' and sync_scn >= 1790974690903335004, 1, 120
[2026-10-03 04:58:12.572][INFO ] [Deploy         :287] - execute db_s.check_until_timeout select count(*) from oceanbase.__all_virtual_server_stat where role = 'STANDBY' and sync_scn >= 1790974690903335004, 1, 120
[2026-10-03 04:58:12.572][INFO ] [Deploy         :287] - execute db_s.select_one_value select count(*) from oceanbase.__all_virtual_server_stat where role = 'STANDBY' and sync_scn >= 1790974690903335004
[2026-10-03 04:58:12.573][INFO ] [SQLProcessor   :2086] - execute sql => select count(*) from oceanbase.__all_virtual_server_stat where role = 'STANDBY' and sync_scn >= 1790974690903335004
[2026-10-03 04:58:12.586][INFO ] [Deploy         :294] - execute db_s.select_one_value select count(*) from oceanbase.__all_virtual_server_stat where role = 'STANDBY' and sync_scn >= 1790974690903335004 result => 1
[2026-10-03 04:58:12.586][INFO ] [OBI            :5345] - check success! use time = 0
[2026-10-03 04:58:12.586][INFO ] [Deploy         :294] - execute db_s.check_until_timeout select count(*) from oceanbase.__all_virtual_server_stat where role = 'STANDBY' and sync_scn >= 1790974690903335004, 1, 120 result => true
[2026-10-03 04:58:12.586][INFO ] [Command        :353] - start[1790974692571] time[14] tag[Q_DEPLOY]
[2026-10-03 04:58:12.586][INFO ] [Command        :536] - > LINE => 99, CMD => Q_CONNECT, CONTENT => ob_connect(conn_sys_s, db_s.z1.obs0, root@sys, , oceanbase, , USE_MYSQL_CONNECTOR)
[2026-10-03 04:58:12.587][INFO ] [SQLProcessor   :1505] - conn_sys_s create a physical connection  using jdbc:mysql://6.12.232.130:42036/oceanbase?useAffectedRows=true&emulateUnsupportedPstmts=false&characterEncoding=utf8&useServerPrepStmts=true&prepStmtCacheSqlLimit=1000&enableQueryTimeouts=false&useLocalSessionState=false&useLocalTransactionState=false&rewriteBatchedStatements=true&allowMultiQueries=true&socketTimeout=1800000 user/pwd is root@sys/
[2026-10-03 04:58:12.606][INFO ] [SQLProcessor   :1519] - connection => conn_sys_s is mysql mode.
[2026-10-03 04:58:12.606][INFO ] [SQLProcessor   :1522] - put conn: dataid=conn_sys_s currentConn=com.mysql.cj.jdbc.ConnectionImpl@2c1156a7 hashcode => 739333799
[2026-10-03 04:58:12.606][INFO ] [Command        :353] - start[1790974692586] time[19] tag[Q_CONNECT]
[2026-10-03 04:58:12.607][INFO ] [Command        :536] - > LINE => 100, CMD => Q_CONNECTION, CONTENT => connection conn_sys_s
[2026-10-03 04:58:12.607][INFO ] [SQLProcessor   :1128] - use connection => conn_sys_s hashcode => 739333799
[2026-10-03 04:58:12.609][INFO ] [SQLProcessor   :1158] - connection => conn_sys_s is mysql mode. conn=com.mysql.cj.jdbc.ConnectionImpl@2c1156a7
[2026-10-03 04:58:12.609][INFO ] [Command        :353] - start[1790974692607] time[2] tag[Q_CONNECTION]
[2026-10-03 04:58:12.609][INFO ] [Command        :536] - > LINE => 102, CMD => Q_ENABLE_QUERY_LOG, CONTENT => --enable_query_log
[2026-10-03 04:58:12.610][INFO ] [Command        :353] - start[1790974692610] time[0] tag[Q_ENABLE_QUERY_LOG]
[2026-10-03 04:58:12.610][INFO ] [Command        :536] - > LINE => 103, CMD => Q_ENABLE_RESULT_LOG, CONTENT => --enable_result_log
[2026-10-03 04:58:12.610][INFO ] [Command        :353] - start[1790974692610] time[0] tag[Q_ENABLE_RESULT_LOG]
[2026-10-03 04:58:12.610][INFO ] [Command        :536] - > LINE => 105, CMD => Q_LET, CONTENT => $restart_step
[2026-10-03 04:58:12.611][INFO ] [Command        :353] - start[1790974692610] time[0] tag[Q_LET]
[2026-10-03 04:58:12.611][INFO ] [Command        :536] - > LINE => 106, CMD => Q_SOURCE, CONTENT => t/stanby/include/standby_restart_workloads.inc
[2026-10-03 04:58:12.611][INFO ] [TestCase       :761] - Read file => t/stanby/include/standby_restart_workloads.inc
[2026-10-03 04:58:12.611][INFO ] [TestCase       :721] - Finish read case: file_lines => 18, lineNo => 8
[2026-10-03 04:58:12.611][INFO ] [Command        :536] - > LINE => 11, CMD => Q_ECHO, CONTENT => --- ddl ---
[2026-10-03 04:58:12.612][INFO ] [Command        :353] - start[1790974692611] time[0] tag[Q_ECHO]
[2026-10-03 04:58:12.612][INFO ] [Command        :536] - > LINE => 12, CMD => Q_SOURCE, CONTENT => t/stanby/include/standby_restart_ddl.inc
[2026-10-03 04:58:12.612][INFO ] [TestCase       :761] - Read file => t/stanby/include/standby_restart_ddl.inc
[2026-10-03 04:58:12.612][INFO ] [TestCase       :721] - Finish read case: file_lines => 82, lineNo => 59
[2026-10-03 04:58:12.612][INFO ] [Command        :536] - > LINE => 0, CMD => Q_IF, CONTENT => $restart_step == 1
[2026-10-03 04:58:12.618][INFO ] [Command        :353] - start[1790974692612] time[5] tag[Q_IF]
[2026-10-03 04:58:12.618][INFO ] [Command        :536] - > LINE => 0, CMD => Q_IF, CONTENT => $restart_step == 2
[2026-10-03 04:58:12.622][INFO ] [Command        :536] - > LINE => 0, CMD => Q_QUERY, CONTENT => select count(*) from test_restart_ddl;
[2026-10-03 04:58:12.648][INFO ] [Command        :353] - start[1790974692622] time[25] tag[Q_QUERY]
[2026-10-03 04:58:12.649][INFO ] [Command        :536] - > LINE => 0, CMD => Q_QUERY, CONTENT => select id, name, value from test_restart_ddl order by id;
[2026-10-03 04:58:12.652][INFO ] [Command        :353] - start[1790974692649] time[3] tag[Q_QUERY]
[2026-10-03 04:58:12.653][INFO ] [Command        :353] - start[1790974692618] time[34] tag[Q_IF]
[2026-10-03 04:58:12.653][INFO ] [Command        :536] - > LINE => 0, CMD => Q_IF, CONTENT => $restart_step == 3
[2026-10-03 04:58:12.659][INFO ] [Command        :353] - start[1790974692653] time[5] tag[Q_IF]
[2026-10-03 04:58:12.659][INFO ] [Command        :536] - > LINE => 0, CMD => Q_IF, CONTENT => $restart_step == 4
[2026-10-03 04:58:12.664][INFO ] [Command        :353] - start[1790974692659] time[4] tag[Q_IF]
[2026-10-03 04:58:12.664][INFO ] [Command        :536] - > LINE => 0, CMD => Q_IF, CONTENT => $restart_step == 5
[2026-10-03 04:58:12.669][INFO ] [Command        :353] - start[1790974692664] time[4] tag[Q_IF]
[2026-10-03 04:58:12.669][INFO ] [Command        :536] - > LINE => 0, CMD => Q_IF, CONTENT => $restart_step == 6
[2026-10-03 04:58:12.674][INFO ] [Command        :353] - start[1790974692669] time[4] tag[Q_IF]
[2026-10-03 04:58:12.674][INFO ] [Command        :536] - > LINE => 0, CMD => Q_IF, CONTENT => $restart_step == 7
[2026-10-03 04:58:12.679][INFO ] [Command        :353] - start[1790974692674] time[4] tag[Q_IF]
[2026-10-03 04:58:12.679][INFO ] [Command        :536] - > LINE => 0, CMD => Q_IF, CONTENT => $restart_step == 8
[2026-10-03 04:58:12.683][INFO ] [Command        :353] - start[1790974692679] time[3] tag[Q_IF]
[2026-10-03 04:58:12.683][INFO ] [Command        :353] - start[1790974692612] time[71] tag[Q_SOURCE]
[2026-10-03 04:58:12.683][INFO ] [Command        :536] - > LINE => 13, CMD => Q_ECHO, CONTENT => --- fulltext ---
[2026-10-03 04:58:12.684][INFO ] [Command        :353] - start[1790974692684] time[0] tag[Q_ECHO]
[2026-10-03 04:58:12.684][INFO ] [Command        :536] - > LINE => 14, CMD => Q_SOURCE, CONTENT => t/stanby/include/standby_restart_fulltext.inc
[2026-10-03 04:58:12.684][INFO ] [TestCase       :761] - Read file => t/stanby/include/standby_restart_fulltext.inc
[2026-10-03 04:58:12.684][INFO ] [TestCase       :721] - Finish read case: file_lines => 62, lineNo => 40
[2026-10-03 04:58:12.684][INFO ] [Command        :536] - > LINE => 0, CMD => Q_IF, CONTENT => $restart_step == 1
[2026-10-03 04:58:12.688][INFO ] [Command        :353] - start[1790974692685] time[3] tag[Q_IF]
[2026-10-03 04:58:12.688][INFO ] [Command        :536] - > LINE => 0, CMD => Q_IF, CONTENT => $restart_step == 2
[2026-10-03 04:58:12.692][INFO ] [Command        :536] - > LINE => 0, CMD => Q_QUERY, CONTENT => select count(*) from test_restart_fts;
[2026-10-03 04:58:12.728][INFO ] [Command        :353] - start[1790974692692] time[35] tag[Q_QUERY]
[2026-10-03 04:58:12.729][INFO ] [Command        :536] - > LINE => 0, CMD => Q_QUERY, CONTENT => select id, title from test_restart_fts order by id;
[2026-10-03 04:58:12.732][INFO ] [Command        :353] - start[1790974692729] time[3] tag[Q_QUERY]
[2026-10-03 04:58:12.732][INFO ] [Command        :353] - start[1790974692688] time[44] tag[Q_IF]
[2026-10-03 04:58:12.733][INFO ] [Command        :536] - > LINE => 0, CMD => Q_IF, CONTENT => $restart_step == 3
[2026-10-03 04:58:12.740][INFO ] [Command        :353] - start[1790974692733] time[7] tag[Q_IF]
[2026-10-03 04:58:12.741][INFO ] [Command        :536] - > LINE => 0, CMD => Q_IF, CONTENT => $restart_step == 4
[2026-10-03 04:58:12.748][INFO ] [Command        :353] - start[1790974692741] time[7] tag[Q_IF]
[2026-10-03 04:58:12.749][INFO ] [Command        :536] - > LINE => 0, CMD => Q_IF, CONTENT => $restart_step == 5
[2026-10-03 04:58:12.754][INFO ] [Command        :353] - start[1790974692749] time[4] tag[Q_IF]
[2026-10-03 04:58:12.754][INFO ] [Command        :536] - > LINE => 0, CMD => Q_IF, CONTENT => $restart_step == 6
[2026-10-03 04:58:12.760][INFO ] [Command        :353] - start[1790974692754] time[5] tag[Q_IF]
[2026-10-03 04:58:12.760][INFO ] [Command        :536] - > LINE => 0, CMD => Q_IF, CONTENT => $restart_step == 7
[2026-10-03 04:58:12.765][INFO ] [Command        :353] - start[1790974692760] time[4] tag[Q_IF]
[2026-10-03 04:58:12.765][INFO ] [Command        :536] - > LINE => 0, CMD => Q_IF, CONTENT => $restart_step == 8
[2026-10-03 04:58:12.770][INFO ] [Command        :353] - start[1790974692765] time[4] tag[Q_IF]
[2026-10-03 04:58:12.770][INFO ] [Command        :353] - start[1790974692684] time[86] tag[Q_SOURCE]
[2026-10-03 04:58:12.770][INFO ] [Command        :536] - > LINE => 15, CMD => Q_ECHO, CONTENT => --- vector ---
[2026-10-03 04:58:12.770][INFO ] [Command        :353] - start[1790974692770] time[0] tag[Q_ECHO]
[2026-10-03 04:58:12.771][INFO ] [Command        :536] - > LINE => 16, CMD => Q_SOURCE, CONTENT => t/stanby/include/standby_restart_vector.inc
[2026-10-03 04:58:12.771][INFO ] [TestCase       :761] - Read file => t/stanby/include/standby_restart_vector.inc
[2026-10-03 04:58:12.771][INFO ] [TestCase       :721] - Finish read case: file_lines => 91, lineNo => 57
[2026-10-03 04:58:12.771][INFO ] [Command        :536] - > LINE => 0, CMD => Q_IF, CONTENT => $restart_step == 1
[2026-10-03 04:58:12.776][INFO ] [Command        :353] - start[1790974692772] time[4] tag[Q_IF]
[2026-10-03 04:58:12.776][INFO ] [Command        :536] - > LINE => 0, CMD => Q_IF, CONTENT => $restart_step == 2
[2026-10-03 04:58:12.781][INFO ] [Command        :536] - > LINE => 0, CMD => Q_QUERY, CONTENT => select count(*) from test_restart_vec;
[2026-10-03 04:58:12.826][INFO ] [Command        :353] - start[1790974692781] time[45] tag[Q_QUERY]
[2026-10-03 04:58:12.826][INFO ] [Command        :536] - > LINE => 0, CMD => Q_QUERY, CONTENT => select id, name from test_restart_vec order by id;
[2026-10-03 04:58:12.831][INFO ] [Command        :353] - start[1790974692826] time[4] tag[Q_QUERY]
[2026-10-03 04:58:12.831][INFO ] [Command        :353] - start[1790974692777] time[54] tag[Q_IF]
[2026-10-03 04:58:12.832][INFO ] [Command        :536] - > LINE => 0, CMD => Q_IF, CONTENT => $restart_step == 3
[2026-10-03 04:58:12.837][INFO ] [Command        :353] - start[1790974692832] time[4] tag[Q_IF]
[2026-10-03 04:58:12.837][INFO ] [Command        :536] - > LINE => 0, CMD => Q_IF, CONTENT => $restart_step == 4
[2026-10-03 04:58:12.841][INFO ] [Command        :353] - start[1790974692837] time[4] tag[Q_IF]
[2026-10-03 04:58:12.842][INFO ] [Command        :536] - > LINE => 0, CMD => Q_IF, CONTENT => $restart_step == 5
[2026-10-03 04:58:12.846][INFO ] [Command        :353] - start[1790974692842] time[3] tag[Q_IF]
[2026-10-03 04:58:12.846][INFO ] [Command        :536] - > LINE => 0, CMD => Q_IF, CONTENT => $restart_step == 6
[2026-10-03 04:58:12.849][INFO ] [Command        :353] - start[1790974692846] time[3] tag[Q_IF]
[2026-10-03 04:58:12.850][INFO ] [Command        :536] - > LINE => 0, CMD => Q_IF, CONTENT => $restart_step == 7
[2026-10-03 04:58:12.853][INFO ] [Command        :353] - start[1790974692850] time[3] tag[Q_IF]
[2026-10-03 04:58:12.854][INFO ] [Command        :536] - > LINE => 0, CMD => Q_IF, CONTENT => $restart_step == 8
[2026-10-03 04:58:12.857][INFO ] [Command        :353] - start[1790974692854] time[3] tag[Q_IF]
[2026-10-03 04:58:12.858][INFO ] [Command        :353] - start[1790974692771] time[86] tag[Q_SOURCE]
[2026-10-03 04:58:12.858][INFO ] [Command        :536] - > LINE => 17, CMD => Q_ECHO, CONTENT => --- fork_table ---
[2026-10-03 04:58:12.858][INFO ] [Command        :353] - start[1790974692858] time[0] tag[Q_ECHO]
[2026-10-03 04:58:12.858][INFO ] [Command        :536] - > LINE => 18, CMD => Q_SOURCE, CONTENT => t/stanby/include/standby_restart_fork_table.inc
[2026-10-03 04:58:12.858][INFO ] [TestCase       :761] - Read file => t/stanby/include/standby_restart_fork_table.inc
[2026-10-03 04:58:12.859][INFO ] [TestCase       :721] - Finish read case: file_lines => 92, lineNo => 57
[2026-10-03 04:58:12.859][INFO ] [Command        :536] - > LINE => 0, CMD => Q_IF, CONTENT => $restart_step == 1
[2026-10-03 04:58:12.863][INFO ] [Command        :353] - start[1790974692859] time[4] tag[Q_IF]
[2026-10-03 04:58:12.864][INFO ] [Command        :536] - > LINE => 0, CMD => Q_IF, CONTENT => $restart_step == 2
[2026-10-03 04:58:12.869][INFO ] [Command        :536] - > LINE => 0, CMD => Q_QUERY, CONTENT => select count(*) from test_restart_fork_src;
[2026-10-03 04:58:12.883][INFO ] [Command        :353] - start[1790974692869] time[14] tag[Q_QUERY]
[2026-10-03 04:58:12.884][INFO ] [Command        :536] - > LINE => 0, CMD => Q_QUERY, CONTENT => select c1, c2, c3 from test_restart_fork_src order by c1;
[2026-10-03 04:58:12.887][INFO ] [Command        :353] - start[1790974692884] time[3] tag[Q_QUERY]
[2026-10-03 04:58:12.888][INFO ] [Command        :536] - > LINE => 0, CMD => Q_DEPLOY, CONTENT => db_s.check_until_timeout select count(*) from test_restart_fork_dst where c2 = 'src_1', 1, 120;
[2026-10-03 04:58:12.888][INFO ] [DeployProcessor:93] - deploy => db_s.check_until_timeout select count(*) from test_restart_fork_dst where c2 = 'src_1', 1, 120
[2026-10-03 04:58:12.888][INFO ] [Deploy         :287] - execute db_s.check_until_timeout select count(*) from test_restart_fork_dst where c2 = 'src_1', 1, 120
[2026-10-03 04:58:12.889][INFO ] [Deploy         :287] - execute db_s.select_one_value select count(*) from test_restart_fork_dst where c2 = 'src_1'
[2026-10-03 04:58:12.889][INFO ] [SQLProcessor   :2086] - execute sql => select count(*) from test_restart_fork_dst where c2 = 'src_1'
[2026-10-03 04:58:12.905][INFO ] [Deploy         :294] - execute db_s.select_one_value select count(*) from test_restart_fork_dst where c2 = 'src_1' result => 1
[2026-10-03 04:58:12.906][INFO ] [OBI            :5345] - check success! use time = 0
[2026-10-03 04:58:12.906][INFO ] [Deploy         :294] - execute db_s.check_until_timeout select count(*) from test_restart_fork_dst where c2 = 'src_1', 1, 120 result => true
[2026-10-03 04:58:12.906][INFO ] [Command        :353] - start[1790974692888] time[17] tag[Q_DEPLOY]
[2026-10-03 04:58:12.906][INFO ] [Command        :536] - > LINE => 0, CMD => Q_QUERY, CONTENT => select count(*) from test_restart_fork_dst;
[2026-10-03 04:58:12.910][INFO ] [Command        :353] - start[1790974692906] time[3] tag[Q_QUERY]
[2026-10-03 04:58:12.911][INFO ] [Command        :536] - > LINE => 0, CMD => Q_QUERY, CONTENT => select c1, c2, c3 from test_restart_fork_dst order by c1;
[2026-10-03 04:58:12.915][INFO ] [Command        :353] - start[1790974692911] time[3] tag[Q_QUERY]
[2026-10-03 04:58:12.915][INFO ] [Command        :353] - start[1790974692864] time[51] tag[Q_IF]
[2026-10-03 04:58:12.915][INFO ] [Command        :536] - > LINE => 0, CMD => Q_IF, CONTENT => $restart_step == 3
[2026-10-03 04:58:12.921][INFO ] [Command        :353] - start[1790974692915] time[5] tag[Q_IF]
[2026-10-03 04:58:12.922][INFO ] [Command        :536] - > LINE => 0, CMD => Q_IF, CONTENT => $restart_step == 4
[2026-10-03 04:58:12.926][INFO ] [Command        :353] - start[1790974692922] time[4] tag[Q_IF]
[2026-10-03 04:58:12.926][INFO ] [Command        :536] - > LINE => 0, CMD => Q_IF, CONTENT => $restart_step == 5
[2026-10-03 04:58:12.929][INFO ] [Command        :353] - start[1790974692926] time[2] tag[Q_IF]
[2026-10-03 04:58:12.929][INFO ] [Command        :536] - > LINE => 0, CMD => Q_IF, CONTENT => $restart_step == 6
[2026-10-03 04:58:12.932][INFO ] [Command        :353] - start[1790974692929] time[2] tag[Q_IF]
[2026-10-03 04:58:12.932][INFO ] [Command        :536] - > LINE => 0, CMD => Q_IF, CONTENT => $restart_step == 7
[2026-10-03 04:58:12.936][INFO ] [Command        :353] - start[1790974692932] time[3] tag[Q_IF]
[2026-10-03 04:58:12.936][INFO ] [Command        :536] - > LINE => 0, CMD => Q_IF, CONTENT => $restart_step == 8
[2026-10-03 04:58:12.942][INFO ] [Command        :353] - start[1790974692936] time[5] tag[Q_IF]
[2026-10-03 04:58:12.942][INFO ] [Command        :353] - start[1790974692858] time[83] tag[Q_SOURCE]
[2026-10-03 04:58:12.942][INFO ] [Command        :353] - start[1790974692611] time[330] tag[Q_SOURCE]
[2026-10-03 04:58:12.942][INFO ] [Command        :536] - > LINE => 108, CMD => Q_ECHO, CONTENT => Step 2 completed
[2026-10-03 04:58:12.942][INFO ] [Command        :353] - start[1790974692942] time[0] tag[Q_ECHO]
[2026-10-03 04:58:12.943][INFO ] [Command        :536] - > LINE => 113, CMD => Q_ECHO, CONTENT => ========== Step 3: Stop standby and write data on primary ==========
[2026-10-03 04:58:12.943][INFO ] [Command        :353] - start[1790974692943] time[0] tag[Q_ECHO]
[2026-10-03 04:58:12.943][INFO ] [Command        :536] - > LINE => 115, CMD => Q_DISABLE_QUERY_LOG, CONTENT => --disable_query_log
[2026-10-03 04:58:12.943][INFO ] [Command        :353] - start[1790974692943] time[0] tag[Q_DISABLE_QUERY_LOG]
[2026-10-03 04:58:12.944][INFO ] [Command        :536] - > LINE => 116, CMD => Q_DISABLE_RESULT_LOG, CONTENT => --disable_result_log
[2026-10-03 04:58:12.944][INFO ] [Command        :353] - start[1790974692944] time[0] tag[Q_DISABLE_RESULT_LOG]
[2026-10-03 04:58:12.944][INFO ] [Command        :536] - > LINE => 119, CMD => Q_DEPLOY, CONTENT => db_s.force_stop;
[2026-10-03 04:58:12.944][INFO ] [DeployProcessor:93] - deploy => db_s.force_stop
[2026-10-03 04:58:12.946][INFO ] [Deploy         :287] - execute db_s.z1.obs0.force_stop 
[2026-10-03 04:58:12.947][INFO ] [Role           :1307] - pkill -9 -u nijia.nj -f '^/data/1/nijia.nj/test/namespace_standby_20261003_v1/work/db_s.z1.obs0/bin/observer|^/data/1/nijia.nj/test/namespace_standby_20261003_v1/work/db_s.z1.obs0/bin/obesi' on 6.12.232.130
[2026-10-03 04:58:12.967][INFO ] [Role           :1309] - pkill result is => 0
[2026-10-03 04:58:12.967][INFO ] [Role           :1142] - wait stop /data/1/nijia.nj/test/namespace_standby_20261003_v1/work/db_s.z1.obs0/bin/observer on 6.12.232.130
[2026-10-03 04:58:12.967][INFO ] [Role           :1190] - ps uxf | grep "/data/1/nijia.nj/test/namespace_standby_20261003_v1/work/db_s.z1.obs0/bin/observer" | grep -v grep
[2026-10-03 04:58:13.09][INFO ] [Role           :1154] - check port on 6.12.232.130
[2026-10-03 04:58:13.09][INFO ] [RemoteShell    :143] - netstat -lpnt 2>/dev/null | grep '0.0.0.0:42001 ' | awk -F ' ' '{print $7}'
[2026-10-03 04:58:13.51][INFO ] [RemoteShell    :143] - netstat -lpnt 2>/dev/null | grep '0.0.0.0:42036 ' | awk -F ' ' '{print $7}'
[2026-10-03 04:58:13.95][INFO ] [Role           :1164] - stop obs0 took 2 s
[2026-10-03 04:58:13.96][INFO ] [Deploy         :294] - execute db_s.z1.obs0.force_stop  result => true
[2026-10-03 04:58:13.96][INFO ] [Deploy         :362] - execute db_s.z1.force_stop  result => true [true]
[2026-10-03 04:58:13.97][INFO ] [Deploy         :362] - execute db_s.force_stop result => true [true]
[2026-10-03 04:58:13.97][INFO ] [Command        :353] - start[1790974692944] time[152] tag[Q_DEPLOY]
[2026-10-03 04:58:13.97][INFO ] [Command        :536] - > LINE => 120, CMD => Q_SLEEP, CONTENT => 10
[2026-10-03 04:58:23.97][INFO ] [Command        :353] - start[1790974693097] time[10000] tag[Q_SLEEP]
[2026-10-03 04:58:23.98][INFO ] [Command        :536] - > LINE => 123, CMD => Q_CONNECTION, CONTENT => connection conn_sys_p
[2026-10-03 04:58:23.98][INFO ] [SQLProcessor   :1128] - use connection => conn_sys_p hashcode => 1803669141
[2026-10-03 04:58:23.100][INFO ] [SQLProcessor   :1158] - connection => conn_sys_p is mysql mode. conn=com.mysql.cj.jdbc.ConnectionImpl@6b81ce95
[2026-10-03 04:58:23.100][INFO ] [Command        :353] - start[1790974703098] time[2] tag[Q_CONNECTION]
[2026-10-03 04:58:23.100][INFO ] [Command        :536] - > LINE => 125, CMD => Q_ENABLE_QUERY_LOG, CONTENT => --enable_query_log
[2026-10-03 04:58:23.101][INFO ] [Command        :353] - start[1790974703101] time[0] tag[Q_ENABLE_QUERY_LOG]
[2026-10-03 04:58:23.101][INFO ] [Command        :536] - > LINE => 126, CMD => Q_ENABLE_RESULT_LOG, CONTENT => --enable_result_log
[2026-10-03 04:58:23.101][INFO ] [Command        :353] - start[1790974703101] time[0] tag[Q_ENABLE_RESULT_LOG]
[2026-10-03 04:58:23.101][INFO ] [Command        :536] - > LINE => 128, CMD => Q_LET, CONTENT => $restart_step
[2026-10-03 04:58:23.102][INFO ] [Command        :353] - start[1790974703101] time[0] tag[Q_LET]
[2026-10-03 04:58:23.102][INFO ] [Command        :536] - > LINE => 129, CMD => Q_SOURCE, CONTENT => t/stanby/include/standby_restart_workloads.inc
[2026-10-03 04:58:23.102][INFO ] [TestCase       :761] - Read file => t/stanby/include/standby_restart_workloads.inc
[2026-10-03 04:58:23.102][INFO ] [TestCase       :721] - Finish read case: file_lines => 18, lineNo => 8
[2026-10-03 04:58:23.103][INFO ] [Command        :536] - > LINE => 11, CMD => Q_ECHO, CONTENT => --- ddl ---
[2026-10-03 04:58:23.103][INFO ] [Command        :353] - start[1790974703103] time[0] tag[Q_ECHO]
[2026-10-03 04:58:23.103][INFO ] [Command        :536] - > LINE => 12, CMD => Q_SOURCE, CONTENT => t/stanby/include/standby_restart_ddl.inc
[2026-10-03 04:58:23.103][INFO ] [TestCase       :761] - Read file => t/stanby/include/standby_restart_ddl.inc
[2026-10-03 04:58:23.103][INFO ] [TestCase       :721] - Finish read case: file_lines => 82, lineNo => 59
[2026-10-03 04:58:23.104][INFO ] [Command        :536] - > LINE => 0, CMD => Q_IF, CONTENT => $restart_step == 1
[2026-10-03 04:58:23.110][INFO ] [Command        :353] - start[1790974703104] time[5] tag[Q_IF]
[2026-10-03 04:58:23.110][INFO ] [Command        :536] - > LINE => 0, CMD => Q_IF, CONTENT => $restart_step == 2
[2026-10-03 04:58:23.113][INFO ] [Command        :353] - start[1790974703110] time[2] tag[Q_IF]
[2026-10-03 04:58:23.113][INFO ] [Command        :536] - > LINE => 0, CMD => Q_IF, CONTENT => $restart_step == 3
[2026-10-03 04:58:23.118][INFO ] [Command        :536] - > LINE => 0, CMD => Q_QUERY, CONTENT => insert into test_restart_ddl values(4, 'ddl_extra_4', 400);
[2026-10-03 04:58:23.124][INFO ] [Command        :353] - start[1790974703118] time[6] tag[Q_QUERY]
[2026-10-03 04:58:23.125][INFO ] [Command        :536] - > LINE => 0, CMD => Q_QUERY, CONTENT => insert into test_restart_ddl values(5, 'ddl_extra_5', 500);
[2026-10-03 04:58:23.128][INFO ] [Command        :353] - start[1790974703125] time[3] tag[Q_QUERY]
[2026-10-03 04:58:23.129][INFO ] [Command        :536] - > LINE => 0, CMD => Q_QUERY, CONTENT => alter table test_restart_ddl add column extra_col varchar(100);
[2026-10-03 04:58:23.188][INFO ] [Command        :353] - start[1790974703129] time[58] tag[Q_QUERY]
[2026-10-03 04:58:23.188][INFO ] [Command        :536] - > LINE => 0, CMD => Q_QUERY, CONTENT => update test_restart_ddl set extra_col = 'modified' where id = 1;
[2026-10-03 04:58:23.197][INFO ] [Command        :353] - start[1790974703189] time[8] tag[Q_QUERY]
[2026-10-03 04:58:23.198][INFO ] [Command        :536] - > LINE => 0, CMD => Q_QUERY, CONTENT => create table test_restart_ddl_new(a int primary key, b varchar(100));
[2026-10-03 04:58:23.257][INFO ] [Command        :353] - start[1790974703198] time[59] tag[Q_QUERY]
[2026-10-03 04:58:23.257][INFO ] [Command        :536] - > LINE => 0, CMD => Q_QUERY, CONTENT => insert into test_restart_ddl_new values(1, 'new_1');
[2026-10-03 04:58:23.265][INFO ] [Command        :353] - start[1790974703258] time[7] tag[Q_QUERY]
[2026-10-03 04:58:23.266][INFO ] [Command        :536] - > LINE => 0, CMD => Q_QUERY, CONTENT => insert into test_restart_ddl_new values(2, 'new_2');
[2026-10-03 04:58:23.269][INFO ] [Command        :353] - start[1790974703266] time[3] tag[Q_QUERY]
[2026-10-03 04:58:23.269][INFO ] [Command        :353] - start[1790974703113] time[155] tag[Q_IF]
[2026-10-03 04:58:23.269][INFO ] [Command        :536] - > LINE => 0, CMD => Q_IF, CONTENT => $restart_step == 4
[2026-10-03 04:58:23.274][INFO ] [Command        :353] - start[1790974703270] time[4] tag[Q_IF]
[2026-10-03 04:58:23.274][INFO ] [Command        :536] - > LINE => 0, CMD => Q_IF, CONTENT => $restart_step == 5
[2026-10-03 04:58:23.277][INFO ] [Command        :353] - start[1790974703274] time[3] tag[Q_IF]
[2026-10-03 04:58:23.278][INFO ] [Command        :536] - > LINE => 0, CMD => Q_IF, CONTENT => $restart_step == 6
[2026-10-03 04:58:23.285][INFO ] [Command        :353] - start[1790974703278] time[7] tag[Q_IF]
[2026-10-03 04:58:23.286][INFO ] [Command        :536] - > LINE => 0, CMD => Q_IF, CONTENT => $restart_step == 7
[2026-10-03 04:58:23.289][INFO ] [Command        :353] - start[1790974703286] time[2] tag[Q_IF]
[2026-10-03 04:58:23.289][INFO ] [Command        :536] - > LINE => 0, CMD => Q_IF, CONTENT => $restart_step == 8
[2026-10-03 04:58:23.292][INFO ] [Command        :353] - start[1790974703289] time[3] tag[Q_IF]
[2026-10-03 04:58:23.293][INFO ] [Command        :353] - start[1790974703103] time[189] tag[Q_SOURCE]
[2026-10-03 04:58:23.293][INFO ] [Command        :536] - > LINE => 13, CMD => Q_ECHO, CONTENT => --- fulltext ---
[2026-10-03 04:58:23.293][INFO ] [Command        :353] - start[1790974703293] time[0] tag[Q_ECHO]
[2026-10-03 04:58:23.293][INFO ] [Command        :536] - > LINE => 14, CMD => Q_SOURCE, CONTENT => t/stanby/include/standby_restart_fulltext.inc
[2026-10-03 04:58:23.293][INFO ] [TestCase       :761] - Read file => t/stanby/include/standby_restart_fulltext.inc
[2026-10-03 04:58:23.293][INFO ] [TestCase       :721] - Finish read case: file_lines => 62, lineNo => 40
[2026-10-03 04:58:23.294][INFO ] [Command        :536] - > LINE => 0, CMD => Q_IF, CONTENT => $restart_step == 1
[2026-10-03 04:58:23.297][INFO ] [Command        :353] - start[1790974703294] time[3] tag[Q_IF]
[2026-10-03 04:58:23.297][INFO ] [Command        :536] - > LINE => 0, CMD => Q_IF, CONTENT => $restart_step == 2
[2026-10-03 04:58:23.302][INFO ] [Command        :353] - start[1790974703297] time[5] tag[Q_IF]
[2026-10-03 04:58:23.303][INFO ] [Command        :536] - > LINE => 0, CMD => Q_IF, CONTENT => $restart_step == 3
[2026-10-03 04:58:23.307][INFO ] [Command        :536] - > LINE => 0, CMD => Q_QUERY, CONTENT => insert into test_restart_fts values(4, 'Machine Learning', 'Machine learning enables intelligent pattern recognition');
[2026-10-03 04:58:23.315][INFO ] [Command        :353] - start[1790974703307] time[7] tag[Q_QUERY]
[2026-10-03 04:58:23.315][INFO ] [Command        :536] - > LINE => 0, CMD => Q_QUERY, CONTENT => insert into test_restart_fts values(5, 'Deep Learning', 'Deep learning uses neural networks for complex tasks');
[2026-10-03 04:58:23.320][INFO ] [Command        :353] - start[1790974703315] time[4] tag[Q_QUERY]
[2026-10-03 04:58:23.320][INFO ] [Command        :353] - start[1790974703303] time[17] tag[Q_IF]
[2026-10-03 04:58:23.320][INFO ] [Command        :536] - > LINE => 0, CMD => Q_IF, CONTENT => $restart_step == 4
[2026-10-03 04:58:23.325][INFO ] [Command        :353] - start[1790974703321] time[4] tag[Q_IF]
[2026-10-03 04:58:23.325][INFO ] [Command        :536] - > LINE => 0, CMD => Q_IF, CONTENT => $restart_step == 5
[2026-10-03 04:58:23.329][INFO ] [Command        :353] - start[1790974703325] time[3] tag[Q_IF]
[2026-10-03 04:58:23.329][INFO ] [Command        :536] - > LINE => 0, CMD => Q_IF, CONTENT => $restart_step == 6
[2026-10-03 04:58:23.333][INFO ] [Command        :353] - start[1790974703329] time[3] tag[Q_IF]
[2026-10-03 04:58:23.333][INFO ] [Command        :536] - > LINE => 0, CMD => Q_IF, CONTENT => $restart_step == 7
[2026-10-03 04:58:23.336][INFO ] [Command        :353] - start[1790974703333] time[3] tag[Q_IF]
[2026-10-03 04:58:23.336][INFO ] [Command        :536] - > LINE => 0, CMD => Q_IF, CONTENT => $restart_step == 8
[2026-10-03 04:58:23.340][INFO ] [Command        :353] - start[1790974703337] time[3] tag[Q_IF]
[2026-10-03 04:58:23.340][INFO ] [Command        :353] - start[1790974703293] time[46] tag[Q_SOURCE]
[2026-10-03 04:58:23.340][INFO ] [Command        :536] - > LINE => 15, CMD => Q_ECHO, CONTENT => --- vector ---
[2026-10-03 04:58:23.340][INFO ] [Command        :353] - start[1790974703340] time[0] tag[Q_ECHO]
[2026-10-03 04:58:23.341][INFO ] [Command        :536] - > LINE => 16, CMD => Q_SOURCE, CONTENT => t/stanby/include/standby_restart_vector.inc
[2026-10-03 04:58:23.341][INFO ] [TestCase       :761] - Read file => t/stanby/include/standby_restart_vector.inc
[2026-10-03 04:58:23.341][INFO ] [TestCase       :721] - Finish read case: file_lines => 91, lineNo => 57
[2026-10-03 04:58:23.341][INFO ] [Command        :536] - > LINE => 0, CMD => Q_IF, CONTENT => $restart_step == 1
[2026-10-03 04:58:23.344][INFO ] [Command        :353] - start[1790974703341] time[2] tag[Q_IF]
[2026-10-03 04:58:23.344][INFO ] [Command        :536] - > LINE => 0, CMD => Q_IF, CONTENT => $restart_step == 2
[2026-10-03 04:58:23.347][INFO ] [Command        :353] - start[1790974703344] time[2] tag[Q_IF]
[2026-10-03 04:58:23.347][INFO ] [Command        :536] - > LINE => 0, CMD => Q_IF, CONTENT => $restart_step == 3
[2026-10-03 04:58:23.350][INFO ] [Command        :536] - > LINE => 0, CMD => Q_QUERY, CONTENT => insert into test_restart_vec values(4, 'vec_extra_4', '[10.0, 11.0, 12.0]');
[2026-10-03 04:58:23.356][INFO ] [Command        :353] - start[1790974703350] time[5] tag[Q_QUERY]
[2026-10-03 04:58:23.357][INFO ] [Command        :536] - > LINE => 0, CMD => Q_QUERY, CONTENT => insert into test_restart_vec values(5, 'vec_extra_5', '[13.0, 14.0, 15.0]');
[2026-10-03 04:58:23.360][INFO ] [Command        :353] - start[1790974703357] time[3] tag[Q_QUERY]
[2026-10-03 04:58:23.361][INFO ] [Command        :536] - > LINE => 0, CMD => Q_QUERY, CONTENT => create table test_restart_vec_idx(id int primary key, label varchar(100), feat vector(4));
[2026-10-03 04:58:23.422][INFO ] [Command        :353] - start[1790974703361] time[61] tag[Q_QUERY]
[2026-10-03 04:58:23.423][INFO ] [Command        :536] - > LINE => 0, CMD => Q_QUERY, CONTENT => create vector index vec_idx_restart2 on test_restart_vec_idx(feat) with (distance=l2, type=hnsw, lib=vsag);
[2026-10-03 04:58:24.288][INFO ] [Command        :353] - start[1790974703423] time[864] tag[Q_QUERY]
[2026-10-03 04:58:24.288][INFO ] [Command        :536] - > LINE => 0, CMD => Q_QUERY, CONTENT => insert into test_restart_vec_idx values(1, 'idx_1', '[1.0, 0.0, 0.0, 0.0]');
[2026-10-03 04:58:24.297][INFO ] [Command        :353] - start[1790974704288] time[9] tag[Q_QUERY]
[2026-10-03 04:58:24.298][INFO ] [Command        :536] - > LINE => 0, CMD => Q_QUERY, CONTENT => insert into test_restart_vec_idx values(2, 'idx_2', '[0.0, 1.0, 0.0, 0.0]');
[2026-10-03 04:58:24.302][INFO ] [Command        :353] - start[1790974704298] time[4] tag[Q_QUERY]
[2026-10-03 04:58:24.302][INFO ] [Command        :353] - start[1790974703347] time[955] tag[Q_IF]
[2026-10-03 04:58:24.303][INFO ] [Command        :536] - > LINE => 0, CMD => Q_IF, CONTENT => $restart_step == 4
[2026-10-03 04:58:24.306][INFO ] [Command        :353] - start[1790974704303] time[3] tag[Q_IF]
[2026-10-03 04:58:24.307][INFO ] [Command        :536] - > LINE => 0, CMD => Q_IF, CONTENT => $restart_step == 5
[2026-10-03 04:58:24.310][INFO ] [Command        :353] - start[1790974704307] time[2] tag[Q_IF]
[2026-10-03 04:58:24.310][INFO ] [Command        :536] - > LINE => 0, CMD => Q_IF, CONTENT => $restart_step == 6
[2026-10-03 04:58:24.313][INFO ] [Command        :353] - start[1790974704310] time[3] tag[Q_IF]
[2026-10-03 04:58:24.314][INFO ] [Command        :536] - > LINE => 0, CMD => Q_IF, CONTENT => $restart_step == 7
[2026-10-03 04:58:24.316][INFO ] [Command        :353] - start[1790974704314] time[2] tag[Q_IF]
[2026-10-03 04:58:24.317][INFO ] [Command        :536] - > LINE => 0, CMD => Q_IF, CONTENT => $restart_step == 8
[2026-10-03 04:58:24.319][INFO ] [Command        :353] - start[1790974704317] time[2] tag[Q_IF]
[2026-10-03 04:58:24.319][INFO ] [Command        :353] - start[1790974703341] time[978] tag[Q_SOURCE]
[2026-10-03 04:58:24.320][INFO ] [Command        :536] - > LINE => 17, CMD => Q_ECHO, CONTENT => --- fork_table ---
[2026-10-03 04:58:24.320][INFO ] [Command        :353] - start[1790974704320] time[0] tag[Q_ECHO]
[2026-10-03 04:58:24.320][INFO ] [Command        :536] - > LINE => 18, CMD => Q_SOURCE, CONTENT => t/stanby/include/standby_restart_fork_table.inc
[2026-10-03 04:58:24.320][INFO ] [TestCase       :761] - Read file => t/stanby/include/standby_restart_fork_table.inc
[2026-10-03 04:58:24.320][INFO ] [TestCase       :721] - Finish read case: file_lines => 92, lineNo => 57
[2026-10-03 04:58:24.320][INFO ] [Command        :536] - > LINE => 0, CMD => Q_IF, CONTENT => $restart_step == 1
[2026-10-03 04:58:24.323][INFO ] [Command        :353] - start[1790974704321] time[2] tag[Q_IF]
[2026-10-03 04:58:24.324][INFO ] [Command        :536] - > LINE => 0, CMD => Q_IF, CONTENT => $restart_step == 2
[2026-10-03 04:58:24.328][INFO ] [Command        :353] - start[1790974704324] time[3] tag[Q_IF]
[2026-10-03 04:58:24.328][INFO ] [Command        :536] - > LINE => 0, CMD => Q_IF, CONTENT => $restart_step == 3
[2026-10-03 04:58:24.331][INFO ] [Command        :536] - > LINE => 0, CMD => Q_QUERY, CONTENT => insert into test_restart_fork_src values(4, 'src_4', 400);
[2026-10-03 04:58:24.335][INFO ] [Command        :353] - start[1790974704331] time[3] tag[Q_QUERY]
[2026-10-03 04:58:24.335][INFO ] [Command        :536] - > LINE => 0, CMD => Q_QUERY, CONTENT => insert into test_restart_fork_src values(5, 'src_5', 500);
[2026-10-03 04:58:24.339][INFO ] [Command        :353] - start[1790974704336] time[3] tag[Q_QUERY]
[2026-10-03 04:58:24.339][INFO ] [Command        :536] - > LINE => 0, CMD => Q_QUERY, CONTENT => insert into test_restart_fork_dst values(4, 'fork_4', 444);
[2026-10-03 04:58:24.344][INFO ] [Command        :353] - start[1790974704339] time[4] tag[Q_QUERY]
[2026-10-03 04:58:24.344][INFO ] [Command        :536] - > LINE => 0, CMD => Q_DEPLOY, CONTENT => db_p.mysql fork table oceanbase.test_restart_fork_src to oceanbase.test_restart_fork_dst2;
[2026-10-03 04:58:24.345][INFO ] [DeployProcessor:93] - deploy => db_p.mysql fork table oceanbase.test_restart_fork_src to oceanbase.test_restart_fork_dst2
[2026-10-03 04:58:24.345][INFO ] [Deploy         :287] - execute db_p.mysql fork table oceanbase.test_restart_fork_src to oceanbase.test_restart_fork_dst2
[2026-10-03 04:58:24.346][INFO ] [Deploy         :287] - execute db_p.z1.obs0.mysql fork table oceanbase.test_restart_fork_src to oceanbase.test_restart_fork_dst2
[2026-10-03 04:58:24.347][INFO ] [Role           :3236] - sql =>fork table oceanbase.test_restart_fork_src to oceanbase.test_restart_fork_dst2
 will be executed with connection[z1.obs0]admin:admin@6.12.232.130:42035
[2026-10-03 04:58:24.401][INFO ] [Deploy         :294] - execute db_p.z1.obs0.mysql fork table oceanbase.test_restart_fork_src to oceanbase.test_restart_fork_dst2 result => true
[2026-10-03 04:58:24.401][INFO ] [Deploy         :294] - execute db_p.mysql fork table oceanbase.test_restart_fork_src to oceanbase.test_restart_fork_dst2 result => true
[2026-10-03 04:58:24.401][INFO ] [Command        :353] - start[1790974704344] time[56] tag[Q_DEPLOY]
[2026-10-03 04:58:24.401][INFO ] [Command        :353] - start[1790974704328] time[73] tag[Q_IF]
[2026-10-03 04:58:24.401][INFO ] [Command        :536] - > LINE => 0, CMD => Q_IF, CONTENT => $restart_step == 4
[2026-10-03 04:58:24.407][INFO ] [Command        :353] - start[1790974704401] time[5] tag[Q_IF]
[2026-10-03 04:58:24.407][INFO ] [Command        :536] - > LINE => 0, CMD => Q_IF, CONTENT => $restart_step == 5
[2026-10-03 04:58:24.410][INFO ] [Command        :353] - start[1790974704407] time[3] tag[Q_IF]
[2026-10-03 04:58:24.411][INFO ] [Command        :536] - > LINE => 0, CMD => Q_IF, CONTENT => $restart_step == 6
[2026-10-03 04:58:24.414][INFO ] [Command        :353] - start[1790974704411] time[2] tag[Q_IF]
[2026-10-03 04:58:24.414][INFO ] [Command        :536] - > LINE => 0, CMD => Q_IF, CONTENT => $restart_step == 7
[2026-10-03 04:58:24.417][INFO ] [Command        :353] - start[1790974704414] time[2] tag[Q_IF]
[2026-10-03 04:58:24.417][INFO ] [Command        :536] - > LINE => 0, CMD => Q_IF, CONTENT => $restart_step == 8
[2026-10-03 04:58:24.420][INFO ] [Command        :353] - start[1790974704417] time[3] tag[Q_IF]
[2026-10-03 04:58:24.421][INFO ] [Command        :353] - start[1790974704320] time[100] tag[Q_SOURCE]
[2026-10-03 04:58:24.421][INFO ] [Command        :353] - start[1790974703102] time[1318] tag[Q_SOURCE]
[2026-10-03 04:58:24.421][INFO ] [Command        :536] - > LINE => 131, CMD => Q_DISABLE_QUERY_LOG, CONTENT => --disable_query_log
[2026-10-03 04:58:24.421][INFO ] [Command        :353] - start[1790974704421] time[0] tag[Q_DISABLE_QUERY_LOG]
[2026-10-03 04:58:24.421][INFO ] [Command        :536] - > LINE => 132, CMD => Q_DISABLE_RESULT_LOG, CONTENT => --disable_result_log
[2026-10-03 04:58:24.421][INFO ] [Command        :353] - start[1790974704421] time[0] tag[Q_DISABLE_RESULT_LOG]
[2026-10-03 04:58:24.422][INFO ] [Command        :536] - > LINE => 135, CMD => Q_QUERY, CONTENT => ALTER SYSTEM MINOR FREEZE;
[2026-10-03 04:58:24.435][INFO ] [Command        :353] - start[1790974704422] time[12] tag[Q_QUERY]
[2026-10-03 04:58:24.435][INFO ] [Command        :536] - > LINE => 136, CMD => Q_SLEEP, CONTENT => 5
[2026-10-03 04:58:29.435][INFO ] [Command        :353] - start[1790974704435] time[5000] tag[Q_SLEEP]
[2026-10-03 04:58:29.436][INFO ] [Command        :536] - > LINE => 139, CMD => Q_LET_DEPLOY, CONTENT => $primary_scn_2
[2026-10-03 04:58:29.436][INFO ] [Deploy         :287] - execute db_p.select select sync_scn from oceanbase.__all_virtual_server_stat where role = 'PRIMARY', sync_scn, 1
[2026-10-03 04:58:29.436][INFO ] [SQLProcessor   :2086] - execute sql => select sync_scn from oceanbase.__all_virtual_server_stat where role = 'PRIMARY'
[2026-10-03 04:58:29.444][INFO ] [Deploy         :294] - execute db_p.select select sync_scn from oceanbase.__all_virtual_server_stat where role = 'PRIMARY', sync_scn, 1 result => 1790974705909272000
[2026-10-03 04:58:29.444][INFO ] [Command        :353] - start[1790974709436] time[8] tag[Q_LET_DEPLOY]
[2026-10-03 04:58:29.445][INFO ] [Command        :536] - > LINE => 141, CMD => Q_ENABLE_QUERY_LOG, CONTENT => --enable_query_log
[2026-10-03 04:58:29.445][INFO ] [Command        :353] - start[1790974709445] time[0] tag[Q_ENABLE_QUERY_LOG]
[2026-10-03 04:58:29.445][INFO ] [Command        :536] - > LINE => 142, CMD => Q_ENABLE_RESULT_LOG, CONTENT => --enable_result_log
[2026-10-03 04:58:29.445][INFO ] [Command        :353] - start[1790974709445] time[0] tag[Q_ENABLE_RESULT_LOG]
[2026-10-03 04:58:29.445][INFO ] [Command        :536] - > LINE => 144, CMD => Q_ECHO, CONTENT => Step 3 completed
[2026-10-03 04:58:29.446][INFO ] [Command        :353] - start[1790974709445] time[0] tag[Q_ECHO]
[2026-10-03 04:58:29.446][INFO ] [Command        :536] - > LINE => 149, CMD => Q_ECHO, CONTENT => ========== Step 4: Restart standby and verify data ==========
[2026-10-03 04:58:29.446][INFO ] [Command        :353] - start[1790974709446] time[0] tag[Q_ECHO]
[2026-10-03 04:58:29.446][INFO ] [Command        :536] - > LINE => 151, CMD => Q_DISABLE_QUERY_LOG, CONTENT => --disable_query_log
[2026-10-03 04:58:29.446][INFO ] [Command        :353] - start[1790974709446] time[0] tag[Q_DISABLE_QUERY_LOG]
[2026-10-03 04:58:29.447][INFO ] [Command        :536] - > LINE => 152, CMD => Q_DISABLE_RESULT_LOG, CONTENT => --disable_result_log
[2026-10-03 04:58:29.447][INFO ] [Command        :353] - start[1790974709447] time[0] tag[Q_DISABLE_RESULT_LOG]
[2026-10-03 04:58:29.447][INFO ] [Command        :536] - > LINE => 155, CMD => Q_DEPLOY, CONTENT => db_s.nstart;
[2026-10-03 04:58:29.447][INFO ] [DeployProcessor:93] - deploy => db_s.nstart
[2026-10-03 04:58:29.448][INFO ] [Deploy         :287] - execute db_s.z1.obs0.nstart 
[2026-10-03 04:58:29.449][INFO ] [RemoteShell    :143] - netstat -lpnt 2>/dev/null | grep '0.0.0.0:42001 ' | awk -F ' ' '{print $7}'
[2026-10-03 04:58:29.485][INFO ] [RemoteShell    :143] - netstat -lpnt 2>/dev/null | grep '0.0.0.0:42036 ' | awk -F ' ' '{print $7}'
[2026-10-03 04:58:29.520][INFO ] [Deploy         :381] - execute db_s.lite_mode result => true result type => java.lang.Boolean
[2026-10-03 04:58:29.521][INFO ] [Role           :197] - ulimit -c unlimited -s 4096;cd /data/1/nijia.nj/test/namespace_standby_20261003_v1/work/db_s.z1.obs0;LD_LIBRARY_PATH=./lib:/usr/local/lib:/usr/lib:/usr/lib64:/usr/local/lib64:$LD_LIBRARY_PATH /data/1/nijia.nj/test/namespace_standby_20261003_v1/work/db_s.z1.obs0/bin/observer  on 6.12.232.130
[2026-10-03 04:58:29.599][INFO ] [Deploy         :294] - execute db_s.z1.obs0.nstart  result => true
[2026-10-03 04:58:29.599][INFO ] [Deploy         :362] - execute db_s.z1.nstart  result => true [true]
[2026-10-03 04:58:29.600][INFO ] [Deploy         :362] - execute db_s.nstart result => true [true]
[2026-10-03 04:58:29.600][INFO ] [Command        :353] - start[1790974709447] time[152] tag[Q_DEPLOY]
[2026-10-03 04:58:29.600][INFO ] [Command        :536] - > LINE => 158, CMD => Q_DEPLOY, CONTENT => db_s.check_until_timeout select count(*) from oceanbase.__all_virtual_server_stat where role = 'STANDBY', 1, 180;
[2026-10-03 04:58:29.601][INFO ] [DeployProcessor:93] - deploy => db_s.check_until_timeout select count(*) from oceanbase.__all_virtual_server_stat where role = 'STANDBY', 1, 180
[2026-10-03 04:58:29.601][INFO ] [Deploy         :287] - execute db_s.check_until_timeout select count(*) from oceanbase.__all_virtual_server_stat where role = 'STANDBY', 1, 180
[2026-10-03 04:58:29.601][INFO ] [Deploy         :287] - execute db_s.select_one_value select count(*) from oceanbase.__all_virtual_server_stat where role = 'STANDBY'
[2026-10-03 04:58:29.602][INFO ] [SQLProcessor   :2086] - execute sql => select count(*) from oceanbase.__all_virtual_server_stat where role = 'STANDBY'
[2026-10-03 04:58:29.608][ERROR] [SQLProcessor   :2096] - user => admin@sys, passwd => admin, jdbcUrl => jdbc:mysql://6.12.232.130:42036/oceanbase?useAffectedRows=true&emulateUnsupportedPstmts=false&characterEncoding=utf8&useServerPrepStmts=false&prepStmtCacheSqlLimit=1000&enableQueryTimeouts=true&useLocalSessionState=false&useLocalTransactionState=false&rewriteBatchedStatements=true&allowMultiQueries=true&socketTimeout=600000
[2026-10-03 04:58:29.609][ERROR] [SQLProcessor   :2098] - execute sql => select count(*) from oceanbase.__all_virtual_server_stat where role = 'STANDBY' failed
com.mysql.cj.jdbc.exceptions.CommunicationsException: Communications link failure

The last packet sent successfully to the server was 0 milliseconds ago. The driver has not received any packets from the server.
	at com.mysql.cj.jdbc.exceptions.SQLError.createCommunicationsException(SQLError.java:175)
	at com.mysql.cj.jdbc.exceptions.SQLExceptionsMapping.translateException(SQLExceptionsMapping.java:64)
	at com.mysql.cj.jdbc.ConnectionImpl.createNewIO(ConnectionImpl.java:825)
	at com.mysql.cj.jdbc.ConnectionImpl.<init>(ConnectionImpl.java:446)
	at com.mysql.cj.jdbc.ConnectionImpl.getInstance(ConnectionImpl.java:239)
	at com.mysql.cj.jdbc.NonRegisteringDriver.connect(NonRegisteringDriver.java:188)
	at java.sql.DriverManager.getConnection(DriverManager.java:664)
	at java.sql.DriverManager.getConnection(DriverManager.java:247)
	at com.etao.mytest.processor.SQLProcessor.selectGetValue(SQLProcessor.java:2088)
	at com.etao.mytest.deploy.OBI.select_one_value(OBI.java:4540)
	at sun.reflect.NativeMethodAccessorImpl.invoke0(Native Method)
	at sun.reflect.NativeMethodAccessorImpl.invoke(NativeMethodAccessorImpl.java:62)
	at sun.reflect.DelegatingMethodAccessorImpl.invoke(DelegatingMethodAccessorImpl.java:43)
	at java.lang.reflect.Method.invoke(Method.java:498)
	at com.etao.mytest.deploy.Deploy.execute(Deploy.java:289)
	at com.etao.mytest.deploy.OBI.check_until_timeout(OBI.java:5340)
	at sun.reflect.NativeMethodAccessorImpl.invoke0(Native Method)
	at sun.reflect.NativeMethodAccessorImpl.invoke(NativeMethodAccessorImpl.java:62)
	at sun.reflect.DelegatingMethodAccessorImpl.invoke(DelegatingMethodAccessorImpl.java:43)
	at java.lang.reflect.Method.invoke(Method.java:498)
	at com.etao.mytest.deploy.Deploy.execute(Deploy.java:289)
	at com.etao.mytest.processor.DeployProcessor.process(DeployProcessor.java:157)
	at com.etao.mytest.command.Command.execute(Command.java:552)
	at com.etao.mytest.main.TestCase.run(TestCase.java:779)
	at com.etao.mytest.main.MyTest.main(MyTest.java:129)
Caused by: com.mysql.cj.exceptions.CJCommunicationsException: Communications link failure

The last packet sent successfully to the server was 0 milliseconds ago. The driver has not received any packets from the server.
	at sun.reflect.NativeConstructorAccessorImpl.newInstance0(Native Method)
	at sun.reflect.NativeConstructorAccessorImpl.newInstance(NativeConstructorAccessorImpl.java:62)
	at sun.reflect.DelegatingConstructorAccessorImpl.newInstance(DelegatingConstructorAccessorImpl.java:45)
	at java.lang.reflect.Constructor.newInstance(Constructor.java:423)
	at com.mysql.cj.exceptions.ExceptionFactory.createException(ExceptionFactory.java:62)
	at com.mysql.cj.exceptions.ExceptionFactory.createException(ExceptionFactory.java:105)
	at com.mysql.cj.exceptions.ExceptionFactory.createException(ExceptionFactory.java:150)
	at com.mysql.cj.exceptions.ExceptionFactory.createCommunicationsException(ExceptionFactory.java:166)
	at com.mysql.cj.protocol.a.NativeSocketConnection.connect(NativeSocketConnection.java:89)
	at com.mysql.cj.NativeSession.connect(NativeSession.java:121)
	at com.mysql.cj.jdbc.ConnectionImpl.connectOneTryOnly(ConnectionImpl.java:945)
	at com.mysql.cj.jdbc.ConnectionImpl.createNewIO(ConnectionImpl.java:815)
	... 22 more
Caused by: java.net.ConnectException: Connection refused (Connection refused)
	at java.net.PlainSocketImpl.socketConnect(Native Method)
	at java.net.AbstractPlainSocketImpl.doConnect(AbstractPlainSocketImpl.java:350)
	at java.net.AbstractPlainSocketImpl.connectToAddress(AbstractPlainSocketImpl.java:206)
	at java.net.AbstractPlainSocketImpl.connect(AbstractPlainSocketImpl.java:188)
	at java.net.SocksSocketImpl.connect(SocksSocketImpl.java:392)
	at java.net.Socket.connect(Socket.java:607)
	at com.mysql.cj.protocol.StandardSocketFactory.connect(StandardSocketFactory.java:153)
	at com.mysql.cj.protocol.a.NativeSocketConnection.connect(NativeSocketConnection.java:63)
	... 25 more
[2026-10-03 04:58:29.609][WARN ] [Deploy         :298] - execute db_s.select_one_value select count(*) from oceanbase.__all_virtual_server_stat where role = 'STANDBY' result => null
[2026-10-03 04:58:29.610][WARN ] [OBI            :5348] - expect => 1, actual => null, left timeout => 180, totaltime => 180, file => 158/305, file_percent => 51
[2026-10-03 04:58:30.610][INFO ] [Deploy         :287] - execute db_s.select_one_value select count(*) from oceanbase.__all_virtual_server_stat where role = 'STANDBY'
[2026-10-03 04:58:30.611][INFO ] [SQLProcessor   :2086] - execute sql => select count(*) from oceanbase.__all_virtual_server_stat where role = 'STANDBY'
[2026-10-03 04:58:30.612][ERROR] [SQLProcessor   :2096] - user => admin@sys, passwd => admin, jdbcUrl => jdbc:mysql://6.12.232.130:42036/oceanbase?useAffectedRows=true&emulateUnsupportedPstmts=false&characterEncoding=utf8&useServerPrepStmts=false&prepStmtCacheSqlLimit=1000&enableQueryTimeouts=true&useLocalSessionState=false&useLocalTransactionState=false&rewriteBatchedStatements=true&allowMultiQueries=true&socketTimeout=600000
[2026-10-03 04:58:30.612][ERROR] [SQLProcessor   :2098] - execute sql => select count(*) from oceanbase.__all_virtual_server_stat where role = 'STANDBY' failed
com.mysql.cj.jdbc.exceptions.CommunicationsException: Communications link failure

The last packet sent successfully to the server was 0 milliseconds ago. The driver has not received any packets from the server.
	at com.mysql.cj.jdbc.exceptions.SQLError.createCommunicationsException(SQLError.java:175)
	at com.mysql.cj.jdbc.exceptions.SQLExceptionsMapping.translateException(SQLExceptionsMapping.java:64)
	at com.mysql.cj.jdbc.ConnectionImpl.createNewIO(ConnectionImpl.java:825)
	at com.mysql.cj.jdbc.ConnectionImpl.<init>(ConnectionImpl.java:446)
	at com.mysql.cj.jdbc.ConnectionImpl.getInstance(ConnectionImpl.java:239)
	at com.mysql.cj.jdbc.NonRegisteringDriver.connect(NonRegisteringDriver.java:188)
	at java.sql.DriverManager.getConnection(DriverManager.java:664)
	at java.sql.DriverManager.getConnection(DriverManager.java:247)
	at com.etao.mytest.processor.SQLProcessor.selectGetValue(SQLProcessor.java:2088)
	at com.etao.mytest.deploy.OBI.select_one_value(OBI.java:4540)
	at sun.reflect.NativeMethodAccessorImpl.invoke0(Native Method)
	at sun.reflect.NativeMethodAccessorImpl.invoke(NativeMethodAccessorImpl.java:62)
	at sun.reflect.DelegatingMethodAccessorImpl.invoke(DelegatingMethodAccessorImpl.java:43)
	at java.lang.reflect.Method.invoke(Method.java:498)
	at com.etao.mytest.deploy.Deploy.execute(Deploy.java:289)
	at com.etao.mytest.deploy.OBI.check_until_timeout(OBI.java:5340)
	at sun.reflect.NativeMethodAccessorImpl.invoke0(Native Method)
	at sun.reflect.NativeMethodAccessorImpl.invoke(NativeMethodAccessorImpl.java:62)
	at sun.reflect.DelegatingMethodAccessorImpl.invoke(DelegatingMethodAccessorImpl.java:43)
	at java.lang.reflect.Method.invoke(Method.java:498)
	at com.etao.mytest.deploy.Deploy.execute(Deploy.java:289)
	at com.etao.mytest.processor.DeployProcessor.process(DeployProcessor.java:157)
	at com.etao.mytest.command.Command.execute(Command.java:552)
	at com.etao.mytest.main.TestCase.run(TestCase.java:779)
	at com.etao.mytest.main.MyTest.main(MyTest.java:129)
Caused by: com.mysql.cj.exceptions.CJCommunicationsException: Communications link failure

The last packet sent successfully to the server was 0 milliseconds ago. The driver has not received any packets from the server.
	at sun.reflect.NativeConstructorAccessorImpl.newInstance0(Native Method)
	at sun.reflect.NativeConstructorAccessorImpl.newInstance(NativeConstructorAccessorImpl.java:62)
	at sun.reflect.DelegatingConstructorAccessorImpl.newInstance(DelegatingConstructorAccessorImpl.java:45)
	at java.lang.reflect.Constructor.newInstance(Constructor.java:423)
	at com.mysql.cj.exceptions.ExceptionFactory.createException(ExceptionFactory.java:62)
	at com.mysql.cj.exceptions.ExceptionFactory.createException(ExceptionFactory.java:105)
	at com.mysql.cj.exceptions.ExceptionFactory.createException(ExceptionFactory.java:150)
	at com.mysql.cj.exceptions.ExceptionFactory.createCommunicationsException(ExceptionFactory.java:166)
	at com.mysql.cj.protocol.a.NativeSocketConnection.connect(NativeSocketConnection.java:89)
	at com.mysql.cj.NativeSession.connect(NativeSession.java:121)
	at com.mysql.cj.jdbc.ConnectionImpl.connectOneTryOnly(ConnectionImpl.java:945)
	at com.mysql.cj.jdbc.ConnectionImpl.createNewIO(ConnectionImpl.java:815)
	... 22 more
Caused by: java.net.ConnectException: Connection refused (Connection refused)
	at java.net.PlainSocketImpl.socketConnect(Native Method)
	at java.net.AbstractPlainSocketImpl.doConnect(AbstractPlainSocketImpl.java:350)
	at java.net.AbstractPlainSocketImpl.connectToAddress(AbstractPlainSocketImpl.java:206)
	at java.net.AbstractPlainSocketImpl.connect(AbstractPlainSocketImpl.java:188)
	at java.net.SocksSocketImpl.connect(SocksSocketImpl.java:392)
	at java.net.Socket.connect(Socket.java:607)
	at com.mysql.cj.protocol.StandardSocketFactory.connect(StandardSocketFactory.java:153)
	at com.mysql.cj.protocol.a.NativeSocketConnection.connect(NativeSocketConnection.java:63)
	... 25 more
[2026-10-03 04:58:30.613][WARN ] [Deploy         :298] - execute db_s.select_one_value select count(*) from oceanbase.__all_virtual_server_stat where role = 'STANDBY' result => null
[2026-10-03 04:58:30.613][WARN ] [OBI            :5348] - expect => 1, actual => null, left timeout => 179, totaltime => 180, file => 158/305, file_percent => 51
[2026-10-03 04:58:31.613][INFO ] [Deploy         :287] - execute db_s.select_one_value select count(*) from oceanbase.__all_virtual_server_stat where role = 'STANDBY'
[2026-10-03 04:58:31.614][INFO ] [SQLProcessor   :2086] - execute sql => select count(*) from oceanbase.__all_virtual_server_stat where role = 'STANDBY'
[2026-10-03 04:58:31.616][ERROR] [SQLProcessor   :2096] - user => admin@sys, passwd => admin, jdbcUrl => jdbc:mysql://6.12.232.130:42036/oceanbase?useAffectedRows=true&emulateUnsupportedPstmts=false&characterEncoding=utf8&useServerPrepStmts=false&prepStmtCacheSqlLimit=1000&enableQueryTimeouts=true&useLocalSessionState=false&useLocalTransactionState=false&rewriteBatchedStatements=true&allowMultiQueries=true&socketTimeout=600000
[2026-10-03 04:58:31.616][ERROR] [SQLProcessor   :2098] - execute sql => select count(*) from oceanbase.__all_virtual_server_stat where role = 'STANDBY' failed
com.mysql.cj.jdbc.exceptions.CommunicationsException: Communications link failure

The last packet sent successfully to the server was 0 milliseconds ago. The driver has not received any packets from the server.
	at com.mysql.cj.jdbc.exceptions.SQLError.createCommunicationsException(SQLError.java:175)
	at com.mysql.cj.jdbc.exceptions.SQLExceptionsMapping.translateException(SQLExceptionsMapping.java:64)
	at com.mysql.cj.jdbc.ConnectionImpl.createNewIO(ConnectionImpl.java:825)
	at com.mysql.cj.jdbc.ConnectionImpl.<init>(ConnectionImpl.java:446)
	at com.mysql.cj.jdbc.ConnectionImpl.getInstance(ConnectionImpl.java:239)
	at com.mysql.cj.jdbc.NonRegisteringDriver.connect(NonRegisteringDriver.java:188)
	at java.sql.DriverManager.getConnection(DriverManager.java:664)
	at java.sql.DriverManager.getConnection(DriverManager.java:247)
	at com.etao.mytest.processor.SQLProcessor.selectGetValue(SQLProcessor.java:2088)
	at com.etao.mytest.deploy.OBI.select_one_value(OBI.java:4540)
	at sun.reflect.NativeMethodAccessorImpl.invoke0(Native Method)
	at sun.reflect.NativeMethodAccessorImpl.invoke(NativeMethodAccessorImpl.java:62)
	at sun.reflect.DelegatingMethodAccessorImpl.invoke(DelegatingMethodAccessorImpl.java:43)
	at java.lang.reflect.Method.invoke(Method.java:498)
	at com.etao.mytest.deploy.Deploy.execute(Deploy.java:289)
	at com.etao.mytest.deploy.OBI.check_until_timeout(OBI.java:5340)
	at sun.reflect.NativeMethodAccessorImpl.invoke0(Native Method)
	at sun.reflect.NativeMethodAccessorImpl.invoke(NativeMethodAccessorImpl.java:62)
	at sun.reflect.DelegatingMethodAccessorImpl.invoke(DelegatingMethodAccessorImpl.java:43)
	at java.lang.reflect.Method.invoke(Method.java:498)
	at com.etao.mytest.deploy.Deploy.execute(Deploy.java:289)
	at com.etao.mytest.processor.DeployProcessor.process(DeployProcessor.java:157)
	at com.etao.mytest.command.Command.execute(Command.java:552)
	at com.etao.mytest.main.TestCase.run(TestCase.java:779)
	at com.etao.mytest.main.MyTest.main(MyTest.java:129)
Caused by: com.mysql.cj.exceptions.CJCommunicationsException: Communications link failure

The last packet sent successfully to the server was 0 milliseconds ago. The driver has not received any packets from the server.
	at sun.reflect.NativeConstructorAccessorImpl.newInstance0(Native Method)
	at sun.reflect.NativeConstructorAccessorImpl.newInstance(NativeConstructorAccessorImpl.java:62)
	at sun.reflect.DelegatingConstructorAccessorImpl.newInstance(DelegatingConstructorAccessorImpl.java:45)
	at java.lang.reflect.Constructor.newInstance(Constructor.java:423)
	at com.mysql.cj.exceptions.ExceptionFactory.createException(ExceptionFactory.java:62)
	at com.mysql.cj.exceptions.ExceptionFactory.createException(ExceptionFactory.java:105)
	at com.mysql.cj.exceptions.ExceptionFactory.createException(ExceptionFactory.java:150)
	at com.mysql.cj.exceptions.ExceptionFactory.createCommunicationsException(ExceptionFactory.java:166)
	at com.mysql.cj.protocol.a.NativeSocketConnection.connect(NativeSocketConnection.java:89)
	at com.mysql.cj.NativeSession.connect(NativeSession.java:121)
	at com.mysql.cj.jdbc.ConnectionImpl.connectOneTryOnly(ConnectionImpl.java:945)
	at com.mysql.cj.jdbc.ConnectionImpl.createNewIO(ConnectionImpl.java:815)
	... 22 more
Caused by: java.net.ConnectException: Connection refused (Connection refused)
	at java.net.PlainSocketImpl.socketConnect(Native Method)
	at java.net.AbstractPlainSocketImpl.doConnect(AbstractPlainSocketImpl.java:350)
	at java.net.AbstractPlainSocketImpl.connectToAddress(AbstractPlainSocketImpl.java:206)
	at java.net.AbstractPlainSocketImpl.connect(AbstractPlainSocketImpl.java:188)
	at java.net.SocksSocketImpl.connect(SocksSocketImpl.java:392)
	at java.net.Socket.connect(Socket.java:607)
	at com.mysql.cj.protocol.StandardSocketFactory.connect(StandardSocketFactory.java:153)
	at com.mysql.cj.protocol.a.NativeSocketConnection.connect(NativeSocketConnection.java:63)
	... 25 more
[2026-10-03 04:58:31.617][WARN ] [Deploy         :298] - execute db_s.select_one_value select count(*) from oceanbase.__all_virtual_server_stat where role = 'STANDBY' result => null
[2026-10-03 04:58:31.617][WARN ] [OBI            :5348] - expect => 1, actual => null, left timeout => 178, totaltime => 180, file => 158/305, file_percent => 51
[2026-10-03 04:58:32.617][INFO ] [Deploy         :287] - execute db_s.select_one_value select count(*) from oceanbase.__all_virtual_server_stat where role = 'STANDBY'
[2026-10-03 04:58:32.618][INFO ] [SQLProcessor   :2086] - execute sql => select count(*) from oceanbase.__all_virtual_server_stat where role = 'STANDBY'
[2026-10-03 04:58:32.620][ERROR] [SQLProcessor   :2096] - user => admin@sys, passwd => admin, jdbcUrl => jdbc:mysql://6.12.232.130:42036/oceanbase?useAffectedRows=true&emulateUnsupportedPstmts=false&characterEncoding=utf8&useServerPrepStmts=false&prepStmtCacheSqlLimit=1000&enableQueryTimeouts=true&useLocalSessionState=false&useLocalTransactionState=false&rewriteBatchedStatements=true&allowMultiQueries=true&socketTimeout=600000
[2026-10-03 04:58:32.620][ERROR] [SQLProcessor   :2098] - execute sql => select count(*) from oceanbase.__all_virtual_server_stat where role = 'STANDBY' failed
com.mysql.cj.jdbc.exceptions.CommunicationsException: Communications link failure

The last packet sent successfully to the server was 0 milliseconds ago. The driver has not received any packets from the server.
	at com.mysql.cj.jdbc.exceptions.SQLError.createCommunicationsException(SQLError.java:175)
	at com.mysql.cj.jdbc.exceptions.SQLExceptionsMapping.translateException(SQLExceptionsMapping.java:64)
	at com.mysql.cj.jdbc.ConnectionImpl.createNewIO(ConnectionImpl.java:825)
	at com.mysql.cj.jdbc.ConnectionImpl.<init>(ConnectionImpl.java:446)
	at com.mysql.cj.jdbc.ConnectionImpl.getInstance(ConnectionImpl.java:239)
	at com.mysql.cj.jdbc.NonRegisteringDriver.connect(NonRegisteringDriver.java:188)
	at java.sql.DriverManager.getConnection(DriverManager.java:664)
	at java.sql.DriverManager.getConnection(DriverManager.java:247)
	at com.etao.mytest.processor.SQLProcessor.selectGetValue(SQLProcessor.java:2088)
	at com.etao.mytest.deploy.OBI.select_one_value(OBI.java:4540)
	at sun.reflect.NativeMethodAccessorImpl.invoke0(Native Method)
	at sun.reflect.NativeMethodAccessorImpl.invoke(NativeMethodAccessorImpl.java:62)
	at sun.reflect.DelegatingMethodAccessorImpl.invoke(DelegatingMethodAccessorImpl.java:43)
	at java.lang.reflect.Method.invoke(Method.java:498)
	at com.etao.mytest.deploy.Deploy.execute(Deploy.java:289)
	at com.etao.mytest.deploy.OBI.check_until_timeout(OBI.java:5340)
	at sun.reflect.NativeMethodAccessorImpl.invoke0(Native Method)
	at sun.reflect.NativeMethodAccessorImpl.invoke(NativeMethodAccessorImpl.java:62)
	at sun.reflect.DelegatingMethodAccessorImpl.invoke(DelegatingMethodAccessorImpl.java:43)
	at java.lang.reflect.Method.invoke(Method.java:498)
	at com.etao.mytest.deploy.Deploy.execute(Deploy.java:289)
	at com.etao.mytest.processor.DeployProcessor.process(DeployProcessor.java:157)
	at com.etao.mytest.command.Command.execute(Command.java:552)
	at com.etao.mytest.main.TestCase.run(TestCase.java:779)
	at com.etao.mytest.main.MyTest.main(MyTest.java:129)
Caused by: com.mysql.cj.exceptions.CJCommunicationsException: Communications link failure

The last packet sent successfully to the server was 0 milliseconds ago. The driver has not received any packets from the server.
	at sun.reflect.NativeConstructorAccessorImpl.newInstance0(Native Method)
	at sun.reflect.NativeConstructorAccessorImpl.newInstance(NativeConstructorAccessorImpl.java:62)
	at sun.reflect.DelegatingConstructorAccessorImpl.newInstance(DelegatingConstructorAccessorImpl.java:45)
	at java.lang.reflect.Constructor.newInstance(Constructor.java:423)
	at com.mysql.cj.exceptions.ExceptionFactory.createException(ExceptionFactory.java:62)
	at com.mysql.cj.exceptions.ExceptionFactory.createException(ExceptionFactory.java:105)
	at com.mysql.cj.exceptions.ExceptionFactory.createException(ExceptionFactory.java:150)
	at com.mysql.cj.exceptions.ExceptionFactory.createCommunicationsException(ExceptionFactory.java:166)
	at com.mysql.cj.protocol.a.NativeSocketConnection.connect(NativeSocketConnection.java:89)
	at com.mysql.cj.NativeSession.connect(NativeSession.java:121)
	at com.mysql.cj.jdbc.ConnectionImpl.connectOneTryOnly(ConnectionImpl.java:945)
	at com.mysql.cj.jdbc.ConnectionImpl.createNewIO(ConnectionImpl.java:815)
	... 22 more
Caused by: java.net.ConnectException: Connection refused (Connection refused)
	at java.net.PlainSocketImpl.socketConnect(Native Method)
	at java.net.AbstractPlainSocketImpl.doConnect(AbstractPlainSocketImpl.java:350)
	at java.net.AbstractPlainSocketImpl.connectToAddress(AbstractPlainSocketImpl.java:206)
	at java.net.AbstractPlainSocketImpl.connect(AbstractPlainSocketImpl.java:188)
	at java.net.SocksSocketImpl.connect(SocksSocketImpl.java:392)
	at java.net.Socket.connect(Socket.java:607)
	at com.mysql.cj.protocol.StandardSocketFactory.connect(StandardSocketFactory.java:153)
	at com.mysql.cj.protocol.a.NativeSocketConnection.connect(NativeSocketConnection.java:63)
	... 25 more
[2026-10-03 04:58:32.621][WARN ] [Deploy         :298] - execute db_s.select_one_value select count(*) from oceanbase.__all_virtual_server_stat where role = 'STANDBY' result => null
[2026-10-03 04:58:32.621][WARN ] [OBI            :5348] - expect => 1, actual => null, left timeout => 177, totaltime => 180, file => 158/305, file_percent => 51
[2026-10-03 04:58:33.622][INFO ] [Deploy         :287] - execute db_s.select_one_value select count(*) from oceanbase.__all_virtual_server_stat where role = 'STANDBY'
[2026-10-03 04:58:33.623][INFO ] [SQLProcessor   :2086] - execute sql => select count(*) from oceanbase.__all_virtual_server_stat where role = 'STANDBY'
[2026-10-03 04:58:33.665][INFO ] [Deploy         :294] - execute db_s.select_one_value select count(*) from oceanbase.__all_virtual_server_stat where role = 'STANDBY' result => 1
[2026-10-03 04:58:33.666][INFO ] [OBI            :5345] - check success! use time = 4
[2026-10-03 04:58:33.666][INFO ] [Deploy         :294] - execute db_s.check_until_timeout select count(*) from oceanbase.__all_virtual_server_stat where role = 'STANDBY', 1, 180 result => true
[2026-10-03 04:58:33.666][INFO ] [Command        :353] - start[1790974709600] time[4065] tag[Q_DEPLOY]
[2026-10-03 04:58:33.667][INFO ] [Command        :536] - > LINE => 161, CMD => Q_DEPLOY, CONTENT => db_s.check_until_timeout select count(*) from oceanbase.__all_virtual_server_stat where role = 'STANDBY' and sync_scn >= $primary_scn_2, 1, 180;
[2026-10-03 04:58:33.668][INFO ] [DeployProcessor:93] - deploy => db_s.check_until_timeout select count(*) from oceanbase.__all_virtual_server_stat where role = 'STANDBY' and sync_scn >= 1790974705909272000, 1, 180
[2026-10-03 04:58:33.668][INFO ] [Deploy         :287] - execute db_s.check_until_timeout select count(*) from oceanbase.__all_virtual_server_stat where role = 'STANDBY' and sync_scn >= 1790974705909272000, 1, 180
[2026-10-03 04:58:33.668][INFO ] [Deploy         :287] - execute db_s.select_one_value select count(*) from oceanbase.__all_virtual_server_stat where role = 'STANDBY' and sync_scn >= 1790974705909272000
[2026-10-03 04:58:33.668][INFO ] [SQLProcessor   :2086] - execute sql => select count(*) from oceanbase.__all_virtual_server_stat where role = 'STANDBY' and sync_scn >= 1790974705909272000
[2026-10-03 04:58:33.677][INFO ] [Deploy         :294] - execute db_s.select_one_value select count(*) from oceanbase.__all_virtual_server_stat where role = 'STANDBY' and sync_scn >= 1790974705909272000 result => 1
[2026-10-03 04:58:33.677][INFO ] [OBI            :5345] - check success! use time = 0
[2026-10-03 04:58:33.678][INFO ] [Deploy         :294] - execute db_s.check_until_timeout select count(*) from oceanbase.__all_virtual_server_stat where role = 'STANDBY' and sync_scn >= 1790974705909272000, 1, 180 result => true
[2026-10-03 04:58:33.678][INFO ] [Command        :353] - start[1790974713667] time[10] tag[Q_DEPLOY]
[2026-10-03 04:58:33.678][INFO ] [Command        :536] - > LINE => 164, CMD => Q_CONNECT, CONTENT => ob_connect(conn_sys_s2, db_s.z1.obs0, root@sys, , oceanbase, , USE_MYSQL_CONNECTOR)
[2026-10-03 04:58:33.679][INFO ] [SQLProcessor   :1505] - conn_sys_s2 create a physical connection  using jdbc:mysql://6.12.232.130:42036/oceanbase?useAffectedRows=true&emulateUnsupportedPstmts=false&characterEncoding=utf8&useServerPrepStmts=true&prepStmtCacheSqlLimit=1000&enableQueryTimeouts=false&useLocalSessionState=false&useLocalTransactionState=false&rewriteBatchedStatements=true&allowMultiQueries=true&socketTimeout=1800000 user/pwd is root@sys/
[2026-10-03 04:58:33.695][INFO ] [SQLProcessor   :1519] - connection => conn_sys_s2 is mysql mode.
[2026-10-03 04:58:33.695][INFO ] [SQLProcessor   :1522] - put conn: dataid=conn_sys_s2 currentConn=com.mysql.cj.jdbc.ConnectionImpl@7a0e1b5e hashcode => 2047744862
[2026-10-03 04:58:33.695][INFO ] [Command        :353] - start[1790974713678] time[17] tag[Q_CONNECT]
[2026-10-03 04:58:33.695][INFO ] [Command        :536] - > LINE => 165, CMD => Q_CONNECTION, CONTENT => connection conn_sys_s2
[2026-10-03 04:58:33.696][INFO ] [SQLProcessor   :1128] - use connection => conn_sys_s2 hashcode => 2047744862
[2026-10-03 04:58:33.698][INFO ] [SQLProcessor   :1158] - connection => conn_sys_s2 is mysql mode. conn=com.mysql.cj.jdbc.ConnectionImpl@7a0e1b5e
[2026-10-03 04:58:33.698][INFO ] [Command        :353] - start[1790974713696] time[2] tag[Q_CONNECTION]
[2026-10-03 04:58:33.698][INFO ] [Command        :536] - > LINE => 167, CMD => Q_ENABLE_QUERY_LOG, CONTENT => --enable_query_log
[2026-10-03 04:58:33.698][INFO ] [Command        :353] - start[1790974713698] time[0] tag[Q_ENABLE_QUERY_LOG]
[2026-10-03 04:58:33.699][INFO ] [Command        :536] - > LINE => 168, CMD => Q_ENABLE_RESULT_LOG, CONTENT => --enable_result_log
[2026-10-03 04:58:33.699][INFO ] [Command        :353] - start[1790974713699] time[0] tag[Q_ENABLE_RESULT_LOG]
[2026-10-03 04:58:33.699][INFO ] [Command        :536] - > LINE => 170, CMD => Q_LET, CONTENT => $restart_step
[2026-10-03 04:58:33.699][INFO ] [Command        :353] - start[1790974713699] time[0] tag[Q_LET]
[2026-10-03 04:58:33.700][INFO ] [Command        :536] - > LINE => 171, CMD => Q_SOURCE, CONTENT => t/stanby/include/standby_restart_workloads.inc
[2026-10-03 04:58:33.700][INFO ] [TestCase       :761] - Read file => t/stanby/include/standby_restart_workloads.inc
[2026-10-03 04:58:33.700][INFO ] [TestCase       :721] - Finish read case: file_lines => 18, lineNo => 8
[2026-10-03 04:58:33.700][INFO ] [Command        :536] - > LINE => 11, CMD => Q_ECHO, CONTENT => --- ddl ---
[2026-10-03 04:58:33.700][INFO ] [Command        :353] - start[1790974713700] time[0] tag[Q_ECHO]
[2026-10-03 04:58:33.701][INFO ] [Command        :536] - > LINE => 12, CMD => Q_SOURCE, CONTENT => t/stanby/include/standby_restart_ddl.inc
[2026-10-03 04:58:33.701][INFO ] [TestCase       :761] - Read file => t/stanby/include/standby_restart_ddl.inc
[2026-10-03 04:58:33.701][INFO ] [TestCase       :721] - Finish read case: file_lines => 82, lineNo => 59
[2026-10-03 04:58:33.701][INFO ] [Command        :536] - > LINE => 0, CMD => Q_IF, CONTENT => $restart_step == 1
[2026-10-03 04:58:33.708][INFO ] [Command        :353] - start[1790974713701] time[6] tag[Q_IF]
[2026-10-03 04:58:33.708][INFO ] [Command        :536] - > LINE => 0, CMD => Q_IF, CONTENT => $restart_step == 2
[2026-10-03 04:58:33.711][INFO ] [Command        :353] - start[1790974713708] time[3] tag[Q_IF]
[2026-10-03 04:58:33.712][INFO ] [Command        :536] - > LINE => 0, CMD => Q_IF, CONTENT => $restart_step == 3
[2026-10-03 04:58:33.715][INFO ] [Command        :353] - start[1790974713712] time[3] tag[Q_IF]
[2026-10-03 04:58:33.715][INFO ] [Command        :536] - > LINE => 0, CMD => Q_IF, CONTENT => $restart_step == 4
[2026-10-03 04:58:33.719][INFO ] [Command        :536] - > LINE => 0, CMD => Q_DISABLE_QUERY_LOG, CONTENT => --disable_query_log
[2026-10-03 04:58:33.719][INFO ] [Command        :353] - start[1790974713719] time[0] tag[Q_DISABLE_QUERY_LOG]
[2026-10-03 04:58:33.719][INFO ] [Command        :536] - > LINE => 0, CMD => Q_DISABLE_RESULT_LOG, CONTENT => --disable_result_log
[2026-10-03 04:58:33.719][INFO ] [Command        :353] - start[1790974713719] time[0] tag[Q_DISABLE_RESULT_LOG]
[2026-10-03 04:58:33.720][INFO ] [Command        :536] - > LINE => 0, CMD => Q_DEPLOY, CONTENT => db_s.check_until_timeout select count(*) from test_restart_ddl where extra_col = 'modified', 1, 120;
[2026-10-03 04:58:33.720][INFO ] [DeployProcessor:93] - deploy => db_s.check_until_timeout select count(*) from test_restart_ddl where extra_col = 'modified', 1, 120
[2026-10-03 04:58:33.720][INFO ] [Deploy         :287] - execute db_s.check_until_timeout select count(*) from test_restart_ddl where extra_col = 'modified', 1, 120
[2026-10-03 04:58:33.720][INFO ] [Deploy         :287] - execute db_s.select_one_value select count(*) from test_restart_ddl where extra_col = 'modified'
[2026-10-03 04:58:33.721][INFO ] [SQLProcessor   :2086] - execute sql => select count(*) from test_restart_ddl where extra_col = 'modified'
[2026-10-03 04:58:33.739][INFO ] [Deploy         :294] - execute db_s.select_one_value select count(*) from test_restart_ddl where extra_col = 'modified' result => 1
[2026-10-03 04:58:33.739][INFO ] [OBI            :5345] - check success! use time = 0
[2026-10-03 04:58:33.739][INFO ] [Deploy         :294] - execute db_s.check_until_timeout select count(*) from test_restart_ddl where extra_col = 'modified', 1, 120 result => true
[2026-10-03 04:58:33.739][INFO ] [Command        :353] - start[1790974713720] time[19] tag[Q_DEPLOY]
[2026-10-03 04:58:33.740][INFO ] [Command        :536] - > LINE => 0, CMD => Q_ENABLE_QUERY_LOG, CONTENT => --enable_query_log
[2026-10-03 04:58:33.740][INFO ] [Command        :353] - start[1790974713740] time[0] tag[Q_ENABLE_QUERY_LOG]
[2026-10-03 04:58:33.740][INFO ] [Command        :536] - > LINE => 0, CMD => Q_ENABLE_RESULT_LOG, CONTENT => --enable_result_log
[2026-10-03 04:58:33.740][INFO ] [Command        :353] - start[1790974713740] time[0] tag[Q_ENABLE_RESULT_LOG]
[2026-10-03 04:58:33.740][INFO ] [Command        :536] - > LINE => 0, CMD => Q_QUERY, CONTENT => select count(*) from test_restart_ddl;
[2026-10-03 04:58:33.745][INFO ] [Command        :353] - start[1790974713741] time[4] tag[Q_QUERY]
[2026-10-03 04:58:33.745][INFO ] [Command        :536] - > LINE => 0, CMD => Q_QUERY, CONTENT => select id, name, value from test_restart_ddl order by id;
[2026-10-03 04:58:33.749][INFO ] [Command        :353] - start[1790974713745] time[3] tag[Q_QUERY]
[2026-10-03 04:58:33.749][INFO ] [Command        :536] - > LINE => 0, CMD => Q_QUERY, CONTENT => select id, name, value, extra_col from test_restart_ddl where id = 1;
[2026-10-03 04:58:33.753][INFO ] [Command        :353] - start[1790974713749] time[3] tag[Q_QUERY]
[2026-10-03 04:58:33.753][INFO ] [Command        :536] - > LINE => 0, CMD => Q_QUERY, CONTENT => select count(*) from test_restart_ddl_new;
[2026-10-03 04:58:33.763][INFO ] [Command        :353] - start[1790974713754] time[9] tag[Q_QUERY]
[2026-10-03 04:58:33.764][INFO ] [Command        :536] - > LINE => 0, CMD => Q_QUERY, CONTENT => select * from test_restart_ddl_new order by a;
[2026-10-03 04:58:33.767][INFO ] [Command        :353] - start[1790974713764] time[3] tag[Q_QUERY]
[2026-10-03 04:58:33.768][INFO ] [Command        :353] - start[1790974713715] time[52] tag[Q_IF]
[2026-10-03 04:58:33.768][INFO ] [Command        :536] - > LINE => 0, CMD => Q_IF, CONTENT => $restart_step == 5
[2026-10-03 04:58:33.772][INFO ] [Command        :353] - start[1790974713768] time[4] tag[Q_IF]
[2026-10-03 04:58:33.772][INFO ] [Command        :536] - > LINE => 0, CMD => Q_IF, CONTENT => $restart_step == 6
[2026-10-03 04:58:33.775][INFO ] [Command        :353] - start[1790974713773] time[2] tag[Q_IF]
[2026-10-03 04:58:33.776][INFO ] [Command        :536] - > LINE => 0, CMD => Q_IF, CONTENT => $restart_step == 7
[2026-10-03 04:58:33.778][INFO ] [Command        :353] - start[1790974713776] time[2] tag[Q_IF]
[2026-10-03 04:58:33.779][INFO ] [Command        :536] - > LINE => 0, CMD => Q_IF, CONTENT => $restart_step == 8
[2026-10-03 04:58:33.781][INFO ] [Command        :353] - start[1790974713779] time[2] tag[Q_IF]
[2026-10-03 04:58:33.782][INFO ] [Command        :353] - start[1790974713701] time[80] tag[Q_SOURCE]
[2026-10-03 04:58:33.782][INFO ] [Command        :536] - > LINE => 13, CMD => Q_ECHO, CONTENT => --- fulltext ---
[2026-10-03 04:58:33.782][INFO ] [Command        :353] - start[1790974713782] time[0] tag[Q_ECHO]
[2026-10-03 04:58:33.782][INFO ] [Command        :536] - > LINE => 14, CMD => Q_SOURCE, CONTENT => t/stanby/include/standby_restart_fulltext.inc
[2026-10-03 04:58:33.782][INFO ] [TestCase       :761] - Read file => t/stanby/include/standby_restart_fulltext.inc
[2026-10-03 04:58:33.782][INFO ] [TestCase       :721] - Finish read case: file_lines => 62, lineNo => 40
[2026-10-03 04:58:33.783][INFO ] [Command        :536] - > LINE => 0, CMD => Q_IF, CONTENT => $restart_step == 1
[2026-10-03 04:58:33.785][INFO ] [Command        :353] - start[1790974713783] time[2] tag[Q_IF]
[2026-10-03 04:58:33.786][INFO ] [Command        :536] - > LINE => 0, CMD => Q_IF, CONTENT => $restart_step == 2
[2026-10-03 04:58:33.789][INFO ] [Command        :353] - start[1790974713786] time[2] tag[Q_IF]
[2026-10-03 04:58:33.789][INFO ] [Command        :536] - > LINE => 0, CMD => Q_IF, CONTENT => $restart_step == 3
[2026-10-03 04:58:33.792][INFO ] [Command        :353] - start[1790974713789] time[2] tag[Q_IF]
[2026-10-03 04:58:33.792][INFO ] [Command        :536] - > LINE => 0, CMD => Q_IF, CONTENT => $restart_step == 4
[2026-10-03 04:58:33.795][INFO ] [Command        :536] - > LINE => 0, CMD => Q_QUERY, CONTENT => select count(*) from test_restart_fts;
[2026-10-03 04:58:33.872][INFO ] [Command        :353] - start[1790974713795] time[76] tag[Q_QUERY]
[2026-10-03 04:58:33.872][INFO ] [Command        :536] - > LINE => 0, CMD => Q_QUERY, CONTENT => select id, title from test_restart_fts order by id;
[2026-10-03 04:58:33.876][INFO ] [Command        :353] - start[1790974713872] time[3] tag[Q_QUERY]
[2026-10-03 04:58:33.876][INFO ] [Command        :353] - start[1790974713792] time[83] tag[Q_IF]
[2026-10-03 04:58:33.877][INFO ] [Command        :536] - > LINE => 0, CMD => Q_IF, CONTENT => $restart_step == 5
[2026-10-03 04:58:33.881][INFO ] [Command        :353] - start[1790974713877] time[3] tag[Q_IF]
[2026-10-03 04:58:33.881][INFO ] [Command        :536] - > LINE => 0, CMD => Q_IF, CONTENT => $restart_step == 6
[2026-10-03 04:58:33.884][INFO ] [Command        :353] - start[1790974713881] time[2] tag[Q_IF]
[2026-10-03 04:58:33.884][INFO ] [Command        :536] - > LINE => 0, CMD => Q_IF, CONTENT => $restart_step == 7
[2026-10-03 04:58:33.886][INFO ] [Command        :353] - start[1790974713884] time[2] tag[Q_IF]
[2026-10-03 04:58:33.886][INFO ] [Command        :536] - > LINE => 0, CMD => Q_IF, CONTENT => $restart_step == 8
[2026-10-03 04:58:33.889][INFO ] [Command        :353] - start[1790974713886] time[2] tag[Q_IF]
[2026-10-03 04:58:33.889][INFO ] [Command        :353] - start[1790974713782] time[106] tag[Q_SOURCE]
[2026-10-03 04:58:33.889][INFO ] [Command        :536] - > LINE => 15, CMD => Q_ECHO, CONTENT => --- vector ---
[2026-10-03 04:58:33.889][INFO ] [Command        :353] - start[1790974713889] time[0] tag[Q_ECHO]
[2026-10-03 04:58:33.890][INFO ] [Command        :536] - > LINE => 16, CMD => Q_SOURCE, CONTENT => t/stanby/include/standby_restart_vector.inc
[2026-10-03 04:58:33.890][INFO ] [TestCase       :761] - Read file => t/stanby/include/standby_restart_vector.inc
[2026-10-03 04:58:33.890][INFO ] [TestCase       :721] - Finish read case: file_lines => 91, lineNo => 57
[2026-10-03 04:58:33.890][INFO ] [Command        :536] - > LINE => 0, CMD => Q_IF, CONTENT => $restart_step == 1
[2026-10-03 04:58:33.893][INFO ] [Command        :353] - start[1790974713890] time[2] tag[Q_IF]
[2026-10-03 04:58:33.893][INFO ] [Command        :536] - > LINE => 0, CMD => Q_IF, CONTENT => $restart_step == 2
[2026-10-03 04:58:33.896][INFO ] [Command        :353] - start[1790974713893] time[2] tag[Q_IF]
[2026-10-03 04:58:33.896][INFO ] [Command        :536] - > LINE => 0, CMD => Q_IF, CONTENT => $restart_step == 3
[2026-10-03 04:58:33.900][INFO ] [Command        :353] - start[1790974713896] time[3] tag[Q_IF]
[2026-10-03 04:58:33.900][INFO ] [Command        :536] - > LINE => 0, CMD => Q_IF, CONTENT => $restart_step == 4
[2026-10-03 04:58:33.903][INFO ] [Command        :536] - > LINE => 0, CMD => Q_QUERY, CONTENT => select count(*) from test_restart_vec;
[2026-10-03 04:58:33.937][INFO ] [Command        :353] - start[1790974713903] time[34] tag[Q_QUERY]
[2026-10-03 04:58:33.938][INFO ] [Command        :536] - > LINE => 0, CMD => Q_QUERY, CONTENT => select id, name from test_restart_vec order by id;
[2026-10-03 04:58:33.942][INFO ] [Command        :353] - start[1790974713938] time[3] tag[Q_QUERY]
[2026-10-03 04:58:33.942][INFO ] [Command        :536] - > LINE => 0, CMD => Q_DISABLE_QUERY_LOG, CONTENT => --disable_query_log
[2026-10-03 04:58:33.942][INFO ] [Command        :353] - start[1790974713942] time[0] tag[Q_DISABLE_QUERY_LOG]
[2026-10-03 04:58:33.942][INFO ] [Command        :536] - > LINE => 0, CMD => Q_DISABLE_RESULT_LOG, CONTENT => --disable_result_log
[2026-10-03 04:58:33.942][INFO ] [Command        :353] - start[1790974713942] time[0] tag[Q_DISABLE_RESULT_LOG]
[2026-10-03 04:58:33.943][INFO ] [Command        :536] - > LINE => 0, CMD => Q_DEPLOY, CONTENT => db_s.check_until_timeout select count(*) from test_restart_vec_idx where label = 'idx_1', 1, 120;
[2026-10-03 04:58:33.943][INFO ] [DeployProcessor:93] - deploy => db_s.check_until_timeout select count(*) from test_restart_vec_idx where label = 'idx_1', 1, 120
[2026-10-03 04:58:33.943][INFO ] [Deploy         :287] - execute db_s.check_until_timeout select count(*) from test_restart_vec_idx where label = 'idx_1', 1, 120
[2026-10-03 04:58:33.943][INFO ] [Deploy         :287] - execute db_s.select_one_value select count(*) from test_restart_vec_idx where label = 'idx_1'
[2026-10-03 04:58:33.944][INFO ] [SQLProcessor   :2086] - execute sql => select count(*) from test_restart_vec_idx where label = 'idx_1'
[2026-10-03 04:58:33.961][INFO ] [Deploy         :294] - execute db_s.select_one_value select count(*) from test_restart_vec_idx where label = 'idx_1' result => 1
[2026-10-03 04:58:33.961][INFO ] [OBI            :5345] - check success! use time = 0
[2026-10-03 04:58:33.961][INFO ] [Deploy         :294] - execute db_s.check_until_timeout select count(*) from test_restart_vec_idx where label = 'idx_1', 1, 120 result => true
[2026-10-03 04:58:33.961][INFO ] [Command        :353] - start[1790974713943] time[18] tag[Q_DEPLOY]
[2026-10-03 04:58:33.962][INFO ] [Command        :536] - > LINE => 0, CMD => Q_ENABLE_QUERY_LOG, CONTENT => --enable_query_log
[2026-10-03 04:58:33.962][INFO ] [Command        :353] - start[1790974713962] time[0] tag[Q_ENABLE_QUERY_LOG]
[2026-10-03 04:58:33.962][INFO ] [Command        :536] - > LINE => 0, CMD => Q_ENABLE_RESULT_LOG, CONTENT => --enable_result_log
[2026-10-03 04:58:33.962][INFO ] [Command        :353] - start[1790974713962] time[0] tag[Q_ENABLE_RESULT_LOG]
[2026-10-03 04:58:33.962][INFO ] [Command        :536] - > LINE => 0, CMD => Q_QUERY, CONTENT => select count(*) from test_restart_vec_idx;
[2026-10-03 04:58:33.966][INFO ] [Command        :353] - start[1790974713962] time[3] tag[Q_QUERY]
[2026-10-03 04:58:33.966][INFO ] [Command        :536] - > LINE => 0, CMD => Q_QUERY, CONTENT => select id, label from test_restart_vec_idx order by id;
[2026-10-03 04:58:33.971][INFO ] [Command        :353] - start[1790974713966] time[4] tag[Q_QUERY]
[2026-10-03 04:58:33.971][INFO ] [Command        :353] - start[1790974713900] time[70] tag[Q_IF]
[2026-10-03 04:58:33.971][INFO ] [Command        :536] - > LINE => 0, CMD => Q_IF, CONTENT => $restart_step == 5
[2026-10-03 04:58:33.976][INFO ] [Command        :353] - start[1790974713971] time[4] tag[Q_IF]
[2026-10-03 04:58:33.976][INFO ] [Command        :536] - > LINE => 0, CMD => Q_IF, CONTENT => $restart_step == 6
[2026-10-03 04:58:33.981][INFO ] [Command        :353] - start[1790974713976] time[4] tag[Q_IF]
[2026-10-03 04:58:33.981][INFO ] [Command        :536] - > LINE => 0, CMD => Q_IF, CONTENT => $restart_step == 7
[2026-10-03 04:58:33.985][INFO ] [Command        :353] - start[1790974713981] time[3] tag[Q_IF]
[2026-10-03 04:58:33.985][INFO ] [Command        :536] - > LINE => 0, CMD => Q_IF, CONTENT => $restart_step == 8
[2026-10-03 04:58:33.988][INFO ] [Command        :353] - start[1790974713985] time[2] tag[Q_IF]
[2026-10-03 04:58:33.988][INFO ] [Command        :353] - start[1790974713890] time[98] tag[Q_SOURCE]
[2026-10-03 04:58:33.988][INFO ] [Command        :536] - > LINE => 17, CMD => Q_ECHO, CONTENT => --- fork_table ---
[2026-10-03 04:58:33.989][INFO ] [Command        :353] - start[1790974713989] time[0] tag[Q_ECHO]
[2026-10-03 04:58:33.989][INFO ] [Command        :536] - > LINE => 18, CMD => Q_SOURCE, CONTENT => t/stanby/include/standby_restart_fork_table.inc
[2026-10-03 04:58:33.989][INFO ] [TestCase       :761] - Read file => t/stanby/include/standby_restart_fork_table.inc
[2026-10-03 04:58:33.989][INFO ] [TestCase       :721] - Finish read case: file_lines => 92, lineNo => 57
[2026-10-03 04:58:33.990][INFO ] [Command        :536] - > LINE => 0, CMD => Q_IF, CONTENT => $restart_step == 1
[2026-10-03 04:58:33.999][INFO ] [Command        :353] - start[1790974713990] time[9] tag[Q_IF]
[2026-10-03 04:58:34.00][INFO ] [Command        :536] - > LINE => 0, CMD => Q_IF, CONTENT => $restart_step == 2
[2026-10-03 04:58:34.04][INFO ] [Command        :353] - start[1790974714000] time[3] tag[Q_IF]
[2026-10-03 04:58:34.04][INFO ] [Command        :536] - > LINE => 0, CMD => Q_IF, CONTENT => $restart_step == 3
[2026-10-03 04:58:34.08][INFO ] [Command        :353] - start[1790974714004] time[3] tag[Q_IF]
[2026-10-03 04:58:34.08][INFO ] [Command        :536] - > LINE => 0, CMD => Q_IF, CONTENT => $restart_step == 4
[2026-10-03 04:58:34.12][INFO ] [Command        :536] - > LINE => 0, CMD => Q_QUERY, CONTENT => select count(*) from test_restart_fork_src;
[2026-10-03 04:58:34.29][INFO ] [Command        :353] - start[1790974714012] time[16] tag[Q_QUERY]
[2026-10-03 04:58:34.30][INFO ] [Command        :536] - > LINE => 0, CMD => Q_QUERY, CONTENT => select c1, c2, c3 from test_restart_fork_src order by c1;
[2026-10-03 04:58:34.35][INFO ] [Command        :353] - start[1790974714030] time[4] tag[Q_QUERY]
[2026-10-03 04:58:34.36][INFO ] [Command        :536] - > LINE => 0, CMD => Q_QUERY, CONTENT => select count(*) from test_restart_fork_dst;
[2026-10-03 04:58:34.48][INFO ] [Command        :353] - start[1790974714036] time[12] tag[Q_QUERY]
[2026-10-03 04:58:34.49][INFO ] [Command        :536] - > LINE => 0, CMD => Q_DEPLOY, CONTENT => db_s.check_until_timeout select count(*) from test_restart_fork_dst2 where c2 = 'src_1', 1, 120;
[2026-10-03 04:58:34.49][INFO ] [DeployProcessor:93] - deploy => db_s.check_until_timeout select count(*) from test_restart_fork_dst2 where c2 = 'src_1', 1, 120
[2026-10-03 04:58:34.49][INFO ] [Deploy         :287] - execute db_s.check_until_timeout select count(*) from test_restart_fork_dst2 where c2 = 'src_1', 1, 120
[2026-10-03 04:58:34.49][INFO ] [Deploy         :287] - execute db_s.select_one_value select count(*) from test_restart_fork_dst2 where c2 = 'src_1'
[2026-10-03 04:58:34.50][INFO ] [SQLProcessor   :2086] - execute sql => select count(*) from test_restart_fork_dst2 where c2 = 'src_1'
[2026-10-03 04:58:34.73][INFO ] [Deploy         :294] - execute db_s.select_one_value select count(*) from test_restart_fork_dst2 where c2 = 'src_1' result => 1
[2026-10-03 04:58:34.74][INFO ] [OBI            :5345] - check success! use time = 0
[2026-10-03 04:58:34.74][INFO ] [Deploy         :294] - execute db_s.check_until_timeout select count(*) from test_restart_fork_dst2 where c2 = 'src_1', 1, 120 result => true
[2026-10-03 04:58:34.74][INFO ] [Command        :353] - start[1790974714049] time[25] tag[Q_DEPLOY]
[2026-10-03 04:58:34.74][INFO ] [Command        :536] - > LINE => 0, CMD => Q_QUERY, CONTENT => select count(*) from test_restart_fork_dst2;
[2026-10-03 04:58:34.79][INFO ] [Command        :353] - start[1790974714075] time[4] tag[Q_QUERY]
[2026-10-03 04:58:34.79][INFO ] [Command        :353] - start[1790974714009] time[70] tag[Q_IF]
[2026-10-03 04:58:34.80][INFO ] [Command        :536] - > LINE => 0, CMD => Q_IF, CONTENT => $restart_step == 5
[2026-10-03 04:58:34.83][INFO ] [Command        :353] - start[1790974714080] time[3] tag[Q_IF]
[2026-10-03 04:58:34.84][INFO ] [Command        :536] - > LINE => 0, CMD => Q_IF, CONTENT => $restart_step == 6
[2026-10-03 04:58:34.88][INFO ] [Command        :353] - start[1790974714084] time[4] tag[Q_IF]
[2026-10-03 04:58:34.88][INFO ] [Command        :536] - > LINE => 0, CMD => Q_IF, CONTENT => $restart_step == 7
[2026-10-03 04:58:34.92][INFO ] [Command        :353] - start[1790974714088] time[3] tag[Q_IF]
[2026-10-03 04:58:34.92][INFO ] [Command        :536] - > LINE => 0, CMD => Q_IF, CONTENT => $restart_step == 8
[2026-10-03 04:58:34.106][INFO ] [Command        :353] - start[1790974714092] time[13] tag[Q_IF]
[2026-10-03 04:58:34.106][INFO ] [Command        :353] - start[1790974713989] time[116] tag[Q_SOURCE]
[2026-10-03 04:58:34.106][INFO ] [Command        :353] - start[1790974713700] time[406] tag[Q_SOURCE]
[2026-10-03 04:58:34.106][INFO ] [Command        :536] - > LINE => 173, CMD => Q_ECHO, CONTENT => Step 4 completed
[2026-10-03 04:58:34.106][INFO ] [Command        :353] - start[1790974714106] time[0] tag[Q_ECHO]
[2026-10-03 04:58:34.107][INFO ] [Command        :536] - > LINE => 178, CMD => Q_ECHO, CONTENT => ========== Step 5: Write more data on primary ==========
[2026-10-03 04:58:34.107][INFO ] [Command        :353] - start[1790974714107] time[0] tag[Q_ECHO]
[2026-10-03 04:58:34.107][INFO ] [Command        :536] - > LINE => 180, CMD => Q_DISABLE_QUERY_LOG, CONTENT => --disable_query_log
[2026-10-03 04:58:34.107][INFO ] [Command        :353] - start[1790974714107] time[0] tag[Q_DISABLE_QUERY_LOG]
[2026-10-03 04:58:34.108][INFO ] [Command        :536] - > LINE => 181, CMD => Q_DISABLE_RESULT_LOG, CONTENT => --disable_result_log
[2026-10-03 04:58:34.108][INFO ] [Command        :353] - start[1790974714108] time[0] tag[Q_DISABLE_RESULT_LOG]
[2026-10-03 04:58:34.108][INFO ] [Command        :536] - > LINE => 182, CMD => Q_CONNECTION, CONTENT => connection conn_sys_p
[2026-10-03 04:58:34.108][INFO ] [SQLProcessor   :1128] - use connection => conn_sys_p hashcode => 1803669141
[2026-10-03 04:58:34.110][INFO ] [SQLProcessor   :1158] - connection => conn_sys_p is mysql mode. conn=com.mysql.cj.jdbc.ConnectionImpl@6b81ce95
[2026-10-03 04:58:34.110][INFO ] [Command        :353] - start[1790974714108] time[2] tag[Q_CONNECTION]
[2026-10-03 04:58:34.110][INFO ] [Command        :536] - > LINE => 183, CMD => Q_ENABLE_QUERY_LOG, CONTENT => --enable_query_log
[2026-10-03 04:58:34.111][INFO ] [Command        :353] - start[1790974714111] time[0] tag[Q_ENABLE_QUERY_LOG]
[2026-10-03 04:58:34.111][INFO ] [Command        :536] - > LINE => 184, CMD => Q_ENABLE_RESULT_LOG, CONTENT => --enable_result_log
[2026-10-03 04:58:34.111][INFO ] [Command        :353] - start[1790974714111] time[0] tag[Q_ENABLE_RESULT_LOG]
[2026-10-03 04:58:34.111][INFO ] [Command        :536] - > LINE => 186, CMD => Q_LET, CONTENT => $restart_step
[2026-10-03 04:58:34.112][INFO ] [Command        :353] - start[1790974714111] time[0] tag[Q_LET]
[2026-10-03 04:58:34.112][INFO ] [Command        :536] - > LINE => 187, CMD => Q_SOURCE, CONTENT => t/stanby/include/standby_restart_workloads.inc
[2026-10-03 04:58:34.112][INFO ] [TestCase       :761] - Read file => t/stanby/include/standby_restart_workloads.inc
[2026-10-03 04:58:34.112][INFO ] [TestCase       :721] - Finish read case: file_lines => 18, lineNo => 8
[2026-10-03 04:58:34.112][INFO ] [Command        :536] - > LINE => 11, CMD => Q_ECHO, CONTENT => --- ddl ---
[2026-10-03 04:58:34.113][INFO ] [Command        :353] - start[1790974714113] time[0] tag[Q_ECHO]
[2026-10-03 04:58:34.113][INFO ] [Command        :536] - > LINE => 12, CMD => Q_SOURCE, CONTENT => t/stanby/include/standby_restart_ddl.inc
[2026-10-03 04:58:34.113][INFO ] [TestCase       :761] - Read file => t/stanby/include/standby_restart_ddl.inc
[2026-10-03 04:58:34.113][INFO ] [TestCase       :721] - Finish read case: file_lines => 82, lineNo => 59
[2026-10-03 04:58:34.114][INFO ] [Command        :536] - > LINE => 0, CMD => Q_IF, CONTENT => $restart_step == 1
[2026-10-03 04:58:34.118][INFO ] [Command        :353] - start[1790974714114] time[4] tag[Q_IF]
[2026-10-03 04:58:34.118][INFO ] [Command        :536] - > LINE => 0, CMD => Q_IF, CONTENT => $restart_step == 2
[2026-10-03 04:58:34.121][INFO ] [Command        :353] - start[1790974714118] time[2] tag[Q_IF]
[2026-10-03 04:58:34.121][INFO ] [Command        :536] - > LINE => 0, CMD => Q_IF, CONTENT => $restart_step == 3
[2026-10-03 04:58:34.124][INFO ] [Command        :353] - start[1790974714121] time[2] tag[Q_IF]
[2026-10-03 04:58:34.124][INFO ] [Command        :536] - > LINE => 0, CMD => Q_IF, CONTENT => $restart_step == 4
[2026-10-03 04:58:34.127][INFO ] [Command        :353] - start[1790974714124] time[2] tag[Q_IF]
[2026-10-03 04:58:34.127][INFO ] [Command        :536] - > LINE => 0, CMD => Q_IF, CONTENT => $restart_step == 5
[2026-10-03 04:58:34.130][INFO ] [Command        :536] - > LINE => 0, CMD => Q_QUERY, CONTENT => insert into test_restart_ddl(id, name, value, extra_col) values(6, 'ddl_cont_6', 600, 'new');
[2026-10-03 04:58:34.135][INFO ] [Command        :353] - start[1790974714130] time[5] tag[Q_QUERY]
[2026-10-03 04:58:34.136][INFO ] [Command        :536] - > LINE => 0, CMD => Q_QUERY, CONTENT => insert into test_restart_ddl_new values(3, 'new_3');
[2026-10-03 04:58:34.140][INFO ] [Command        :353] - start[1790974714136] time[4] tag[Q_QUERY]
[2026-10-03 04:58:34.140][INFO ] [Command        :353] - start[1790974714127] time[13] tag[Q_IF]
[2026-10-03 04:58:34.140][INFO ] [Command        :536] - > LINE => 0, CMD => Q_IF, CONTENT => $restart_step == 6
[2026-10-03 04:58:34.144][INFO ] [Command        :353] - start[1790974714141] time[3] tag[Q_IF]
[2026-10-03 04:58:34.144][INFO ] [Command        :536] - > LINE => 0, CMD => Q_IF, CONTENT => $restart_step == 7
[2026-10-03 04:58:34.147][INFO ] [Command        :353] - start[1790974714144] time[2] tag[Q_IF]
[2026-10-03 04:58:34.147][INFO ] [Command        :536] - > LINE => 0, CMD => Q_IF, CONTENT => $restart_step == 8
[2026-10-03 04:58:34.150][INFO ] [Command        :353] - start[1790974714147] time[2] tag[Q_IF]
[2026-10-03 04:58:34.150][INFO ] [Command        :353] - start[1790974714113] time[36] tag[Q_SOURCE]
[2026-10-03 04:58:34.150][INFO ] [Command        :536] - > LINE => 13, CMD => Q_ECHO, CONTENT => --- fulltext ---
[2026-10-03 04:58:34.150][INFO ] [Command        :353] - start[1790974714150] time[0] tag[Q_ECHO]
[2026-10-03 04:58:34.150][INFO ] [Command        :536] - > LINE => 14, CMD => Q_SOURCE, CONTENT => t/stanby/include/standby_restart_fulltext.inc
[2026-10-03 04:58:34.150][INFO ] [TestCase       :761] - Read file => t/stanby/include/standby_restart_fulltext.inc
[2026-10-03 04:58:34.151][INFO ] [TestCase       :721] - Finish read case: file_lines => 62, lineNo => 40
[2026-10-03 04:58:34.151][INFO ] [Command        :536] - > LINE => 0, CMD => Q_IF, CONTENT => $restart_step == 1
[2026-10-03 04:58:34.153][INFO ] [Command        :353] - start[1790974714151] time[2] tag[Q_IF]
[2026-10-03 04:58:34.154][INFO ] [Command        :536] - > LINE => 0, CMD => Q_IF, CONTENT => $restart_step == 2
[2026-10-03 04:58:34.156][INFO ] [Command        :353] - start[1790974714154] time[2] tag[Q_IF]
[2026-10-03 04:58:34.156][INFO ] [Command        :536] - > LINE => 0, CMD => Q_IF, CONTENT => $restart_step == 3
[2026-10-03 04:58:34.159][INFO ] [Command        :353] - start[1790974714156] time[2] tag[Q_IF]
[2026-10-03 04:58:34.159][INFO ] [Command        :536] - > LINE => 0, CMD => Q_IF, CONTENT => $restart_step == 4
[2026-10-03 04:58:34.161][INFO ] [Command        :353] - start[1790974714159] time[2] tag[Q_IF]
[2026-10-03 04:58:34.161][INFO ] [Command        :536] - > LINE => 0, CMD => Q_IF, CONTENT => $restart_step == 5
[2026-10-03 04:58:34.164][INFO ] [Command        :536] - > LINE => 0, CMD => Q_QUERY, CONTENT => insert into test_restart_fts values(6, 'Natural Language', 'NLP processes and understands human language');
[2026-10-03 04:58:34.170][INFO ] [Command        :353] - start[1790974714164] time[5] tag[Q_QUERY]
[2026-10-03 04:58:34.170][INFO ] [Command        :353] - start[1790974714162] time[8] tag[Q_IF]
[2026-10-03 04:58:34.170][INFO ] [Command        :536] - > LINE => 0, CMD => Q_IF, CONTENT => $restart_step == 6
[2026-10-03 04:58:34.173][INFO ] [Command        :353] - start[1790974714170] time[2] tag[Q_IF]
[2026-10-03 04:58:34.174][INFO ] [Command        :536] - > LINE => 0, CMD => Q_IF, CONTENT => $restart_step == 7
[2026-10-03 04:58:34.177][INFO ] [Command        :353] - start[1790974714174] time[3] tag[Q_IF]
[2026-10-03 04:58:34.177][INFO ] [Command        :536] - > LINE => 0, CMD => Q_IF, CONTENT => $restart_step == 8
[2026-10-03 04:58:34.181][INFO ] [Command        :353] - start[1790974714177] time[3] tag[Q_IF]
[2026-10-03 04:58:34.181][INFO ] [Command        :353] - start[1790974714150] time[31] tag[Q_SOURCE]
[2026-10-03 04:58:34.182][INFO ] [Command        :536] - > LINE => 15, CMD => Q_ECHO, CONTENT => --- vector ---
[2026-10-03 04:58:34.182][INFO ] [Command        :353] - start[1790974714182] time[0] tag[Q_ECHO]
[2026-10-03 04:58:34.182][INFO ] [Command        :536] - > LINE => 16, CMD => Q_SOURCE, CONTENT => t/stanby/include/standby_restart_vector.inc
[2026-10-03 04:58:34.182][INFO ] [TestCase       :761] - Read file => t/stanby/include/standby_restart_vector.inc
[2026-10-03 04:58:34.182][INFO ] [TestCase       :721] - Finish read case: file_lines => 91, lineNo => 57
[2026-10-03 04:58:34.183][INFO ] [Command        :536] - > LINE => 0, CMD => Q_IF, CONTENT => $restart_step == 1
[2026-10-03 04:58:34.186][INFO ] [Command        :353] - start[1790974714183] time[3] tag[Q_IF]
[2026-10-03 04:58:34.186][INFO ] [Command        :536] - > LINE => 0, CMD => Q_IF, CONTENT => $restart_step == 2
[2026-10-03 04:58:34.189][INFO ] [Command        :353] - start[1790974714186] time[2] tag[Q_IF]
[2026-10-03 04:58:34.190][INFO ] [Command        :536] - > LINE => 0, CMD => Q_IF, CONTENT => $restart_step == 3
[2026-10-03 04:58:34.193][INFO ] [Command        :353] - start[1790974714190] time[2] tag[Q_IF]
[2026-10-03 04:58:34.193][INFO ] [Command        :536] - > LINE => 0, CMD => Q_IF, CONTENT => $restart_step == 4
[2026-10-03 04:58:34.196][INFO ] [Command        :353] - start[1790974714193] time[2] tag[Q_IF]
[2026-10-03 04:58:34.197][INFO ] [Command        :536] - > LINE => 0, CMD => Q_IF, CONTENT => $restart_step == 5
[2026-10-03 04:58:34.200][INFO ] [Command        :536] - > LINE => 0, CMD => Q_QUERY, CONTENT => insert into test_restart_vec values(6, 'vec_cont_6', '[16.0, 17.0, 18.0]');
[2026-10-03 04:58:34.205][INFO ] [Command        :353] - start[1790974714200] time[5] tag[Q_QUERY]
[2026-10-03 04:58:34.206][INFO ] [Command        :536] - > LINE => 0, CMD => Q_QUERY, CONTENT => insert into test_restart_vec_idx values(3, 'idx_3', '[0.0, 0.0, 1.0, 0.0]');
[2026-10-03 04:58:34.211][INFO ] [Command        :353] - start[1790974714206] time[4] tag[Q_QUERY]
[2026-10-03 04:58:34.211][INFO ] [Command        :353] - start[1790974714197] time[14] tag[Q_IF]
[2026-10-03 04:58:34.211][INFO ] [Command        :536] - > LINE => 0, CMD => Q_IF, CONTENT => $restart_step == 6
[2026-10-03 04:58:34.215][INFO ] [Command        :353] - start[1790974714211] time[3] tag[Q_IF]
[2026-10-03 04:58:34.215][INFO ] [Command        :536] - > LINE => 0, CMD => Q_IF, CONTENT => $restart_step == 7
[2026-10-03 04:58:34.218][INFO ] [Command        :353] - start[1790974714215] time[2] tag[Q_IF]
[2026-10-03 04:58:34.218][INFO ] [Command        :536] - > LINE => 0, CMD => Q_IF, CONTENT => $restart_step == 8
[2026-10-03 04:58:34.220][INFO ] [Command        :353] - start[1790974714218] time[2] tag[Q_IF]
[2026-10-03 04:58:34.220][INFO ] [Command        :353] - start[1790974714182] time[37] tag[Q_SOURCE]
[2026-10-03 04:58:34.220][INFO ] [Command        :536] - > LINE => 17, CMD => Q_ECHO, CONTENT => --- fork_table ---
[2026-10-03 04:58:34.220][INFO ] [Command        :353] - start[1790974714220] time[0] tag[Q_ECHO]
[2026-10-03 04:58:34.220][INFO ] [Command        :536] - > LINE => 18, CMD => Q_SOURCE, CONTENT => t/stanby/include/standby_restart_fork_table.inc
[2026-10-03 04:58:34.220][INFO ] [TestCase       :761] - Read file => t/stanby/include/standby_restart_fork_table.inc
[2026-10-03 04:58:34.221][INFO ] [TestCase       :721] - Finish read case: file_lines => 92, lineNo => 57
[2026-10-03 04:58:34.221][INFO ] [Command        :536] - > LINE => 0, CMD => Q_IF, CONTENT => $restart_step == 1
[2026-10-03 04:58:34.223][INFO ] [Command        :353] - start[1790974714221] time[2] tag[Q_IF]
[2026-10-03 04:58:34.224][INFO ] [Command        :536] - > LINE => 0, CMD => Q_IF, CONTENT => $restart_step == 2
[2026-10-03 04:58:34.226][INFO ] [Command        :353] - start[1790974714224] time[2] tag[Q_IF]
[2026-10-03 04:58:34.226][INFO ] [Command        :536] - > LINE => 0, CMD => Q_IF, CONTENT => $restart_step == 3
[2026-10-03 04:58:34.229][INFO ] [Command        :353] - start[1790974714226] time[2] tag[Q_IF]
[2026-10-03 04:58:34.229][INFO ] [Command        :536] - > LINE => 0, CMD => Q_IF, CONTENT => $restart_step == 4
[2026-10-03 04:58:34.232][INFO ] [Command        :353] - start[1790974714229] time[2] tag[Q_IF]
[2026-10-03 04:58:34.232][INFO ] [Command        :536] - > LINE => 0, CMD => Q_IF, CONTENT => $restart_step == 5
[2026-10-03 04:58:34.235][INFO ] [Command        :536] - > LINE => 0, CMD => Q_QUERY, CONTENT => insert into test_restart_fork_src values(6, 'src_6', 600);
[2026-10-03 04:58:34.239][INFO ] [Command        :353] - start[1790974714235] time[3] tag[Q_QUERY]
[2026-10-03 04:58:34.239][INFO ] [Command        :536] - > LINE => 0, CMD => Q_QUERY, CONTENT => insert into test_restart_fork_dst values(5, 'fork_5', 555);
[2026-10-03 04:58:34.245][INFO ] [Command        :353] - start[1790974714239] time[5] tag[Q_QUERY]
[2026-10-03 04:58:34.245][INFO ] [Command        :353] - start[1790974714232] time[12] tag[Q_IF]
[2026-10-03 04:58:34.245][INFO ] [Command        :536] - > LINE => 0, CMD => Q_IF, CONTENT => $restart_step == 6
[2026-10-03 04:58:34.247][INFO ] [Command        :353] - start[1790974714245] time[2] tag[Q_IF]
[2026-10-03 04:58:34.248][INFO ] [Command        :536] - > LINE => 0, CMD => Q_IF, CONTENT => $restart_step == 7
[2026-10-03 04:58:34.250][INFO ] [Command        :353] - start[1790974714248] time[1] tag[Q_IF]
[2026-10-03 04:58:34.250][INFO ] [Command        :536] - > LINE => 0, CMD => Q_IF, CONTENT => $restart_step == 8
[2026-10-03 04:58:34.252][INFO ] [Command        :353] - start[1790974714250] time[2] tag[Q_IF]
[2026-10-03 04:58:34.252][INFO ] [Command        :353] - start[1790974714220] time[31] tag[Q_SOURCE]
[2026-10-03 04:58:34.252][INFO ] [Command        :353] - start[1790974714112] time[140] tag[Q_SOURCE]
[2026-10-03 04:58:34.253][INFO ] [Command        :536] - > LINE => 189, CMD => Q_DISABLE_QUERY_LOG, CONTENT => --disable_query_log
[2026-10-03 04:58:34.253][INFO ] [Command        :353] - start[1790974714253] time[0] tag[Q_DISABLE_QUERY_LOG]
[2026-10-03 04:58:34.253][INFO ] [Command        :536] - > LINE => 190, CMD => Q_DISABLE_RESULT_LOG, CONTENT => --disable_result_log
[2026-10-03 04:58:34.253][INFO ] [Command        :353] - start[1790974714253] time[0] tag[Q_DISABLE_RESULT_LOG]
[2026-10-03 04:58:34.253][INFO ] [Command        :536] - > LINE => 193, CMD => Q_QUERY, CONTENT => ALTER SYSTEM MINOR FREEZE;
[2026-10-03 04:58:34.257][INFO ] [Command        :353] - start[1790974714253] time[3] tag[Q_QUERY]
[2026-10-03 04:58:34.257][INFO ] [Command        :536] - > LINE => 194, CMD => Q_SLEEP, CONTENT => 5
[2026-10-03 04:58:39.257][INFO ] [Command        :353] - start[1790974714257] time[5000] tag[Q_SLEEP]
[2026-10-03 04:58:39.258][INFO ] [Command        :536] - > LINE => 197, CMD => Q_LET_DEPLOY, CONTENT => $primary_scn_3
[2026-10-03 04:58:39.258][INFO ] [Deploy         :287] - execute db_p.select select sync_scn from oceanbase.__all_virtual_server_stat where role = 'PRIMARY', sync_scn, 1
[2026-10-03 04:58:39.259][INFO ] [SQLProcessor   :2086] - execute sql => select sync_scn from oceanbase.__all_virtual_server_stat where role = 'PRIMARY'
[2026-10-03 04:58:39.269][INFO ] [Deploy         :294] - execute db_p.select select sync_scn from oceanbase.__all_virtual_server_stat where role = 'PRIMARY', sync_scn, 1 result => 1790974714395592005
[2026-10-03 04:58:39.270][INFO ] [Command        :353] - start[1790974719258] time[11] tag[Q_LET_DEPLOY]
[2026-10-03 04:58:39.270][INFO ] [Command        :536] - > LINE => 199, CMD => Q_ENABLE_QUERY_LOG, CONTENT => --enable_query_log
[2026-10-03 04:58:39.270][INFO ] [Command        :353] - start[1790974719270] time[0] tag[Q_ENABLE_QUERY_LOG]
[2026-10-03 04:58:39.271][INFO ] [Command        :536] - > LINE => 200, CMD => Q_ENABLE_RESULT_LOG, CONTENT => --enable_result_log
[2026-10-03 04:58:39.271][INFO ] [Command        :353] - start[1790974719271] time[0] tag[Q_ENABLE_RESULT_LOG]
[2026-10-03 04:58:39.271][INFO ] [Command        :536] - > LINE => 202, CMD => Q_ECHO, CONTENT => Step 5 completed
[2026-10-03 04:58:39.271][INFO ] [Command        :353] - start[1790974719271] time[0] tag[Q_ECHO]
[2026-10-03 04:58:39.271][INFO ] [Command        :536] - > LINE => 207, CMD => Q_ECHO, CONTENT => ========== Step 6: Verify continued sync on standby ==========
[2026-10-03 04:58:39.272][INFO ] [Command        :353] - start[1790974719271] time[0] tag[Q_ECHO]
[2026-10-03 04:58:39.272][INFO ] [Command        :536] - > LINE => 209, CMD => Q_DISABLE_QUERY_LOG, CONTENT => --disable_query_log
[2026-10-03 04:58:39.272][INFO ] [Command        :353] - start[1790974719272] time[0] tag[Q_DISABLE_QUERY_LOG]
[2026-10-03 04:58:39.272][INFO ] [Command        :536] - > LINE => 210, CMD => Q_DISABLE_RESULT_LOG, CONTENT => --disable_result_log
[2026-10-03 04:58:39.273][INFO ] [Command        :353] - start[1790974719273] time[0] tag[Q_DISABLE_RESULT_LOG]
[2026-10-03 04:58:39.273][INFO ] [Command        :536] - > LINE => 213, CMD => Q_DEPLOY, CONTENT => db_s.check_until_timeout select count(*) from oceanbase.__all_virtual_server_stat where role = 'STANDBY' and sync_scn >= $primary_scn_3, 1, 120;
[2026-10-03 04:58:39.274][INFO ] [DeployProcessor:93] - deploy => db_s.check_until_timeout select count(*) from oceanbase.__all_virtual_server_stat where role = 'STANDBY' and sync_scn >= 1790974714395592005, 1, 120
[2026-10-03 04:58:39.274][INFO ] [Deploy         :287] - execute db_s.check_until_timeout select count(*) from oceanbase.__all_virtual_server_stat where role = 'STANDBY' and sync_scn >= 1790974714395592005, 1, 120
[2026-10-03 04:58:39.274][INFO ] [Deploy         :287] - execute db_s.select_one_value select count(*) from oceanbase.__all_virtual_server_stat where role = 'STANDBY' and sync_scn >= 1790974714395592005
[2026-10-03 04:58:39.275][INFO ] [SQLProcessor   :2086] - execute sql => select count(*) from oceanbase.__all_virtual_server_stat where role = 'STANDBY' and sync_scn >= 1790974714395592005
[2026-10-03 04:58:39.285][INFO ] [Deploy         :294] - execute db_s.select_one_value select count(*) from oceanbase.__all_virtual_server_stat where role = 'STANDBY' and sync_scn >= 1790974714395592005 result => 1
[2026-10-03 04:58:39.285][INFO ] [OBI            :5345] - check success! use time = 0
[2026-10-03 04:58:39.285][INFO ] [Deploy         :294] - execute db_s.check_until_timeout select count(*) from oceanbase.__all_virtual_server_stat where role = 'STANDBY' and sync_scn >= 1790974714395592005, 1, 120 result => true
[2026-10-03 04:58:39.285][INFO ] [Command        :353] - start[1790974719273] time[12] tag[Q_DEPLOY]
[2026-10-03 04:58:39.285][INFO ] [Command        :536] - > LINE => 215, CMD => Q_CONNECTION, CONTENT => connection conn_sys_s2
[2026-10-03 04:58:39.285][INFO ] [SQLProcessor   :1128] - use connection => conn_sys_s2 hashcode => 2047744862
[2026-10-03 04:58:39.287][INFO ] [SQLProcessor   :1158] - connection => conn_sys_s2 is mysql mode. conn=com.mysql.cj.jdbc.ConnectionImpl@7a0e1b5e
[2026-10-03 04:58:39.287][INFO ] [Command        :353] - start[1790974719285] time[1] tag[Q_CONNECTION]
[2026-10-03 04:58:39.287][INFO ] [Command        :536] - > LINE => 217, CMD => Q_ENABLE_QUERY_LOG, CONTENT => --enable_query_log
[2026-10-03 04:58:39.287][INFO ] [Command        :353] - start[1790974719287] time[0] tag[Q_ENABLE_QUERY_LOG]
[2026-10-03 04:58:39.288][INFO ] [Command        :536] - > LINE => 218, CMD => Q_ENABLE_RESULT_LOG, CONTENT => --enable_result_log
[2026-10-03 04:58:39.288][INFO ] [Command        :353] - start[1790974719288] time[0] tag[Q_ENABLE_RESULT_LOG]
[2026-10-03 04:58:39.288][INFO ] [Command        :536] - > LINE => 220, CMD => Q_LET, CONTENT => $restart_step
[2026-10-03 04:58:39.288][INFO ] [Command        :353] - start[1790974719288] time[0] tag[Q_LET]
[2026-10-03 04:58:39.288][INFO ] [Command        :536] - > LINE => 221, CMD => Q_SOURCE, CONTENT => t/stanby/include/standby_restart_workloads.inc
[2026-10-03 04:58:39.288][INFO ] [TestCase       :761] - Read file => t/stanby/include/standby_restart_workloads.inc
[2026-10-03 04:58:39.288][INFO ] [TestCase       :721] - Finish read case: file_lines => 18, lineNo => 8
[2026-10-03 04:58:39.289][INFO ] [Command        :536] - > LINE => 11, CMD => Q_ECHO, CONTENT => --- ddl ---
[2026-10-03 04:58:39.289][INFO ] [Command        :353] - start[1790974719289] time[0] tag[Q_ECHO]
[2026-10-03 04:58:39.289][INFO ] [Command        :536] - > LINE => 12, CMD => Q_SOURCE, CONTENT => t/stanby/include/standby_restart_ddl.inc
[2026-10-03 04:58:39.289][INFO ] [TestCase       :761] - Read file => t/stanby/include/standby_restart_ddl.inc
[2026-10-03 04:58:39.289][INFO ] [TestCase       :721] - Finish read case: file_lines => 82, lineNo => 59
[2026-10-03 04:58:39.290][INFO ] [Command        :536] - > LINE => 0, CMD => Q_IF, CONTENT => $restart_step == 1
[2026-10-03 04:58:39.294][INFO ] [Command        :353] - start[1790974719290] time[4] tag[Q_IF]
[2026-10-03 04:58:39.295][INFO ] [Command        :536] - > LINE => 0, CMD => Q_IF, CONTENT => $restart_step == 2
[2026-10-03 04:58:39.298][INFO ] [Command        :353] - start[1790974719295] time[2] tag[Q_IF]
[2026-10-03 04:58:39.298][INFO ] [Command        :536] - > LINE => 0, CMD => Q_IF, CONTENT => $restart_step == 3
[2026-10-03 04:58:39.300][INFO ] [Command        :353] - start[1790974719298] time[2] tag[Q_IF]
[2026-10-03 04:58:39.301][INFO ] [Command        :536] - > LINE => 0, CMD => Q_IF, CONTENT => $restart_step == 4
[2026-10-03 04:58:39.303][INFO ] [Command        :353] - start[1790974719301] time[2] tag[Q_IF]
[2026-10-03 04:58:39.303][INFO ] [Command        :536] - > LINE => 0, CMD => Q_IF, CONTENT => $restart_step == 5
[2026-10-03 04:58:39.306][INFO ] [Command        :353] - start[1790974719303] time[2] tag[Q_IF]
[2026-10-03 04:58:39.306][INFO ] [Command        :536] - > LINE => 0, CMD => Q_IF, CONTENT => $restart_step == 6
[2026-10-03 04:58:39.309][INFO ] [Command        :536] - > LINE => 0, CMD => Q_QUERY, CONTENT => select count(*) from test_restart_ddl;
[2026-10-03 04:58:39.314][INFO ] [Command        :353] - start[1790974719309] time[4] tag[Q_QUERY]
[2026-10-03 04:58:39.314][INFO ] [Command        :536] - > LINE => 0, CMD => Q_QUERY, CONTENT => select count(*) from test_restart_ddl_new;
[2026-10-03 04:58:39.318][INFO ] [Command        :353] - start[1790974719314] time[3] tag[Q_QUERY]
[2026-10-03 04:58:39.318][INFO ] [Command        :353] - start[1790974719306] time[11] tag[Q_IF]
[2026-10-03 04:58:39.318][INFO ] [Command        :536] - > LINE => 0, CMD => Q_IF, CONTENT => $restart_step == 7
[2026-10-03 04:58:39.321][INFO ] [Command        :353] - start[1790974719318] time[2] tag[Q_IF]
[2026-10-03 04:58:39.322][INFO ] [Command        :536] - > LINE => 0, CMD => Q_IF, CONTENT => $restart_step == 8
[2026-10-03 04:58:39.324][INFO ] [Command        :353] - start[1790974719322] time[2] tag[Q_IF]
[2026-10-03 04:58:39.324][INFO ] [Command        :353] - start[1790974719289] time[35] tag[Q_SOURCE]
[2026-10-03 04:58:39.325][INFO ] [Command        :536] - > LINE => 13, CMD => Q_ECHO, CONTENT => --- fulltext ---
[2026-10-03 04:58:39.325][INFO ] [Command        :353] - start[1790974719325] time[0] tag[Q_ECHO]
[2026-10-03 04:58:39.325][INFO ] [Command        :536] - > LINE => 14, CMD => Q_SOURCE, CONTENT => t/stanby/include/standby_restart_fulltext.inc
[2026-10-03 04:58:39.325][INFO ] [TestCase       :761] - Read file => t/stanby/include/standby_restart_fulltext.inc
[2026-10-03 04:58:39.325][INFO ] [TestCase       :721] - Finish read case: file_lines => 62, lineNo => 40
[2026-10-03 04:58:39.326][INFO ] [Command        :536] - > LINE => 0, CMD => Q_IF, CONTENT => $restart_step == 1
[2026-10-03 04:58:39.328][INFO ] [Command        :353] - start[1790974719326] time[2] tag[Q_IF]
[2026-10-03 04:58:39.328][INFO ] [Command        :536] - > LINE => 0, CMD => Q_IF, CONTENT => $restart_step == 2
[2026-10-03 04:58:39.331][INFO ] [Command        :353] - start[1790974719328] time[2] tag[Q_IF]
[2026-10-03 04:58:39.331][INFO ] [Command        :536] - > LINE => 0, CMD => Q_IF, CONTENT => $restart_step == 3
[2026-10-03 04:58:39.334][INFO ] [Command        :353] - start[1790974719331] time[2] tag[Q_IF]
[2026-10-03 04:58:39.334][INFO ] [Command        :536] - > LINE => 0, CMD => Q_IF, CONTENT => $restart_step == 4
[2026-10-03 04:58:39.336][INFO ] [Command        :353] - start[1790974719334] time[2] tag[Q_IF]
[2026-10-03 04:58:39.337][INFO ] [Command        :536] - > LINE => 0, CMD => Q_IF, CONTENT => $restart_step == 5
[2026-10-03 04:58:39.339][INFO ] [Command        :353] - start[1790974719337] time[1] tag[Q_IF]
[2026-10-03 04:58:39.339][INFO ] [Command        :536] - > LINE => 0, CMD => Q_IF, CONTENT => $restart_step == 6
[2026-10-03 04:58:39.341][INFO ] [Command        :536] - > LINE => 0, CMD => Q_QUERY, CONTENT => select count(*) from test_restart_fts;
[2026-10-03 04:58:39.345][INFO ] [Command        :353] - start[1790974719341] time[3] tag[Q_QUERY]
[2026-10-03 04:58:39.345][INFO ] [Command        :353] - start[1790974719339] time[5] tag[Q_IF]
[2026-10-03 04:58:39.345][INFO ] [Command        :536] - > LINE => 0, CMD => Q_IF, CONTENT => $restart_step == 7
[2026-10-03 04:58:39.347][INFO ] [Command        :353] - start[1790974719345] time[2] tag[Q_IF]
[2026-10-03 04:58:39.348][INFO ] [Command        :536] - > LINE => 0, CMD => Q_IF, CONTENT => $restart_step == 8
[2026-10-03 04:58:39.350][INFO ] [Command        :353] - start[1790974719348] time[2] tag[Q_IF]
[2026-10-03 04:58:39.350][INFO ] [Command        :353] - start[1790974719325] time[24] tag[Q_SOURCE]
[2026-10-03 04:58:39.350][INFO ] [Command        :536] - > LINE => 15, CMD => Q_ECHO, CONTENT => --- vector ---
[2026-10-03 04:58:39.350][INFO ] [Command        :353] - start[1790974719350] time[0] tag[Q_ECHO]
[2026-10-03 04:58:39.350][INFO ] [Command        :536] - > LINE => 16, CMD => Q_SOURCE, CONTENT => t/stanby/include/standby_restart_vector.inc
[2026-10-03 04:58:39.351][INFO ] [TestCase       :761] - Read file => t/stanby/include/standby_restart_vector.inc
[2026-10-03 04:58:39.351][INFO ] [TestCase       :721] - Finish read case: file_lines => 91, lineNo => 57
[2026-10-03 04:58:39.351][INFO ] [Command        :536] - > LINE => 0, CMD => Q_IF, CONTENT => $restart_step == 1
[2026-10-03 04:58:39.353][INFO ] [Command        :353] - start[1790974719351] time[1] tag[Q_IF]
[2026-10-03 04:58:39.353][INFO ] [Command        :536] - > LINE => 0, CMD => Q_IF, CONTENT => $restart_step == 2
[2026-10-03 04:58:39.355][INFO ] [Command        :353] - start[1790974719353] time[2] tag[Q_IF]
[2026-10-03 04:58:39.356][INFO ] [Command        :536] - > LINE => 0, CMD => Q_IF, CONTENT => $restart_step == 3
[2026-10-03 04:58:39.358][INFO ] [Command        :353] - start[1790974719356] time[2] tag[Q_IF]
[2026-10-03 04:58:39.358][INFO ] [Command        :536] - > LINE => 0, CMD => Q_IF, CONTENT => $restart_step == 4
[2026-10-03 04:58:39.361][INFO ] [Command        :353] - start[1790974719358] time[2] tag[Q_IF]
[2026-10-03 04:58:39.361][INFO ] [Command        :536] - > LINE => 0, CMD => Q_IF, CONTENT => $restart_step == 5
[2026-10-03 04:58:39.363][INFO ] [Command        :353] - start[1790974719361] time[2] tag[Q_IF]
[2026-10-03 04:58:39.363][INFO ] [Command        :536] - > LINE => 0, CMD => Q_IF, CONTENT => $restart_step == 6
[2026-10-03 04:58:39.366][INFO ] [Command        :536] - > LINE => 0, CMD => Q_QUERY, CONTENT => select count(*) from test_restart_vec;
[2026-10-03 04:58:39.369][INFO ] [Command        :353] - start[1790974719366] time[3] tag[Q_QUERY]
[2026-10-03 04:58:39.370][INFO ] [Command        :536] - > LINE => 0, CMD => Q_QUERY, CONTENT => select count(*) from test_restart_vec_idx;
[2026-10-03 04:58:39.372][INFO ] [Command        :353] - start[1790974719370] time[2] tag[Q_QUERY]
[2026-10-03 04:58:39.372][INFO ] [Command        :353] - start[1790974719364] time[8] tag[Q_IF]
[2026-10-03 04:58:39.373][INFO ] [Command        :536] - > LINE => 0, CMD => Q_IF, CONTENT => $restart_step == 7
[2026-10-03 04:58:39.375][INFO ] [Command        :353] - start[1790974719373] time[2] tag[Q_IF]
[2026-10-03 04:58:39.376][INFO ] [Command        :536] - > LINE => 0, CMD => Q_IF, CONTENT => $restart_step == 8
[2026-10-03 04:58:39.378][INFO ] [Command        :353] - start[1790974719376] time[1] tag[Q_IF]
[2026-10-03 04:58:39.378][INFO ] [Command        :353] - start[1790974719351] time[27] tag[Q_SOURCE]
[2026-10-03 04:58:39.378][INFO ] [Command        :536] - > LINE => 17, CMD => Q_ECHO, CONTENT => --- fork_table ---
[2026-10-03 04:58:39.378][INFO ] [Command        :353] - start[1790974719378] time[0] tag[Q_ECHO]
[2026-10-03 04:58:39.378][INFO ] [Command        :536] - > LINE => 18, CMD => Q_SOURCE, CONTENT => t/stanby/include/standby_restart_fork_table.inc
[2026-10-03 04:58:39.378][INFO ] [TestCase       :761] - Read file => t/stanby/include/standby_restart_fork_table.inc
[2026-10-03 04:58:39.378][INFO ] [TestCase       :721] - Finish read case: file_lines => 92, lineNo => 57
[2026-10-03 04:58:39.379][INFO ] [Command        :536] - > LINE => 0, CMD => Q_IF, CONTENT => $restart_step == 1
[2026-10-03 04:58:39.380][INFO ] [Command        :353] - start[1790974719379] time[1] tag[Q_IF]
[2026-10-03 04:58:39.381][INFO ] [Command        :536] - > LINE => 0, CMD => Q_IF, CONTENT => $restart_step == 2
[2026-10-03 04:58:39.383][INFO ] [Command        :353] - start[1790974719381] time[1] tag[Q_IF]
[2026-10-03 04:58:39.383][INFO ] [Command        :536] - > LINE => 0, CMD => Q_IF, CONTENT => $restart_step == 3
[2026-10-03 04:58:39.385][INFO ] [Command        :353] - start[1790974719383] time[2] tag[Q_IF]
[2026-10-03 04:58:39.385][INFO ] [Command        :536] - > LINE => 0, CMD => Q_IF, CONTENT => $restart_step == 4
[2026-10-03 04:58:39.388][INFO ] [Command        :353] - start[1790974719385] time[2] tag[Q_IF]
[2026-10-03 04:58:39.388][INFO ] [Command        :536] - > LINE => 0, CMD => Q_IF, CONTENT => $restart_step == 5
[2026-10-03 04:58:39.390][INFO ] [Command        :353] - start[1790974719388] time[2] tag[Q_IF]
[2026-10-03 04:58:39.390][INFO ] [Command        :536] - > LINE => 0, CMD => Q_IF, CONTENT => $restart_step == 6
[2026-10-03 04:58:39.393][INFO ] [Command        :536] - > LINE => 0, CMD => Q_QUERY, CONTENT => select count(*) from test_restart_fork_src;
[2026-10-03 04:58:39.396][INFO ] [Command        :353] - start[1790974719393] time[3] tag[Q_QUERY]
[2026-10-03 04:58:39.396][INFO ] [Command        :536] - > LINE => 0, CMD => Q_QUERY, CONTENT => select count(*) from test_restart_fork_dst;
[2026-10-03 04:58:39.399][INFO ] [Command        :353] - start[1790974719396] time[2] tag[Q_QUERY]
[2026-10-03 04:58:39.399][INFO ] [Command        :536] - > LINE => 0, CMD => Q_QUERY, CONTENT => select count(*) from test_restart_fork_dst2;
[2026-10-03 04:58:39.401][INFO ] [Command        :353] - start[1790974719399] time[2] tag[Q_QUERY]
[2026-10-03 04:58:39.401][INFO ] [Command        :353] - start[1790974719390] time[11] tag[Q_IF]
[2026-10-03 04:58:39.402][INFO ] [Command        :536] - > LINE => 0, CMD => Q_IF, CONTENT => $restart_step == 7
[2026-10-03 04:58:39.404][INFO ] [Command        :353] - start[1790974719402] time[1] tag[Q_IF]
[2026-10-03 04:58:39.404][INFO ] [Command        :536] - > LINE => 0, CMD => Q_IF, CONTENT => $restart_step == 8
[2026-10-03 04:58:39.407][INFO ] [Command        :353] - start[1790974719404] time[3] tag[Q_IF]
[2026-10-03 04:58:39.408][INFO ] [Command        :353] - start[1790974719378] time[29] tag[Q_SOURCE]
[2026-10-03 04:58:39.408][INFO ] [Command        :353] - start[1790974719288] time[119] tag[Q_SOURCE]
[2026-10-03 04:58:39.409][INFO ] [Command        :536] - > LINE => 225, CMD => Q_QUERY, CONTENT => insert into test_restart_ddl(id, name, value, extra_col) values(99, 'should_fail', 999, NULL);
[2026-10-03 04:58:39.419][INFO ] [SQLProcessor   :565] - error code =>  4688
[2026-10-03 04:58:39.419][INFO ] [SQLProcessor   :566] - sqlstate => HY000
[2026-10-03 04:58:39.419][INFO ] [SQLProcessor   :567] - err_msg => standby tenant is read only
[2026-10-03 04:58:39.420][ERROR] [Result         :119] - set code
com.etao.mytest.exception.ExecuteErrorException: set code 4688
	at com.etao.mytest.command.Result.setCode(Result.java:118)
	at com.etao.mytest.command.Result.setSQLException(Result.java:219)
	at com.etao.mytest.processor.SQLProcessor.staticQuery(SQLProcessor.java:575)
	at com.etao.mytest.processor.SQLProcessor.process(SQLProcessor.java:1951)
	at com.etao.mytest.command.Command.execute(Command.java:706)
	at com.etao.mytest.main.TestCase.run(TestCase.java:779)
	at com.etao.mytest.main.MyTest.main(MyTest.java:129)
[2026-10-03 04:58:39.420][ERROR] [SQLProcessor   :576] - execute insert into test_restart_ddl(id, name, value, extra_col) values(99, 'should_fail', 999, NULL) failed
java.sql.SQLException: standby tenant is read only
	at com.mysql.cj.jdbc.exceptions.SQLError.createSQLException(SQLError.java:130)
	at com.mysql.cj.jdbc.exceptions.SQLExceptionsMapping.translateException(SQLExceptionsMapping.java:122)
	at com.mysql.cj.jdbc.StatementImpl.executeInternal(StatementImpl.java:763)
	at com.mysql.cj.jdbc.StatementImpl.execute(StatementImpl.java:648)
	at com.etao.mytest.processor.SQLProcessor.staticQuery(SQLProcessor.java:550)
	at com.etao.mytest.processor.SQLProcessor.process(SQLProcessor.java:1951)
	at com.etao.mytest.command.Command.execute(Command.java:706)
	at com.etao.mytest.main.TestCase.run(TestCase.java:779)
	at com.etao.mytest.main.MyTest.main(MyTest.java:129)
[2026-10-03 04:58:39.421][INFO ] [Command        :353] - start[1790974719409] time[11] tag[Q_QUERY]
[2026-10-03 04:58:39.421][INFO ] [Command        :536] - > LINE => 227, CMD => Q_ECHO, CONTENT => Step 6 completed
[2026-10-03 04:58:39.421][INFO ] [Command        :353] - start[1790974719421] time[0] tag[Q_ECHO]
[2026-10-03 04:58:39.421][INFO ] [Command        :536] - > LINE => 232, CMD => Q_ECHO, CONTENT => ========== Step 7: Restart primary and write data ==========
[2026-10-03 04:58:39.422][INFO ] [Command        :353] - start[1790974719421] time[0] tag[Q_ECHO]
[2026-10-03 04:58:39.422][INFO ] [Command        :536] - > LINE => 234, CMD => Q_DISABLE_QUERY_LOG, CONTENT => --disable_query_log
[2026-10-03 04:58:39.422][INFO ] [Command        :353] - start[1790974719422] time[0] tag[Q_DISABLE_QUERY_LOG]
[2026-10-03 04:58:39.422][INFO ] [Command        :536] - > LINE => 235, CMD => Q_DISABLE_RESULT_LOG, CONTENT => --disable_result_log
[2026-10-03 04:58:39.422][INFO ] [Command        :353] - start[1790974719422] time[0] tag[Q_DISABLE_RESULT_LOG]
[2026-10-03 04:58:39.423][INFO ] [Command        :536] - > LINE => 238, CMD => Q_DEPLOY, CONTENT => db_p.force_stop;
[2026-10-03 04:58:39.423][INFO ] [DeployProcessor:93] - deploy => db_p.force_stop
[2026-10-03 04:58:39.424][INFO ] [Deploy         :287] - execute db_p.z1.obs0.force_stop 
[2026-10-03 04:58:39.425][INFO ] [Role           :1307] - pkill -9 -u nijia.nj -f '^/data/1/nijia.nj/test/namespace_standby_20261003_v1/work/db_p.z1.obs0/bin/observer|^/data/1/nijia.nj/test/namespace_standby_20261003_v1/work/db_p.z1.obs0/bin/obesi' on 6.12.232.130
[2026-10-03 04:58:39.443][INFO ] [Role           :1309] - pkill result is => 0
[2026-10-03 04:58:39.444][INFO ] [Role           :1142] - wait stop /data/1/nijia.nj/test/namespace_standby_20261003_v1/work/db_p.z1.obs0/bin/observer on 6.12.232.130
[2026-10-03 04:58:39.444][INFO ] [Role           :1190] - ps uxf | grep "/data/1/nijia.nj/test/namespace_standby_20261003_v1/work/db_p.z1.obs0/bin/observer" | grep -v grep
[2026-10-03 04:58:39.481][INFO ] [Role           :1154] - check port on 6.12.232.130
[2026-10-03 04:58:39.482][INFO ] [RemoteShell    :143] - netstat -lpnt 2>/dev/null | grep '0.0.0.0:42000 ' | awk -F ' ' '{print $7}'
[2026-10-03 04:58:39.517][INFO ] [RemoteShell    :143] - netstat -lpnt 2>/dev/null | grep '0.0.0.0:42035 ' | awk -F ' ' '{print $7}'
[2026-10-03 04:58:39.647][INFO ] [Role           :1164] - stop obs0 took 2 s
[2026-10-03 04:58:39.647][INFO ] [Deploy         :294] - execute db_p.z1.obs0.force_stop  result => true
[2026-10-03 04:58:39.648][INFO ] [Deploy         :362] - execute db_p.z1.force_stop  result => true [true]
[2026-10-03 04:58:39.649][INFO ] [Deploy         :362] - execute db_p.force_stop result => true [true]
[2026-10-03 04:58:39.649][INFO ] [Command        :353] - start[1790974719423] time[226] tag[Q_DEPLOY]
[2026-10-03 04:58:39.649][INFO ] [Command        :536] - > LINE => 239, CMD => Q_SLEEP, CONTENT => 10
[2026-10-03 04:58:49.649][INFO ] [Command        :353] - start[1790974719649] time[10000] tag[Q_SLEEP]
[2026-10-03 04:58:49.650][INFO ] [Command        :536] - > LINE => 242, CMD => Q_DEPLOY, CONTENT => db_p.nstart;
[2026-10-03 04:58:49.650][INFO ] [DeployProcessor:93] - deploy => db_p.nstart
[2026-10-03 04:58:49.652][INFO ] [Deploy         :287] - execute db_p.z1.obs0.nstart 
[2026-10-03 04:58:49.652][INFO ] [RemoteShell    :143] - netstat -lpnt 2>/dev/null | grep '0.0.0.0:42000 ' | awk -F ' ' '{print $7}'
[2026-10-03 04:58:49.697][INFO ] [RemoteShell    :143] - netstat -lpnt 2>/dev/null | grep '0.0.0.0:42035 ' | awk -F ' ' '{print $7}'
[2026-10-03 04:58:49.737][INFO ] [Deploy         :381] - execute db_p.lite_mode result => true result type => java.lang.Boolean
[2026-10-03 04:58:49.738][INFO ] [Role           :197] - ulimit -c unlimited -s 4096;cd /data/1/nijia.nj/test/namespace_standby_20261003_v1/work/db_p.z1.obs0;LD_LIBRARY_PATH=./lib:/usr/local/lib:/usr/lib:/usr/lib64:/usr/local/lib64:$LD_LIBRARY_PATH /data/1/nijia.nj/test/namespace_standby_20261003_v1/work/db_p.z1.obs0/bin/observer  on 6.12.232.130
[2026-10-03 04:58:49.801][INFO ] [Deploy         :294] - execute db_p.z1.obs0.nstart  result => true
[2026-10-03 04:58:49.802][INFO ] [Deploy         :362] - execute db_p.z1.nstart  result => true [true]
[2026-10-03 04:58:49.802][INFO ] [Deploy         :362] - execute db_p.nstart result => true [true]
[2026-10-03 04:58:49.803][INFO ] [Command        :353] - start[1790974729650] time[152] tag[Q_DEPLOY]
[2026-10-03 04:58:49.803][INFO ] [Command        :536] - > LINE => 245, CMD => Q_DEPLOY, CONTENT => db_p.check_until_timeout select count(*) from oceanbase.__all_virtual_server_stat where role = 'PRIMARY', 1, 180;
[2026-10-03 04:58:49.803][INFO ] [DeployProcessor:93] - deploy => db_p.check_until_timeout select count(*) from oceanbase.__all_virtual_server_stat where role = 'PRIMARY', 1, 180
[2026-10-03 04:58:49.804][INFO ] [Deploy         :287] - execute db_p.check_until_timeout select count(*) from oceanbase.__all_virtual_server_stat where role = 'PRIMARY', 1, 180
[2026-10-03 04:58:49.804][INFO ] [Deploy         :287] - execute db_p.select_one_value select count(*) from oceanbase.__all_virtual_server_stat where role = 'PRIMARY'
[2026-10-03 04:58:49.804][INFO ] [SQLProcessor   :2086] - execute sql => select count(*) from oceanbase.__all_virtual_server_stat where role = 'PRIMARY'
[2026-10-03 04:58:49.806][ERROR] [SQLProcessor   :2096] - user => admin@sys, passwd => admin, jdbcUrl => jdbc:mysql://6.12.232.130:42035/oceanbase?useAffectedRows=true&emulateUnsupportedPstmts=false&characterEncoding=utf8&useServerPrepStmts=false&prepStmtCacheSqlLimit=1000&enableQueryTimeouts=true&useLocalSessionState=false&useLocalTransactionState=false&rewriteBatchedStatements=true&allowMultiQueries=true&socketTimeout=600000
[2026-10-03 04:58:49.806][ERROR] [SQLProcessor   :2098] - execute sql => select count(*) from oceanbase.__all_virtual_server_stat where role = 'PRIMARY' failed
com.mysql.cj.jdbc.exceptions.CommunicationsException: Communications link failure

The last packet sent successfully to the server was 0 milliseconds ago. The driver has not received any packets from the server.
	at com.mysql.cj.jdbc.exceptions.SQLError.createCommunicationsException(SQLError.java:175)
	at com.mysql.cj.jdbc.exceptions.SQLExceptionsMapping.translateException(SQLExceptionsMapping.java:64)
	at com.mysql.cj.jdbc.ConnectionImpl.createNewIO(ConnectionImpl.java:825)
	at com.mysql.cj.jdbc.ConnectionImpl.<init>(ConnectionImpl.java:446)
	at com.mysql.cj.jdbc.ConnectionImpl.getInstance(ConnectionImpl.java:239)
	at com.mysql.cj.jdbc.NonRegisteringDriver.connect(NonRegisteringDriver.java:188)
	at java.sql.DriverManager.getConnection(DriverManager.java:664)
	at java.sql.DriverManager.getConnection(DriverManager.java:247)
	at com.etao.mytest.processor.SQLProcessor.selectGetValue(SQLProcessor.java:2088)
	at com.etao.mytest.deploy.OBI.select_one_value(OBI.java:4540)
	at sun.reflect.NativeMethodAccessorImpl.invoke0(Native Method)
	at sun.reflect.NativeMethodAccessorImpl.invoke(NativeMethodAccessorImpl.java:62)
	at sun.reflect.DelegatingMethodAccessorImpl.invoke(DelegatingMethodAccessorImpl.java:43)
	at java.lang.reflect.Method.invoke(Method.java:498)
	at com.etao.mytest.deploy.Deploy.execute(Deploy.java:289)
	at com.etao.mytest.deploy.OBI.check_until_timeout(OBI.java:5340)
	at sun.reflect.NativeMethodAccessorImpl.invoke0(Native Method)
	at sun.reflect.NativeMethodAccessorImpl.invoke(NativeMethodAccessorImpl.java:62)
	at sun.reflect.DelegatingMethodAccessorImpl.invoke(DelegatingMethodAccessorImpl.java:43)
	at java.lang.reflect.Method.invoke(Method.java:498)
	at com.etao.mytest.deploy.Deploy.execute(Deploy.java:289)
	at com.etao.mytest.processor.DeployProcessor.process(DeployProcessor.java:157)
	at com.etao.mytest.command.Command.execute(Command.java:552)
	at com.etao.mytest.main.TestCase.run(TestCase.java:779)
	at com.etao.mytest.main.MyTest.main(MyTest.java:129)
Caused by: com.mysql.cj.exceptions.CJCommunicationsException: Communications link failure

The last packet sent successfully to the server was 0 milliseconds ago. The driver has not received any packets from the server.
	at sun.reflect.NativeConstructorAccessorImpl.newInstance0(Native Method)
	at sun.reflect.NativeConstructorAccessorImpl.newInstance(NativeConstructorAccessorImpl.java:62)
	at sun.reflect.DelegatingConstructorAccessorImpl.newInstance(DelegatingConstructorAccessorImpl.java:45)
	at java.lang.reflect.Constructor.newInstance(Constructor.java:423)
	at com.mysql.cj.exceptions.ExceptionFactory.createException(ExceptionFactory.java:62)
	at com.mysql.cj.exceptions.ExceptionFactory.createException(ExceptionFactory.java:105)
	at com.mysql.cj.exceptions.ExceptionFactory.createException(ExceptionFactory.java:150)
	at com.mysql.cj.exceptions.ExceptionFactory.createCommunicationsException(ExceptionFactory.java:166)
	at com.mysql.cj.protocol.a.NativeSocketConnection.connect(NativeSocketConnection.java:89)
	at com.mysql.cj.NativeSession.connect(NativeSession.java:121)
	at com.mysql.cj.jdbc.ConnectionImpl.connectOneTryOnly(ConnectionImpl.java:945)
	at com.mysql.cj.jdbc.ConnectionImpl.createNewIO(ConnectionImpl.java:815)
	... 22 more
Caused by: java.net.ConnectException: Connection refused (Connection refused)
	at java.net.PlainSocketImpl.socketConnect(Native Method)
	at java.net.AbstractPlainSocketImpl.doConnect(AbstractPlainSocketImpl.java:350)
	at java.net.AbstractPlainSocketImpl.connectToAddress(AbstractPlainSocketImpl.java:206)
	at java.net.AbstractPlainSocketImpl.connect(AbstractPlainSocketImpl.java:188)
	at java.net.SocksSocketImpl.connect(SocksSocketImpl.java:392)
	at java.net.Socket.connect(Socket.java:607)
	at com.mysql.cj.protocol.StandardSocketFactory.connect(StandardSocketFactory.java:153)
	at com.mysql.cj.protocol.a.NativeSocketConnection.connect(NativeSocketConnection.java:63)
	... 25 more
[2026-10-03 04:58:49.806][WARN ] [Deploy         :298] - execute db_p.select_one_value select count(*) from oceanbase.__all_virtual_server_stat where role = 'PRIMARY' result => null
[2026-10-03 04:58:49.806][WARN ] [OBI            :5348] - expect => 1, actual => null, left timeout => 180, totaltime => 180, file => 245/305, file_percent => 80
[2026-10-03 04:58:50.807][INFO ] [Deploy         :287] - execute db_p.select_one_value select count(*) from oceanbase.__all_virtual_server_stat where role = 'PRIMARY'
[2026-10-03 04:58:50.808][INFO ] [SQLProcessor   :2086] - execute sql => select count(*) from oceanbase.__all_virtual_server_stat where role = 'PRIMARY'
[2026-10-03 04:58:50.810][ERROR] [SQLProcessor   :2096] - user => admin@sys, passwd => admin, jdbcUrl => jdbc:mysql://6.12.232.130:42035/oceanbase?useAffectedRows=true&emulateUnsupportedPstmts=false&characterEncoding=utf8&useServerPrepStmts=false&prepStmtCacheSqlLimit=1000&enableQueryTimeouts=true&useLocalSessionState=false&useLocalTransactionState=false&rewriteBatchedStatements=true&allowMultiQueries=true&socketTimeout=600000
[2026-10-03 04:58:50.810][ERROR] [SQLProcessor   :2098] - execute sql => select count(*) from oceanbase.__all_virtual_server_stat where role = 'PRIMARY' failed
com.mysql.cj.jdbc.exceptions.CommunicationsException: Communications link failure

The last packet sent successfully to the server was 0 milliseconds ago. The driver has not received any packets from the server.
	at com.mysql.cj.jdbc.exceptions.SQLError.createCommunicationsException(SQLError.java:175)
	at com.mysql.cj.jdbc.exceptions.SQLExceptionsMapping.translateException(SQLExceptionsMapping.java:64)
	at com.mysql.cj.jdbc.ConnectionImpl.createNewIO(ConnectionImpl.java:825)
	at com.mysql.cj.jdbc.ConnectionImpl.<init>(ConnectionImpl.java:446)
	at com.mysql.cj.jdbc.ConnectionImpl.getInstance(ConnectionImpl.java:239)
	at com.mysql.cj.jdbc.NonRegisteringDriver.connect(NonRegisteringDriver.java:188)
	at java.sql.DriverManager.getConnection(DriverManager.java:664)
	at java.sql.DriverManager.getConnection(DriverManager.java:247)
	at com.etao.mytest.processor.SQLProcessor.selectGetValue(SQLProcessor.java:2088)
	at com.etao.mytest.deploy.OBI.select_one_value(OBI.java:4540)
	at sun.reflect.NativeMethodAccessorImpl.invoke0(Native Method)
	at sun.reflect.NativeMethodAccessorImpl.invoke(NativeMethodAccessorImpl.java:62)
	at sun.reflect.DelegatingMethodAccessorImpl.invoke(DelegatingMethodAccessorImpl.java:43)
	at java.lang.reflect.Method.invoke(Method.java:498)
	at com.etao.mytest.deploy.Deploy.execute(Deploy.java:289)
	at com.etao.mytest.deploy.OBI.check_until_timeout(OBI.java:5340)
	at sun.reflect.NativeMethodAccessorImpl.invoke0(Native Method)
	at sun.reflect.NativeMethodAccessorImpl.invoke(NativeMethodAccessorImpl.java:62)
	at sun.reflect.DelegatingMethodAccessorImpl.invoke(DelegatingMethodAccessorImpl.java:43)
	at java.lang.reflect.Method.invoke(Method.java:498)
	at com.etao.mytest.deploy.Deploy.execute(Deploy.java:289)
	at com.etao.mytest.processor.DeployProcessor.process(DeployProcessor.java:157)
	at com.etao.mytest.command.Command.execute(Command.java:552)
	at com.etao.mytest.main.TestCase.run(TestCase.java:779)
	at com.etao.mytest.main.MyTest.main(MyTest.java:129)
Caused by: com.mysql.cj.exceptions.CJCommunicationsException: Communications link failure

The last packet sent successfully to the server was 0 milliseconds ago. The driver has not received any packets from the server.
	at sun.reflect.NativeConstructorAccessorImpl.newInstance0(Native Method)
	at sun.reflect.NativeConstructorAccessorImpl.newInstance(NativeConstructorAccessorImpl.java:62)
	at sun.reflect.DelegatingConstructorAccessorImpl.newInstance(DelegatingConstructorAccessorImpl.java:45)
	at java.lang.reflect.Constructor.newInstance(Constructor.java:423)
	at com.mysql.cj.exceptions.ExceptionFactory.createException(ExceptionFactory.java:62)
	at com.mysql.cj.exceptions.ExceptionFactory.createException(ExceptionFactory.java:105)
	at com.mysql.cj.exceptions.ExceptionFactory.createException(ExceptionFactory.java:150)
	at com.mysql.cj.exceptions.ExceptionFactory.createCommunicationsException(ExceptionFactory.java:166)
	at com.mysql.cj.protocol.a.NativeSocketConnection.connect(NativeSocketConnection.java:89)
	at com.mysql.cj.NativeSession.connect(NativeSession.java:121)
	at com.mysql.cj.jdbc.ConnectionImpl.connectOneTryOnly(ConnectionImpl.java:945)
	at com.mysql.cj.jdbc.ConnectionImpl.createNewIO(ConnectionImpl.java:815)
	... 22 more
Caused by: java.net.ConnectException: Connection refused (Connection refused)
	at java.net.PlainSocketImpl.socketConnect(Native Method)
	at java.net.AbstractPlainSocketImpl.doConnect(AbstractPlainSocketImpl.java:350)
	at java.net.AbstractPlainSocketImpl.connectToAddress(AbstractPlainSocketImpl.java:206)
	at java.net.AbstractPlainSocketImpl.connect(AbstractPlainSocketImpl.java:188)
	at java.net.SocksSocketImpl.connect(SocksSocketImpl.java:392)
	at java.net.Socket.connect(Socket.java:607)
	at com.mysql.cj.protocol.StandardSocketFactory.connect(StandardSocketFactory.java:153)
	at com.mysql.cj.protocol.a.NativeSocketConnection.connect(NativeSocketConnection.java:63)
	... 25 more
[2026-10-03 04:58:50.811][WARN ] [Deploy         :298] - execute db_p.select_one_value select count(*) from oceanbase.__all_virtual_server_stat where role = 'PRIMARY' result => null
[2026-10-03 04:58:50.811][WARN ] [OBI            :5348] - expect => 1, actual => null, left timeout => 179, totaltime => 180, file => 245/305, file_percent => 80
[2026-10-03 04:58:51.811][INFO ] [Deploy         :287] - execute db_p.select_one_value select count(*) from oceanbase.__all_virtual_server_stat where role = 'PRIMARY'
[2026-10-03 04:58:51.812][INFO ] [SQLProcessor   :2086] - execute sql => select count(*) from oceanbase.__all_virtual_server_stat where role = 'PRIMARY'
[2026-10-03 04:58:51.813][ERROR] [SQLProcessor   :2096] - user => admin@sys, passwd => admin, jdbcUrl => jdbc:mysql://6.12.232.130:42035/oceanbase?useAffectedRows=true&emulateUnsupportedPstmts=false&characterEncoding=utf8&useServerPrepStmts=false&prepStmtCacheSqlLimit=1000&enableQueryTimeouts=true&useLocalSessionState=false&useLocalTransactionState=false&rewriteBatchedStatements=true&allowMultiQueries=true&socketTimeout=600000
[2026-10-03 04:58:51.814][ERROR] [SQLProcessor   :2098] - execute sql => select count(*) from oceanbase.__all_virtual_server_stat where role = 'PRIMARY' failed
com.mysql.cj.jdbc.exceptions.CommunicationsException: Communications link failure

The last packet sent successfully to the server was 0 milliseconds ago. The driver has not received any packets from the server.
	at com.mysql.cj.jdbc.exceptions.SQLError.createCommunicationsException(SQLError.java:175)
	at com.mysql.cj.jdbc.exceptions.SQLExceptionsMapping.translateException(SQLExceptionsMapping.java:64)
	at com.mysql.cj.jdbc.ConnectionImpl.createNewIO(ConnectionImpl.java:825)
	at com.mysql.cj.jdbc.ConnectionImpl.<init>(ConnectionImpl.java:446)
	at com.mysql.cj.jdbc.ConnectionImpl.getInstance(ConnectionImpl.java:239)
	at com.mysql.cj.jdbc.NonRegisteringDriver.connect(NonRegisteringDriver.java:188)
	at java.sql.DriverManager.getConnection(DriverManager.java:664)
	at java.sql.DriverManager.getConnection(DriverManager.java:247)
	at com.etao.mytest.processor.SQLProcessor.selectGetValue(SQLProcessor.java:2088)
	at com.etao.mytest.deploy.OBI.select_one_value(OBI.java:4540)
	at sun.reflect.GeneratedMethodAccessor1.invoke(Unknown Source)
	at sun.reflect.DelegatingMethodAccessorImpl.invoke(DelegatingMethodAccessorImpl.java:43)
	at java.lang.reflect.Method.invoke(Method.java:498)
	at com.etao.mytest.deploy.Deploy.execute(Deploy.java:289)
	at com.etao.mytest.deploy.OBI.check_until_timeout(OBI.java:5340)
	at sun.reflect.NativeMethodAccessorImpl.invoke0(Native Method)
	at sun.reflect.NativeMethodAccessorImpl.invoke(NativeMethodAccessorImpl.java:62)
	at sun.reflect.DelegatingMethodAccessorImpl.invoke(DelegatingMethodAccessorImpl.java:43)
	at java.lang.reflect.Method.invoke(Method.java:498)
	at com.etao.mytest.deploy.Deploy.execute(Deploy.java:289)
	at com.etao.mytest.processor.DeployProcessor.process(DeployProcessor.java:157)
	at com.etao.mytest.command.Command.execute(Command.java:552)
	at com.etao.mytest.main.TestCase.run(TestCase.java:779)
	at com.etao.mytest.main.MyTest.main(MyTest.java:129)
Caused by: com.mysql.cj.exceptions.CJCommunicationsException: Communications link failure

The last packet sent successfully to the server was 0 milliseconds ago. The driver has not received any packets from the server.
	at sun.reflect.NativeConstructorAccessorImpl.newInstance0(Native Method)
	at sun.reflect.NativeConstructorAccessorImpl.newInstance(NativeConstructorAccessorImpl.java:62)
	at sun.reflect.DelegatingConstructorAccessorImpl.newInstance(DelegatingConstructorAccessorImpl.java:45)
	at java.lang.reflect.Constructor.newInstance(Constructor.java:423)
	at com.mysql.cj.exceptions.ExceptionFactory.createException(ExceptionFactory.java:62)
	at com.mysql.cj.exceptions.ExceptionFactory.createException(ExceptionFactory.java:105)
	at com.mysql.cj.exceptions.ExceptionFactory.createException(ExceptionFactory.java:150)
	at com.mysql.cj.exceptions.ExceptionFactory.createCommunicationsException(ExceptionFactory.java:166)
	at com.mysql.cj.protocol.a.NativeSocketConnection.connect(NativeSocketConnection.java:89)
	at com.mysql.cj.NativeSession.connect(NativeSession.java:121)
	at com.mysql.cj.jdbc.ConnectionImpl.connectOneTryOnly(ConnectionImpl.java:945)
	at com.mysql.cj.jdbc.ConnectionImpl.createNewIO(ConnectionImpl.java:815)
	... 21 more
Caused by: java.net.ConnectException: Connection refused (Connection refused)
	at java.net.PlainSocketImpl.socketConnect(Native Method)
	at java.net.AbstractPlainSocketImpl.doConnect(AbstractPlainSocketImpl.java:350)
	at java.net.AbstractPlainSocketImpl.connectToAddress(AbstractPlainSocketImpl.java:206)
	at java.net.AbstractPlainSocketImpl.connect(AbstractPlainSocketImpl.java:188)
	at java.net.SocksSocketImpl.connect(SocksSocketImpl.java:392)
	at java.net.Socket.connect(Socket.java:607)
	at com.mysql.cj.protocol.StandardSocketFactory.connect(StandardSocketFactory.java:153)
	at com.mysql.cj.protocol.a.NativeSocketConnection.connect(NativeSocketConnection.java:63)
	... 24 more
[2026-10-03 04:58:51.814][WARN ] [Deploy         :298] - execute db_p.select_one_value select count(*) from oceanbase.__all_virtual_server_stat where role = 'PRIMARY' result => null
[2026-10-03 04:58:51.814][WARN ] [OBI            :5348] - expect => 1, actual => null, left timeout => 178, totaltime => 180, file => 245/305, file_percent => 80
[2026-10-03 04:58:52.814][INFO ] [Deploy         :287] - execute db_p.select_one_value select count(*) from oceanbase.__all_virtual_server_stat where role = 'PRIMARY'
[2026-10-03 04:58:52.815][INFO ] [SQLProcessor   :2086] - execute sql => select count(*) from oceanbase.__all_virtual_server_stat where role = 'PRIMARY'
[2026-10-03 04:58:52.817][ERROR] [SQLProcessor   :2096] - user => admin@sys, passwd => admin, jdbcUrl => jdbc:mysql://6.12.232.130:42035/oceanbase?useAffectedRows=true&emulateUnsupportedPstmts=false&characterEncoding=utf8&useServerPrepStmts=false&prepStmtCacheSqlLimit=1000&enableQueryTimeouts=true&useLocalSessionState=false&useLocalTransactionState=false&rewriteBatchedStatements=true&allowMultiQueries=true&socketTimeout=600000
[2026-10-03 04:58:52.817][ERROR] [SQLProcessor   :2098] - execute sql => select count(*) from oceanbase.__all_virtual_server_stat where role = 'PRIMARY' failed
com.mysql.cj.jdbc.exceptions.CommunicationsException: Communications link failure

The last packet sent successfully to the server was 0 milliseconds ago. The driver has not received any packets from the server.
	at com.mysql.cj.jdbc.exceptions.SQLError.createCommunicationsException(SQLError.java:175)
	at com.mysql.cj.jdbc.exceptions.SQLExceptionsMapping.translateException(SQLExceptionsMapping.java:64)
	at com.mysql.cj.jdbc.ConnectionImpl.createNewIO(ConnectionImpl.java:825)
	at com.mysql.cj.jdbc.ConnectionImpl.<init>(ConnectionImpl.java:446)
	at com.mysql.cj.jdbc.ConnectionImpl.getInstance(ConnectionImpl.java:239)
	at com.mysql.cj.jdbc.NonRegisteringDriver.connect(NonRegisteringDriver.java:188)
	at java.sql.DriverManager.getConnection(DriverManager.java:664)
	at java.sql.DriverManager.getConnection(DriverManager.java:247)
	at com.etao.mytest.processor.SQLProcessor.selectGetValue(SQLProcessor.java:2088)
	at com.etao.mytest.deploy.OBI.select_one_value(OBI.java:4540)
	at sun.reflect.GeneratedMethodAccessor1.invoke(Unknown Source)
	at sun.reflect.DelegatingMethodAccessorImpl.invoke(DelegatingMethodAccessorImpl.java:43)
	at java.lang.reflect.Method.invoke(Method.java:498)
	at com.etao.mytest.deploy.Deploy.execute(Deploy.java:289)
	at com.etao.mytest.deploy.OBI.check_until_timeout(OBI.java:5340)
	at sun.reflect.NativeMethodAccessorImpl.invoke0(Native Method)
	at sun.reflect.NativeMethodAccessorImpl.invoke(NativeMethodAccessorImpl.java:62)
	at sun.reflect.DelegatingMethodAccessorImpl.invoke(DelegatingMethodAccessorImpl.java:43)
	at java.lang.reflect.Method.invoke(Method.java:498)
	at com.etao.mytest.deploy.Deploy.execute(Deploy.java:289)
	at com.etao.mytest.processor.DeployProcessor.process(DeployProcessor.java:157)
	at com.etao.mytest.command.Command.execute(Command.java:552)
	at com.etao.mytest.main.TestCase.run(TestCase.java:779)
	at com.etao.mytest.main.MyTest.main(MyTest.java:129)
Caused by: com.mysql.cj.exceptions.CJCommunicationsException: Communications link failure

The last packet sent successfully to the server was 0 milliseconds ago. The driver has not received any packets from the server.
	at sun.reflect.NativeConstructorAccessorImpl.newInstance0(Native Method)
	at sun.reflect.NativeConstructorAccessorImpl.newInstance(NativeConstructorAccessorImpl.java:62)
	at sun.reflect.DelegatingConstructorAccessorImpl.newInstance(DelegatingConstructorAccessorImpl.java:45)
	at java.lang.reflect.Constructor.newInstance(Constructor.java:423)
	at com.mysql.cj.exceptions.ExceptionFactory.createException(ExceptionFactory.java:62)
	at com.mysql.cj.exceptions.ExceptionFactory.createException(ExceptionFactory.java:105)
	at com.mysql.cj.exceptions.ExceptionFactory.createException(ExceptionFactory.java:150)
	at com.mysql.cj.exceptions.ExceptionFactory.createCommunicationsException(ExceptionFactory.java:166)
	at com.mysql.cj.protocol.a.NativeSocketConnection.connect(NativeSocketConnection.java:89)
	at com.mysql.cj.NativeSession.connect(NativeSession.java:121)
	at com.mysql.cj.jdbc.ConnectionImpl.connectOneTryOnly(ConnectionImpl.java:945)
	at com.mysql.cj.jdbc.ConnectionImpl.createNewIO(ConnectionImpl.java:815)
	... 21 more
Caused by: java.net.ConnectException: Connection refused (Connection refused)
	at java.net.PlainSocketImpl.socketConnect(Native Method)
	at java.net.AbstractPlainSocketImpl.doConnect(AbstractPlainSocketImpl.java:350)
	at java.net.AbstractPlainSocketImpl.connectToAddress(AbstractPlainSocketImpl.java:206)
	at java.net.AbstractPlainSocketImpl.connect(AbstractPlainSocketImpl.java:188)
	at java.net.SocksSocketImpl.connect(SocksSocketImpl.java:392)
	at java.net.Socket.connect(Socket.java:607)
	at com.mysql.cj.protocol.StandardSocketFactory.connect(StandardSocketFactory.java:153)
	at com.mysql.cj.protocol.a.NativeSocketConnection.connect(NativeSocketConnection.java:63)
	... 24 more
[2026-10-03 04:58:52.818][WARN ] [Deploy         :298] - execute db_p.select_one_value select count(*) from oceanbase.__all_virtual_server_stat where role = 'PRIMARY' result => null
[2026-10-03 04:58:52.818][WARN ] [OBI            :5348] - expect => 1, actual => null, left timeout => 177, totaltime => 180, file => 245/305, file_percent => 80
[2026-10-03 04:58:53.818][INFO ] [Deploy         :287] - execute db_p.select_one_value select count(*) from oceanbase.__all_virtual_server_stat where role = 'PRIMARY'
[2026-10-03 04:58:53.820][INFO ] [SQLProcessor   :2086] - execute sql => select count(*) from oceanbase.__all_virtual_server_stat where role = 'PRIMARY'
[2026-10-03 04:58:53.874][INFO ] [Deploy         :294] - execute db_p.select_one_value select count(*) from oceanbase.__all_virtual_server_stat where role = 'PRIMARY' result => 1
[2026-10-03 04:58:53.875][INFO ] [OBI            :5345] - check success! use time = 4
[2026-10-03 04:58:53.875][INFO ] [Deploy         :294] - execute db_p.check_until_timeout select count(*) from oceanbase.__all_virtual_server_stat where role = 'PRIMARY', 1, 180 result => true
[2026-10-03 04:58:53.875][INFO ] [Command        :353] - start[1790974729803] time[4071] tag[Q_DEPLOY]
[2026-10-03 04:58:53.875][INFO ] [Command        :536] - > LINE => 248, CMD => Q_CONNECT, CONTENT => ob_connect(conn_sys_p2, db_p.z1.obs0, root@sys, , oceanbase, , USE_MYSQL_CONNECTOR)
[2026-10-03 04:58:53.876][INFO ] [SQLProcessor   :1505] - conn_sys_p2 create a physical connection  using jdbc:mysql://6.12.232.130:42035/oceanbase?useAffectedRows=true&emulateUnsupportedPstmts=false&characterEncoding=utf8&useServerPrepStmts=true&prepStmtCacheSqlLimit=1000&enableQueryTimeouts=false&useLocalSessionState=false&useLocalTransactionState=false&rewriteBatchedStatements=true&allowMultiQueries=true&socketTimeout=1800000 user/pwd is root@sys/
[2026-10-03 04:58:53.890][INFO ] [SQLProcessor   :1519] - connection => conn_sys_p2 is mysql mode.
[2026-10-03 04:58:53.890][INFO ] [SQLProcessor   :1522] - put conn: dataid=conn_sys_p2 currentConn=com.mysql.cj.jdbc.ConnectionImpl@3b95d13c hashcode => 999674172
[2026-10-03 04:58:53.890][INFO ] [Command        :353] - start[1790974733875] time[14] tag[Q_CONNECT]
[2026-10-03 04:58:53.891][INFO ] [Command        :536] - > LINE => 249, CMD => Q_CONNECTION, CONTENT => connection conn_sys_p2
[2026-10-03 04:58:53.891][INFO ] [SQLProcessor   :1128] - use connection => conn_sys_p2 hashcode => 999674172
[2026-10-03 04:58:53.892][INFO ] [SQLProcessor   :1158] - connection => conn_sys_p2 is mysql mode. conn=com.mysql.cj.jdbc.ConnectionImpl@3b95d13c
[2026-10-03 04:58:53.892][INFO ] [Command        :353] - start[1790974733891] time[1] tag[Q_CONNECTION]
[2026-10-03 04:58:53.893][INFO ] [Command        :536] - > LINE => 251, CMD => Q_ENABLE_QUERY_LOG, CONTENT => --enable_query_log
[2026-10-03 04:58:53.893][INFO ] [Command        :353] - start[1790974733893] time[0] tag[Q_ENABLE_QUERY_LOG]
[2026-10-03 04:58:53.893][INFO ] [Command        :536] - > LINE => 252, CMD => Q_ENABLE_RESULT_LOG, CONTENT => --enable_result_log
[2026-10-03 04:58:53.893][INFO ] [Command        :353] - start[1790974733893] time[0] tag[Q_ENABLE_RESULT_LOG]
[2026-10-03 04:58:53.894][INFO ] [Command        :536] - > LINE => 254, CMD => Q_LET, CONTENT => $restart_step
[2026-10-03 04:58:53.894][INFO ] [Command        :353] - start[1790974733894] time[0] tag[Q_LET]
[2026-10-03 04:58:53.894][INFO ] [Command        :536] - > LINE => 255, CMD => Q_SOURCE, CONTENT => t/stanby/include/standby_restart_workloads.inc
[2026-10-03 04:58:53.894][INFO ] [TestCase       :761] - Read file => t/stanby/include/standby_restart_workloads.inc
[2026-10-03 04:58:53.894][INFO ] [TestCase       :721] - Finish read case: file_lines => 18, lineNo => 8
[2026-10-03 04:58:53.895][INFO ] [Command        :536] - > LINE => 11, CMD => Q_ECHO, CONTENT => --- ddl ---
[2026-10-03 04:58:53.895][INFO ] [Command        :353] - start[1790974733895] time[0] tag[Q_ECHO]
[2026-10-03 04:58:53.895][INFO ] [Command        :536] - > LINE => 12, CMD => Q_SOURCE, CONTENT => t/stanby/include/standby_restart_ddl.inc
[2026-10-03 04:58:53.895][INFO ] [TestCase       :761] - Read file => t/stanby/include/standby_restart_ddl.inc
[2026-10-03 04:58:53.895][INFO ] [TestCase       :721] - Finish read case: file_lines => 82, lineNo => 59
[2026-10-03 04:58:53.896][INFO ] [Command        :536] - > LINE => 0, CMD => Q_IF, CONTENT => $restart_step == 1
[2026-10-03 04:58:53.901][INFO ] [Command        :353] - start[1790974733896] time[5] tag[Q_IF]
[2026-10-03 04:58:53.901][INFO ] [Command        :536] - > LINE => 0, CMD => Q_IF, CONTENT => $restart_step == 2
[2026-10-03 04:58:53.904][INFO ] [Command        :353] - start[1790974733901] time[2] tag[Q_IF]
[2026-10-03 04:58:53.905][INFO ] [Command        :536] - > LINE => 0, CMD => Q_IF, CONTENT => $restart_step == 3
[2026-10-03 04:58:53.907][INFO ] [Command        :353] - start[1790974733905] time[2] tag[Q_IF]
[2026-10-03 04:58:53.908][INFO ] [Command        :536] - > LINE => 0, CMD => Q_IF, CONTENT => $restart_step == 4
[2026-10-03 04:58:53.910][INFO ] [Command        :353] - start[1790974733908] time[2] tag[Q_IF]
[2026-10-03 04:58:53.911][INFO ] [Command        :536] - > LINE => 0, CMD => Q_IF, CONTENT => $restart_step == 5
[2026-10-03 04:58:53.913][INFO ] [Command        :353] - start[1790974733911] time[2] tag[Q_IF]
[2026-10-03 04:58:53.914][INFO ] [Command        :536] - > LINE => 0, CMD => Q_IF, CONTENT => $restart_step == 6
[2026-10-03 04:58:53.916][INFO ] [Command        :353] - start[1790974733914] time[2] tag[Q_IF]
[2026-10-03 04:58:53.917][INFO ] [Command        :536] - > LINE => 0, CMD => Q_IF, CONTENT => $restart_step == 7
[2026-10-03 04:58:53.920][INFO ] [Command        :536] - > LINE => 0, CMD => Q_QUERY, CONTENT => select count(*) from test_restart_ddl;
[2026-10-03 04:58:53.940][INFO ] [Command        :353] - start[1790974733920] time[19] tag[Q_QUERY]
[2026-10-03 04:58:53.940][INFO ] [Command        :536] - > LINE => 0, CMD => Q_QUERY, CONTENT => select count(*) from test_restart_ddl_new;
[2026-10-03 04:58:53.954][INFO ] [Command        :353] - start[1790974733940] time[13] tag[Q_QUERY]
[2026-10-03 04:58:53.955][INFO ] [Command        :536] - > LINE => 0, CMD => Q_QUERY, CONTENT => insert into test_restart_ddl(id, name, value, extra_col) values(7, 'ddl_primary_7', 700, 'primary_restarted');
[2026-10-03 04:58:53.971][INFO ] [Command        :353] - start[1790974733955] time[16] tag[Q_QUERY]
[2026-10-03 04:58:53.972][INFO ] [Command        :536] - > LINE => 0, CMD => Q_QUERY, CONTENT => insert into test_restart_ddl_new values(4, 'new_4');
[2026-10-03 04:58:53.976][INFO ] [Command        :353] - start[1790974733972] time[4] tag[Q_QUERY]
[2026-10-03 04:58:53.976][INFO ] [Command        :353] - start[1790974733917] time[59] tag[Q_IF]
[2026-10-03 04:58:53.976][INFO ] [Command        :536] - > LINE => 0, CMD => Q_IF, CONTENT => $restart_step == 8
[2026-10-03 04:58:53.980][INFO ] [Command        :353] - start[1790974733976] time[3] tag[Q_IF]
[2026-10-03 04:58:53.980][INFO ] [Command        :353] - start[1790974733895] time[84] tag[Q_SOURCE]
[2026-10-03 04:58:53.980][INFO ] [Command        :536] - > LINE => 13, CMD => Q_ECHO, CONTENT => --- fulltext ---
[2026-10-03 04:58:53.980][INFO ] [Command        :353] - start[1790974733980] time[0] tag[Q_ECHO]
[2026-10-03 04:58:53.980][INFO ] [Command        :536] - > LINE => 14, CMD => Q_SOURCE, CONTENT => t/stanby/include/standby_restart_fulltext.inc
[2026-10-03 04:58:53.980][INFO ] [TestCase       :761] - Read file => t/stanby/include/standby_restart_fulltext.inc
[2026-10-03 04:58:53.980][INFO ] [TestCase       :721] - Finish read case: file_lines => 62, lineNo => 40
[2026-10-03 04:58:53.981][INFO ] [Command        :536] - > LINE => 0, CMD => Q_IF, CONTENT => $restart_step == 1
[2026-10-03 04:58:53.983][INFO ] [Command        :353] - start[1790974733981] time[2] tag[Q_IF]
[2026-10-03 04:58:53.983][INFO ] [Command        :536] - > LINE => 0, CMD => Q_IF, CONTENT => $restart_step == 2
[2026-10-03 04:58:53.985][INFO ] [Command        :353] - start[1790974733983] time[2] tag[Q_IF]
[2026-10-03 04:58:53.985][INFO ] [Command        :536] - > LINE => 0, CMD => Q_IF, CONTENT => $restart_step == 3
[2026-10-03 04:58:53.987][INFO ] [Command        :353] - start[1790974733985] time[1] tag[Q_IF]
[2026-10-03 04:58:53.987][INFO ] [Command        :536] - > LINE => 0, CMD => Q_IF, CONTENT => $restart_step == 4
[2026-10-03 04:58:53.990][INFO ] [Command        :353] - start[1790974733988] time[1] tag[Q_IF]
[2026-10-03 04:58:53.990][INFO ] [Command        :536] - > LINE => 0, CMD => Q_IF, CONTENT => $restart_step == 5
[2026-10-03 04:58:53.992][INFO ] [Command        :353] - start[1790974733990] time[2] tag[Q_IF]
[2026-10-03 04:58:53.992][INFO ] [Command        :536] - > LINE => 0, CMD => Q_IF, CONTENT => $restart_step == 6
[2026-10-03 04:58:53.994][INFO ] [Command        :353] - start[1790974733992] time[1] tag[Q_IF]
[2026-10-03 04:58:53.995][INFO ] [Command        :536] - > LINE => 0, CMD => Q_IF, CONTENT => $restart_step == 7
[2026-10-03 04:58:53.997][INFO ] [Command        :536] - > LINE => 0, CMD => Q_QUERY, CONTENT => select count(*) from test_restart_fts;
[2026-10-03 04:58:54.22][INFO ] [Command        :353] - start[1790974733997] time[24] tag[Q_QUERY]
[2026-10-03 04:58:54.22][INFO ] [Command        :536] - > LINE => 0, CMD => Q_QUERY, CONTENT => insert into test_restart_fts values(7, 'Computer Vision', 'Computer vision analyzes and interprets visual data');
[2026-10-03 04:58:54.31][INFO ] [Command        :353] - start[1790974734022] time[8] tag[Q_QUERY]
[2026-10-03 04:58:54.31][INFO ] [Command        :353] - start[1790974733995] time[36] tag[Q_IF]
[2026-10-03 04:58:54.31][INFO ] [Command        :536] - > LINE => 0, CMD => Q_IF, CONTENT => $restart_step == 8
[2026-10-03 04:58:54.35][INFO ] [Command        :353] - start[1790974734031] time[3] tag[Q_IF]
[2026-10-03 04:58:54.35][INFO ] [Command        :353] - start[1790974733980] time[54] tag[Q_SOURCE]
[2026-10-03 04:58:54.35][INFO ] [Command        :536] - > LINE => 15, CMD => Q_ECHO, CONTENT => --- vector ---
[2026-10-03 04:58:54.35][INFO ] [Command        :353] - start[1790974734035] time[0] tag[Q_ECHO]
[2026-10-03 04:58:54.35][INFO ] [Command        :536] - > LINE => 16, CMD => Q_SOURCE, CONTENT => t/stanby/include/standby_restart_vector.inc
[2026-10-03 04:58:54.35][INFO ] [TestCase       :761] - Read file => t/stanby/include/standby_restart_vector.inc
[2026-10-03 04:58:54.36][INFO ] [TestCase       :721] - Finish read case: file_lines => 91, lineNo => 57
[2026-10-03 04:58:54.36][INFO ] [Command        :536] - > LINE => 0, CMD => Q_IF, CONTENT => $restart_step == 1
[2026-10-03 04:58:54.38][INFO ] [Command        :353] - start[1790974734036] time[2] tag[Q_IF]
[2026-10-03 04:58:54.38][INFO ] [Command        :536] - > LINE => 0, CMD => Q_IF, CONTENT => $restart_step == 2
[2026-10-03 04:58:54.41][INFO ] [Command        :353] - start[1790974734038] time[2] tag[Q_IF]
[2026-10-03 04:58:54.41][INFO ] [Command        :536] - > LINE => 0, CMD => Q_IF, CONTENT => $restart_step == 3
[2026-10-03 04:58:54.43][INFO ] [Command        :353] - start[1790974734041] time[2] tag[Q_IF]
[2026-10-03 04:58:54.44][INFO ] [Command        :536] - > LINE => 0, CMD => Q_IF, CONTENT => $restart_step == 4
[2026-10-03 04:58:54.46][INFO ] [Command        :353] - start[1790974734044] time[2] tag[Q_IF]
[2026-10-03 04:58:54.47][INFO ] [Command        :536] - > LINE => 0, CMD => Q_IF, CONTENT => $restart_step == 5
[2026-10-03 04:58:54.50][INFO ] [Command        :353] - start[1790974734047] time[2] tag[Q_IF]
[2026-10-03 04:58:54.50][INFO ] [Command        :536] - > LINE => 0, CMD => Q_IF, CONTENT => $restart_step == 6
[2026-10-03 04:58:54.53][INFO ] [Command        :353] - start[1790974734050] time[3] tag[Q_IF]
[2026-10-03 04:58:54.54][INFO ] [Command        :536] - > LINE => 0, CMD => Q_IF, CONTENT => $restart_step == 7
[2026-10-03 04:58:54.56][INFO ] [Command        :536] - > LINE => 0, CMD => Q_QUERY, CONTENT => select count(*) from test_restart_vec;
[2026-10-03 04:58:54.77][INFO ] [Command        :353] - start[1790974734057] time[20] tag[Q_QUERY]
[2026-10-03 04:58:54.77][INFO ] [Command        :536] - > LINE => 0, CMD => Q_QUERY, CONTENT => insert into test_restart_vec values(7, 'vec_primary_7', '[19.0, 20.0, 21.0]');
[2026-10-03 04:58:54.86][INFO ] [Command        :353] - start[1790974734077] time[8] tag[Q_QUERY]
[2026-10-03 04:58:54.86][INFO ] [Command        :536] - > LINE => 0, CMD => Q_QUERY, CONTENT => insert into test_restart_vec_idx values(4, 'idx_4', '[0.0, 0.0, 0.0, 1.0]');
[2026-10-03 04:58:54.98][INFO ] [Command        :353] - start[1790974734086] time[12] tag[Q_QUERY]
[2026-10-03 04:58:54.99][INFO ] [Command        :353] - start[1790974734054] time[45] tag[Q_IF]
[2026-10-03 04:58:54.99][INFO ] [Command        :536] - > LINE => 0, CMD => Q_IF, CONTENT => $restart_step == 8
[2026-10-03 04:58:54.102][INFO ] [Command        :353] - start[1790974734099] time[3] tag[Q_IF]
[2026-10-03 04:58:54.102][INFO ] [Command        :353] - start[1790974734035] time[66] tag[Q_SOURCE]
[2026-10-03 04:58:54.102][INFO ] [Command        :536] - > LINE => 17, CMD => Q_ECHO, CONTENT => --- fork_table ---
[2026-10-03 04:58:54.102][INFO ] [Command        :353] - start[1790974734102] time[0] tag[Q_ECHO]
[2026-10-03 04:58:54.103][INFO ] [Command        :536] - > LINE => 18, CMD => Q_SOURCE, CONTENT => t/stanby/include/standby_restart_fork_table.inc
[2026-10-03 04:58:54.103][INFO ] [TestCase       :761] - Read file => t/stanby/include/standby_restart_fork_table.inc
[2026-10-03 04:58:54.103][INFO ] [TestCase       :721] - Finish read case: file_lines => 92, lineNo => 57
[2026-10-03 04:58:54.103][INFO ] [Command        :536] - > LINE => 0, CMD => Q_IF, CONTENT => $restart_step == 1
[2026-10-03 04:58:54.105][INFO ] [Command        :353] - start[1790974734103] time[2] tag[Q_IF]
[2026-10-03 04:58:54.106][INFO ] [Command        :536] - > LINE => 0, CMD => Q_IF, CONTENT => $restart_step == 2
[2026-10-03 04:58:54.108][INFO ] [Command        :353] - start[1790974734106] time[2] tag[Q_IF]
[2026-10-03 04:58:54.109][INFO ] [Command        :536] - > LINE => 0, CMD => Q_IF, CONTENT => $restart_step == 3
[2026-10-03 04:58:54.111][INFO ] [Command        :353] - start[1790974734109] time[2] tag[Q_IF]
[2026-10-03 04:58:54.111][INFO ] [Command        :536] - > LINE => 0, CMD => Q_IF, CONTENT => $restart_step == 4
[2026-10-03 04:58:54.113][INFO ] [Command        :353] - start[1790974734111] time[1] tag[Q_IF]
[2026-10-03 04:58:54.113][INFO ] [Command        :536] - > LINE => 0, CMD => Q_IF, CONTENT => $restart_step == 5
[2026-10-03 04:58:54.115][INFO ] [Command        :353] - start[1790974734113] time[1] tag[Q_IF]
[2026-10-03 04:58:54.116][INFO ] [Command        :536] - > LINE => 0, CMD => Q_IF, CONTENT => $restart_step == 6
[2026-10-03 04:58:54.117][INFO ] [Command        :353] - start[1790974734116] time[1] tag[Q_IF]
[2026-10-03 04:58:54.118][INFO ] [Command        :536] - > LINE => 0, CMD => Q_IF, CONTENT => $restart_step == 7
[2026-10-03 04:58:54.120][INFO ] [Command        :536] - > LINE => 0, CMD => Q_QUERY, CONTENT => select count(*) from test_restart_fork_src;
[2026-10-03 04:58:54.135][INFO ] [Command        :353] - start[1790974734120] time[14] tag[Q_QUERY]
[2026-10-03 04:58:54.135][INFO ] [Command        :536] - > LINE => 0, CMD => Q_QUERY, CONTENT => insert into test_restart_fork_src values(7, 'src_7', 700);
[2026-10-03 04:58:54.140][INFO ] [Command        :353] - start[1790974734135] time[4] tag[Q_QUERY]
[2026-10-03 04:58:54.140][INFO ] [Command        :353] - start[1790974734118] time[22] tag[Q_IF]
[2026-10-03 04:58:54.140][INFO ] [Command        :536] - > LINE => 0, CMD => Q_IF, CONTENT => $restart_step == 8
[2026-10-03 04:58:54.144][INFO ] [Command        :353] - start[1790974734140] time[3] tag[Q_IF]
[2026-10-03 04:58:54.144][INFO ] [Command        :353] - start[1790974734103] time[41] tag[Q_SOURCE]
[2026-10-03 04:58:54.144][INFO ] [Command        :353] - start[1790974733894] time[249] tag[Q_SOURCE]
[2026-10-03 04:58:54.144][INFO ] [Command        :536] - > LINE => 257, CMD => Q_DISABLE_QUERY_LOG, CONTENT => --disable_query_log
[2026-10-03 04:58:54.144][INFO ] [Command        :353] - start[1790974734144] time[0] tag[Q_DISABLE_QUERY_LOG]
[2026-10-03 04:58:54.145][INFO ] [Command        :536] - > LINE => 258, CMD => Q_DISABLE_RESULT_LOG, CONTENT => --disable_result_log
[2026-10-03 04:58:54.145][INFO ] [Command        :353] - start[1790974734145] time[0] tag[Q_DISABLE_RESULT_LOG]
[2026-10-03 04:58:54.145][INFO ] [Command        :536] - > LINE => 261, CMD => Q_QUERY, CONTENT => ALTER SYSTEM MINOR FREEZE;
[2026-10-03 04:58:54.150][INFO ] [Command        :353] - start[1790974734145] time[5] tag[Q_QUERY]
[2026-10-03 04:58:54.151][INFO ] [Command        :536] - > LINE => 262, CMD => Q_SLEEP, CONTENT => 5
[2026-10-03 04:58:59.151][INFO ] [Command        :353] - start[1790974734151] time[5000] tag[Q_SLEEP]
[2026-10-03 04:58:59.151][INFO ] [Command        :536] - > LINE => 265, CMD => Q_LET_DEPLOY, CONTENT => $primary_scn_4
[2026-10-03 04:58:59.151][INFO ] [Deploy         :287] - execute db_p.select select sync_scn from oceanbase.__all_virtual_server_stat where role = 'PRIMARY', sync_scn, 1
[2026-10-03 04:58:59.152][INFO ] [SQLProcessor   :2086] - execute sql => select sync_scn from oceanbase.__all_virtual_server_stat where role = 'PRIMARY'
[2026-10-03 04:58:59.162][INFO ] [Deploy         :294] - execute db_p.select select sync_scn from oceanbase.__all_virtual_server_stat where role = 'PRIMARY', sync_scn, 1 result => 1790974735656082002
[2026-10-03 04:58:59.162][INFO ] [Command        :353] - start[1790974739151] time[10] tag[Q_LET_DEPLOY]
[2026-10-03 04:58:59.163][INFO ] [Command        :536] - > LINE => 267, CMD => Q_ENABLE_QUERY_LOG, CONTENT => --enable_query_log
[2026-10-03 04:58:59.163][INFO ] [Command        :353] - start[1790974739163] time[0] tag[Q_ENABLE_QUERY_LOG]
[2026-10-03 04:58:59.163][INFO ] [Command        :536] - > LINE => 268, CMD => Q_ENABLE_RESULT_LOG, CONTENT => --enable_result_log
[2026-10-03 04:58:59.163][INFO ] [Command        :353] - start[1790974739163] time[0] tag[Q_ENABLE_RESULT_LOG]
[2026-10-03 04:58:59.163][INFO ] [Command        :536] - > LINE => 270, CMD => Q_ECHO, CONTENT => Step 7 completed
[2026-10-03 04:58:59.163][INFO ] [Command        :353] - start[1790974739163] time[0] tag[Q_ECHO]
[2026-10-03 04:58:59.163][INFO ] [Command        :536] - > LINE => 275, CMD => Q_ECHO, CONTENT => ========== Step 8: Final verification on standby ==========
[2026-10-03 04:58:59.163][INFO ] [Command        :353] - start[1790974739163] time[0] tag[Q_ECHO]
[2026-10-03 04:58:59.164][INFO ] [Command        :536] - > LINE => 277, CMD => Q_DISABLE_QUERY_LOG, CONTENT => --disable_query_log
[2026-10-03 04:58:59.164][INFO ] [Command        :353] - start[1790974739164] time[0] tag[Q_DISABLE_QUERY_LOG]
[2026-10-03 04:58:59.164][INFO ] [Command        :536] - > LINE => 278, CMD => Q_DISABLE_RESULT_LOG, CONTENT => --disable_result_log
[2026-10-03 04:58:59.164][INFO ] [Command        :353] - start[1790974739164] time[0] tag[Q_DISABLE_RESULT_LOG]
[2026-10-03 04:58:59.164][INFO ] [Command        :536] - > LINE => 281, CMD => Q_DEPLOY, CONTENT => db_s.check_until_timeout select count(*) from oceanbase.__all_virtual_server_stat where role = 'STANDBY' and sync_scn >= $primary_scn_4, 1, 120;
[2026-10-03 04:58:59.165][INFO ] [DeployProcessor:93] - deploy => db_s.check_until_timeout select count(*) from oceanbase.__all_virtual_server_stat where role = 'STANDBY' and sync_scn >= 1790974735656082002, 1, 120
[2026-10-03 04:58:59.165][INFO ] [Deploy         :287] - execute db_s.check_until_timeout select count(*) from oceanbase.__all_virtual_server_stat where role = 'STANDBY' and sync_scn >= 1790974735656082002, 1, 120
[2026-10-03 04:58:59.166][INFO ] [Deploy         :287] - execute db_s.select_one_value select count(*) from oceanbase.__all_virtual_server_stat where role = 'STANDBY' and sync_scn >= 1790974735656082002
[2026-10-03 04:58:59.166][INFO ] [SQLProcessor   :2086] - execute sql => select count(*) from oceanbase.__all_virtual_server_stat where role = 'STANDBY' and sync_scn >= 1790974735656082002
[2026-10-03 04:58:59.178][INFO ] [Deploy         :294] - execute db_s.select_one_value select count(*) from oceanbase.__all_virtual_server_stat where role = 'STANDBY' and sync_scn >= 1790974735656082002 result => 1
[2026-10-03 04:58:59.178][INFO ] [OBI            :5345] - check success! use time = 0
[2026-10-03 04:58:59.178][INFO ] [Deploy         :294] - execute db_s.check_until_timeout select count(*) from oceanbase.__all_virtual_server_stat where role = 'STANDBY' and sync_scn >= 1790974735656082002, 1, 120 result => true
[2026-10-03 04:58:59.178][INFO ] [Command        :353] - start[1790974739165] time[13] tag[Q_DEPLOY]
[2026-10-03 04:58:59.178][INFO ] [Command        :536] - > LINE => 283, CMD => Q_CONNECTION, CONTENT => connection conn_sys_s2
[2026-10-03 04:58:59.179][INFO ] [SQLProcessor   :1128] - use connection => conn_sys_s2 hashcode => 2047744862
[2026-10-03 04:58:59.180][INFO ] [SQLProcessor   :1158] - connection => conn_sys_s2 is mysql mode. conn=com.mysql.cj.jdbc.ConnectionImpl@7a0e1b5e
[2026-10-03 04:58:59.180][INFO ] [Command        :353] - start[1790974739178] time[1] tag[Q_CONNECTION]
[2026-10-03 04:58:59.181][INFO ] [Command        :536] - > LINE => 285, CMD => Q_ENABLE_QUERY_LOG, CONTENT => --enable_query_log
[2026-10-03 04:58:59.181][INFO ] [Command        :353] - start[1790974739181] time[0] tag[Q_ENABLE_QUERY_LOG]
[2026-10-03 04:58:59.181][INFO ] [Command        :536] - > LINE => 286, CMD => Q_ENABLE_RESULT_LOG, CONTENT => --enable_result_log
[2026-10-03 04:58:59.181][INFO ] [Command        :353] - start[1790974739181] time[0] tag[Q_ENABLE_RESULT_LOG]
[2026-10-03 04:58:59.181][INFO ] [Command        :536] - > LINE => 288, CMD => Q_LET, CONTENT => $restart_step
[2026-10-03 04:58:59.182][INFO ] [Command        :353] - start[1790974739181] time[0] tag[Q_LET]
[2026-10-03 04:58:59.182][INFO ] [Command        :536] - > LINE => 289, CMD => Q_SOURCE, CONTENT => t/stanby/include/standby_restart_workloads.inc
[2026-10-03 04:58:59.182][INFO ] [TestCase       :761] - Read file => t/stanby/include/standby_restart_workloads.inc
[2026-10-03 04:58:59.182][INFO ] [TestCase       :721] - Finish read case: file_lines => 18, lineNo => 8
[2026-10-03 04:58:59.182][INFO ] [Command        :536] - > LINE => 11, CMD => Q_ECHO, CONTENT => --- ddl ---
[2026-10-03 04:58:59.182][INFO ] [Command        :353] - start[1790974739182] time[0] tag[Q_ECHO]
[2026-10-03 04:58:59.183][INFO ] [Command        :536] - > LINE => 12, CMD => Q_SOURCE, CONTENT => t/stanby/include/standby_restart_ddl.inc
[2026-10-03 04:58:59.183][INFO ] [TestCase       :761] - Read file => t/stanby/include/standby_restart_ddl.inc
[2026-10-03 04:58:59.183][INFO ] [TestCase       :721] - Finish read case: file_lines => 82, lineNo => 59
[2026-10-03 04:58:59.183][INFO ] [Command        :536] - > LINE => 0, CMD => Q_IF, CONTENT => $restart_step == 1
[2026-10-03 04:58:59.188][INFO ] [Command        :353] - start[1790974739183] time[4] tag[Q_IF]
[2026-10-03 04:58:59.188][INFO ] [Command        :536] - > LINE => 0, CMD => Q_IF, CONTENT => $restart_step == 2
[2026-10-03 04:58:59.191][INFO ] [Command        :353] - start[1790974739188] time[2] tag[Q_IF]
[2026-10-03 04:58:59.191][INFO ] [Command        :536] - > LINE => 0, CMD => Q_IF, CONTENT => $restart_step == 3
[2026-10-03 04:58:59.194][INFO ] [Command        :353] - start[1790974739191] time[2] tag[Q_IF]
[2026-10-03 04:58:59.194][INFO ] [Command        :536] - > LINE => 0, CMD => Q_IF, CONTENT => $restart_step == 4
[2026-10-03 04:58:59.196][INFO ] [Command        :353] - start[1790974739194] time[2] tag[Q_IF]
[2026-10-03 04:58:59.197][INFO ] [Command        :536] - > LINE => 0, CMD => Q_IF, CONTENT => $restart_step == 5
[2026-10-03 04:58:59.200][INFO ] [Command        :353] - start[1790974739197] time[2] tag[Q_IF]
[2026-10-03 04:58:59.200][INFO ] [Command        :536] - > LINE => 0, CMD => Q_IF, CONTENT => $restart_step == 6
[2026-10-03 04:58:59.203][INFO ] [Command        :353] - start[1790974739200] time[2] tag[Q_IF]
[2026-10-03 04:58:59.203][INFO ] [Command        :536] - > LINE => 0, CMD => Q_IF, CONTENT => $restart_step == 7
[2026-10-03 04:58:59.205][INFO ] [Command        :353] - start[1790974739203] time[2] tag[Q_IF]
[2026-10-03 04:58:59.206][INFO ] [Command        :536] - > LINE => 0, CMD => Q_IF, CONTENT => $restart_step == 8
[2026-10-03 04:58:59.208][INFO ] [Command        :536] - > LINE => 0, CMD => Q_QUERY, CONTENT => select count(*) from test_restart_ddl;
[2026-10-03 04:58:59.212][INFO ] [Command        :353] - start[1790974739209] time[3] tag[Q_QUERY]
[2026-10-03 04:58:59.212][INFO ] [Command        :536] - > LINE => 0, CMD => Q_QUERY, CONTENT => select id, name, value from test_restart_ddl order by id;
[2026-10-03 04:58:59.215][INFO ] [Command        :353] - start[1790974739212] time[2] tag[Q_QUERY]
[2026-10-03 04:58:59.216][INFO ] [Command        :536] - > LINE => 0, CMD => Q_QUERY, CONTENT => select count(*) from test_restart_ddl_new;
[2026-10-03 04:58:59.218][INFO ] [Command        :353] - start[1790974739216] time[2] tag[Q_QUERY]
[2026-10-03 04:58:59.218][INFO ] [Command        :536] - > LINE => 0, CMD => Q_QUERY, CONTENT => select * from test_restart_ddl_new order by a;
[2026-10-03 04:58:59.221][INFO ] [Command        :353] - start[1790974739219] time[2] tag[Q_QUERY]
[2026-10-03 04:58:59.221][INFO ] [Command        :353] - start[1790974739206] time[15] tag[Q_IF]
[2026-10-03 04:58:59.221][INFO ] [Command        :353] - start[1790974739183] time[38] tag[Q_SOURCE]
[2026-10-03 04:58:59.221][INFO ] [Command        :536] - > LINE => 13, CMD => Q_ECHO, CONTENT => --- fulltext ---
[2026-10-03 04:58:59.221][INFO ] [Command        :353] - start[1790974739221] time[0] tag[Q_ECHO]
[2026-10-03 04:58:59.221][INFO ] [Command        :536] - > LINE => 14, CMD => Q_SOURCE, CONTENT => t/stanby/include/standby_restart_fulltext.inc
[2026-10-03 04:58:59.222][INFO ] [TestCase       :761] - Read file => t/stanby/include/standby_restart_fulltext.inc
[2026-10-03 04:58:59.222][INFO ] [TestCase       :721] - Finish read case: file_lines => 62, lineNo => 40
[2026-10-03 04:58:59.222][INFO ] [Command        :536] - > LINE => 0, CMD => Q_IF, CONTENT => $restart_step == 1
[2026-10-03 04:58:59.225][INFO ] [Command        :353] - start[1790974739222] time[2] tag[Q_IF]
[2026-10-03 04:58:59.225][INFO ] [Command        :536] - > LINE => 0, CMD => Q_IF, CONTENT => $restart_step == 2
[2026-10-03 04:58:59.228][INFO ] [Command        :353] - start[1790974739225] time[2] tag[Q_IF]
[2026-10-03 04:58:59.228][INFO ] [Command        :536] - > LINE => 0, CMD => Q_IF, CONTENT => $restart_step == 3
[2026-10-03 04:58:59.230][INFO ] [Command        :353] - start[1790974739228] time[2] tag[Q_IF]
[2026-10-03 04:58:59.231][INFO ] [Command        :536] - > LINE => 0, CMD => Q_IF, CONTENT => $restart_step == 4
[2026-10-03 04:58:59.233][INFO ] [Command        :353] - start[1790974739231] time[2] tag[Q_IF]
[2026-10-03 04:58:59.233][INFO ] [Command        :536] - > LINE => 0, CMD => Q_IF, CONTENT => $restart_step == 5
[2026-10-03 04:58:59.236][INFO ] [Command        :353] - start[1790974739233] time[2] tag[Q_IF]
[2026-10-03 04:58:59.236][INFO ] [Command        :536] - > LINE => 0, CMD => Q_IF, CONTENT => $restart_step == 6
[2026-10-03 04:58:59.239][INFO ] [Command        :353] - start[1790974739236] time[2] tag[Q_IF]
[2026-10-03 04:58:59.239][INFO ] [Command        :536] - > LINE => 0, CMD => Q_IF, CONTENT => $restart_step == 7
[2026-10-03 04:58:59.241][INFO ] [Command        :353] - start[1790974739239] time[1] tag[Q_IF]
[2026-10-03 04:58:59.241][INFO ] [Command        :536] - > LINE => 0, CMD => Q_IF, CONTENT => $restart_step == 8
[2026-10-03 04:58:59.244][INFO ] [Command        :536] - > LINE => 0, CMD => Q_QUERY, CONTENT => select count(*) from test_restart_fts;
[2026-10-03 04:58:59.248][INFO ] [Command        :353] - start[1790974739245] time[3] tag[Q_QUERY]
[2026-10-03 04:58:59.248][INFO ] [Command        :536] - > LINE => 0, CMD => Q_QUERY, CONTENT => select id, title from test_restart_fts order by id;
[2026-10-03 04:58:59.250][INFO ] [Command        :353] - start[1790974739248] time[2] tag[Q_QUERY]
[2026-10-03 04:58:59.250][INFO ] [Command        :353] - start[1790974739242] time[8] tag[Q_IF]
[2026-10-03 04:58:59.251][INFO ] [Command        :353] - start[1790974739222] time[28] tag[Q_SOURCE]
[2026-10-03 04:58:59.251][INFO ] [Command        :536] - > LINE => 15, CMD => Q_ECHO, CONTENT => --- vector ---
[2026-10-03 04:58:59.251][INFO ] [Command        :353] - start[1790974739251] time[0] tag[Q_ECHO]
[2026-10-03 04:58:59.251][INFO ] [Command        :536] - > LINE => 16, CMD => Q_SOURCE, CONTENT => t/stanby/include/standby_restart_vector.inc
[2026-10-03 04:58:59.251][INFO ] [TestCase       :761] - Read file => t/stanby/include/standby_restart_vector.inc
[2026-10-03 04:58:59.251][INFO ] [TestCase       :721] - Finish read case: file_lines => 91, lineNo => 57
[2026-10-03 04:58:59.252][INFO ] [Command        :536] - > LINE => 0, CMD => Q_IF, CONTENT => $restart_step == 1
[2026-10-03 04:58:59.254][INFO ] [Command        :353] - start[1790974739252] time[2] tag[Q_IF]
[2026-10-03 04:58:59.255][INFO ] [Command        :536] - > LINE => 0, CMD => Q_IF, CONTENT => $restart_step == 2
[2026-10-03 04:58:59.259][INFO ] [Command        :353] - start[1790974739256] time[3] tag[Q_IF]
[2026-10-03 04:58:59.259][INFO ] [Command        :536] - > LINE => 0, CMD => Q_IF, CONTENT => $restart_step == 3
[2026-10-03 04:58:59.262][INFO ] [Command        :353] - start[1790974739259] time[2] tag[Q_IF]
[2026-10-03 04:58:59.262][INFO ] [Command        :536] - > LINE => 0, CMD => Q_IF, CONTENT => $restart_step == 4
[2026-10-03 04:58:59.265][INFO ] [Command        :353] - start[1790974739262] time[2] tag[Q_IF]
[2026-10-03 04:58:59.265][INFO ] [Command        :536] - > LINE => 0, CMD => Q_IF, CONTENT => $restart_step == 5
[2026-10-03 04:58:59.268][INFO ] [Command        :353] - start[1790974739265] time[2] tag[Q_IF]
[2026-10-03 04:58:59.268][INFO ] [Command        :536] - > LINE => 0, CMD => Q_IF, CONTENT => $restart_step == 6
[2026-10-03 04:58:59.271][INFO ] [Command        :353] - start[1790974739268] time[2] tag[Q_IF]
[2026-10-03 04:58:59.271][INFO ] [Command        :536] - > LINE => 0, CMD => Q_IF, CONTENT => $restart_step == 7
[2026-10-03 04:58:59.273][INFO ] [Command        :353] - start[1790974739271] time[1] tag[Q_IF]
[2026-10-03 04:58:59.273][INFO ] [Command        :536] - > LINE => 0, CMD => Q_IF, CONTENT => $restart_step == 8
[2026-10-03 04:58:59.276][INFO ] [Command        :536] - > LINE => 0, CMD => Q_QUERY, CONTENT => select count(*) from test_restart_vec;
[2026-10-03 04:58:59.278][INFO ] [Command        :353] - start[1790974739276] time[2] tag[Q_QUERY]
[2026-10-03 04:58:59.279][INFO ] [Command        :536] - > LINE => 0, CMD => Q_QUERY, CONTENT => select id, name from test_restart_vec order by id;
[2026-10-03 04:58:59.281][INFO ] [Command        :353] - start[1790974739279] time[1] tag[Q_QUERY]
[2026-10-03 04:58:59.281][INFO ] [Command        :536] - > LINE => 0, CMD => Q_QUERY, CONTENT => select count(*) from test_restart_vec_idx;
[2026-10-03 04:58:59.283][INFO ] [Command        :353] - start[1790974739281] time[1] tag[Q_QUERY]
[2026-10-03 04:58:59.284][INFO ] [Command        :536] - > LINE => 0, CMD => Q_QUERY, CONTENT => select id, label from test_restart_vec_idx order by id;
[2026-10-03 04:58:59.286][INFO ] [Command        :353] - start[1790974739284] time[2] tag[Q_QUERY]
[2026-10-03 04:58:59.286][INFO ] [Command        :353] - start[1790974739273] time[12] tag[Q_IF]
[2026-10-03 04:58:59.286][INFO ] [Command        :353] - start[1790974739251] time[34] tag[Q_SOURCE]
[2026-10-03 04:58:59.286][INFO ] [Command        :536] - > LINE => 17, CMD => Q_ECHO, CONTENT => --- fork_table ---
[2026-10-03 04:58:59.286][INFO ] [Command        :353] - start[1790974739286] time[0] tag[Q_ECHO]
[2026-10-03 04:58:59.286][INFO ] [Command        :536] - > LINE => 18, CMD => Q_SOURCE, CONTENT => t/stanby/include/standby_restart_fork_table.inc
[2026-10-03 04:58:59.286][INFO ] [TestCase       :761] - Read file => t/stanby/include/standby_restart_fork_table.inc
[2026-10-03 04:58:59.287][INFO ] [TestCase       :721] - Finish read case: file_lines => 92, lineNo => 57
[2026-10-03 04:58:59.287][INFO ] [Command        :536] - > LINE => 0, CMD => Q_IF, CONTENT => $restart_step == 1
[2026-10-03 04:58:59.289][INFO ] [Command        :353] - start[1790974739287] time[2] tag[Q_IF]
[2026-10-03 04:58:59.289][INFO ] [Command        :536] - > LINE => 0, CMD => Q_IF, CONTENT => $restart_step == 2
[2026-10-03 04:58:59.291][INFO ] [Command        :353] - start[1790974739289] time[1] tag[Q_IF]
[2026-10-03 04:58:59.291][INFO ] [Command        :536] - > LINE => 0, CMD => Q_IF, CONTENT => $restart_step == 3
[2026-10-03 04:58:59.294][INFO ] [Command        :353] - start[1790974739292] time[2] tag[Q_IF]
[2026-10-03 04:58:59.294][INFO ] [Command        :536] - > LINE => 0, CMD => Q_IF, CONTENT => $restart_step == 4
[2026-10-03 04:58:59.296][INFO ] [Command        :353] - start[1790974739294] time[2] tag[Q_IF]
[2026-10-03 04:58:59.297][INFO ] [Command        :536] - > LINE => 0, CMD => Q_IF, CONTENT => $restart_step == 5
[2026-10-03 04:58:59.299][INFO ] [Command        :353] - start[1790974739297] time[2] tag[Q_IF]
[2026-10-03 04:58:59.299][INFO ] [Command        :536] - > LINE => 0, CMD => Q_IF, CONTENT => $restart_step == 6
[2026-10-03 04:58:59.302][INFO ] [Command        :353] - start[1790974739300] time[2] tag[Q_IF]
[2026-10-03 04:58:59.303][INFO ] [Command        :536] - > LINE => 0, CMD => Q_IF, CONTENT => $restart_step == 7
[2026-10-03 04:58:59.306][INFO ] [Command        :353] - start[1790974739303] time[3] tag[Q_IF]
[2026-10-03 04:58:59.306][INFO ] [Command        :536] - > LINE => 0, CMD => Q_IF, CONTENT => $restart_step == 8
[2026-10-03 04:58:59.312][INFO ] [Command        :536] - > LINE => 0, CMD => Q_QUERY, CONTENT => select count(*) from test_restart_fork_src;
[2026-10-03 04:58:59.315][INFO ] [Command        :353] - start[1790974739312] time[2] tag[Q_QUERY]
[2026-10-03 04:58:59.316][INFO ] [Command        :536] - > LINE => 0, CMD => Q_QUERY, CONTENT => select c1, c2, c3 from test_restart_fork_src order by c1;
[2026-10-03 04:58:59.318][INFO ] [Command        :353] - start[1790974739316] time[2] tag[Q_QUERY]
[2026-10-03 04:58:59.319][INFO ] [Command        :536] - > LINE => 0, CMD => Q_QUERY, CONTENT => select count(*) from test_restart_fork_dst;
[2026-10-03 04:58:59.321][INFO ] [Command        :353] - start[1790974739319] time[2] tag[Q_QUERY]
[2026-10-03 04:58:59.322][INFO ] [Command        :536] - > LINE => 0, CMD => Q_QUERY, CONTENT => select c1, c2, c3 from test_restart_fork_dst order by c1;
[2026-10-03 04:58:59.325][INFO ] [Command        :353] - start[1790974739322] time[3] tag[Q_QUERY]
[2026-10-03 04:58:59.326][INFO ] [Command        :536] - > LINE => 0, CMD => Q_QUERY, CONTENT => select count(*) from test_restart_fork_dst2;
[2026-10-03 04:58:59.328][INFO ] [Command        :353] - start[1790974739326] time[2] tag[Q_QUERY]
[2026-10-03 04:58:59.329][INFO ] [Command        :536] - > LINE => 0, CMD => Q_QUERY, CONTENT => select c1, c2, c3 from test_restart_fork_dst2 order by c1;
[2026-10-03 04:58:59.332][INFO ] [Command        :353] - start[1790974739329] time[3] tag[Q_QUERY]
[2026-10-03 04:58:59.332][INFO ] [Command        :353] - start[1790974739306] time[26] tag[Q_IF]
[2026-10-03 04:58:59.332][INFO ] [Command        :353] - start[1790974739286] time[45] tag[Q_SOURCE]
[2026-10-03 04:58:59.332][INFO ] [Command        :353] - start[1790974739182] time[150] tag[Q_SOURCE]
[2026-10-03 04:58:59.333][INFO ] [Command        :536] - > LINE => 291, CMD => Q_ECHO, CONTENT => Step 8 completed
[2026-10-03 04:58:59.333][INFO ] [Command        :353] - start[1790974739333] time[0] tag[Q_ECHO]
[2026-10-03 04:58:59.333][INFO ] [Command        :536] - > LINE => 296, CMD => Q_ECHO, CONTENT => ========== Test Summary ==========
[2026-10-03 04:58:59.333][INFO ] [Command        :353] - start[1790974739333] time[0] tag[Q_ECHO]
[2026-10-03 04:58:59.333][INFO ] [Command        :536] - > LINE => 297, CMD => Q_ECHO, CONTENT => Standby restart framework test completed successfully:
[2026-10-03 04:58:59.333][INFO ] [Command        :353] - start[1790974739333] time[0] tag[Q_ECHO]
[2026-10-03 04:58:59.334][INFO ] [Command        :536] - > LINE => 298, CMD => Q_ECHO, CONTENT => Step 1: Write initial data on primary: PASSED
[2026-10-03 04:58:59.334][INFO ] [Command        :353] - start[1790974739334] time[0] tag[Q_ECHO]
[2026-10-03 04:58:59.334][INFO ] [Command        :536] - > LINE => 299, CMD => Q_ECHO, CONTENT => Step 2: Verify initial data on standby: PASSED
[2026-10-03 04:58:59.334][INFO ] [Command        :353] - start[1790974739334] time[0] tag[Q_ECHO]
[2026-10-03 04:58:59.334][INFO ] [Command        :536] - > LINE => 300, CMD => Q_ECHO, CONTENT => Step 3: Stop standby + write data on primary: PASSED
[2026-10-03 04:58:59.334][INFO ] [Command        :353] - start[1790974739334] time[0] tag[Q_ECHO]
[2026-10-03 04:58:59.335][INFO ] [Command        :536] - > LINE => 301, CMD => Q_ECHO, CONTENT => Step 4: Restart standby + verify data: PASSED
[2026-10-03 04:58:59.335][INFO ] [Command        :353] - start[1790974739335] time[0] tag[Q_ECHO]
[2026-10-03 04:58:59.335][INFO ] [Command        :536] - > LINE => 302, CMD => Q_ECHO, CONTENT => Step 5: Write more data on primary: PASSED
[2026-10-03 04:58:59.335][INFO ] [Command        :353] - start[1790974739335] time[0] tag[Q_ECHO]
[2026-10-03 04:58:59.335][INFO ] [Command        :536] - > LINE => 303, CMD => Q_ECHO, CONTENT => Step 6: Verify continued sync on standby: PASSED
[2026-10-03 04:58:59.336][INFO ] [Command        :353] - start[1790974739335] time[0] tag[Q_ECHO]
[2026-10-03 04:58:59.336][INFO ] [Command        :536] - > LINE => 304, CMD => Q_ECHO, CONTENT => Step 7: Restart primary + write data: PASSED
[2026-10-03 04:58:59.336][INFO ] [Command        :353] - start[1790974739336] time[0] tag[Q_ECHO]
[2026-10-03 04:58:59.336][INFO ] [Command        :536] - > LINE => 305, CMD => Q_ECHO, CONTENT => Step 8: Final verification on standby: PASSED
[2026-10-03 04:58:59.336][INFO ] [Command        :353] - start[1790974739336] time[0] tag[Q_ECHO]
[2026-10-03 04:58:59.341][INFO ] [TestCase       :832] - test success
[2026-10-03 04:58:59.341][INFO ] [MyTest         :151] - cost ts 133s exitcode 0
Shutdown hook ran!
