Run case stanby/basic
[2026-10-03 04:00:49.972][INFO ] [MyTest         :78] - print args => [-use_ob_connector, true, -result_file, r/stanby/basic.result, -test_file, t/stanby/basic.test]
[-use_ob_connector, true, -result_file, r/stanby/basic.result, -test_file, t/stanby/basic.test]
[2026-10-03 04:00:49.985][INFO ] [MyTest         :81] - start case => t/stanby/basic.test
[2026-10-03 04:00:50.12][INFO ] [MyTest         :84] - use data id => obtest_nijia.nj_6.12.232.130
[2026-10-03 04:00:50.133][INFO ] [TestCase       :107] - initilize deploy processor
[2026-10-03 04:00:50.150][INFO ] [DeployConfig   :590] - config port and dataid. port_base=>1124, obs_port=>1124, mysql_port=>1159, data_id=>obtest_nijia.nj_6.12.232.130_0, port_offset=>0
[2026-10-03 04:00:50.219][INFO ] [DeployConfig   :577] - config port and dataid. port_base=>42000, obs_port=>42000, mysql_port=>42035, data_id=>obtest_nijia.nj_6.12.232.130_042000
[2026-10-03 04:00:50.225][INFO ] [OfsProcessor   :53] - ofs_deployer: null/hap.py
[2026-10-03 04:00:50.226][INFO ] [OfsCreateTenantProcessor:32] - ofsshell: null/../../bin/ofsshell
[2026-10-03 04:00:50.226][INFO ] [TestCase       :761] - Read file => t/stanby/basic.test
[2026-10-03 04:00:50.227][INFO ] [TestCase       :721] - Finish read case: file_lines => 176, lineNo => 79
[2026-10-03 04:00:50.239][INFO ] [Command        :536] - > LINE => 13, CMD => Q_DISABLE_ALL_RESULT_LOG, CONTENT => --disable_all_result_log
[2026-10-03 04:00:50.240][INFO ] [Command        :353] - start[1790971250240] time[0] tag[Q_DISABLE_ALL_RESULT_LOG]
[2026-10-03 04:00:50.244][INFO ] [Command        :536] - > LINE => 14, CMD => Q_DEPLOY, CONTENT => db_p=OBI(cluster=1,proxy_num=0,role=primary);
[2026-10-03 04:00:50.248][INFO ] [DeployProcessor:78] - OBI define => db_p=OBI(cluster=1,proxy_num=0,role=primary)
[2026-10-03 04:00:50.268][INFO ] [Deploy         :381] - execute db_p.z_num result => 1 result type => java.lang.Integer
[2026-10-03 04:00:50.385][INFO ] [Deploy         :464] - assign rpc port. observer=>db_p.z1.obs0, rpc_port=>42000
[2026-10-03 04:00:50.386][INFO ] [Deploy         :471] - assign mysql port. observer=>db_p.z1.obs0, mysql_port=>42035
[2026-10-03 04:00:50.386][INFO ] [Deploy         :478] - assign backup io rpc port. observer=>db_p.z1.obs0, obesi_port=>42070
[2026-10-03 04:00:50.392][INFO ] [OBLog          :99] - config.ob_version='.'
[2026-10-03 04:00:50.392][INFO ] [OBLog          :100] - config.oblog_version='default'
[2026-10-03 04:00:50.392][INFO ] [OBLog          :117] - set oblog version='.'
[2026-10-03 04:00:50.393][INFO ] [OBLog          :126] - set oblog work_dir=''
[2026-10-03 04:00:50.393][INFO ] [OBLog          :148] - oblog.is_obcdc_exist: false
[2026-10-03 04:00:50.393][INFO ] [OBLog          :149] - oblog.exec: oblog/oblog_tailf
[2026-10-03 04:00:50.393][INFO ] [OBLog          :150] - oblog.configFile: oblog/liboblog.conf
[2026-10-03 04:00:50.393][INFO ] [OBLog          :151] - oblog.dataFile: oblog/data.log
[2026-10-03 04:00:50.393][INFO ] [OBLog          :152] - oblog.envCon: LD_LIBRARY_PATH=oblog:$LD_LIBRARY_PATH
[2026-10-03 04:00:50.394][INFO ] [OBLog          :153] - oblog.startCmdHead: ulimit -c unlimited; LD_LIBRARY_PATH=oblog:$LD_LIBRARY_PATH oblog/oblog_tailf
[2026-10-03 04:00:50.394][INFO ] [OBLog          :154] - oblog.defaultStartCmd: ulimit -c unlimited; LD_LIBRARY_PATH=oblog:$LD_LIBRARY_PATH oblog/oblog_tailf  -f oblog/liboblog.conf -D oblog/data.log -H oblog/heartbeat.log -d
[2026-10-03 04:00:50.692][INFO ] [Deploy         :1128] - start observer version is lite mode: true
[2026-10-03 04:00:50.692][INFO ] [Command        :353] - start[1790971250244] time[448] tag[Q_DEPLOY]
[2026-10-03 04:00:50.693][INFO ] [Command        :536] - > LINE => 15, CMD => Q_DEPLOY, CONTENT => db_p.reboot;
[2026-10-03 04:00:50.694][INFO ] [DeployProcessor:93] - deploy => db_p.reboot
[2026-10-03 04:00:50.694][INFO ] [Deploy         :287] - execute db_p.reset
[2026-10-03 04:00:50.695][INFO ] [Deploy         :381] - execute db_p.lite_mode result => true result type => java.lang.Boolean
[2026-10-03 04:00:50.695][INFO ] [Deploy         :294] - execute db_p.reset result => true
[2026-10-03 04:00:50.695][INFO ] [Deploy         :287] - execute db_p.clean_asvr
[2026-10-03 04:00:50.696][INFO ] [Deploy         :294] - execute db_p.clean_asvr result => true
[2026-10-03 04:00:50.700][INFO ] [Deploy         :287] - execute db_p.z1.obs0.force_stop_asvr
[2026-10-03 04:00:50.702][INFO ] [Role           :1228] - pkill -9 -u nijia.nj -f '^/data/1/nijia.nj/test/namespace_standby_20261003_v1/work/db_p.asvr0/bin/observer' on 6.12.232.130
[2026-10-03 04:00:50.738][INFO ] [Role           :1230] - pkill asvr result is => 1
[2026-10-03 04:00:50.739][INFO ] [Deploy         :294] - execute db_p.z1.obs0.force_stop_asvr result => true
[2026-10-03 04:00:50.739][INFO ] [Deploy         :287] - execute db_p.z1.obs0.rmdir_asvr
[2026-10-03 04:00:50.739][INFO ] [Role           :1237] - try to remove asvr dir server  => db_p.z1.obs0
[2026-10-03 04:00:50.744][INFO ] [Role           :1264] - rm -fr /data/1/nijia.nj/test/namespace_standby_20261003_v1/work/db_p.asvr0 , on => 6.12.232.130 rc => 0 stdout => null
[2026-10-03 04:00:50.744][INFO ] [Deploy         :294] - execute db_p.z1.obs0.rmdir_asvr result => true
[2026-10-03 04:00:50.744][INFO ] [Deploy         :331] - execute db_p.z1.obs0.clean_asvr  result => true
[2026-10-03 04:00:50.745][INFO ] [Deploy         :362] - execute db_p.z1.clean_asvr  result => true [true]
[2026-10-03 04:00:50.745][INFO ] [Deploy         :362] - execute db_p.clean_asvr_everywhere result => true [true]
[2026-10-03 04:00:50.746][INFO ] [Deploy         :331] - execute db_p.clean_all_asvr result => true
[2026-10-03 04:00:50.746][INFO ] [Deploy         :287] - execute db_p.deploy_logservice
[2026-10-03 04:00:50.746][INFO ] [Deploy         :294] - execute db_p.deploy_logservice result => true
[2026-10-03 04:00:50.747][INFO ] [Deploy         :287] - execute db_p.bootstrap_logservice
[2026-10-03 04:00:50.747][INFO ] [Deploy         :294] - execute db_p.bootstrap_logservice result => true
[2026-10-03 04:00:50.747][INFO ] [Deploy         :331] - execute db_p.reboot_logservice result => true
[2026-10-03 04:00:50.749][INFO ] [Deploy         :287] - execute db_p.z1.check_local_bin
[2026-10-03 04:00:50.756][INFO ] [Deploy         :294] - execute db_p.z1.check_local_bin result => true
[2026-10-03 04:00:50.757][INFO ] [Deploy         :287] - execute db_p.z1.check_ssh
[2026-10-03 04:00:50.757][INFO ] [Deploy         :294] - execute db_p.z1.check_ssh result => true
[2026-10-03 04:00:50.758][INFO ] [Deploy         :287] - execute db_p.z1.obs0.check_dir 
[2026-10-03 04:00:50.766][INFO ] [Deploy         :294] - execute db_p.z1.obs0.check_dir  result => true
[2026-10-03 04:00:50.781][INFO ] [Deploy         :362] - execute db_p.z1.check_dir result => true [true]
[2026-10-03 04:00:50.782][INFO ] [Deploy         :287] - execute db_p.z1.obs0.force_stop 
[2026-10-03 04:00:50.783][INFO ] [Role           :1307] - pkill -9 -u nijia.nj -f '^/data/1/nijia.nj/test/namespace_standby_20261003_v1/work/db_p.z1.obs0/bin/observer|^/data/1/nijia.nj/test/namespace_standby_20261003_v1/work/db_p.z1.obs0/bin/obesi' on 6.12.232.130
[2026-10-03 04:00:50.800][INFO ] [Role           :1309] - pkill result is => 1
[2026-10-03 04:00:50.800][INFO ] [Role           :1142] - wait stop /data/1/nijia.nj/test/namespace_standby_20261003_v1/work/db_p.z1.obs0/bin/observer on 6.12.232.130
[2026-10-03 04:00:50.801][INFO ] [Role           :1190] - ps uxf | grep "/data/1/nijia.nj/test/namespace_standby_20261003_v1/work/db_p.z1.obs0/bin/observer" | grep -v grep
[2026-10-03 04:00:50.845][INFO ] [Role           :1154] - check port on 6.12.232.130
[2026-10-03 04:00:50.846][INFO ] [RemoteShell    :143] - netstat -lpnt 2>/dev/null | grep '0.0.0.0:42000 ' | awk -F ' ' '{print $7}'
[2026-10-03 04:00:50.891][INFO ] [RemoteShell    :143] - netstat -lpnt 2>/dev/null | grep '0.0.0.0:42035 ' | awk -F ' ' '{print $7}'
[2026-10-03 04:00:50.926][INFO ] [Role           :1164] - stop obs0 took 2 s
[2026-10-03 04:00:50.927][INFO ] [Deploy         :294] - execute db_p.z1.obs0.force_stop  result => true
[2026-10-03 04:00:50.927][INFO ] [Deploy         :362] - execute db_p.z1.force_stop result => true [true]
[2026-10-03 04:00:50.928][INFO ] [Deploy         :362] - execute db_p.z1.force_stop_logstore result => true []
[2026-10-03 04:00:50.928][INFO ] [Deploy         :331] - execute db_p.z1.force_stop_all result => true
[2026-10-03 04:00:50.929][INFO ] [Deploy         :287] - execute db_p.z1.obs0.rmdir 
[2026-10-03 04:00:50.930][INFO ] [Deploy         :381] - execute db_p.lite_mode result => true result type => java.lang.Boolean
[2026-10-03 04:00:50.931][INFO ] [Role           :1395] - rm -fr /data/1/nijia.nj/test/namespace_standby_20261003_v1/data/db_p.z1.obs0.nijia.nj/sstable /data/1/nijia.nj/test/namespace_standby_20261003_v1/clog/db_p.z1.obs0.nijia.nj/store /data/1/nijia.nj/test/namespace_standby_20261003_v1/clog/db_p.z1.obs0.nijia.nj/store/slog /data/1/nijia.nj/test/namespace_standby_20261003_v1/data/db_p.z1.obs0.nijia.nj/sort_dir , on => 6.12.232.130
[2026-10-03 04:00:50.942][INFO ] [Role           :1397] - rm -fr /data/1/nijia.nj/test/namespace_standby_20261003_v1/data/db_p.z1.obs0.nijia.nj/sstable /data/1/nijia.nj/test/namespace_standby_20261003_v1/clog/db_p.z1.obs0.nijia.nj/store /data/1/nijia.nj/test/namespace_standby_20261003_v1/clog/db_p.z1.obs0.nijia.nj/store/slog /data/1/nijia.nj/test/namespace_standby_20261003_v1/data/db_p.z1.obs0.nijia.nj/sort_dir , on => 6.12.232.130 rc => 0 stdout => null
[2026-10-03 04:00:50.949][INFO ] [Role           :1402] - rm -fr /data/1/nijia.nj/test/namespace_standby_20261003_v1/work/db_p.z1.obs0/log , on => 6.12.232.130 rc => 0 stdout => null
[2026-10-03 04:00:50.956][INFO ] [Role           :1407] - rm -fr /data/1/nijia.nj/test/namespace_standby_20261003_v1/work/db_p.z1.obs0/admin , on => 6.12.232.130 rc => 0 stdout => null
[2026-10-03 04:00:50.961][INFO ] [Role           :1412] - rm -fr /data/1/nijia.nj/test/namespace_standby_20261003_v1/work/db_p.z1.obs0/wallet , on => 6.12.232.130 rc => 0 stdout => null
[2026-10-03 04:00:50.966][INFO ] [Role           :1417] - rm -fr /data/1/nijia.nj/test/namespace_standby_20261003_v1/work/db_p.z1.obs0/etc/observer.c*nf*.bin* /data/1/nijia.nj/test/namespace_standby_20261003_v1/work/db_p.z1.obs0/etc/seekdb.c*nf*.bin* , on => 6.12.232.130 rc => 0 stdout => null
[2026-10-03 04:00:50.970][INFO ] [Role           :1423] - rm -fr /data/1/nijia.nj/test/namespace_standby_20261003_v1/work/db_p.z1.obs0/etc/observer.data_version.bin* /data/1/nijia.nj/test/namespace_standby_20261003_v1/work/db_p.z1.obs0/etc/seekdb.data_version.bin* , on => 6.12.232.130 rc => 0 stdout => null
[2026-10-03 04:00:50.974][INFO ] [Role           :1429] - rm -fr /data/1/nijia.nj/test/namespace_standby_20261003_v1/work/db_p.z1.obs0/etc2/observer.c*nf*.bin* , on => 6.12.232.130 rc => 0 stdout => null
[2026-10-03 04:00:50.978][INFO ] [Role           :1434] - rm -fr /data/1/nijia.nj/test/namespace_standby_20261003_v1/work/db_p.z1.obs0/etc3/observer.c*nf*.bin* , on => 6.12.232.130 rc => 0 stdout => null
[2026-10-03 04:00:50.983][INFO ] [Role           :1439] - rm -fr /data/1/nijia.nj/test/namespace_standby_20261003_v1/work/db_p.z1.obs0/run/observer.pid /data/1/nijia.nj/test/namespace_standby_20261003_v1/work/db_p.z1.obs0/run/seekdb.pid , on => 6.12.232.130 rc => 0 stdout => null
[2026-10-03 04:00:50.989][INFO ] [Role           :1444] - rm -fr /data/1/nijia.nj/test/namespace_standby_20261003_v1/work/db_p.z1.obs0/store/clog_shm , on => 6.12.232.130 rc => 0 stdout => null
[2026-10-03 04:00:50.993][INFO ] [Role           :1449] - rm -fr /data/1/nijia.nj/test/namespace_standby_20261003_v1/work/db_p.z1.obs0/store/ilog_shm , on => 6.12.232.130 rc => 0 stdout => null
[2026-10-03 04:00:50.998][INFO ] [Role           :1454] - rm -fr /data/1/nijia.nj/test/namespace_standby_20261003_v1/work/db_p.z1.obs0/store/manifest* , on => 6.12.232.130 rc => 0 stdout => null
[2026-10-03 04:00:51.08][INFO ] [Role           :1467] - rm -fr /data/1/nijia.nj/test/namespace_standby_20261003_v1/work/db_p.z1.obs0/core* , on => 6.12.232.130 rc => 0 stdout => null
[2026-10-03 04:00:51.13][INFO ] [Role           :1504] - rm -fr /data/1/nijia.nj/test/namespace_standby_20261003_v1/clog/db_p.z1.obs0.nijia.nj/ /data/1/nijia.nj/test/namespace_standby_20261003_v1/data/db_p.z1.obs0.nijia.nj/ , on => 6.12.232.130 rc => 0 stdout => null
[2026-10-03 04:00:51.42][INFO ] [Role           :1510] - rm -fr /data/1/nijia.nj/test/namespace_standby_20261003_v1/work/db_p.z1.obs0 , on => 6.12.232.130 rc => 0 stdout => null
[2026-10-03 04:00:51.47][INFO ] [Deploy         :294] - execute db_p.z1.obs0.rmdir  result => true
[2026-10-03 04:00:51.47][INFO ] [Deploy         :362] - execute db_p.z1.rmdir result => true [true]
[2026-10-03 04:00:51.47][INFO ] [Deploy         :331] - execute db_p.z1.cleanup result => true
[2026-10-03 04:00:51.48][INFO ] [Deploy         :362] - execute db_p.z1.cleanup_logstore result => true []
[2026-10-03 04:00:51.48][INFO ] [Deploy         :331] - execute db_p.z1.cleanup_all result => true
[2026-10-03 04:00:51.48][INFO ] [Deploy         :287] - execute db_p.z1.genconf
[2026-10-03 04:00:51.49][INFO ] [Deploy         :294] - execute db_p.z1.genconf result => true
[2026-10-03 04:00:51.49][INFO ] [Deploy         :287] - execute db_p.z1.obs0.mkdir 
[2026-10-03 04:00:51.50][INFO ] [Role           :1768] - mkdir -p /data/1/nijia.nj/test/namespace_standby_20261003_v1/work/db_p.z1.obs0/store/;mkdir -p /data/1/nijia.nj/test/namespace_standby_20261003_v1/clog/db_p.z1.obs0.nijia.nj/store/clog /data/1/nijia.nj/test/namespace_standby_20261003_v1/clog/db_p.z1.obs0.nijia.nj/store/ilog /data/1/nijia.nj/test/namespace_standby_20261003_v1/clog/db_p.z1.obs0.nijia.nj/store/slog /data/1/nijia.nj/test/namespace_standby_20261003_v1/data/db_p.z1.obs0.nijia.nj/sort_dir /data/1/nijia.nj/test/namespace_standby_20261003_v1/data/db_p.z1.obs0.nijia.nj/sstable;ln -sf /data/1/nijia.nj/test/namespace_standby_20261003_v1/data/db_p.z1.obs0.nijia.nj/sstable /data/1/nijia.nj/test/namespace_standby_20261003_v1/work/db_p.z1.obs0/store/;ln -sf /data/1/nijia.nj/test/namespace_standby_20261003_v1/clog/db_p.z1.obs0.nijia.nj/store/clog /data/1/nijia.nj/test/namespace_standby_20261003_v1/work/db_p.z1.obs0/store/;ln -sf /data/1/nijia.nj/test/namespace_standby_20261003_v1/clog/db_p.z1.obs0.nijia.nj/store/ilog /data/1/nijia.nj/test/namespace_standby_20261003_v1/work/db_p.z1.obs0/store/;ln -sf /data/1/nijia.nj/test/namespace_standby_20261003_v1/clog/db_p.z1.obs0.nijia.nj/store/slog /data/1/nijia.nj/test/namespace_standby_20261003_v1/work/db_p.z1.obs0/store/;ln -sf /data/1/nijia.nj/test/namespace_standby_20261003_v1/data/db_p.z1.obs0.nijia.nj/sort_dir /data/1/nijia.nj/test/namespace_standby_20261003_v1/work/db_p.z1.obs0/store/ on 6.12.232.130
[2026-10-03 04:00:51.75][INFO ] [Deploy         :294] - execute db_p.z1.obs0.mkdir  result => true
[2026-10-03 04:00:51.75][INFO ] [Deploy         :362] - execute db_p.z1.mkdir_obs result => true [true]
[2026-10-03 04:00:51.76][INFO ] [Deploy         :362] - execute db_p.z1.mkdir_logstore result => true []
[2026-10-03 04:00:51.76][INFO ] [Deploy         :331] - execute db_p.z1.mkdir result => true
[2026-10-03 04:00:51.77][INFO ] [Deploy         :287] - execute db_p.z1.obs0.rsync 
[2026-10-03 04:00:51.77][INFO ] [Role           :1648] - sync server finish, time = 0
[2026-10-03 04:00:51.78][INFO ] [Role           :1563] - rsync server => db_p.z1.obs0 version if specified => .
[2026-10-03 04:00:51.108][INFO ] [Role           :1635] - check disk dir ==> './admin' exist
[2026-10-03 04:00:51.133][WARN ] [Role           :1638] - check disk dir ==> './plugin_dir' not exist
[2026-10-03 04:00:51.138][INFO ] [Role           :1635] - check disk dir ==> './wallet' exist
[2026-10-03 04:00:51.139][INFO ] [Role           :1590] - transfer cmd to =>  rsync -WrptgoDRLv --timeout=600 bin etc lib  admin  wallet /data/1/nijia.nj/test/namespace_standby_20261003_v1/work/db_p.z1.obs0
[2026-10-03 04:00:56.225][INFO ] [Role           :1604] - rsync cmd =>  rsync -WrptgoDRLv --timeout=600 bin etc lib  admin  wallet /data/1/nijia.nj/test/namespace_standby_20261003_v1/work/db_p.z1.obs0
[2026-10-03 04:00:56.234][INFO ] [Deploy         :294] - execute db_p.z1.obs0.rsync  result => true
[2026-10-03 04:00:56.234][INFO ] [Deploy         :362] - execute db_p.z1.rsync_obs result => true [true]
[2026-10-03 04:00:56.235][INFO ] [Deploy         :362] - execute db_p.z1.rsync_logstore result => true []
[2026-10-03 04:00:56.235][INFO ] [Deploy         :331] - execute db_p.z1.rsync result => true
[2026-10-03 04:00:56.236][INFO ] [Deploy         :362] - execute db_p.z1.start_logstore result => true []
[2026-10-03 04:00:56.237][INFO ] [Deploy         :287] - execute db_p.z1.sleep 5
[2026-10-03 04:01:01.238][INFO ] [Deploy         :294] - execute db_p.z1.sleep 5 result => true
[2026-10-03 04:01:01.239][INFO ] [Deploy         :287] - execute db_p.z1.obs0.start 
[2026-10-03 04:01:01.240][INFO ] [Deploy         :381] - execute db_p.lite_mode result => true result type => java.lang.Boolean
[2026-10-03 04:01:01.241][INFO ] [Deploy         :381] - execute db_p.lite_mode result => true result type => java.lang.Boolean
6.12.232.130 is not a valid IPv6 address.
[2026-10-03 04:01:01.243][INFO ] [Role           :539] - cluster_id1
[2026-10-03 04:01:01.243][INFO ] [Deploy         :381] - execute db_p.z_num result => 1 result type => java.lang.Integer
[2026-10-03 04:01:01.245][INFO ] [Role           :552] - db_p have 1 ZONE
[2026-10-03 04:01:01.245][INFO ] [Role           :584] - ofs_list ofs_list='z1@' has_ofs_zone false
[2026-10-03 04:01:01.245][INFO ] [Role           :637] - ulimit -c unlimited -s 4096;cd /data/1/nijia.nj/test/namespace_standby_20261003_v1/work/db_p.z1.obs0;LD_LIBRARY_PATH=./lib:/usr/local/lib:/usr/lib:/usr/lib64:/usr/local/lib64:$LD_LIBRARY_PATH /data/1/nijia.nj/test/namespace_standby_20261003_v1/work/db_p.z1.obs0/bin/observer --port 42035 --data-dir /data/1/nijia.nj/test/namespace_standby_20261003_v1/work/db_p.z1.obs0/store --redo-dir /data/1/nijia.nj/test/namespace_standby_20261003_v1/work/db_p.z1.obs0/store/clog  --role=PRIMARY --parameter enable_rpc_service=true --parameter rpc_port=42000 --parameter datafile_size='2G' --parameter log_disk_size='2G' --parameter cpu_count=4 --parameter memory_limit='8G' on 6.12.232.130
[2026-10-03 04:01:01.365][INFO ] [Deploy         :294] - execute db_p.z1.obs0.start  result => true
[2026-10-03 04:01:01.366][INFO ] [Deploy         :362] - execute db_p.z1.start_obs result => true [true]
[2026-10-03 04:01:01.366][INFO ] [Deploy         :331] - execute db_p.z1.start result => true
[2026-10-03 04:01:01.367][INFO ] [Deploy         :287] - execute db_p.z1.sleep 8
[2026-10-03 04:01:09.367][INFO ] [Deploy         :294] - execute db_p.z1.sleep 8 result => true
[2026-10-03 04:01:09.368][INFO ] [Deploy         :331] - execute db_p.z1.reboot  result => true
[2026-10-03 04:01:09.368][INFO ] [Deploy         :362] - execute db_p.deploy result => true [true]
[2026-10-03 04:01:09.369][INFO ] [Deploy         :287] - execute db_p.sleep 5
[2026-10-03 04:01:14.370][INFO ] [Deploy         :294] - execute db_p.sleep 5 result => true
[2026-10-03 04:01:14.370][INFO ] [Deploy         :287] - execute db_p.bootstrap
[2026-10-03 04:01:14.371][INFO ] [Deploy         :381] - execute db_p.z_num result => 1 result type => java.lang.Integer
[2026-10-03 04:01:14.372][INFO ] [Deploy         :381] - execute db_p.zone_names result => [Ljava.lang.String;@23ceabc1 result type => [Ljava.lang.String;
[2026-10-03 04:01:14.372][INFO ] [Deploy         :381] - execute db_p.z1.obs_num result => 1 result type => java.lang.Integer
[2026-10-03 04:01:14.373][INFO ] [Deploy         :287] - execute db_p.z1.obs0.get status
[2026-10-03 04:01:14.373][WARN ] [Deploy         :298] - execute db_p.z1.obs0.get status result => null
[2026-10-03 04:01:14.374][INFO ] [Deploy         :381] - execute db_p.lite_mode result => true result type => java.lang.Boolean
[2026-10-03 04:01:14.374][INFO ] [Deploy         :294] - execute db_p.bootstrap result => true
[2026-10-03 04:01:14.374][INFO ] [Deploy         :287] - execute db_p.addserver
[2026-10-03 04:01:14.375][INFO ] [Deploy         :381] - execute db_p.z_num result => 1 result type => java.lang.Integer
[2026-10-03 04:01:14.375][INFO ] [Deploy         :381] - execute db_p.zone_names result => [Ljava.lang.String;@23ceabc1 result type => [Ljava.lang.String;
[2026-10-03 04:01:14.376][INFO ] [Deploy         :381] - execute db_p.z1.obs_num result => 1 result type => java.lang.Integer
[2026-10-03 04:01:14.376][INFO ] [Deploy         :294] - execute db_p.addserver result => true
[2026-10-03 04:01:14.376][INFO ] [Deploy         :287] - execute db_p.exec_init_sql
[2026-10-03 04:01:14.377][INFO ] [Deploy         :381] - execute db_p.lite_mode result => true result type => java.lang.Boolean
[2026-10-03 04:01:14.378][INFO ] [Deploy         :287] - execute db_p.z1.obs0.mysql_tenant_root create user 'admin' IDENTIFIED BY 'admin';use oceanbase;grant all on *.* to 'admin' WITH GRANT OPTION;create database if not exists test;
[2026-10-03 04:01:14.378][INFO ] [Role           :3182] - sql =>create user 'admin' IDENTIFIED BY 'admin';use oceanbase;grant all on *.* to 'admin' WITH GRANT OPTION;create database if not exists test;
 will be executed with connection[z1.obs0]root@sys:@6.12.232.130:42035
[2026-10-03 04:01:14.475][INFO ] [Deploy         :294] - execute db_p.z1.obs0.mysql_tenant_root create user 'admin' IDENTIFIED BY 'admin';use oceanbase;grant all on *.* to 'admin' WITH GRANT OPTION;create database if not exists test; result => true
[2026-10-03 04:01:14.476][INFO ] [Deploy         :381] - execute db_p.lite_mode result => true result type => java.lang.Boolean
[2026-10-03 04:01:14.476][INFO ] [Deploy         :381] - execute db_p.lite_mode result => true result type => java.lang.Boolean
[2026-10-03 04:01:14.476][INFO ] [Deploy         :287] - execute db_p.z1.obs0.mysql_tenant_root create user 'proxyro' IDENTIFIED BY '3u^0kCdpE';grant select on oceanbase.* to 'proxyro' WITH GRANT OPTION;
[2026-10-03 04:01:14.477][INFO ] [Role           :3182] - sql =>create user 'proxyro' IDENTIFIED BY '3u^0kCdpE';grant select on oceanbase.* to 'proxyro' WITH GRANT OPTION;
 will be executed with connection[z1.obs0]root@sys:@6.12.232.130:42035
[2026-10-03 04:01:14.534][INFO ] [Deploy         :294] - execute db_p.z1.obs0.mysql_tenant_root create user 'proxyro' IDENTIFIED BY '3u^0kCdpE';grant select on oceanbase.* to 'proxyro' WITH GRANT OPTION; result => true
[2026-10-03 04:01:14.535][INFO ] [Deploy         :287] - execute db_p.z1.obs0.mysql_tenant_root create user 'sysslaveuser' IDENTIFIED BY 'sysslaveuser';grant select on *.* to 'sysslaveuser' WITH GRANT OPTION;
[2026-10-03 04:01:14.535][INFO ] [Role           :3182] - sql =>create user 'sysslaveuser' IDENTIFIED BY 'sysslaveuser';grant select on *.* to 'sysslaveuser' WITH GRANT OPTION;
 will be executed with connection[z1.obs0]root@sys:@6.12.232.130:42035
[2026-10-03 04:01:14.592][INFO ] [Deploy         :294] - execute db_p.z1.obs0.mysql_tenant_root create user 'sysslaveuser' IDENTIFIED BY 'sysslaveuser';grant select on *.* to 'sysslaveuser' WITH GRANT OPTION; result => true
[2026-10-03 04:01:14.593][INFO ] [Deploy         :294] - execute db_p.exec_init_sql result => true
[2026-10-03 04:01:14.594][INFO ] [Deploy         :287] - execute db_p.register_proxy
[2026-10-03 04:01:14.594][INFO ] [Deploy         :294] - execute db_p.register_proxy result => true
[2026-10-03 04:01:14.595][INFO ] [Deploy         :287] - execute db_p.deploy_proxy
[2026-10-03 04:01:14.595][INFO ] [Deploy         :294] - execute db_p.deploy_proxy result => true
[2026-10-03 04:01:14.595][INFO ] [Deploy         :287] - execute db_p.sleep 5
[2026-10-03 04:01:19.595][INFO ] [Deploy         :294] - execute db_p.sleep 5 result => true
[2026-10-03 04:01:19.596][INFO ] [Deploy         :331] - execute db_p.reboot_proxy result => true
[2026-10-03 04:01:19.596][INFO ] [Deploy         :287] - execute db_p.deploy_asvr
[2026-10-03 04:01:19.597][INFO ] [Deploy         :294] - execute db_p.deploy_asvr result => true
[2026-10-03 04:01:19.597][INFO ] [Deploy         :287] - execute db_p.sleep 5
[2026-10-03 04:01:24.597][INFO ] [Deploy         :294] - execute db_p.sleep 5 result => true
[2026-10-03 04:01:24.597][INFO ] [Deploy         :331] - execute db_p.reboot_asvr result => true
[2026-10-03 04:01:24.598][INFO ] [Deploy         :287] - execute db_p.add_asvr
[2026-10-03 04:01:24.598][INFO ] [OBI            :1509] - There is no need to add asvr.
[2026-10-03 04:01:24.598][INFO ] [Deploy         :294] - execute db_p.add_asvr result => true
[2026-10-03 04:01:24.598][INFO ] [Deploy         :287] - execute db_p.prepare_agent
[2026-10-03 04:01:24.598][INFO ] [Deploy         :294] - execute db_p.prepare_agent result => true
[2026-10-03 04:01:24.599][INFO ] [Deploy         :331] - execute db_p.reboot result => true
[2026-10-03 04:01:24.599][INFO ] [Command        :353] - start[1790971250693] time[33905] tag[Q_DEPLOY]
[2026-10-03 04:01:24.600][INFO ] [Command        :536] - > LINE => 17, CMD => Q_DEPLOY, CONTENT => db_s=OBI(cluster=1,proxy_num=0,primary=db_p);
[2026-10-03 04:01:24.601][INFO ] [DeployProcessor:78] - OBI define => db_s=OBI(cluster=1,proxy_num=0,primary=db_p)
[2026-10-03 04:01:24.601][INFO ] [Deploy         :381] - execute db_s.z_num result => 1 result type => java.lang.Integer
[2026-10-03 04:01:24.602][INFO ] [Deploy         :464] - assign rpc port. observer=>db_s.z1.obs0, rpc_port=>42001
[2026-10-03 04:01:24.602][INFO ] [Deploy         :471] - assign mysql port. observer=>db_s.z1.obs0, mysql_port=>42036
[2026-10-03 04:01:24.602][INFO ] [Deploy         :478] - assign backup io rpc port. observer=>db_s.z1.obs0, obesi_port=>42071
[2026-10-03 04:01:24.603][INFO ] [OBLog          :99] - config.ob_version='.'
[2026-10-03 04:01:24.603][INFO ] [OBLog          :100] - config.oblog_version='default'
[2026-10-03 04:01:24.603][INFO ] [OBLog          :117] - set oblog version='.'
[2026-10-03 04:01:24.603][INFO ] [OBLog          :126] - set oblog work_dir=''
[2026-10-03 04:01:24.603][INFO ] [OBLog          :148] - oblog.is_obcdc_exist: false
[2026-10-03 04:01:24.603][INFO ] [OBLog          :149] - oblog.exec: oblog/oblog_tailf
[2026-10-03 04:01:24.604][INFO ] [OBLog          :150] - oblog.configFile: oblog/liboblog.conf
[2026-10-03 04:01:24.604][INFO ] [OBLog          :151] - oblog.dataFile: oblog/data.log
[2026-10-03 04:01:24.604][INFO ] [OBLog          :152] - oblog.envCon: LD_LIBRARY_PATH=oblog:$LD_LIBRARY_PATH
[2026-10-03 04:01:24.604][INFO ] [OBLog          :153] - oblog.startCmdHead: ulimit -c unlimited; LD_LIBRARY_PATH=oblog:$LD_LIBRARY_PATH oblog/oblog_tailf
[2026-10-03 04:01:24.604][INFO ] [OBLog          :154] - oblog.defaultStartCmd: ulimit -c unlimited; LD_LIBRARY_PATH=oblog:$LD_LIBRARY_PATH oblog/oblog_tailf  -f oblog/liboblog.conf -D oblog/data.log -H oblog/heartbeat.log -d
[2026-10-03 04:01:24.866][INFO ] [Deploy         :1128] - start observer version is lite mode: true
[2026-10-03 04:01:24.866][INFO ] [Command        :353] - start[1790971284600] time[265] tag[Q_DEPLOY]
[2026-10-03 04:01:24.867][INFO ] [Command        :536] - > LINE => 18, CMD => Q_DEPLOY, CONTENT => db_s.reboot;
[2026-10-03 04:01:24.867][INFO ] [DeployProcessor:93] - deploy => db_s.reboot
[2026-10-03 04:01:24.868][INFO ] [Deploy         :287] - execute db_s.reset
[2026-10-03 04:01:24.868][INFO ] [Deploy         :381] - execute db_s.lite_mode result => true result type => java.lang.Boolean
[2026-10-03 04:01:24.868][INFO ] [Deploy         :294] - execute db_s.reset result => true
[2026-10-03 04:01:24.868][INFO ] [Deploy         :287] - execute db_s.clean_asvr
[2026-10-03 04:01:24.869][INFO ] [Deploy         :294] - execute db_s.clean_asvr result => true
[2026-10-03 04:01:24.870][INFO ] [Deploy         :287] - execute db_s.z1.obs0.force_stop_asvr
[2026-10-03 04:01:24.871][INFO ] [Role           :1228] - pkill -9 -u nijia.nj -f '^/data/1/nijia.nj/test/namespace_standby_20261003_v1/work/db_s.asvr0/bin/observer' on 6.12.232.130
[2026-10-03 04:01:24.885][INFO ] [Role           :1230] - pkill asvr result is => 1
[2026-10-03 04:01:24.885][INFO ] [Deploy         :294] - execute db_s.z1.obs0.force_stop_asvr result => true
[2026-10-03 04:01:24.886][INFO ] [Deploy         :287] - execute db_s.z1.obs0.rmdir_asvr
[2026-10-03 04:01:24.886][INFO ] [Role           :1237] - try to remove asvr dir server  => db_s.z1.obs0
[2026-10-03 04:01:24.890][INFO ] [Role           :1264] - rm -fr /data/1/nijia.nj/test/namespace_standby_20261003_v1/work/db_s.asvr0 , on => 6.12.232.130 rc => 0 stdout => null
[2026-10-03 04:01:24.891][INFO ] [Deploy         :294] - execute db_s.z1.obs0.rmdir_asvr result => true
[2026-10-03 04:01:24.891][INFO ] [Deploy         :331] - execute db_s.z1.obs0.clean_asvr  result => true
[2026-10-03 04:01:24.891][INFO ] [Deploy         :362] - execute db_s.z1.clean_asvr  result => true [true]
[2026-10-03 04:01:24.892][INFO ] [Deploy         :362] - execute db_s.clean_asvr_everywhere result => true [true]
[2026-10-03 04:01:24.892][INFO ] [Deploy         :331] - execute db_s.clean_all_asvr result => true
[2026-10-03 04:01:24.892][INFO ] [Deploy         :287] - execute db_s.deploy_logservice
[2026-10-03 04:01:24.892][INFO ] [Deploy         :294] - execute db_s.deploy_logservice result => true
[2026-10-03 04:01:24.893][INFO ] [Deploy         :287] - execute db_s.bootstrap_logservice
[2026-10-03 04:01:24.893][INFO ] [Deploy         :294] - execute db_s.bootstrap_logservice result => true
[2026-10-03 04:01:24.893][INFO ] [Deploy         :331] - execute db_s.reboot_logservice result => true
[2026-10-03 04:01:24.894][INFO ] [Deploy         :287] - execute db_s.z1.check_local_bin
[2026-10-03 04:01:24.910][INFO ] [Deploy         :294] - execute db_s.z1.check_local_bin result => true
[2026-10-03 04:01:24.910][INFO ] [Deploy         :287] - execute db_s.z1.check_ssh
[2026-10-03 04:01:24.911][INFO ] [Deploy         :294] - execute db_s.z1.check_ssh result => true
[2026-10-03 04:01:24.911][INFO ] [Deploy         :287] - execute db_s.z1.obs0.check_dir 
[2026-10-03 04:01:24.919][INFO ] [Deploy         :294] - execute db_s.z1.obs0.check_dir  result => true
[2026-10-03 04:01:24.919][INFO ] [Deploy         :362] - execute db_s.z1.check_dir result => true [true]
[2026-10-03 04:01:24.920][INFO ] [Deploy         :287] - execute db_s.z1.obs0.force_stop 
[2026-10-03 04:01:24.921][INFO ] [Role           :1307] - pkill -9 -u nijia.nj -f '^/data/1/nijia.nj/test/namespace_standby_20261003_v1/work/db_s.z1.obs0/bin/observer|^/data/1/nijia.nj/test/namespace_standby_20261003_v1/work/db_s.z1.obs0/bin/obesi' on 6.12.232.130
[2026-10-03 04:01:24.934][INFO ] [Role           :1309] - pkill result is => 1
[2026-10-03 04:01:24.935][INFO ] [Role           :1142] - wait stop /data/1/nijia.nj/test/namespace_standby_20261003_v1/work/db_s.z1.obs0/bin/observer on 6.12.232.130
[2026-10-03 04:01:24.936][INFO ] [Role           :1190] - ps uxf | grep "/data/1/nijia.nj/test/namespace_standby_20261003_v1/work/db_s.z1.obs0/bin/observer" | grep -v grep
[2026-10-03 04:01:25.77][INFO ] [Role           :1154] - check port on 6.12.232.130
[2026-10-03 04:01:25.78][INFO ] [RemoteShell    :143] - netstat -lpnt 2>/dev/null | grep '0.0.0.0:42001 ' | awk -F ' ' '{print $7}'
[2026-10-03 04:01:25.110][INFO ] [RemoteShell    :143] - netstat -lpnt 2>/dev/null | grep '0.0.0.0:42036 ' | awk -F ' ' '{print $7}'
[2026-10-03 04:01:25.146][INFO ] [Role           :1164] - stop obs0 took 2 s
[2026-10-03 04:01:25.146][INFO ] [Deploy         :294] - execute db_s.z1.obs0.force_stop  result => true
[2026-10-03 04:01:25.147][INFO ] [Deploy         :362] - execute db_s.z1.force_stop result => true [true]
[2026-10-03 04:01:25.147][INFO ] [Deploy         :362] - execute db_s.z1.force_stop_logstore result => true []
[2026-10-03 04:01:25.147][INFO ] [Deploy         :331] - execute db_s.z1.force_stop_all result => true
[2026-10-03 04:01:25.148][INFO ] [Deploy         :287] - execute db_s.z1.obs0.rmdir 
[2026-10-03 04:01:25.148][INFO ] [Deploy         :381] - execute db_s.lite_mode result => true result type => java.lang.Boolean
[2026-10-03 04:01:25.149][INFO ] [Role           :1395] - rm -fr /data/1/nijia.nj/test/namespace_standby_20261003_v1/data/db_s.z1.obs0.nijia.nj/sstable /data/1/nijia.nj/test/namespace_standby_20261003_v1/clog/db_s.z1.obs0.nijia.nj/store /data/1/nijia.nj/test/namespace_standby_20261003_v1/clog/db_s.z1.obs0.nijia.nj/store/slog /data/1/nijia.nj/test/namespace_standby_20261003_v1/data/db_s.z1.obs0.nijia.nj/sort_dir , on => 6.12.232.130
[2026-10-03 04:01:25.160][INFO ] [Role           :1397] - rm -fr /data/1/nijia.nj/test/namespace_standby_20261003_v1/data/db_s.z1.obs0.nijia.nj/sstable /data/1/nijia.nj/test/namespace_standby_20261003_v1/clog/db_s.z1.obs0.nijia.nj/store /data/1/nijia.nj/test/namespace_standby_20261003_v1/clog/db_s.z1.obs0.nijia.nj/store/slog /data/1/nijia.nj/test/namespace_standby_20261003_v1/data/db_s.z1.obs0.nijia.nj/sort_dir , on => 6.12.232.130 rc => 0 stdout => null
[2026-10-03 04:01:25.179][INFO ] [Role           :1402] - rm -fr /data/1/nijia.nj/test/namespace_standby_20261003_v1/work/db_s.z1.obs0/log , on => 6.12.232.130 rc => 0 stdout => null
[2026-10-03 04:01:25.184][INFO ] [Role           :1407] - rm -fr /data/1/nijia.nj/test/namespace_standby_20261003_v1/work/db_s.z1.obs0/admin , on => 6.12.232.130 rc => 0 stdout => null
[2026-10-03 04:01:25.188][INFO ] [Role           :1412] - rm -fr /data/1/nijia.nj/test/namespace_standby_20261003_v1/work/db_s.z1.obs0/wallet , on => 6.12.232.130 rc => 0 stdout => null
[2026-10-03 04:01:25.202][INFO ] [Role           :1417] - rm -fr /data/1/nijia.nj/test/namespace_standby_20261003_v1/work/db_s.z1.obs0/etc/observer.c*nf*.bin* /data/1/nijia.nj/test/namespace_standby_20261003_v1/work/db_s.z1.obs0/etc/seekdb.c*nf*.bin* , on => 6.12.232.130 rc => 0 stdout => null
[2026-10-03 04:01:25.207][INFO ] [Role           :1423] - rm -fr /data/1/nijia.nj/test/namespace_standby_20261003_v1/work/db_s.z1.obs0/etc/observer.data_version.bin* /data/1/nijia.nj/test/namespace_standby_20261003_v1/work/db_s.z1.obs0/etc/seekdb.data_version.bin* , on => 6.12.232.130 rc => 0 stdout => null
[2026-10-03 04:01:25.210][INFO ] [Role           :1429] - rm -fr /data/1/nijia.nj/test/namespace_standby_20261003_v1/work/db_s.z1.obs0/etc2/observer.c*nf*.bin* , on => 6.12.232.130 rc => 0 stdout => null
[2026-10-03 04:01:25.215][INFO ] [Role           :1434] - rm -fr /data/1/nijia.nj/test/namespace_standby_20261003_v1/work/db_s.z1.obs0/etc3/observer.c*nf*.bin* , on => 6.12.232.130 rc => 0 stdout => null
[2026-10-03 04:01:25.218][INFO ] [Role           :1439] - rm -fr /data/1/nijia.nj/test/namespace_standby_20261003_v1/work/db_s.z1.obs0/run/observer.pid /data/1/nijia.nj/test/namespace_standby_20261003_v1/work/db_s.z1.obs0/run/seekdb.pid , on => 6.12.232.130 rc => 0 stdout => null
[2026-10-03 04:01:25.222][INFO ] [Role           :1444] - rm -fr /data/1/nijia.nj/test/namespace_standby_20261003_v1/work/db_s.z1.obs0/store/clog_shm , on => 6.12.232.130 rc => 0 stdout => null
[2026-10-03 04:01:25.225][INFO ] [Role           :1449] - rm -fr /data/1/nijia.nj/test/namespace_standby_20261003_v1/work/db_s.z1.obs0/store/ilog_shm , on => 6.12.232.130 rc => 0 stdout => null
[2026-10-03 04:01:25.229][INFO ] [Role           :1454] - rm -fr /data/1/nijia.nj/test/namespace_standby_20261003_v1/work/db_s.z1.obs0/store/manifest* , on => 6.12.232.130 rc => 0 stdout => null
[2026-10-03 04:01:25.240][INFO ] [Role           :1467] - rm -fr /data/1/nijia.nj/test/namespace_standby_20261003_v1/work/db_s.z1.obs0/core* , on => 6.12.232.130 rc => 0 stdout => null
[2026-10-03 04:01:25.244][INFO ] [Role           :1504] - rm -fr /data/1/nijia.nj/test/namespace_standby_20261003_v1/clog/db_s.z1.obs0.nijia.nj/ /data/1/nijia.nj/test/namespace_standby_20261003_v1/data/db_s.z1.obs0.nijia.nj/ , on => 6.12.232.130 rc => 0 stdout => null
[2026-10-03 04:01:25.264][INFO ] [Role           :1510] - rm -fr /data/1/nijia.nj/test/namespace_standby_20261003_v1/work/db_s.z1.obs0 , on => 6.12.232.130 rc => 0 stdout => null
[2026-10-03 04:01:25.268][INFO ] [Deploy         :294] - execute db_s.z1.obs0.rmdir  result => true
[2026-10-03 04:01:25.268][INFO ] [Deploy         :362] - execute db_s.z1.rmdir result => true [true]
[2026-10-03 04:01:25.268][INFO ] [Deploy         :331] - execute db_s.z1.cleanup result => true
[2026-10-03 04:01:25.269][INFO ] [Deploy         :362] - execute db_s.z1.cleanup_logstore result => true []
[2026-10-03 04:01:25.269][INFO ] [Deploy         :331] - execute db_s.z1.cleanup_all result => true
[2026-10-03 04:01:25.269][INFO ] [Deploy         :287] - execute db_s.z1.genconf
[2026-10-03 04:01:25.269][INFO ] [Deploy         :294] - execute db_s.z1.genconf result => true
[2026-10-03 04:01:25.270][INFO ] [Deploy         :287] - execute db_s.z1.obs0.mkdir 
[2026-10-03 04:01:25.271][INFO ] [Role           :1768] - mkdir -p /data/1/nijia.nj/test/namespace_standby_20261003_v1/work/db_s.z1.obs0/store/;mkdir -p /data/1/nijia.nj/test/namespace_standby_20261003_v1/clog/db_s.z1.obs0.nijia.nj/store/clog /data/1/nijia.nj/test/namespace_standby_20261003_v1/clog/db_s.z1.obs0.nijia.nj/store/ilog /data/1/nijia.nj/test/namespace_standby_20261003_v1/clog/db_s.z1.obs0.nijia.nj/store/slog /data/1/nijia.nj/test/namespace_standby_20261003_v1/data/db_s.z1.obs0.nijia.nj/sort_dir /data/1/nijia.nj/test/namespace_standby_20261003_v1/data/db_s.z1.obs0.nijia.nj/sstable;ln -sf /data/1/nijia.nj/test/namespace_standby_20261003_v1/data/db_s.z1.obs0.nijia.nj/sstable /data/1/nijia.nj/test/namespace_standby_20261003_v1/work/db_s.z1.obs0/store/;ln -sf /data/1/nijia.nj/test/namespace_standby_20261003_v1/clog/db_s.z1.obs0.nijia.nj/store/clog /data/1/nijia.nj/test/namespace_standby_20261003_v1/work/db_s.z1.obs0/store/;ln -sf /data/1/nijia.nj/test/namespace_standby_20261003_v1/clog/db_s.z1.obs0.nijia.nj/store/ilog /data/1/nijia.nj/test/namespace_standby_20261003_v1/work/db_s.z1.obs0/store/;ln -sf /data/1/nijia.nj/test/namespace_standby_20261003_v1/clog/db_s.z1.obs0.nijia.nj/store/slog /data/1/nijia.nj/test/namespace_standby_20261003_v1/work/db_s.z1.obs0/store/;ln -sf /data/1/nijia.nj/test/namespace_standby_20261003_v1/data/db_s.z1.obs0.nijia.nj/sort_dir /data/1/nijia.nj/test/namespace_standby_20261003_v1/work/db_s.z1.obs0/store/ on 6.12.232.130
[2026-10-03 04:01:25.287][INFO ] [Deploy         :294] - execute db_s.z1.obs0.mkdir  result => true
[2026-10-03 04:01:25.287][INFO ] [Deploy         :362] - execute db_s.z1.mkdir_obs result => true [true]
[2026-10-03 04:01:25.290][INFO ] [Deploy         :362] - execute db_s.z1.mkdir_logstore result => true []
[2026-10-03 04:01:25.290][INFO ] [Deploy         :331] - execute db_s.z1.mkdir result => true
[2026-10-03 04:01:25.291][INFO ] [Deploy         :287] - execute db_s.z1.obs0.rsync 
[2026-10-03 04:01:25.291][INFO ] [Role           :1648] - sync server finish, time = 0
[2026-10-03 04:01:25.292][INFO ] [Role           :1563] - rsync server => db_s.z1.obs0 version if specified => .
[2026-10-03 04:01:25.298][INFO ] [Role           :1635] - check disk dir ==> './admin' exist
[2026-10-03 04:01:25.304][WARN ] [Role           :1638] - check disk dir ==> './plugin_dir' not exist
[2026-10-03 04:01:25.311][INFO ] [Role           :1635] - check disk dir ==> './wallet' exist
[2026-10-03 04:01:25.311][INFO ] [Role           :1590] - transfer cmd to =>  rsync -WrptgoDRLv --timeout=600 bin etc lib  admin  wallet /data/1/nijia.nj/test/namespace_standby_20261003_v1/work/db_s.z1.obs0
[2026-10-03 04:01:30.876][INFO ] [Role           :1604] - rsync cmd =>  rsync -WrptgoDRLv --timeout=600 bin etc lib  admin  wallet /data/1/nijia.nj/test/namespace_standby_20261003_v1/work/db_s.z1.obs0
[2026-10-03 04:01:30.876][INFO ] [Deploy         :294] - execute db_s.z1.obs0.rsync  result => true
[2026-10-03 04:01:30.877][INFO ] [Deploy         :362] - execute db_s.z1.rsync_obs result => true [true]
[2026-10-03 04:01:30.877][INFO ] [Deploy         :362] - execute db_s.z1.rsync_logstore result => true []
[2026-10-03 04:01:30.877][INFO ] [Deploy         :331] - execute db_s.z1.rsync result => true
[2026-10-03 04:01:30.878][INFO ] [Deploy         :362] - execute db_s.z1.start_logstore result => true []
[2026-10-03 04:01:30.878][INFO ] [Deploy         :287] - execute db_s.z1.sleep 5
[2026-10-03 04:01:35.878][INFO ] [Deploy         :294] - execute db_s.z1.sleep 5 result => true
[2026-10-03 04:01:35.879][INFO ] [Deploy         :287] - execute db_s.z1.obs0.start 
[2026-10-03 04:01:35.879][INFO ] [Deploy         :381] - execute db_s.lite_mode result => true result type => java.lang.Boolean
[2026-10-03 04:01:35.880][INFO ] [Deploy         :381] - execute db_s.lite_mode result => true result type => java.lang.Boolean
6.12.232.130 is not a valid IPv6 address.
[2026-10-03 04:01:35.881][INFO ] [Role           :539] - cluster_id1
[2026-10-03 04:01:35.881][INFO ] [Deploy         :381] - execute db_s.z_num result => 1 result type => java.lang.Integer
[2026-10-03 04:01:35.881][INFO ] [Role           :552] - db_s have 1 ZONE
[2026-10-03 04:01:35.881][INFO ] [Role           :584] - ofs_list ofs_list='z1@' has_ofs_zone false
[2026-10-03 04:01:35.881][INFO ] [Role           :637] - ulimit -c unlimited -s 4096;cd /data/1/nijia.nj/test/namespace_standby_20261003_v1/work/db_s.z1.obs0;LD_LIBRARY_PATH=./lib:/usr/local/lib:/usr/lib:/usr/lib64:/usr/local/lib64:$LD_LIBRARY_PATH /data/1/nijia.nj/test/namespace_standby_20261003_v1/work/db_s.z1.obs0/bin/observer --port 42036 --data-dir /data/1/nijia.nj/test/namespace_standby_20261003_v1/work/db_s.z1.obs0/store --redo-dir /data/1/nijia.nj/test/namespace_standby_20261003_v1/work/db_s.z1.obs0/store/clog  --role=STANDBY --parameter log_restore_source=6.12.232.130:42000 --parameter enable_rpc_service=true --parameter rpc_port=42001 --parameter datafile_size='2G' --parameter log_disk_size='2G' --parameter cpu_count=4 --parameter memory_limit='8G' on 6.12.232.130
[2026-10-03 04:01:35.942][INFO ] [Deploy         :294] - execute db_s.z1.obs0.start  result => true
[2026-10-03 04:01:35.943][INFO ] [Deploy         :362] - execute db_s.z1.start_obs result => true [true]
[2026-10-03 04:01:35.943][INFO ] [Deploy         :331] - execute db_s.z1.start result => true
[2026-10-03 04:01:35.943][INFO ] [Deploy         :287] - execute db_s.z1.sleep 8
[2026-10-03 04:01:43.944][INFO ] [Deploy         :294] - execute db_s.z1.sleep 8 result => true
[2026-10-03 04:01:43.944][INFO ] [Deploy         :331] - execute db_s.z1.reboot  result => true
[2026-10-03 04:01:43.944][INFO ] [Deploy         :362] - execute db_s.deploy result => true [true]
[2026-10-03 04:01:43.945][INFO ] [Deploy         :287] - execute db_s.sleep 5
[2026-10-03 04:01:48.945][INFO ] [Deploy         :294] - execute db_s.sleep 5 result => true
[2026-10-03 04:01:48.945][INFO ] [Deploy         :287] - execute db_s.bootstrap
[2026-10-03 04:01:48.945][INFO ] [Deploy         :381] - execute db_s.z_num result => 1 result type => java.lang.Integer
[2026-10-03 04:01:48.946][INFO ] [Deploy         :381] - execute db_s.zone_names result => [Ljava.lang.String;@5c3bd550 result type => [Ljava.lang.String;
[2026-10-03 04:01:48.946][INFO ] [Deploy         :381] - execute db_s.z1.obs_num result => 1 result type => java.lang.Integer
[2026-10-03 04:01:48.946][INFO ] [Deploy         :287] - execute db_s.z1.obs0.get status
[2026-10-03 04:01:48.946][WARN ] [Deploy         :298] - execute db_s.z1.obs0.get status result => null
[2026-10-03 04:01:48.946][INFO ] [Deploy         :381] - execute db_s.lite_mode result => true result type => java.lang.Boolean
[2026-10-03 04:01:48.946][INFO ] [Deploy         :294] - execute db_s.bootstrap result => true
[2026-10-03 04:01:48.946][INFO ] [Deploy         :287] - execute db_s.addserver
[2026-10-03 04:01:48.946][INFO ] [Deploy         :381] - execute db_s.z_num result => 1 result type => java.lang.Integer
[2026-10-03 04:01:48.946][INFO ] [Deploy         :381] - execute db_s.zone_names result => [Ljava.lang.String;@5c3bd550 result type => [Ljava.lang.String;
[2026-10-03 04:01:48.946][INFO ] [Deploy         :381] - execute db_s.z1.obs_num result => 1 result type => java.lang.Integer
[2026-10-03 04:01:48.947][INFO ] [Deploy         :294] - execute db_s.addserver result => true
[2026-10-03 04:01:48.947][INFO ] [Deploy         :287] - execute db_s.exec_init_sql
[2026-10-03 04:01:48.947][INFO ] [Deploy         :381] - execute db_s.lite_mode result => true result type => java.lang.Boolean
[2026-10-03 04:01:48.947][INFO ] [Deploy         :294] - execute db_s.exec_init_sql result => true
[2026-10-03 04:01:48.947][INFO ] [Deploy         :287] - execute db_s.register_proxy
[2026-10-03 04:01:48.948][INFO ] [Deploy         :294] - execute db_s.register_proxy result => true
[2026-10-03 04:01:48.948][INFO ] [Deploy         :287] - execute db_s.deploy_proxy
[2026-10-03 04:01:48.948][INFO ] [Deploy         :294] - execute db_s.deploy_proxy result => true
[2026-10-03 04:01:48.948][INFO ] [Deploy         :287] - execute db_s.sleep 5
[2026-10-03 04:01:53.948][INFO ] [Deploy         :294] - execute db_s.sleep 5 result => true
[2026-10-03 04:01:53.949][INFO ] [Deploy         :331] - execute db_s.reboot_proxy result => true
[2026-10-03 04:01:53.949][INFO ] [Deploy         :287] - execute db_s.deploy_asvr
[2026-10-03 04:01:53.949][INFO ] [Deploy         :294] - execute db_s.deploy_asvr result => true
[2026-10-03 04:01:53.949][INFO ] [Deploy         :287] - execute db_s.sleep 5
[2026-10-03 04:01:58.950][INFO ] [Deploy         :294] - execute db_s.sleep 5 result => true
[2026-10-03 04:01:58.950][INFO ] [Deploy         :331] - execute db_s.reboot_asvr result => true
[2026-10-03 04:01:58.950][INFO ] [Deploy         :287] - execute db_s.add_asvr
[2026-10-03 04:01:58.951][INFO ] [OBI            :1509] - There is no need to add asvr.
[2026-10-03 04:01:58.951][INFO ] [Deploy         :294] - execute db_s.add_asvr result => true
[2026-10-03 04:01:58.951][INFO ] [Deploy         :287] - execute db_s.prepare_agent
[2026-10-03 04:01:58.951][INFO ] [Deploy         :294] - execute db_s.prepare_agent result => true
[2026-10-03 04:01:58.951][INFO ] [Deploy         :331] - execute db_s.reboot result => true
[2026-10-03 04:01:58.951][INFO ] [Command        :353] - start[1790971284867] time[34084] tag[Q_DEPLOY]
[2026-10-03 04:01:58.952][INFO ] [Command        :536] - > LINE => 21, CMD => Q_SLEEP, CONTENT => 5
[2026-10-03 04:02:03.955][INFO ] [Command        :353] - start[1790971318952] time[5002] tag[Q_SLEEP]
[2026-10-03 04:02:03.956][INFO ] [Command        :536] - > LINE => 22, CMD => Q_ENABLE_ALL_RESULT_LOG, CONTENT => --enable_all_result_log
[2026-10-03 04:02:03.956][INFO ] [Command        :353] - start[1790971323956] time[0] tag[Q_ENABLE_ALL_RESULT_LOG]
[2026-10-03 04:02:03.956][INFO ] [Command        :536] - > LINE => 27, CMD => Q_ECHO, CONTENT => ========== Case 1: Primary Cluster Switchover to Standby ==========
[2026-10-03 04:02:03.957][INFO ] [Command        :353] - start[1790971323956] time[0] tag[Q_ECHO]
[2026-10-03 04:02:03.958][INFO ] [Command        :536] - > LINE => 30, CMD => Q_DEPLOY, CONTENT => db_p.check_until_timeout select count(*) from oceanbase.__all_virtual_server_stat where role = 'PRIMARY', 1, 30;
[2026-10-03 04:02:03.958][INFO ] [DeployProcessor:93] - deploy => db_p.check_until_timeout select count(*) from oceanbase.__all_virtual_server_stat where role = 'PRIMARY', 1, 30
[2026-10-03 04:02:03.958][INFO ] [Deploy         :287] - execute db_p.check_until_timeout select count(*) from oceanbase.__all_virtual_server_stat where role = 'PRIMARY', 1, 30
[2026-10-03 04:02:03.959][INFO ] [Deploy         :287] - execute db_p.select_one_value select count(*) from oceanbase.__all_virtual_server_stat where role = 'PRIMARY'
Loading class `com.mysql.jdbc.Driver'. This is deprecated. The new driver class is `com.mysql.cj.jdbc.Driver'. The driver is automatically registered via the SPI and manual loading of the driver class is generally unnecessary.
[2026-10-03 04:02:04.132][INFO ] [SQLProcessor   :2086] - execute sql => select count(*) from oceanbase.__all_virtual_server_stat where role = 'PRIMARY'
[2026-10-03 04:02:04.451][INFO ] [Deploy         :294] - execute db_p.select_one_value select count(*) from oceanbase.__all_virtual_server_stat where role = 'PRIMARY' result => 1
[2026-10-03 04:02:04.451][INFO ] [OBI            :5345] - check success! use time = 0
[2026-10-03 04:02:04.451][INFO ] [Deploy         :294] - execute db_p.check_until_timeout select count(*) from oceanbase.__all_virtual_server_stat where role = 'PRIMARY', 1, 30 result => true
[2026-10-03 04:02:04.451][INFO ] [Command        :353] - start[1790971323958] time[493] tag[Q_DEPLOY]
[2026-10-03 04:02:04.451][INFO ] [Command        :536] - > LINE => 33, CMD => Q_CONNECT, CONTENT => ob_connect(conn_sys_p, db_p.z1.obs0, root@sys, , oceanbase, , USE_MYSQL_CONNECTOR)
[2026-10-03 04:02:04.454][INFO ] [SQLProcessor   :1505] - conn_sys_p create a physical connection  using jdbc:mysql://6.12.232.130:42035/oceanbase?useAffectedRows=true&emulateUnsupportedPstmts=false&characterEncoding=utf8&useServerPrepStmts=true&prepStmtCacheSqlLimit=1000&enableQueryTimeouts=false&useLocalSessionState=false&useLocalTransactionState=false&rewriteBatchedStatements=true&allowMultiQueries=true&socketTimeout=1800000 user/pwd is root@sys/
[2026-10-03 04:02:04.471][INFO ] [SQLProcessor   :1519] - connection => conn_sys_p is mysql mode.
[2026-10-03 04:02:04.471][INFO ] [SQLProcessor   :1522] - put conn: dataid=conn_sys_p currentConn=com.mysql.cj.jdbc.ConnectionImpl@694abbdc hashcode => 1766505436
[2026-10-03 04:02:04.472][INFO ] [Command        :353] - start[1790971324452] time[20] tag[Q_CONNECT]
[2026-10-03 04:02:04.472][INFO ] [Command        :536] - > LINE => 34, CMD => Q_CONNECTION, CONTENT => connection conn_sys_p
[2026-10-03 04:02:04.472][INFO ] [SQLProcessor   :1128] - use connection => conn_sys_p hashcode => 1766505436
[2026-10-03 04:02:04.473][INFO ] [SQLProcessor   :1158] - connection => conn_sys_p is mysql mode. conn=com.mysql.cj.jdbc.ConnectionImpl@694abbdc
[2026-10-03 04:02:04.473][INFO ] [Command        :353] - start[1790971324472] time[1] tag[Q_CONNECTION]
[2026-10-03 04:02:04.474][INFO ] [Command        :536] - > LINE => 35, CMD => Q_QUERY, CONTENT => create table if not exists test_table_primary(a int primary key, b int);
[2026-10-03 04:02:04.703][INFO ] [Command        :353] - start[1790971324474] time[228] tag[Q_QUERY]
[2026-10-03 04:02:04.704][INFO ] [Command        :536] - > LINE => 36, CMD => Q_QUERY, CONTENT => insert into test_table_primary values(1, 1);
[2026-10-03 04:02:04.709][INFO ] [Command        :353] - start[1790971324704] time[5] tag[Q_QUERY]
[2026-10-03 04:02:04.710][INFO ] [Command        :536] - > LINE => 39, CMD => Q_QUERY, CONTENT => ALTER SYSTEM SWITCHOVER TO STANDBY VERIFY;
[2026-10-03 04:02:04.713][INFO ] [Command        :353] - start[1790971324710] time[2] tag[Q_QUERY]
[2026-10-03 04:02:04.713][INFO ] [Command        :536] - > LINE => 42, CMD => Q_DEPLOY, CONTENT => db_p.mysql_p select role from oceanbase.__all_virtual_server_stat;
[2026-10-03 04:02:04.714][INFO ] [DeployProcessor:93] - deploy => db_p.mysql_p select role from oceanbase.__all_virtual_server_stat
[2026-10-03 04:02:04.714][INFO ] [Deploy         :287] - execute db_p.mysql_p select role from oceanbase.__all_virtual_server_stat
[2026-10-03 04:02:04.714][INFO ] [Deploy         :287] - execute db_p.z1.obs0.mysql_p select role from oceanbase.__all_virtual_server_stat
[2026-10-03 04:02:04.714][INFO ] [Role           :3304] - sql =>select role from oceanbase.__all_virtual_server_stat
 will be executed with connection[z1.obs0]admin:admin@6.12.232.130:42035
[2026-10-03 04:02:04.736][INFO ] [Deploy         :294] - execute db_p.z1.obs0.mysql_p select role from oceanbase.__all_virtual_server_stat result => role
PRIMARY
[2026-10-03 04:02:04.737][INFO ] [Deploy         :294] - execute db_p.mysql_p select role from oceanbase.__all_virtual_server_stat result => role
PRIMARY
[2026-10-03 04:02:04.737][INFO ] [Command        :353] - start[1790971324713] time[23] tag[Q_DEPLOY]
[2026-10-03 04:02:04.737][INFO ] [Command        :536] - > LINE => 46, CMD => Q_LET_DEPLOY, CONTENT => $db_s_svr_ip
[2026-10-03 04:02:04.738][INFO ] [Deploy         :287] - execute db_s.select select svr_ip from oceanbase.__all_virtual_server_stat limit 1, svr_ip, 1
[2026-10-03 04:02:04.738][INFO ] [SQLProcessor   :2086] - execute sql => select svr_ip from oceanbase.__all_virtual_server_stat limit 1
[2026-10-03 04:02:04.869][INFO ] [Deploy         :294] - execute db_s.select select svr_ip from oceanbase.__all_virtual_server_stat limit 1, svr_ip, 1 result => 127.0.0.1
[2026-10-03 04:02:04.870][INFO ] [Command        :353] - start[1790971324737] time[132] tag[Q_LET_DEPLOY]
[2026-10-03 04:02:04.870][INFO ] [Command        :536] - > LINE => 47, CMD => Q_LET_DEPLOY, CONTENT => $db_s_rpc_port
[2026-10-03 04:02:04.871][INFO ] [Deploy         :287] - execute db_s.select select rpc_port from oceanbase.__all_virtual_server_stat limit 1, rpc_port, 1
[2026-10-03 04:02:04.871][INFO ] [SQLProcessor   :2086] - execute sql => select rpc_port from oceanbase.__all_virtual_server_stat limit 1
[2026-10-03 04:02:04.884][INFO ] [Deploy         :294] - execute db_s.select select rpc_port from oceanbase.__all_virtual_server_stat limit 1, rpc_port, 1 result => 42001
[2026-10-03 04:02:04.885][INFO ] [Command        :353] - start[1790971324870] time[14] tag[Q_LET_DEPLOY]
[2026-10-03 04:02:04.885][INFO ] [Command        :536] - > LINE => 48, CMD => Q_EVAL, CONTENT => alter system set log_restore_source = '$db_s_svr_ip:$db_s_rpc_port';
[2026-10-03 04:02:04.889][INFO ] [Command        :771] - eval => alter system set log_restore_source = '127.0.0.1:42001';
[2026-10-03 04:02:04.898][INFO ] [Command        :353] - start[1790971324885] time[12] tag[Q_EVAL]
[2026-10-03 04:02:04.899][INFO ] [Command        :536] - > LINE => 51, CMD => Q_QUERY, CONTENT => ALTER SYSTEM SWITCHOVER TO STANDBY;
[2026-10-03 04:02:04.903][INFO ] [Command        :353] - start[1790971324899] time[4] tag[Q_QUERY]
[2026-10-03 04:02:04.904][INFO ] [Command        :536] - > LINE => 54, CMD => Q_DEPLOY, CONTENT => db_p.check_until_timeout select count(*) from oceanbase.__all_virtual_server_stat where role = 'PRIMARY' and pending_role = 'STANDBY' and switchover_status = 'PREPARING', 1, 60;
[2026-10-03 04:02:04.904][INFO ] [DeployProcessor:93] - deploy => db_p.check_until_timeout select count(*) from oceanbase.__all_virtual_server_stat where role = 'PRIMARY' and pending_role = 'STANDBY' and switchover_status = 'PREPARING', 1, 60
[2026-10-03 04:02:04.905][INFO ] [Deploy         :287] - execute db_p.check_until_timeout select count(*) from oceanbase.__all_virtual_server_stat where role = 'PRIMARY' and pending_role = 'STANDBY' and switchover_status = 'PREPARING', 1, 60
[2026-10-03 04:02:04.905][INFO ] [Deploy         :287] - execute db_p.select_one_value select count(*) from oceanbase.__all_virtual_server_stat where role = 'PRIMARY' and pending_role = 'STANDBY' and switchover_status = 'PREPARING'
[2026-10-03 04:02:04.905][INFO ] [SQLProcessor   :2086] - execute sql => select count(*) from oceanbase.__all_virtual_server_stat where role = 'PRIMARY' and pending_role = 'STANDBY' and switchover_status = 'PREPARING'
[2026-10-03 04:02:04.916][INFO ] [Deploy         :294] - execute db_p.select_one_value select count(*) from oceanbase.__all_virtual_server_stat where role = 'PRIMARY' and pending_role = 'STANDBY' and switchover_status = 'PREPARING' result => 1
[2026-10-03 04:02:04.916][INFO ] [OBI            :5345] - check success! use time = 0
[2026-10-03 04:02:04.916][INFO ] [Deploy         :294] - execute db_p.check_until_timeout select count(*) from oceanbase.__all_virtual_server_stat where role = 'PRIMARY' and pending_role = 'STANDBY' and switchover_status = 'PREPARING', 1, 60 result => true
[2026-10-03 04:02:04.916][INFO ] [Command        :353] - start[1790971324904] time[12] tag[Q_DEPLOY]
[2026-10-03 04:02:04.917][INFO ] [Command        :536] - > LINE => 55, CMD => Q_DEPLOY, CONTENT => db_p.mysql_p select role, pending_role, switchover_status from oceanbase.__all_virtual_server_stat;
[2026-10-03 04:02:04.918][INFO ] [DeployProcessor:93] - deploy => db_p.mysql_p select role, pending_role, switchover_status from oceanbase.__all_virtual_server_stat
[2026-10-03 04:02:04.918][INFO ] [Deploy         :287] - execute db_p.mysql_p select role, pending_role, switchover_status from oceanbase.__all_virtual_server_stat
[2026-10-03 04:02:04.918][INFO ] [Deploy         :287] - execute db_p.z1.obs0.mysql_p select role, pending_role, switchover_status from oceanbase.__all_virtual_server_stat
[2026-10-03 04:02:04.919][INFO ] [Role           :3304] - sql =>select role, pending_role, switchover_status from oceanbase.__all_virtual_server_stat
 will be executed with connection[z1.obs0]admin:admin@6.12.232.130:42035
[2026-10-03 04:02:04.940][INFO ] [Deploy         :294] - execute db_p.z1.obs0.mysql_p select role, pending_role, switchover_status from oceanbase.__all_virtual_server_stat result => role	pending_role	switchover_status
PRIMARY	STANDBY	PREPARING
[2026-10-03 04:02:04.941][INFO ] [Deploy         :294] - execute db_p.mysql_p select role, pending_role, switchover_status from oceanbase.__all_virtual_server_stat result => role	pending_role	switchover_status
PRIMARY	STANDBY	PREPARING
[2026-10-03 04:02:04.941][INFO ] [Command        :353] - start[1790971324917] time[23] tag[Q_DEPLOY]
[2026-10-03 04:02:04.941][INFO ] [Command        :536] - > LINE => 59, CMD => Q_CONNECT, CONTENT => ob_connect(conn_sys_s, db_s.z1.obs0, root@sys, , oceanbase, , USE_MYSQL_CONNECTOR)
[2026-10-03 04:02:04.942][INFO ] [SQLProcessor   :1505] - conn_sys_s create a physical connection  using jdbc:mysql://6.12.232.130:42036/oceanbase?useAffectedRows=true&emulateUnsupportedPstmts=false&characterEncoding=utf8&useServerPrepStmts=true&prepStmtCacheSqlLimit=1000&enableQueryTimeouts=false&useLocalSessionState=false&useLocalTransactionState=false&rewriteBatchedStatements=true&allowMultiQueries=true&socketTimeout=1800000 user/pwd is root@sys/
[2026-10-03 04:02:04.957][INFO ] [SQLProcessor   :1519] - connection => conn_sys_s is mysql mode.
[2026-10-03 04:02:04.958][INFO ] [SQLProcessor   :1522] - put conn: dataid=conn_sys_s currentConn=com.mysql.cj.jdbc.ConnectionImpl@130d63be hashcode => 319644606
[2026-10-03 04:02:04.958][INFO ] [Command        :353] - start[1790971324941] time[16] tag[Q_CONNECT]
[2026-10-03 04:02:04.960][INFO ] [Command        :536] - > LINE => 61, CMD => Q_QUERY, CONTENT => create table test_table_standby(a int);
[2026-10-03 04:02:04.972][INFO ] [SQLProcessor   :565] - error code =>  4688
[2026-10-03 04:02:04.972][INFO ] [SQLProcessor   :566] - sqlstate => HY000
[2026-10-03 04:02:04.972][INFO ] [SQLProcessor   :567] - err_msg => standby tenant is read only
[2026-10-03 04:02:04.973][ERROR] [Result         :119] - set code
com.etao.mytest.exception.ExecuteErrorException: set code 4688
	at com.etao.mytest.command.Result.setCode(Result.java:118)
	at com.etao.mytest.command.Result.setSQLException(Result.java:219)
	at com.etao.mytest.processor.SQLProcessor.staticQuery(SQLProcessor.java:575)
	at com.etao.mytest.processor.SQLProcessor.process(SQLProcessor.java:1951)
	at com.etao.mytest.command.Command.execute(Command.java:706)
	at com.etao.mytest.main.TestCase.run(TestCase.java:779)
	at com.etao.mytest.main.MyTest.main(MyTest.java:129)
[2026-10-03 04:02:04.973][ERROR] [SQLProcessor   :576] - execute create table test_table_standby(a int) failed
java.sql.SQLException: standby tenant is read only
	at com.mysql.cj.jdbc.exceptions.SQLError.createSQLException(SQLError.java:130)
	at com.mysql.cj.jdbc.exceptions.SQLExceptionsMapping.translateException(SQLExceptionsMapping.java:122)
	at com.mysql.cj.jdbc.StatementImpl.executeInternal(StatementImpl.java:763)
	at com.mysql.cj.jdbc.StatementImpl.execute(StatementImpl.java:648)
	at com.etao.mytest.processor.SQLProcessor.staticQuery(SQLProcessor.java:550)
	at com.etao.mytest.processor.SQLProcessor.process(SQLProcessor.java:1951)
	at com.etao.mytest.command.Command.execute(Command.java:706)
	at com.etao.mytest.main.TestCase.run(TestCase.java:779)
	at com.etao.mytest.main.MyTest.main(MyTest.java:129)
[2026-10-03 04:02:04.973][INFO ] [Command        :353] - start[1790971324960] time[13] tag[Q_QUERY]
[2026-10-03 04:02:04.974][INFO ] [Command        :536] - > LINE => 63, CMD => Q_QUERY, CONTENT => insert into test_table_primary values(2, 2);
[2026-10-03 04:02:04.976][INFO ] [SQLProcessor   :565] - error code =>  4688
[2026-10-03 04:02:04.976][INFO ] [SQLProcessor   :566] - sqlstate => HY000
[2026-10-03 04:02:04.976][INFO ] [SQLProcessor   :567] - err_msg => standby tenant is read only
[2026-10-03 04:02:04.976][ERROR] [Result         :119] - set code
com.etao.mytest.exception.ExecuteErrorException: set code 4688
	at com.etao.mytest.command.Result.setCode(Result.java:118)
	at com.etao.mytest.command.Result.setSQLException(Result.java:219)
	at com.etao.mytest.processor.SQLProcessor.staticQuery(SQLProcessor.java:575)
	at com.etao.mytest.processor.SQLProcessor.process(SQLProcessor.java:1951)
	at com.etao.mytest.command.Command.execute(Command.java:706)
	at com.etao.mytest.main.TestCase.run(TestCase.java:779)
	at com.etao.mytest.main.MyTest.main(MyTest.java:129)
[2026-10-03 04:02:04.976][ERROR] [SQLProcessor   :576] - execute insert into test_table_primary values(2, 2) failed
java.sql.SQLException: standby tenant is read only
	at com.mysql.cj.jdbc.exceptions.SQLError.createSQLException(SQLError.java:130)
	at com.mysql.cj.jdbc.exceptions.SQLExceptionsMapping.translateException(SQLExceptionsMapping.java:122)
	at com.mysql.cj.jdbc.StatementImpl.executeInternal(StatementImpl.java:763)
	at com.mysql.cj.jdbc.StatementImpl.execute(StatementImpl.java:648)
	at com.etao.mytest.processor.SQLProcessor.staticQuery(SQLProcessor.java:550)
	at com.etao.mytest.processor.SQLProcessor.process(SQLProcessor.java:1951)
	at com.etao.mytest.command.Command.execute(Command.java:706)
	at com.etao.mytest.main.TestCase.run(TestCase.java:779)
	at com.etao.mytest.main.MyTest.main(MyTest.java:129)
[2026-10-03 04:02:04.977][INFO ] [Command        :353] - start[1790971324974] time[2] tag[Q_QUERY]
[2026-10-03 04:02:04.978][INFO ] [Command        :536] - > LINE => 66, CMD => Q_DEPLOY, CONTENT => db_s.check_until_timeout select count(*) from test_table_primary where a = 1 and b = 1, 1, 120;
[2026-10-03 04:02:04.978][INFO ] [DeployProcessor:93] - deploy => db_s.check_until_timeout select count(*) from test_table_primary where a = 1 and b = 1, 1, 120
[2026-10-03 04:02:04.978][INFO ] [Deploy         :287] - execute db_s.check_until_timeout select count(*) from test_table_primary where a = 1 and b = 1, 1, 120
[2026-10-03 04:02:04.978][INFO ] [Deploy         :287] - execute db_s.select_one_value select count(*) from test_table_primary where a = 1 and b = 1
[2026-10-03 04:02:04.979][INFO ] [SQLProcessor   :2086] - execute sql => select count(*) from test_table_primary where a = 1 and b = 1
[2026-10-03 04:02:05.06][INFO ] [Deploy         :294] - execute db_s.select_one_value select count(*) from test_table_primary where a = 1 and b = 1 result => 1
[2026-10-03 04:02:05.06][INFO ] [OBI            :5345] - check success! use time = 0
[2026-10-03 04:02:05.06][INFO ] [Deploy         :294] - execute db_s.check_until_timeout select count(*) from test_table_primary where a = 1 and b = 1, 1, 120 result => true
[2026-10-03 04:02:05.07][INFO ] [Command        :353] - start[1790971324978] time[28] tag[Q_DEPLOY]
[2026-10-03 04:02:05.07][INFO ] [Command        :536] - > LINE => 67, CMD => Q_CONNECTION, CONTENT => connection conn_sys_s
[2026-10-03 04:02:05.07][INFO ] [SQLProcessor   :1128] - use connection => conn_sys_s hashcode => 319644606
[2026-10-03 04:02:05.09][INFO ] [SQLProcessor   :1158] - connection => conn_sys_s is mysql mode. conn=com.mysql.cj.jdbc.ConnectionImpl@130d63be
[2026-10-03 04:02:05.09][INFO ] [Command        :353] - start[1790971325007] time[2] tag[Q_CONNECTION]
[2026-10-03 04:02:05.09][INFO ] [Command        :536] - > LINE => 68, CMD => Q_QUERY, CONTENT => start transaction;
[2026-10-03 04:02:05.13][INFO ] [Command        :353] - start[1790971325010] time[3] tag[Q_QUERY]
[2026-10-03 04:02:05.13][INFO ] [Command        :536] - > LINE => 69, CMD => Q_QUERY, CONTENT => select count(*) from test_table_primary;
[2026-10-03 04:02:05.17][INFO ] [Command        :353] - start[1790971325014] time[3] tag[Q_QUERY]
[2026-10-03 04:02:05.17][INFO ] [Command        :536] - > LINE => 72, CMD => Q_CONNECT, CONTENT => ob_connect(conn_admin_s, db_s.z1.obs0, root@sys, , oceanbase, , USE_MYSQL_CONNECTOR)
[2026-10-03 04:02:05.18][INFO ] [SQLProcessor   :1505] - conn_admin_s create a physical connection  using jdbc:mysql://6.12.232.130:42036/oceanbase?useAffectedRows=true&emulateUnsupportedPstmts=false&characterEncoding=utf8&useServerPrepStmts=true&prepStmtCacheSqlLimit=1000&enableQueryTimeouts=false&useLocalSessionState=false&useLocalTransactionState=false&rewriteBatchedStatements=true&allowMultiQueries=true&socketTimeout=1800000 user/pwd is root@sys/
[2026-10-03 04:02:05.26][INFO ] [SQLProcessor   :1519] - connection => conn_admin_s is mysql mode.
[2026-10-03 04:02:05.26][INFO ] [SQLProcessor   :1522] - put conn: dataid=conn_admin_s currentConn=com.mysql.cj.jdbc.ConnectionImpl@7c7a06ec hashcode => 2088371948
[2026-10-03 04:02:05.27][INFO ] [Command        :353] - start[1790971325018] time[8] tag[Q_CONNECT]
[2026-10-03 04:02:05.27][INFO ] [Command        :536] - > LINE => 73, CMD => Q_CONNECTION, CONTENT => connection conn_admin_s
[2026-10-03 04:02:05.27][INFO ] [SQLProcessor   :1128] - use connection => conn_admin_s hashcode => 2088371948
[2026-10-03 04:02:05.28][INFO ] [SQLProcessor   :1158] - connection => conn_admin_s is mysql mode. conn=com.mysql.cj.jdbc.ConnectionImpl@7c7a06ec
[2026-10-03 04:02:05.29][INFO ] [Command        :353] - start[1790971325027] time[1] tag[Q_CONNECTION]
[2026-10-03 04:02:05.29][INFO ] [Command        :536] - > LINE => 74, CMD => Q_QUERY, CONTENT => ALTER SYSTEM SWITCHOVER TO PRIMARY;
[2026-10-03 04:02:05.45][INFO ] [Command        :353] - start[1790971325029] time[16] tag[Q_QUERY]
[2026-10-03 04:02:05.46][INFO ] [Command        :536] - > LINE => 75, CMD => Q_DEPLOY, CONTENT => db_s.check_until_timeout select count(*) from oceanbase.__all_virtual_server_stat where role = 'PRIMARY' and pending_role = 'INVALID' and switchover_status = 'NORMAL', 1, 120;
[2026-10-03 04:02:05.47][INFO ] [DeployProcessor:93] - deploy => db_s.check_until_timeout select count(*) from oceanbase.__all_virtual_server_stat where role = 'PRIMARY' and pending_role = 'INVALID' and switchover_status = 'NORMAL', 1, 120
[2026-10-03 04:02:05.47][INFO ] [Deploy         :287] - execute db_s.check_until_timeout select count(*) from oceanbase.__all_virtual_server_stat where role = 'PRIMARY' and pending_role = 'INVALID' and switchover_status = 'NORMAL', 1, 120
[2026-10-03 04:02:05.47][INFO ] [Deploy         :287] - execute db_s.select_one_value select count(*) from oceanbase.__all_virtual_server_stat where role = 'PRIMARY' and pending_role = 'INVALID' and switchover_status = 'NORMAL'
[2026-10-03 04:02:05.47][INFO ] [SQLProcessor   :2086] - execute sql => select count(*) from oceanbase.__all_virtual_server_stat where role = 'PRIMARY' and pending_role = 'INVALID' and switchover_status = 'NORMAL'
[2026-10-03 04:02:05.56][INFO ] [Deploy         :294] - execute db_s.select_one_value select count(*) from oceanbase.__all_virtual_server_stat where role = 'PRIMARY' and pending_role = 'INVALID' and switchover_status = 'NORMAL' result => 1
[2026-10-03 04:02:05.56][INFO ] [OBI            :5345] - check success! use time = 0
[2026-10-03 04:02:05.56][INFO ] [Deploy         :294] - execute db_s.check_until_timeout select count(*) from oceanbase.__all_virtual_server_stat where role = 'PRIMARY' and pending_role = 'INVALID' and switchover_status = 'NORMAL', 1, 120 result => true
[2026-10-03 04:02:05.56][INFO ] [Command        :353] - start[1790971325046] time[9] tag[Q_DEPLOY]
[2026-10-03 04:02:05.56][INFO ] [Command        :536] - > LINE => 78, CMD => Q_CONNECTION, CONTENT => connection conn_sys_s
[2026-10-03 04:02:05.57][INFO ] [SQLProcessor   :1128] - use connection => conn_sys_s hashcode => 319644606
[2026-10-03 04:02:05.58][INFO ] [SQLProcessor   :1158] - connection => conn_sys_s is mysql mode. conn=com.mysql.cj.jdbc.ConnectionImpl@130d63be
[2026-10-03 04:02:05.59][INFO ] [Command        :353] - start[1790971325056] time[2] tag[Q_CONNECTION]
[2026-10-03 04:02:05.59][INFO ] [Command        :536] - > LINE => 80, CMD => Q_QUERY, CONTENT => insert into test_table_primary values(2, 2);
[2026-10-03 04:02:05.60][INFO ] [SQLProcessor   :565] - error code =>  1792
[2026-10-03 04:02:05.61][INFO ] [SQLProcessor   :566] - sqlstate => 25006
[2026-10-03 04:02:05.61][INFO ] [SQLProcessor   :567] - err_msg => Cannot execute statement in a READ ONLY transaction.
[2026-10-03 04:02:05.61][ERROR] [Result         :119] - set code
com.etao.mytest.exception.ExecuteErrorException: set code 1792
	at com.etao.mytest.command.Result.setCode(Result.java:118)
	at com.etao.mytest.command.Result.setSQLException(Result.java:219)
	at com.etao.mytest.processor.SQLProcessor.staticQuery(SQLProcessor.java:575)
	at com.etao.mytest.processor.SQLProcessor.process(SQLProcessor.java:1951)
	at com.etao.mytest.command.Command.execute(Command.java:706)
	at com.etao.mytest.main.TestCase.run(TestCase.java:779)
	at com.etao.mytest.main.MyTest.main(MyTest.java:129)
[2026-10-03 04:02:05.61][ERROR] [SQLProcessor   :576] - execute insert into test_table_primary values(2, 2) failed
java.sql.SQLException: Cannot execute statement in a READ ONLY transaction.
	at com.mysql.cj.jdbc.exceptions.SQLError.createSQLException(SQLError.java:130)
	at com.mysql.cj.jdbc.exceptions.SQLExceptionsMapping.translateException(SQLExceptionsMapping.java:122)
	at com.mysql.cj.jdbc.StatementImpl.executeInternal(StatementImpl.java:763)
	at com.mysql.cj.jdbc.StatementImpl.execute(StatementImpl.java:648)
	at com.etao.mytest.processor.SQLProcessor.staticQuery(SQLProcessor.java:550)
	at com.etao.mytest.processor.SQLProcessor.process(SQLProcessor.java:1951)
	at com.etao.mytest.command.Command.execute(Command.java:706)
	at com.etao.mytest.main.TestCase.run(TestCase.java:779)
	at com.etao.mytest.main.MyTest.main(MyTest.java:129)
[2026-10-03 04:02:05.61][INFO ] [Command        :353] - start[1790971325059] time[2] tag[Q_QUERY]
[2026-10-03 04:02:05.62][INFO ] [Command        :536] - > LINE => 81, CMD => Q_QUERY, CONTENT => rollback;
[2026-10-03 04:02:05.62][INFO ] [SQLProcessor   :1841] - rollback a transation, connection => 319644606
[2026-10-03 04:02:05.64][INFO ] [Command        :353] - start[1790971325062] time[2] tag[Q_QUERY]
[2026-10-03 04:02:05.64][INFO ] [Command        :536] - > LINE => 82, CMD => Q_QUERY, CONTENT => start transaction;
[2026-10-03 04:02:05.66][INFO ] [Command        :353] - start[1790971325064] time[1] tag[Q_QUERY]
[2026-10-03 04:02:05.66][INFO ] [Command        :536] - > LINE => 83, CMD => Q_QUERY, CONTENT => insert into test_table_primary values(2, 2);
[2026-10-03 04:02:05.70][INFO ] [Command        :353] - start[1790971325066] time[3] tag[Q_QUERY]
[2026-10-03 04:02:05.70][INFO ] [Command        :536] - > LINE => 84, CMD => Q_QUERY, CONTENT => commit;
[2026-10-03 04:02:05.73][INFO ] [Command        :353] - start[1790971325070] time[2] tag[Q_QUERY]
[2026-10-03 04:02:05.73][INFO ] [Command        :536] - > LINE => 87, CMD => Q_DEPLOY, CONTENT => db_p.force_stop;
[2026-10-03 04:02:05.73][INFO ] [DeployProcessor:93] - deploy => db_p.force_stop
[2026-10-03 04:02:05.75][INFO ] [Deploy         :287] - execute db_p.z1.obs0.force_stop 
[2026-10-03 04:02:05.75][INFO ] [Role           :1307] - pkill -9 -u nijia.nj -f '^/data/1/nijia.nj/test/namespace_standby_20261003_v1/work/db_p.z1.obs0/bin/observer|^/data/1/nijia.nj/test/namespace_standby_20261003_v1/work/db_p.z1.obs0/bin/obesi' on 6.12.232.130
[2026-10-03 04:02:05.93][INFO ] [Role           :1309] - pkill result is => 0
[2026-10-03 04:02:05.94][INFO ] [Role           :1142] - wait stop /data/1/nijia.nj/test/namespace_standby_20261003_v1/work/db_p.z1.obs0/bin/observer on 6.12.232.130
[2026-10-03 04:02:05.94][INFO ] [Role           :1190] - ps uxf | grep "/data/1/nijia.nj/test/namespace_standby_20261003_v1/work/db_p.z1.obs0/bin/observer" | grep -v grep
[2026-10-03 04:02:05.134][INFO ] [Role           :1154] - check port on 6.12.232.130
[2026-10-03 04:02:05.134][INFO ] [RemoteShell    :143] - netstat -lpnt 2>/dev/null | grep '0.0.0.0:42000 ' | awk -F ' ' '{print $7}'
[2026-10-03 04:02:05.163][INFO ] [RemoteShell    :143] - netstat -lpnt 2>/dev/null | grep '0.0.0.0:42035 ' | awk -F ' ' '{print $7}'
[2026-10-03 04:02:05.190][ERROR] [RemoteShell    :146] - 42035 in use, PID/Program name : -
[2026-10-03 04:02:05.190][INFO ] [Role           :1154] - check port on 6.12.232.130
[2026-10-03 04:02:05.190][INFO ] [RemoteShell    :143] - netstat -lpnt 2>/dev/null | grep '0.0.0.0:42000 ' | awk -F ' ' '{print $7}'
[2026-10-03 04:02:05.224][INFO ] [RemoteShell    :143] - netstat -lpnt 2>/dev/null | grep '0.0.0.0:42035 ' | awk -F ' ' '{print $7}'
[2026-10-03 04:02:05.253][INFO ] [Role           :1164] - stop obs0 took 3 s
[2026-10-03 04:02:05.253][INFO ] [Deploy         :294] - execute db_p.z1.obs0.force_stop  result => true
[2026-10-03 04:02:05.253][INFO ] [Deploy         :362] - execute db_p.z1.force_stop  result => true [true]
[2026-10-03 04:02:05.254][INFO ] [Deploy         :362] - execute db_p.force_stop result => true [true]
[2026-10-03 04:02:05.254][INFO ] [Command        :353] - start[1790971325073] time[180] tag[Q_DEPLOY]
[2026-10-03 04:02:05.254][INFO ] [Command        :536] - > LINE => 88, CMD => Q_DEPLOY, CONTENT => db_p.nstart;
[2026-10-03 04:02:05.255][INFO ] [DeployProcessor:93] - deploy => db_p.nstart
[2026-10-03 04:02:05.256][INFO ] [Deploy         :287] - execute db_p.z1.obs0.nstart 
[2026-10-03 04:02:05.256][INFO ] [RemoteShell    :143] - netstat -lpnt 2>/dev/null | grep '0.0.0.0:42000 ' | awk -F ' ' '{print $7}'
[2026-10-03 04:02:05.291][INFO ] [RemoteShell    :143] - netstat -lpnt 2>/dev/null | grep '0.0.0.0:42035 ' | awk -F ' ' '{print $7}'
[2026-10-03 04:02:05.322][INFO ] [Deploy         :381] - execute db_p.lite_mode result => true result type => java.lang.Boolean
[2026-10-03 04:02:05.322][INFO ] [Role           :197] - ulimit -c unlimited -s 4096;cd /data/1/nijia.nj/test/namespace_standby_20261003_v1/work/db_p.z1.obs0;LD_LIBRARY_PATH=./lib:/usr/local/lib:/usr/lib:/usr/lib64:/usr/local/lib64:$LD_LIBRARY_PATH /data/1/nijia.nj/test/namespace_standby_20261003_v1/work/db_p.z1.obs0/bin/observer  on 6.12.232.130
[2026-10-03 04:02:05.389][INFO ] [Deploy         :294] - execute db_p.z1.obs0.nstart  result => true
[2026-10-03 04:02:05.389][INFO ] [Deploy         :362] - execute db_p.z1.nstart  result => true [true]
[2026-10-03 04:02:05.389][INFO ] [Deploy         :362] - execute db_p.nstart result => true [true]
[2026-10-03 04:02:05.390][INFO ] [Command        :353] - start[1790971325254] time[135] tag[Q_DEPLOY]
[2026-10-03 04:02:05.390][INFO ] [Command        :536] - > LINE => 89, CMD => Q_DEPLOY, CONTENT => db_p.check_until_timeout select count(*) from oceanbase.__all_virtual_server_stat where role = 'STANDBY' and pending_role = 'INVALID' and switchover_status = 'NORMAL', 1, 60;
[2026-10-03 04:02:05.391][INFO ] [DeployProcessor:93] - deploy => db_p.check_until_timeout select count(*) from oceanbase.__all_virtual_server_stat where role = 'STANDBY' and pending_role = 'INVALID' and switchover_status = 'NORMAL', 1, 60
[2026-10-03 04:02:05.391][INFO ] [Deploy         :287] - execute db_p.check_until_timeout select count(*) from oceanbase.__all_virtual_server_stat where role = 'STANDBY' and pending_role = 'INVALID' and switchover_status = 'NORMAL', 1, 60
[2026-10-03 04:02:05.391][INFO ] [Deploy         :287] - execute db_p.select_one_value select count(*) from oceanbase.__all_virtual_server_stat where role = 'STANDBY' and pending_role = 'INVALID' and switchover_status = 'NORMAL'
[2026-10-03 04:02:05.392][INFO ] [SQLProcessor   :2086] - execute sql => select count(*) from oceanbase.__all_virtual_server_stat where role = 'STANDBY' and pending_role = 'INVALID' and switchover_status = 'NORMAL'
[2026-10-03 04:02:05.395][ERROR] [SQLProcessor   :2096] - user => admin@sys, passwd => admin, jdbcUrl => jdbc:mysql://6.12.232.130:42035/oceanbase?useAffectedRows=true&emulateUnsupportedPstmts=false&characterEncoding=utf8&useServerPrepStmts=false&prepStmtCacheSqlLimit=1000&enableQueryTimeouts=true&useLocalSessionState=false&useLocalTransactionState=false&rewriteBatchedStatements=true&allowMultiQueries=true&socketTimeout=600000
[2026-10-03 04:02:05.395][ERROR] [SQLProcessor   :2098] - execute sql => select count(*) from oceanbase.__all_virtual_server_stat where role = 'STANDBY' and pending_role = 'INVALID' and switchover_status = 'NORMAL' failed
com.mysql.cj.jdbc.exceptions.CommunicationsException: Communications link failure

The last packet sent successfully to the server was 0 milliseconds ago. The driver has not received any packets from the server.
	at com.mysql.cj.jdbc.exceptions.SQLError.createCommunicationsException(SQLError.java:175)
	at com.mysql.cj.jdbc.exceptions.SQLExceptionsMapping.translateException(SQLExceptionsMapping.java:64)
	at com.mysql.cj.jdbc.ConnectionImpl.createNewIO(ConnectionImpl.java:825)
	at com.mysql.cj.jdbc.ConnectionImpl.<init>(ConnectionImpl.java:446)
	at com.mysql.cj.jdbc.ConnectionImpl.getInstance(ConnectionImpl.java:239)
	at com.mysql.cj.jdbc.NonRegisteringDriver.connect(NonRegisteringDriver.java:188)
	at java.sql.DriverManager.getConnection(DriverManager.java:664)
	at java.sql.DriverManager.getConnection(DriverManager.java:247)
	at com.etao.mytest.processor.SQLProcessor.selectGetValue(SQLProcessor.java:2088)
	at com.etao.mytest.deploy.OBI.select_one_value(OBI.java:4540)
	at sun.reflect.NativeMethodAccessorImpl.invoke0(Native Method)
	at sun.reflect.NativeMethodAccessorImpl.invoke(NativeMethodAccessorImpl.java:62)
	at sun.reflect.DelegatingMethodAccessorImpl.invoke(DelegatingMethodAccessorImpl.java:43)
	at java.lang.reflect.Method.invoke(Method.java:498)
	at com.etao.mytest.deploy.Deploy.execute(Deploy.java:289)
	at com.etao.mytest.deploy.OBI.check_until_timeout(OBI.java:5340)
	at sun.reflect.NativeMethodAccessorImpl.invoke0(Native Method)
	at sun.reflect.NativeMethodAccessorImpl.invoke(NativeMethodAccessorImpl.java:62)
	at sun.reflect.DelegatingMethodAccessorImpl.invoke(DelegatingMethodAccessorImpl.java:43)
	at java.lang.reflect.Method.invoke(Method.java:498)
	at com.etao.mytest.deploy.Deploy.execute(Deploy.java:289)
	at com.etao.mytest.processor.DeployProcessor.process(DeployProcessor.java:157)
	at com.etao.mytest.command.Command.execute(Command.java:552)
	at com.etao.mytest.main.TestCase.run(TestCase.java:779)
	at com.etao.mytest.main.MyTest.main(MyTest.java:129)
Caused by: com.mysql.cj.exceptions.CJCommunicationsException: Communications link failure

The last packet sent successfully to the server was 0 milliseconds ago. The driver has not received any packets from the server.
	at sun.reflect.NativeConstructorAccessorImpl.newInstance0(Native Method)
	at sun.reflect.NativeConstructorAccessorImpl.newInstance(NativeConstructorAccessorImpl.java:62)
	at sun.reflect.DelegatingConstructorAccessorImpl.newInstance(DelegatingConstructorAccessorImpl.java:45)
	at java.lang.reflect.Constructor.newInstance(Constructor.java:423)
	at com.mysql.cj.exceptions.ExceptionFactory.createException(ExceptionFactory.java:62)
	at com.mysql.cj.exceptions.ExceptionFactory.createException(ExceptionFactory.java:105)
	at com.mysql.cj.exceptions.ExceptionFactory.createException(ExceptionFactory.java:150)
	at com.mysql.cj.exceptions.ExceptionFactory.createCommunicationsException(ExceptionFactory.java:166)
	at com.mysql.cj.protocol.a.NativeSocketConnection.connect(NativeSocketConnection.java:89)
	at com.mysql.cj.NativeSession.connect(NativeSession.java:121)
	at com.mysql.cj.jdbc.ConnectionImpl.connectOneTryOnly(ConnectionImpl.java:945)
	at com.mysql.cj.jdbc.ConnectionImpl.createNewIO(ConnectionImpl.java:815)
	... 22 more
Caused by: java.net.ConnectException: Connection refused (Connection refused)
	at java.net.PlainSocketImpl.socketConnect(Native Method)
	at java.net.AbstractPlainSocketImpl.doConnect(AbstractPlainSocketImpl.java:350)
	at java.net.AbstractPlainSocketImpl.connectToAddress(AbstractPlainSocketImpl.java:206)
	at java.net.AbstractPlainSocketImpl.connect(AbstractPlainSocketImpl.java:188)
	at java.net.SocksSocketImpl.connect(SocksSocketImpl.java:392)
	at java.net.Socket.connect(Socket.java:607)
	at com.mysql.cj.protocol.StandardSocketFactory.connect(StandardSocketFactory.java:153)
	at com.mysql.cj.protocol.a.NativeSocketConnection.connect(NativeSocketConnection.java:63)
	... 25 more
[2026-10-03 04:02:05.396][WARN ] [Deploy         :298] - execute db_p.select_one_value select count(*) from oceanbase.__all_virtual_server_stat where role = 'STANDBY' and pending_role = 'INVALID' and switchover_status = 'NORMAL' result => null
[2026-10-03 04:02:05.396][WARN ] [OBI            :5348] - expect => 1, actual => null, left timeout => 60, totaltime => 60, file => 89/176, file_percent => 50
[2026-10-03 04:02:06.396][INFO ] [Deploy         :287] - execute db_p.select_one_value select count(*) from oceanbase.__all_virtual_server_stat where role = 'STANDBY' and pending_role = 'INVALID' and switchover_status = 'NORMAL'
[2026-10-03 04:02:06.397][INFO ] [SQLProcessor   :2086] - execute sql => select count(*) from oceanbase.__all_virtual_server_stat where role = 'STANDBY' and pending_role = 'INVALID' and switchover_status = 'NORMAL'
[2026-10-03 04:02:06.399][ERROR] [SQLProcessor   :2096] - user => admin@sys, passwd => admin, jdbcUrl => jdbc:mysql://6.12.232.130:42035/oceanbase?useAffectedRows=true&emulateUnsupportedPstmts=false&characterEncoding=utf8&useServerPrepStmts=false&prepStmtCacheSqlLimit=1000&enableQueryTimeouts=true&useLocalSessionState=false&useLocalTransactionState=false&rewriteBatchedStatements=true&allowMultiQueries=true&socketTimeout=600000
[2026-10-03 04:02:06.399][ERROR] [SQLProcessor   :2098] - execute sql => select count(*) from oceanbase.__all_virtual_server_stat where role = 'STANDBY' and pending_role = 'INVALID' and switchover_status = 'NORMAL' failed
com.mysql.cj.jdbc.exceptions.CommunicationsException: Communications link failure

The last packet sent successfully to the server was 0 milliseconds ago. The driver has not received any packets from the server.
	at com.mysql.cj.jdbc.exceptions.SQLError.createCommunicationsException(SQLError.java:175)
	at com.mysql.cj.jdbc.exceptions.SQLExceptionsMapping.translateException(SQLExceptionsMapping.java:64)
	at com.mysql.cj.jdbc.ConnectionImpl.createNewIO(ConnectionImpl.java:825)
	at com.mysql.cj.jdbc.ConnectionImpl.<init>(ConnectionImpl.java:446)
	at com.mysql.cj.jdbc.ConnectionImpl.getInstance(ConnectionImpl.java:239)
	at com.mysql.cj.jdbc.NonRegisteringDriver.connect(NonRegisteringDriver.java:188)
	at java.sql.DriverManager.getConnection(DriverManager.java:664)
	at java.sql.DriverManager.getConnection(DriverManager.java:247)
	at com.etao.mytest.processor.SQLProcessor.selectGetValue(SQLProcessor.java:2088)
	at com.etao.mytest.deploy.OBI.select_one_value(OBI.java:4540)
	at sun.reflect.NativeMethodAccessorImpl.invoke0(Native Method)
	at sun.reflect.NativeMethodAccessorImpl.invoke(NativeMethodAccessorImpl.java:62)
	at sun.reflect.DelegatingMethodAccessorImpl.invoke(DelegatingMethodAccessorImpl.java:43)
	at java.lang.reflect.Method.invoke(Method.java:498)
	at com.etao.mytest.deploy.Deploy.execute(Deploy.java:289)
	at com.etao.mytest.deploy.OBI.check_until_timeout(OBI.java:5340)
	at sun.reflect.NativeMethodAccessorImpl.invoke0(Native Method)
	at sun.reflect.NativeMethodAccessorImpl.invoke(NativeMethodAccessorImpl.java:62)
	at sun.reflect.DelegatingMethodAccessorImpl.invoke(DelegatingMethodAccessorImpl.java:43)
	at java.lang.reflect.Method.invoke(Method.java:498)
	at com.etao.mytest.deploy.Deploy.execute(Deploy.java:289)
	at com.etao.mytest.processor.DeployProcessor.process(DeployProcessor.java:157)
	at com.etao.mytest.command.Command.execute(Command.java:552)
	at com.etao.mytest.main.TestCase.run(TestCase.java:779)
	at com.etao.mytest.main.MyTest.main(MyTest.java:129)
Caused by: com.mysql.cj.exceptions.CJCommunicationsException: Communications link failure

The last packet sent successfully to the server was 0 milliseconds ago. The driver has not received any packets from the server.
	at sun.reflect.NativeConstructorAccessorImpl.newInstance0(Native Method)
	at sun.reflect.NativeConstructorAccessorImpl.newInstance(NativeConstructorAccessorImpl.java:62)
	at sun.reflect.DelegatingConstructorAccessorImpl.newInstance(DelegatingConstructorAccessorImpl.java:45)
	at java.lang.reflect.Constructor.newInstance(Constructor.java:423)
	at com.mysql.cj.exceptions.ExceptionFactory.createException(ExceptionFactory.java:62)
	at com.mysql.cj.exceptions.ExceptionFactory.createException(ExceptionFactory.java:105)
	at com.mysql.cj.exceptions.ExceptionFactory.createException(ExceptionFactory.java:150)
	at com.mysql.cj.exceptions.ExceptionFactory.createCommunicationsException(ExceptionFactory.java:166)
	at com.mysql.cj.protocol.a.NativeSocketConnection.connect(NativeSocketConnection.java:89)
	at com.mysql.cj.NativeSession.connect(NativeSession.java:121)
	at com.mysql.cj.jdbc.ConnectionImpl.connectOneTryOnly(ConnectionImpl.java:945)
	at com.mysql.cj.jdbc.ConnectionImpl.createNewIO(ConnectionImpl.java:815)
	... 22 more
Caused by: java.net.ConnectException: Connection refused (Connection refused)
	at java.net.PlainSocketImpl.socketConnect(Native Method)
	at java.net.AbstractPlainSocketImpl.doConnect(AbstractPlainSocketImpl.java:350)
	at java.net.AbstractPlainSocketImpl.connectToAddress(AbstractPlainSocketImpl.java:206)
	at java.net.AbstractPlainSocketImpl.connect(AbstractPlainSocketImpl.java:188)
	at java.net.SocksSocketImpl.connect(SocksSocketImpl.java:392)
	at java.net.Socket.connect(Socket.java:607)
	at com.mysql.cj.protocol.StandardSocketFactory.connect(StandardSocketFactory.java:153)
	at com.mysql.cj.protocol.a.NativeSocketConnection.connect(NativeSocketConnection.java:63)
	... 25 more
[2026-10-03 04:02:06.400][WARN ] [Deploy         :298] - execute db_p.select_one_value select count(*) from oceanbase.__all_virtual_server_stat where role = 'STANDBY' and pending_role = 'INVALID' and switchover_status = 'NORMAL' result => null
[2026-10-03 04:02:06.400][WARN ] [OBI            :5348] - expect => 1, actual => null, left timeout => 59, totaltime => 60, file => 89/176, file_percent => 50
[2026-10-03 04:02:07.400][INFO ] [Deploy         :287] - execute db_p.select_one_value select count(*) from oceanbase.__all_virtual_server_stat where role = 'STANDBY' and pending_role = 'INVALID' and switchover_status = 'NORMAL'
[2026-10-03 04:02:07.401][INFO ] [SQLProcessor   :2086] - execute sql => select count(*) from oceanbase.__all_virtual_server_stat where role = 'STANDBY' and pending_role = 'INVALID' and switchover_status = 'NORMAL'
[2026-10-03 04:02:07.402][ERROR] [SQLProcessor   :2096] - user => admin@sys, passwd => admin, jdbcUrl => jdbc:mysql://6.12.232.130:42035/oceanbase?useAffectedRows=true&emulateUnsupportedPstmts=false&characterEncoding=utf8&useServerPrepStmts=false&prepStmtCacheSqlLimit=1000&enableQueryTimeouts=true&useLocalSessionState=false&useLocalTransactionState=false&rewriteBatchedStatements=true&allowMultiQueries=true&socketTimeout=600000
[2026-10-03 04:02:07.403][ERROR] [SQLProcessor   :2098] - execute sql => select count(*) from oceanbase.__all_virtual_server_stat where role = 'STANDBY' and pending_role = 'INVALID' and switchover_status = 'NORMAL' failed
com.mysql.cj.jdbc.exceptions.CommunicationsException: Communications link failure

The last packet sent successfully to the server was 0 milliseconds ago. The driver has not received any packets from the server.
	at com.mysql.cj.jdbc.exceptions.SQLError.createCommunicationsException(SQLError.java:175)
	at com.mysql.cj.jdbc.exceptions.SQLExceptionsMapping.translateException(SQLExceptionsMapping.java:64)
	at com.mysql.cj.jdbc.ConnectionImpl.createNewIO(ConnectionImpl.java:825)
	at com.mysql.cj.jdbc.ConnectionImpl.<init>(ConnectionImpl.java:446)
	at com.mysql.cj.jdbc.ConnectionImpl.getInstance(ConnectionImpl.java:239)
	at com.mysql.cj.jdbc.NonRegisteringDriver.connect(NonRegisteringDriver.java:188)
	at java.sql.DriverManager.getConnection(DriverManager.java:664)
	at java.sql.DriverManager.getConnection(DriverManager.java:247)
	at com.etao.mytest.processor.SQLProcessor.selectGetValue(SQLProcessor.java:2088)
	at com.etao.mytest.deploy.OBI.select_one_value(OBI.java:4540)
	at sun.reflect.NativeMethodAccessorImpl.invoke0(Native Method)
	at sun.reflect.NativeMethodAccessorImpl.invoke(NativeMethodAccessorImpl.java:62)
	at sun.reflect.DelegatingMethodAccessorImpl.invoke(DelegatingMethodAccessorImpl.java:43)
	at java.lang.reflect.Method.invoke(Method.java:498)
	at com.etao.mytest.deploy.Deploy.execute(Deploy.java:289)
	at com.etao.mytest.deploy.OBI.check_until_timeout(OBI.java:5340)
	at sun.reflect.NativeMethodAccessorImpl.invoke0(Native Method)
	at sun.reflect.NativeMethodAccessorImpl.invoke(NativeMethodAccessorImpl.java:62)
	at sun.reflect.DelegatingMethodAccessorImpl.invoke(DelegatingMethodAccessorImpl.java:43)
	at java.lang.reflect.Method.invoke(Method.java:498)
	at com.etao.mytest.deploy.Deploy.execute(Deploy.java:289)
	at com.etao.mytest.processor.DeployProcessor.process(DeployProcessor.java:157)
	at com.etao.mytest.command.Command.execute(Command.java:552)
	at com.etao.mytest.main.TestCase.run(TestCase.java:779)
	at com.etao.mytest.main.MyTest.main(MyTest.java:129)
Caused by: com.mysql.cj.exceptions.CJCommunicationsException: Communications link failure

The last packet sent successfully to the server was 0 milliseconds ago. The driver has not received any packets from the server.
	at sun.reflect.NativeConstructorAccessorImpl.newInstance0(Native Method)
	at sun.reflect.NativeConstructorAccessorImpl.newInstance(NativeConstructorAccessorImpl.java:62)
	at sun.reflect.DelegatingConstructorAccessorImpl.newInstance(DelegatingConstructorAccessorImpl.java:45)
	at java.lang.reflect.Constructor.newInstance(Constructor.java:423)
	at com.mysql.cj.exceptions.ExceptionFactory.createException(ExceptionFactory.java:62)
	at com.mysql.cj.exceptions.ExceptionFactory.createException(ExceptionFactory.java:105)
	at com.mysql.cj.exceptions.ExceptionFactory.createException(ExceptionFactory.java:150)
	at com.mysql.cj.exceptions.ExceptionFactory.createCommunicationsException(ExceptionFactory.java:166)
	at com.mysql.cj.protocol.a.NativeSocketConnection.connect(NativeSocketConnection.java:89)
	at com.mysql.cj.NativeSession.connect(NativeSession.java:121)
	at com.mysql.cj.jdbc.ConnectionImpl.connectOneTryOnly(ConnectionImpl.java:945)
	at com.mysql.cj.jdbc.ConnectionImpl.createNewIO(ConnectionImpl.java:815)
	... 22 more
Caused by: java.net.ConnectException: Connection refused (Connection refused)
	at java.net.PlainSocketImpl.socketConnect(Native Method)
	at java.net.AbstractPlainSocketImpl.doConnect(AbstractPlainSocketImpl.java:350)
	at java.net.AbstractPlainSocketImpl.connectToAddress(AbstractPlainSocketImpl.java:206)
	at java.net.AbstractPlainSocketImpl.connect(AbstractPlainSocketImpl.java:188)
	at java.net.SocksSocketImpl.connect(SocksSocketImpl.java:392)
	at java.net.Socket.connect(Socket.java:607)
	at com.mysql.cj.protocol.StandardSocketFactory.connect(StandardSocketFactory.java:153)
	at com.mysql.cj.protocol.a.NativeSocketConnection.connect(NativeSocketConnection.java:63)
	... 25 more
[2026-10-03 04:02:07.403][WARN ] [Deploy         :298] - execute db_p.select_one_value select count(*) from oceanbase.__all_virtual_server_stat where role = 'STANDBY' and pending_role = 'INVALID' and switchover_status = 'NORMAL' result => null
[2026-10-03 04:02:07.403][WARN ] [OBI            :5348] - expect => 1, actual => null, left timeout => 58, totaltime => 60, file => 89/176, file_percent => 50
[2026-10-03 04:02:08.404][INFO ] [Deploy         :287] - execute db_p.select_one_value select count(*) from oceanbase.__all_virtual_server_stat where role = 'STANDBY' and pending_role = 'INVALID' and switchover_status = 'NORMAL'
[2026-10-03 04:02:08.404][INFO ] [SQLProcessor   :2086] - execute sql => select count(*) from oceanbase.__all_virtual_server_stat where role = 'STANDBY' and pending_role = 'INVALID' and switchover_status = 'NORMAL'
[2026-10-03 04:02:08.406][ERROR] [SQLProcessor   :2096] - user => admin@sys, passwd => admin, jdbcUrl => jdbc:mysql://6.12.232.130:42035/oceanbase?useAffectedRows=true&emulateUnsupportedPstmts=false&characterEncoding=utf8&useServerPrepStmts=false&prepStmtCacheSqlLimit=1000&enableQueryTimeouts=true&useLocalSessionState=false&useLocalTransactionState=false&rewriteBatchedStatements=true&allowMultiQueries=true&socketTimeout=600000
[2026-10-03 04:02:08.406][ERROR] [SQLProcessor   :2098] - execute sql => select count(*) from oceanbase.__all_virtual_server_stat where role = 'STANDBY' and pending_role = 'INVALID' and switchover_status = 'NORMAL' failed
com.mysql.cj.jdbc.exceptions.CommunicationsException: Communications link failure

The last packet sent successfully to the server was 0 milliseconds ago. The driver has not received any packets from the server.
	at com.mysql.cj.jdbc.exceptions.SQLError.createCommunicationsException(SQLError.java:175)
	at com.mysql.cj.jdbc.exceptions.SQLExceptionsMapping.translateException(SQLExceptionsMapping.java:64)
	at com.mysql.cj.jdbc.ConnectionImpl.createNewIO(ConnectionImpl.java:825)
	at com.mysql.cj.jdbc.ConnectionImpl.<init>(ConnectionImpl.java:446)
	at com.mysql.cj.jdbc.ConnectionImpl.getInstance(ConnectionImpl.java:239)
	at com.mysql.cj.jdbc.NonRegisteringDriver.connect(NonRegisteringDriver.java:188)
	at java.sql.DriverManager.getConnection(DriverManager.java:664)
	at java.sql.DriverManager.getConnection(DriverManager.java:247)
	at com.etao.mytest.processor.SQLProcessor.selectGetValue(SQLProcessor.java:2088)
	at com.etao.mytest.deploy.OBI.select_one_value(OBI.java:4540)
	at sun.reflect.NativeMethodAccessorImpl.invoke0(Native Method)
	at sun.reflect.NativeMethodAccessorImpl.invoke(NativeMethodAccessorImpl.java:62)
	at sun.reflect.DelegatingMethodAccessorImpl.invoke(DelegatingMethodAccessorImpl.java:43)
	at java.lang.reflect.Method.invoke(Method.java:498)
	at com.etao.mytest.deploy.Deploy.execute(Deploy.java:289)
	at com.etao.mytest.deploy.OBI.check_until_timeout(OBI.java:5340)
	at sun.reflect.NativeMethodAccessorImpl.invoke0(Native Method)
	at sun.reflect.NativeMethodAccessorImpl.invoke(NativeMethodAccessorImpl.java:62)
	at sun.reflect.DelegatingMethodAccessorImpl.invoke(DelegatingMethodAccessorImpl.java:43)
	at java.lang.reflect.Method.invoke(Method.java:498)
	at com.etao.mytest.deploy.Deploy.execute(Deploy.java:289)
	at com.etao.mytest.processor.DeployProcessor.process(DeployProcessor.java:157)
	at com.etao.mytest.command.Command.execute(Command.java:552)
	at com.etao.mytest.main.TestCase.run(TestCase.java:779)
	at com.etao.mytest.main.MyTest.main(MyTest.java:129)
Caused by: com.mysql.cj.exceptions.CJCommunicationsException: Communications link failure

The last packet sent successfully to the server was 0 milliseconds ago. The driver has not received any packets from the server.
	at sun.reflect.NativeConstructorAccessorImpl.newInstance0(Native Method)
	at sun.reflect.NativeConstructorAccessorImpl.newInstance(NativeConstructorAccessorImpl.java:62)
	at sun.reflect.DelegatingConstructorAccessorImpl.newInstance(DelegatingConstructorAccessorImpl.java:45)
	at java.lang.reflect.Constructor.newInstance(Constructor.java:423)
	at com.mysql.cj.exceptions.ExceptionFactory.createException(ExceptionFactory.java:62)
	at com.mysql.cj.exceptions.ExceptionFactory.createException(ExceptionFactory.java:105)
	at com.mysql.cj.exceptions.ExceptionFactory.createException(ExceptionFactory.java:150)
	at com.mysql.cj.exceptions.ExceptionFactory.createCommunicationsException(ExceptionFactory.java:166)
	at com.mysql.cj.protocol.a.NativeSocketConnection.connect(NativeSocketConnection.java:89)
	at com.mysql.cj.NativeSession.connect(NativeSession.java:121)
	at com.mysql.cj.jdbc.ConnectionImpl.connectOneTryOnly(ConnectionImpl.java:945)
	at com.mysql.cj.jdbc.ConnectionImpl.createNewIO(ConnectionImpl.java:815)
	... 22 more
Caused by: java.net.ConnectException: Connection refused (Connection refused)
	at java.net.PlainSocketImpl.socketConnect(Native Method)
	at java.net.AbstractPlainSocketImpl.doConnect(AbstractPlainSocketImpl.java:350)
	at java.net.AbstractPlainSocketImpl.connectToAddress(AbstractPlainSocketImpl.java:206)
	at java.net.AbstractPlainSocketImpl.connect(AbstractPlainSocketImpl.java:188)
	at java.net.SocksSocketImpl.connect(SocksSocketImpl.java:392)
	at java.net.Socket.connect(Socket.java:607)
	at com.mysql.cj.protocol.StandardSocketFactory.connect(StandardSocketFactory.java:153)
	at com.mysql.cj.protocol.a.NativeSocketConnection.connect(NativeSocketConnection.java:63)
	... 25 more
[2026-10-03 04:02:08.407][WARN ] [Deploy         :298] - execute db_p.select_one_value select count(*) from oceanbase.__all_virtual_server_stat where role = 'STANDBY' and pending_role = 'INVALID' and switchover_status = 'NORMAL' result => null
[2026-10-03 04:02:08.407][WARN ] [OBI            :5348] - expect => 1, actual => null, left timeout => 57, totaltime => 60, file => 89/176, file_percent => 50
[2026-10-03 04:02:09.407][INFO ] [Deploy         :287] - execute db_p.select_one_value select count(*) from oceanbase.__all_virtual_server_stat where role = 'STANDBY' and pending_role = 'INVALID' and switchover_status = 'NORMAL'
[2026-10-03 04:02:09.408][INFO ] [SQLProcessor   :2086] - execute sql => select count(*) from oceanbase.__all_virtual_server_stat where role = 'STANDBY' and pending_role = 'INVALID' and switchover_status = 'NORMAL'
[2026-10-03 04:02:09.450][INFO ] [Deploy         :294] - execute db_p.select_one_value select count(*) from oceanbase.__all_virtual_server_stat where role = 'STANDBY' and pending_role = 'INVALID' and switchover_status = 'NORMAL' result => 1
[2026-10-03 04:02:09.451][INFO ] [OBI            :5345] - check success! use time = 4
[2026-10-03 04:02:09.451][INFO ] [Deploy         :294] - execute db_p.check_until_timeout select count(*) from oceanbase.__all_virtual_server_stat where role = 'STANDBY' and pending_role = 'INVALID' and switchover_status = 'NORMAL', 1, 60 result => true
[2026-10-03 04:02:09.451][INFO ] [Command        :353] - start[1790971325390] time[4060] tag[Q_DEPLOY]
[2026-10-03 04:02:09.451][INFO ] [Command        :536] - > LINE => 91, CMD => Q_ECHO, CONTENT => Case 1 completed: Primary cluster successfully switched to standby
[2026-10-03 04:02:09.452][INFO ] [Command        :353] - start[1790971329451] time[0] tag[Q_ECHO]
[2026-10-03 04:02:09.452][INFO ] [Command        :536] - > LINE => 96, CMD => Q_ECHO, CONTENT => ========== Case 2: Standby Cluster Switchover to Primary ==========
[2026-10-03 04:02:09.452][INFO ] [Command        :353] - start[1790971329452] time[0] tag[Q_ECHO]
[2026-10-03 04:02:09.452][INFO ] [Command        :536] - > LINE => 100, CMD => Q_CONNECTION, CONTENT => connection conn_sys_s
[2026-10-03 04:02:09.452][INFO ] [SQLProcessor   :1128] - use connection => conn_sys_s hashcode => 319644606
[2026-10-03 04:02:09.454][INFO ] [SQLProcessor   :1158] - connection => conn_sys_s is mysql mode. conn=com.mysql.cj.jdbc.ConnectionImpl@130d63be
[2026-10-03 04:02:09.454][INFO ] [Command        :353] - start[1790971329452] time[1] tag[Q_CONNECTION]
[2026-10-03 04:02:09.454][INFO ] [Command        :536] - > LINE => 103, CMD => Q_QUERY, CONTENT => ALTER SYSTEM SWITCHOVER TO PRIMARY VERIFY;
[2026-10-03 04:02:09.458][INFO ] [Command        :353] - start[1790971329454] time[3] tag[Q_QUERY]
[2026-10-03 04:02:09.459][INFO ] [Command        :536] - > LINE => 106, CMD => Q_DEPLOY, CONTENT => db_s.check_until_timeout select count(*) from oceanbase.__all_virtual_server_stat where role = 'PRIMARY' and pending_role = 'INVALID' and switchover_status = 'NORMAL', 1, 60;
[2026-10-03 04:02:09.459][INFO ] [DeployProcessor:93] - deploy => db_s.check_until_timeout select count(*) from oceanbase.__all_virtual_server_stat where role = 'PRIMARY' and pending_role = 'INVALID' and switchover_status = 'NORMAL', 1, 60
[2026-10-03 04:02:09.459][INFO ] [Deploy         :287] - execute db_s.check_until_timeout select count(*) from oceanbase.__all_virtual_server_stat where role = 'PRIMARY' and pending_role = 'INVALID' and switchover_status = 'NORMAL', 1, 60
[2026-10-03 04:02:09.459][INFO ] [Deploy         :287] - execute db_s.select_one_value select count(*) from oceanbase.__all_virtual_server_stat where role = 'PRIMARY' and pending_role = 'INVALID' and switchover_status = 'NORMAL'
[2026-10-03 04:02:09.460][INFO ] [SQLProcessor   :2086] - execute sql => select count(*) from oceanbase.__all_virtual_server_stat where role = 'PRIMARY' and pending_role = 'INVALID' and switchover_status = 'NORMAL'
[2026-10-03 04:02:09.469][INFO ] [Deploy         :294] - execute db_s.select_one_value select count(*) from oceanbase.__all_virtual_server_stat where role = 'PRIMARY' and pending_role = 'INVALID' and switchover_status = 'NORMAL' result => 1
[2026-10-03 04:02:09.469][INFO ] [OBI            :5345] - check success! use time = 0
[2026-10-03 04:02:09.469][INFO ] [Deploy         :294] - execute db_s.check_until_timeout select count(*) from oceanbase.__all_virtual_server_stat where role = 'PRIMARY' and pending_role = 'INVALID' and switchover_status = 'NORMAL', 1, 60 result => true
[2026-10-03 04:02:09.469][INFO ] [Command        :353] - start[1790971329459] time[10] tag[Q_DEPLOY]
[2026-10-03 04:02:09.470][INFO ] [Command        :536] - > LINE => 107, CMD => Q_DEPLOY, CONTENT => db_s.mysql_p select role, pending_role, switchover_status from oceanbase.__all_virtual_server_stat;
[2026-10-03 04:02:09.470][INFO ] [DeployProcessor:93] - deploy => db_s.mysql_p select role, pending_role, switchover_status from oceanbase.__all_virtual_server_stat
[2026-10-03 04:02:09.471][INFO ] [Deploy         :287] - execute db_s.mysql_p select role, pending_role, switchover_status from oceanbase.__all_virtual_server_stat
[2026-10-03 04:02:09.471][INFO ] [Deploy         :287] - execute db_s.z1.obs0.mysql_p select role, pending_role, switchover_status from oceanbase.__all_virtual_server_stat
[2026-10-03 04:02:09.471][INFO ] [Role           :3304] - sql =>select role, pending_role, switchover_status from oceanbase.__all_virtual_server_stat
 will be executed with connection[z1.obs0]admin:admin@6.12.232.130:42036
[2026-10-03 04:02:09.493][INFO ] [Deploy         :294] - execute db_s.z1.obs0.mysql_p select role, pending_role, switchover_status from oceanbase.__all_virtual_server_stat result => role	pending_role	switchover_status
PRIMARY	INVALID	NORMAL
[2026-10-03 04:02:09.493][INFO ] [Deploy         :294] - execute db_s.mysql_p select role, pending_role, switchover_status from oceanbase.__all_virtual_server_stat result => role	pending_role	switchover_status
PRIMARY	INVALID	NORMAL
[2026-10-03 04:02:09.493][INFO ] [Command        :353] - start[1790971329470] time[23] tag[Q_DEPLOY]
[2026-10-03 04:02:09.494][INFO ] [Command        :536] - > LINE => 111, CMD => Q_QUERY, CONTENT => ALTER SYSTEM SWITCHOVER TO PRIMARY;
[2026-10-03 04:02:09.498][INFO ] [Command        :353] - start[1790971329494] time[4] tag[Q_QUERY]
[2026-10-03 04:02:09.499][INFO ] [Command        :536] - > LINE => 112, CMD => Q_DEPLOY, CONTENT => db_s.check_until_timeout select count(*) from oceanbase.__all_virtual_server_stat where role = 'PRIMARY' and pending_role = 'INVALID' and switchover_status = 'NORMAL', 1, 60;
[2026-10-03 04:02:09.499][INFO ] [DeployProcessor:93] - deploy => db_s.check_until_timeout select count(*) from oceanbase.__all_virtual_server_stat where role = 'PRIMARY' and pending_role = 'INVALID' and switchover_status = 'NORMAL', 1, 60
[2026-10-03 04:02:09.499][INFO ] [Deploy         :287] - execute db_s.check_until_timeout select count(*) from oceanbase.__all_virtual_server_stat where role = 'PRIMARY' and pending_role = 'INVALID' and switchover_status = 'NORMAL', 1, 60
[2026-10-03 04:02:09.499][INFO ] [Deploy         :287] - execute db_s.select_one_value select count(*) from oceanbase.__all_virtual_server_stat where role = 'PRIMARY' and pending_role = 'INVALID' and switchover_status = 'NORMAL'
[2026-10-03 04:02:09.500][INFO ] [SQLProcessor   :2086] - execute sql => select count(*) from oceanbase.__all_virtual_server_stat where role = 'PRIMARY' and pending_role = 'INVALID' and switchover_status = 'NORMAL'
[2026-10-03 04:02:09.509][INFO ] [Deploy         :294] - execute db_s.select_one_value select count(*) from oceanbase.__all_virtual_server_stat where role = 'PRIMARY' and pending_role = 'INVALID' and switchover_status = 'NORMAL' result => 1
[2026-10-03 04:02:09.509][INFO ] [OBI            :5345] - check success! use time = 0
[2026-10-03 04:02:09.509][INFO ] [Deploy         :294] - execute db_s.check_until_timeout select count(*) from oceanbase.__all_virtual_server_stat where role = 'PRIMARY' and pending_role = 'INVALID' and switchover_status = 'NORMAL', 1, 60 result => true
[2026-10-03 04:02:09.509][INFO ] [Command        :353] - start[1790971329499] time[10] tag[Q_DEPLOY]
[2026-10-03 04:02:09.510][INFO ] [Command        :536] - > LINE => 113, CMD => Q_DEPLOY, CONTENT => db_s.mysql_p select role, pending_role, switchover_status from oceanbase.__all_virtual_server_stat;
[2026-10-03 04:02:09.510][INFO ] [DeployProcessor:93] - deploy => db_s.mysql_p select role, pending_role, switchover_status from oceanbase.__all_virtual_server_stat
[2026-10-03 04:02:09.510][INFO ] [Deploy         :287] - execute db_s.mysql_p select role, pending_role, switchover_status from oceanbase.__all_virtual_server_stat
[2026-10-03 04:02:09.510][INFO ] [Deploy         :287] - execute db_s.z1.obs0.mysql_p select role, pending_role, switchover_status from oceanbase.__all_virtual_server_stat
[2026-10-03 04:02:09.511][INFO ] [Role           :3304] - sql =>select role, pending_role, switchover_status from oceanbase.__all_virtual_server_stat
 will be executed with connection[z1.obs0]admin:admin@6.12.232.130:42036
[2026-10-03 04:02:09.530][INFO ] [Deploy         :294] - execute db_s.z1.obs0.mysql_p select role, pending_role, switchover_status from oceanbase.__all_virtual_server_stat result => role	pending_role	switchover_status
PRIMARY	INVALID	NORMAL
[2026-10-03 04:02:09.531][INFO ] [Deploy         :294] - execute db_s.mysql_p select role, pending_role, switchover_status from oceanbase.__all_virtual_server_stat result => role	pending_role	switchover_status
PRIMARY	INVALID	NORMAL
[2026-10-03 04:02:09.531][INFO ] [Command        :353] - start[1790971329510] time[20] tag[Q_DEPLOY]
[2026-10-03 04:02:09.531][INFO ] [Command        :536] - > LINE => 117, CMD => Q_QUERY, CONTENT => create table if not exists test_table_new_primary(a int primary key, b int);
[2026-10-03 04:02:09.622][INFO ] [Command        :353] - start[1790971329532] time[90] tag[Q_QUERY]
[2026-10-03 04:02:09.623][INFO ] [Command        :536] - > LINE => 118, CMD => Q_QUERY, CONTENT => insert into test_table_new_primary values(1, 1);
[2026-10-03 04:02:09.629][INFO ] [Command        :353] - start[1790971329623] time[5] tag[Q_QUERY]
[2026-10-03 04:02:09.629][INFO ] [Command        :536] - > LINE => 120, CMD => Q_ECHO, CONTENT => Case 2 completed: Standby cluster successfully switched to primary
[2026-10-03 04:02:09.630][INFO ] [Command        :353] - start[1790971329629] time[0] tag[Q_ECHO]
[2026-10-03 04:02:09.630][INFO ] [Command        :536] - > LINE => 125, CMD => Q_ECHO, CONTENT => ========== Case 3: Standby Cluster Failover to Primary ==========
[2026-10-03 04:02:09.630][INFO ] [Command        :353] - start[1790971329630] time[0] tag[Q_ECHO]
[2026-10-03 04:02:09.631][INFO ] [Command        :536] - > LINE => 130, CMD => Q_SLEEP, CONTENT => 5
[2026-10-03 04:02:14.631][INFO ] [Command        :353] - start[1790971329631] time[5000] tag[Q_SLEEP]
[2026-10-03 04:02:14.633][INFO ] [Command        :536] - > LINE => 133, CMD => Q_DEPLOY, CONTENT => db_p.check_until_timeout select count(*) from oceanbase.__all_virtual_server_stat where role = 'STANDBY', 1, 30;
[2026-10-03 04:02:14.634][INFO ] [DeployProcessor:93] - deploy => db_p.check_until_timeout select count(*) from oceanbase.__all_virtual_server_stat where role = 'STANDBY', 1, 30
[2026-10-03 04:02:14.634][INFO ] [Deploy         :287] - execute db_p.check_until_timeout select count(*) from oceanbase.__all_virtual_server_stat where role = 'STANDBY', 1, 30
[2026-10-03 04:02:14.634][INFO ] [Deploy         :287] - execute db_p.select_one_value select count(*) from oceanbase.__all_virtual_server_stat where role = 'STANDBY'
[2026-10-03 04:02:14.634][INFO ] [SQLProcessor   :2086] - execute sql => select count(*) from oceanbase.__all_virtual_server_stat where role = 'STANDBY'
[2026-10-03 04:02:14.647][INFO ] [Deploy         :294] - execute db_p.select_one_value select count(*) from oceanbase.__all_virtual_server_stat where role = 'STANDBY' result => 1
[2026-10-03 04:02:14.648][INFO ] [OBI            :5345] - check success! use time = 0
[2026-10-03 04:02:14.648][INFO ] [Deploy         :294] - execute db_p.check_until_timeout select count(*) from oceanbase.__all_virtual_server_stat where role = 'STANDBY', 1, 30 result => true
[2026-10-03 04:02:14.648][INFO ] [Command        :353] - start[1790971334633] time[14] tag[Q_DEPLOY]
[2026-10-03 04:02:14.648][INFO ] [Command        :536] - > LINE => 134, CMD => Q_DEPLOY, CONTENT => db_p.mysql_p select role from oceanbase.__all_virtual_server_stat;
[2026-10-03 04:02:14.649][INFO ] [DeployProcessor:93] - deploy => db_p.mysql_p select role from oceanbase.__all_virtual_server_stat
[2026-10-03 04:02:14.649][INFO ] [Deploy         :287] - execute db_p.mysql_p select role from oceanbase.__all_virtual_server_stat
[2026-10-03 04:02:14.649][INFO ] [Deploy         :287] - execute db_p.z1.obs0.mysql_p select role from oceanbase.__all_virtual_server_stat
[2026-10-03 04:02:14.649][INFO ] [Role           :3304] - sql =>select role from oceanbase.__all_virtual_server_stat
 will be executed with connection[z1.obs0]admin:admin@6.12.232.130:42035
[2026-10-03 04:02:14.672][INFO ] [Deploy         :294] - execute db_p.z1.obs0.mysql_p select role from oceanbase.__all_virtual_server_stat result => role
STANDBY
[2026-10-03 04:02:14.672][INFO ] [Deploy         :294] - execute db_p.mysql_p select role from oceanbase.__all_virtual_server_stat result => role
STANDBY
[2026-10-03 04:02:14.672][INFO ] [Command        :353] - start[1790971334649] time[23] tag[Q_DEPLOY]
[2026-10-03 04:02:14.672][INFO ] [Command        :536] - > LINE => 140, CMD => Q_CONNECT, CONTENT => ob_connect(conn_sys_p, db_p.z1.obs0, root@sys, , oceanbase, , USE_MYSQL_CONNECTOR)
[2026-10-03 04:02:14.673][INFO ] [SQLProcessor   :1505] - conn_sys_p create a physical connection  using jdbc:mysql://6.12.232.130:42035/oceanbase?useAffectedRows=true&emulateUnsupportedPstmts=false&characterEncoding=utf8&useServerPrepStmts=true&prepStmtCacheSqlLimit=1000&enableQueryTimeouts=false&useLocalSessionState=false&useLocalTransactionState=false&rewriteBatchedStatements=true&allowMultiQueries=true&socketTimeout=1800000 user/pwd is root@sys/
[2026-10-03 04:02:14.690][INFO ] [SQLProcessor   :1519] - connection => conn_sys_p is mysql mode.
[2026-10-03 04:02:14.690][INFO ] [SQLProcessor   :1522] - put conn: dataid=conn_sys_p currentConn=com.mysql.cj.jdbc.ConnectionImpl@3c0be339 hashcode => 1007412025
[2026-10-03 04:02:14.690][INFO ] [Command        :353] - start[1790971334672] time[17] tag[Q_CONNECT]
[2026-10-03 04:02:14.690][INFO ] [Command        :536] - > LINE => 141, CMD => Q_CONNECTION, CONTENT => connection conn_sys_p
[2026-10-03 04:02:14.691][INFO ] [SQLProcessor   :1128] - use connection => conn_sys_p hashcode => 1007412025
[2026-10-03 04:02:14.692][INFO ] [SQLProcessor   :1158] - connection => conn_sys_p is mysql mode. conn=com.mysql.cj.jdbc.ConnectionImpl@3c0be339
[2026-10-03 04:02:14.692][INFO ] [Command        :353] - start[1790971334691] time[1] tag[Q_CONNECTION]
[2026-10-03 04:02:14.692][INFO ] [Command        :536] - > LINE => 143, CMD => Q_QUERY, CONTENT => create table test_table_standby_failover(a int);
[2026-10-03 04:02:14.693][INFO ] [SQLProcessor   :565] - error code =>  4688
[2026-10-03 04:02:14.694][INFO ] [SQLProcessor   :566] - sqlstate => HY000
[2026-10-03 04:02:14.694][INFO ] [SQLProcessor   :567] - err_msg => standby tenant is read only
[2026-10-03 04:02:14.694][ERROR] [Result         :119] - set code
com.etao.mytest.exception.ExecuteErrorException: set code 4688
	at com.etao.mytest.command.Result.setCode(Result.java:118)
	at com.etao.mytest.command.Result.setSQLException(Result.java:219)
	at com.etao.mytest.processor.SQLProcessor.staticQuery(SQLProcessor.java:575)
	at com.etao.mytest.processor.SQLProcessor.process(SQLProcessor.java:1951)
	at com.etao.mytest.command.Command.execute(Command.java:706)
	at com.etao.mytest.main.TestCase.run(TestCase.java:779)
	at com.etao.mytest.main.MyTest.main(MyTest.java:129)
[2026-10-03 04:02:14.694][ERROR] [SQLProcessor   :576] - execute create table test_table_standby_failover(a int) failed
java.sql.SQLException: standby tenant is read only
	at com.mysql.cj.jdbc.exceptions.SQLError.createSQLException(SQLError.java:130)
	at com.mysql.cj.jdbc.exceptions.SQLExceptionsMapping.translateException(SQLExceptionsMapping.java:122)
	at com.mysql.cj.jdbc.StatementImpl.executeInternal(StatementImpl.java:763)
	at com.mysql.cj.jdbc.StatementImpl.execute(StatementImpl.java:648)
	at com.etao.mytest.processor.SQLProcessor.staticQuery(SQLProcessor.java:550)
	at com.etao.mytest.processor.SQLProcessor.process(SQLProcessor.java:1951)
	at com.etao.mytest.command.Command.execute(Command.java:706)
	at com.etao.mytest.main.TestCase.run(TestCase.java:779)
	at com.etao.mytest.main.MyTest.main(MyTest.java:129)
[2026-10-03 04:02:14.694][INFO ] [Command        :353] - start[1790971334692] time[1] tag[Q_QUERY]
[2026-10-03 04:02:14.694][INFO ] [Command        :536] - > LINE => 145, CMD => Q_QUERY, CONTENT => insert into test_table_primary values(3, 3);
[2026-10-03 04:02:14.695][INFO ] [SQLProcessor   :565] - error code =>  4688
[2026-10-03 04:02:14.695][INFO ] [SQLProcessor   :566] - sqlstate => HY000
[2026-10-03 04:02:14.696][INFO ] [SQLProcessor   :567] - err_msg => standby tenant is read only
[2026-10-03 04:02:14.696][ERROR] [Result         :119] - set code
com.etao.mytest.exception.ExecuteErrorException: set code 4688
	at com.etao.mytest.command.Result.setCode(Result.java:118)
	at com.etao.mytest.command.Result.setSQLException(Result.java:219)
	at com.etao.mytest.processor.SQLProcessor.staticQuery(SQLProcessor.java:575)
	at com.etao.mytest.processor.SQLProcessor.process(SQLProcessor.java:1951)
	at com.etao.mytest.command.Command.execute(Command.java:706)
	at com.etao.mytest.main.TestCase.run(TestCase.java:779)
	at com.etao.mytest.main.MyTest.main(MyTest.java:129)
[2026-10-03 04:02:14.696][ERROR] [SQLProcessor   :576] - execute insert into test_table_primary values(3, 3) failed
java.sql.SQLException: standby tenant is read only
	at com.mysql.cj.jdbc.exceptions.SQLError.createSQLException(SQLError.java:130)
	at com.mysql.cj.jdbc.exceptions.SQLExceptionsMapping.translateException(SQLExceptionsMapping.java:122)
	at com.mysql.cj.jdbc.StatementImpl.executeInternal(StatementImpl.java:763)
	at com.mysql.cj.jdbc.StatementImpl.execute(StatementImpl.java:648)
	at com.etao.mytest.processor.SQLProcessor.staticQuery(SQLProcessor.java:550)
	at com.etao.mytest.processor.SQLProcessor.process(SQLProcessor.java:1951)
	at com.etao.mytest.command.Command.execute(Command.java:706)
	at com.etao.mytest.main.TestCase.run(TestCase.java:779)
	at com.etao.mytest.main.MyTest.main(MyTest.java:129)
[2026-10-03 04:02:14.696][INFO ] [Command        :353] - start[1790971334695] time[1] tag[Q_QUERY]
[2026-10-03 04:02:14.696][INFO ] [Command        :536] - > LINE => 148, CMD => Q_QUERY, CONTENT => ALTER SYSTEM ACTIVATE STANDBY VERIFY;
[2026-10-03 04:02:14.701][INFO ] [Command        :353] - start[1790971334696] time[4] tag[Q_QUERY]
[2026-10-03 04:02:14.702][INFO ] [Command        :536] - > LINE => 151, CMD => Q_DEPLOY, CONTENT => db_p.mysql_p select role from oceanbase.__all_virtual_server_stat;
[2026-10-03 04:02:14.702][INFO ] [DeployProcessor:93] - deploy => db_p.mysql_p select role from oceanbase.__all_virtual_server_stat
[2026-10-03 04:02:14.702][INFO ] [Deploy         :287] - execute db_p.mysql_p select role from oceanbase.__all_virtual_server_stat
[2026-10-03 04:02:14.702][INFO ] [Deploy         :287] - execute db_p.z1.obs0.mysql_p select role from oceanbase.__all_virtual_server_stat
[2026-10-03 04:02:14.702][INFO ] [Role           :3304] - sql =>select role from oceanbase.__all_virtual_server_stat
 will be executed with connection[z1.obs0]admin:admin@6.12.232.130:42035
[2026-10-03 04:02:14.724][INFO ] [Deploy         :294] - execute db_p.z1.obs0.mysql_p select role from oceanbase.__all_virtual_server_stat result => role
STANDBY
[2026-10-03 04:02:14.725][INFO ] [Deploy         :294] - execute db_p.mysql_p select role from oceanbase.__all_virtual_server_stat result => role
STANDBY
[2026-10-03 04:02:14.725][INFO ] [Command        :353] - start[1790971334702] time[22] tag[Q_DEPLOY]
[2026-10-03 04:02:14.725][INFO ] [Command        :536] - > LINE => 155, CMD => Q_DEPLOY, CONTENT => db_s.force_stop;
[2026-10-03 04:02:14.725][INFO ] [DeployProcessor:93] - deploy => db_s.force_stop
[2026-10-03 04:02:14.726][INFO ] [Deploy         :287] - execute db_s.z1.obs0.force_stop 
[2026-10-03 04:02:14.727][INFO ] [Role           :1307] - pkill -9 -u nijia.nj -f '^/data/1/nijia.nj/test/namespace_standby_20261003_v1/work/db_s.z1.obs0/bin/observer|^/data/1/nijia.nj/test/namespace_standby_20261003_v1/work/db_s.z1.obs0/bin/obesi' on 6.12.232.130
[2026-10-03 04:02:14.743][INFO ] [Role           :1309] - pkill result is => 0
[2026-10-03 04:02:14.744][INFO ] [Role           :1142] - wait stop /data/1/nijia.nj/test/namespace_standby_20261003_v1/work/db_s.z1.obs0/bin/observer on 6.12.232.130
[2026-10-03 04:02:14.744][INFO ] [Role           :1190] - ps uxf | grep "/data/1/nijia.nj/test/namespace_standby_20261003_v1/work/db_s.z1.obs0/bin/observer" | grep -v grep
[2026-10-03 04:02:14.779][INFO ] [Role           :1154] - check port on 6.12.232.130
[2026-10-03 04:02:14.780][INFO ] [RemoteShell    :143] - netstat -lpnt 2>/dev/null | grep '0.0.0.0:42001 ' | awk -F ' ' '{print $7}'
[2026-10-03 04:02:14.817][INFO ] [RemoteShell    :143] - netstat -lpnt 2>/dev/null | grep '0.0.0.0:42036 ' | awk -F ' ' '{print $7}'
[2026-10-03 04:02:14.846][INFO ] [Role           :1164] - stop obs0 took 2 s
[2026-10-03 04:02:14.847][INFO ] [Deploy         :294] - execute db_s.z1.obs0.force_stop  result => true
[2026-10-03 04:02:14.847][INFO ] [Deploy         :362] - execute db_s.z1.force_stop  result => true [true]
[2026-10-03 04:02:14.848][INFO ] [Deploy         :362] - execute db_s.force_stop result => true [true]
[2026-10-03 04:02:14.848][INFO ] [Command        :353] - start[1790971334725] time[122] tag[Q_DEPLOY]
[2026-10-03 04:02:14.848][INFO ] [Command        :536] - > LINE => 156, CMD => Q_QUERY, CONTENT => ALTER SYSTEM ACTIVATE STANDBY;
[2026-10-03 04:02:14.860][INFO ] [Command        :353] - start[1790971334848] time[11] tag[Q_QUERY]
[2026-10-03 04:02:14.861][INFO ] [Command        :536] - > LINE => 159, CMD => Q_DEPLOY, CONTENT => db_p.check_until_timeout select count(*) from oceanbase.__all_virtual_server_stat where role = 'PRIMARY' and pending_role = 'INVALID' and switchover_status = 'NORMAL', 1, 60;
[2026-10-03 04:02:14.861][INFO ] [DeployProcessor:93] - deploy => db_p.check_until_timeout select count(*) from oceanbase.__all_virtual_server_stat where role = 'PRIMARY' and pending_role = 'INVALID' and switchover_status = 'NORMAL', 1, 60
[2026-10-03 04:02:14.862][INFO ] [Deploy         :287] - execute db_p.check_until_timeout select count(*) from oceanbase.__all_virtual_server_stat where role = 'PRIMARY' and pending_role = 'INVALID' and switchover_status = 'NORMAL', 1, 60
[2026-10-03 04:02:14.862][INFO ] [Deploy         :287] - execute db_p.select_one_value select count(*) from oceanbase.__all_virtual_server_stat where role = 'PRIMARY' and pending_role = 'INVALID' and switchover_status = 'NORMAL'
[2026-10-03 04:02:14.862][INFO ] [SQLProcessor   :2086] - execute sql => select count(*) from oceanbase.__all_virtual_server_stat where role = 'PRIMARY' and pending_role = 'INVALID' and switchover_status = 'NORMAL'
[2026-10-03 04:02:14.871][INFO ] [Deploy         :294] - execute db_p.select_one_value select count(*) from oceanbase.__all_virtual_server_stat where role = 'PRIMARY' and pending_role = 'INVALID' and switchover_status = 'NORMAL' result => 1
[2026-10-03 04:02:14.872][INFO ] [OBI            :5345] - check success! use time = 0
[2026-10-03 04:02:14.872][INFO ] [Deploy         :294] - execute db_p.check_until_timeout select count(*) from oceanbase.__all_virtual_server_stat where role = 'PRIMARY' and pending_role = 'INVALID' and switchover_status = 'NORMAL', 1, 60 result => true
[2026-10-03 04:02:14.872][INFO ] [Command        :353] - start[1790971334861] time[10] tag[Q_DEPLOY]
[2026-10-03 04:02:14.872][INFO ] [Command        :536] - > LINE => 162, CMD => Q_QUERY, CONTENT => create table if not exists test_table_failover_primary(a int primary key, b int);
[2026-10-03 04:02:14.989][INFO ] [Command        :353] - start[1790971334872] time[116] tag[Q_QUERY]
[2026-10-03 04:02:14.990][INFO ] [Command        :536] - > LINE => 163, CMD => Q_QUERY, CONTENT => insert into test_table_failover_primary values(1, 1);
[2026-10-03 04:02:14.998][INFO ] [Command        :353] - start[1790971334990] time[8] tag[Q_QUERY]
[2026-10-03 04:02:14.998][INFO ] [Command        :536] - > LINE => 167, CMD => Q_ECHO, CONTENT => Case 3 completed: Standby cluster successfully failed over to primary
[2026-10-03 04:02:14.999][INFO ] [Command        :353] - start[1790971334998] time[0] tag[Q_ECHO]
[2026-10-03 04:02:14.999][INFO ] [Command        :536] - > LINE => 172, CMD => Q_ECHO, CONTENT => ========== Test Summary ==========
[2026-10-03 04:02:14.999][INFO ] [Command        :353] - start[1790971334999] time[0] tag[Q_ECHO]
[2026-10-03 04:02:14.999][INFO ] [Command        :536] - > LINE => 173, CMD => Q_ECHO, CONTENT => All test cases completed successfully:
[2026-10-03 04:02:14.999][INFO ] [Command        :353] - start[1790971334999] time[0] tag[Q_ECHO]
[2026-10-03 04:02:15.00][INFO ] [Command        :536] - > LINE => 174, CMD => Q_ECHO, CONTENT => 1. Primary cluster switchover to standby (with verify): PASSED
[2026-10-03 04:02:15.00][INFO ] [Command        :353] - start[1790971335000] time[0] tag[Q_ECHO]
[2026-10-03 04:02:15.00][INFO ] [Command        :536] - > LINE => 175, CMD => Q_ECHO, CONTENT => 2. Standby cluster switchover to primary (with verify): PASSED
[2026-10-03 04:02:15.00][INFO ] [Command        :353] - start[1790971335000] time[0] tag[Q_ECHO]
[2026-10-03 04:02:15.01][INFO ] [Command        :536] - > LINE => 176, CMD => Q_ECHO, CONTENT => 3. Standby cluster failover to primary (with verify): PASSED
[2026-10-03 04:02:15.01][INFO ] [Command        :353] - start[1790971335001] time[0] tag[Q_ECHO]
[2026-10-03 04:02:15.07][INFO ] [TestCase       :832] - test success
[2026-10-03 04:02:15.07][INFO ] [MyTest         :151] - cost ts 85s exitcode 0
Shutdown hook ran!
