Run case stanby/one_primary_multi_standby
[2026-10-03 04:06:25.901][INFO ] [MyTest         :78] - print args => [-use_ob_connector, true, -result_file, r/stanby/one_primary_multi_standby.result, -test_file, t/stanby/one_primary_multi_standby.test]
[-use_ob_connector, true, -result_file, r/stanby/one_primary_multi_standby.result, -test_file, t/stanby/one_primary_multi_standby.test]
[2026-10-03 04:06:25.903][INFO ] [MyTest         :81] - start case => t/stanby/one_primary_multi_standby.test
[2026-10-03 04:06:25.908][INFO ] [MyTest         :84] - use data id => obtest_nijia.nj_6.12.232.130
[2026-10-03 04:06:25.973][INFO ] [TestCase       :107] - initilize deploy processor
[2026-10-03 04:06:25.981][INFO ] [DeployConfig   :590] - config port and dataid. port_base=>1124, obs_port=>1124, mysql_port=>1159, data_id=>obtest_nijia.nj_6.12.232.130_0, port_offset=>0
[2026-10-03 04:06:26.24][INFO ] [DeployConfig   :577] - config port and dataid. port_base=>42000, obs_port=>42000, mysql_port=>42035, data_id=>obtest_nijia.nj_6.12.232.130_042000
[2026-10-03 04:06:26.28][INFO ] [OfsProcessor   :53] - ofs_deployer: null/hap.py
[2026-10-03 04:06:26.29][INFO ] [OfsCreateTenantProcessor:32] - ofsshell: null/../../bin/ofsshell
[2026-10-03 04:06:26.30][INFO ] [TestCase       :761] - Read file => t/stanby/one_primary_multi_standby.test
[2026-10-03 04:06:26.32][INFO ] [TestCase       :721] - Finish read case: file_lines => 433, lineNo => 207
[2026-10-03 04:06:26.44][INFO ] [Command        :536] - > LINE => 26, CMD => Q_DEPLOY, CONTENT => db_p=OBI(cluster=1,proxy_num=0,role=primary);
[2026-10-03 04:06:26.48][INFO ] [DeployProcessor:78] - OBI define => db_p=OBI(cluster=1,proxy_num=0,role=primary)
[2026-10-03 04:06:26.71][INFO ] [Deploy         :381] - execute db_p.z_num result => 1 result type => java.lang.Integer
[2026-10-03 04:06:26.162][INFO ] [Deploy         :464] - assign rpc port. observer=>db_p.z1.obs0, rpc_port=>42000
[2026-10-03 04:06:26.163][INFO ] [Deploy         :471] - assign mysql port. observer=>db_p.z1.obs0, mysql_port=>42035
[2026-10-03 04:06:26.163][INFO ] [Deploy         :478] - assign backup io rpc port. observer=>db_p.z1.obs0, obesi_port=>42070
[2026-10-03 04:06:26.169][INFO ] [OBLog          :99] - config.ob_version='.'
[2026-10-03 04:06:26.170][INFO ] [OBLog          :100] - config.oblog_version='default'
[2026-10-03 04:06:26.170][INFO ] [OBLog          :117] - set oblog version='.'
[2026-10-03 04:06:26.170][INFO ] [OBLog          :126] - set oblog work_dir=''
[2026-10-03 04:06:26.170][INFO ] [OBLog          :148] - oblog.is_obcdc_exist: false
[2026-10-03 04:06:26.171][INFO ] [OBLog          :149] - oblog.exec: oblog/oblog_tailf
[2026-10-03 04:06:26.171][INFO ] [OBLog          :150] - oblog.configFile: oblog/liboblog.conf
[2026-10-03 04:06:26.171][INFO ] [OBLog          :151] - oblog.dataFile: oblog/data.log
[2026-10-03 04:06:26.171][INFO ] [OBLog          :152] - oblog.envCon: LD_LIBRARY_PATH=oblog:$LD_LIBRARY_PATH
[2026-10-03 04:06:26.172][INFO ] [OBLog          :153] - oblog.startCmdHead: ulimit -c unlimited; LD_LIBRARY_PATH=oblog:$LD_LIBRARY_PATH oblog/oblog_tailf
[2026-10-03 04:06:26.172][INFO ] [OBLog          :154] - oblog.defaultStartCmd: ulimit -c unlimited; LD_LIBRARY_PATH=oblog:$LD_LIBRARY_PATH oblog/oblog_tailf  -f oblog/liboblog.conf -D oblog/data.log -H oblog/heartbeat.log -d
[2026-10-03 04:06:26.468][INFO ] [Deploy         :1128] - start observer version is lite mode: true
[2026-10-03 04:06:26.468][INFO ] [Command        :353] - start[1790971586045] time[423] tag[Q_DEPLOY]
[2026-10-03 04:06:26.471][INFO ] [Command        :536] - > LINE => 27, CMD => Q_DEPLOY, CONTENT => db_p.reboot;
[2026-10-03 04:06:26.472][INFO ] [DeployProcessor:93] - deploy => db_p.reboot
[2026-10-03 04:06:26.472][INFO ] [Deploy         :287] - execute db_p.reset
[2026-10-03 04:06:26.472][INFO ] [Deploy         :381] - execute db_p.lite_mode result => true result type => java.lang.Boolean
[2026-10-03 04:06:26.473][INFO ] [Deploy         :294] - execute db_p.reset result => true
[2026-10-03 04:06:26.473][INFO ] [Deploy         :287] - execute db_p.clean_asvr
[2026-10-03 04:06:26.473][INFO ] [Deploy         :294] - execute db_p.clean_asvr result => true
[2026-10-03 04:06:26.478][INFO ] [Deploy         :287] - execute db_p.z1.obs0.force_stop_asvr
[2026-10-03 04:06:26.479][INFO ] [Role           :1228] - pkill -9 -u nijia.nj -f '^/data/1/nijia.nj/test/namespace_standby_20261003_v1/work/db_p.asvr0/bin/observer' on 6.12.232.130
[2026-10-03 04:06:26.502][INFO ] [Role           :1230] - pkill asvr result is => 1
[2026-10-03 04:06:26.502][INFO ] [Deploy         :294] - execute db_p.z1.obs0.force_stop_asvr result => true
[2026-10-03 04:06:26.503][INFO ] [Deploy         :287] - execute db_p.z1.obs0.rmdir_asvr
[2026-10-03 04:06:26.503][INFO ] [Role           :1237] - try to remove asvr dir server  => db_p.z1.obs0
[2026-10-03 04:06:26.508][INFO ] [Role           :1264] - rm -fr /data/1/nijia.nj/test/namespace_standby_20261003_v1/work/db_p.asvr0 , on => 6.12.232.130 rc => 0 stdout => null
[2026-10-03 04:06:26.508][INFO ] [Deploy         :294] - execute db_p.z1.obs0.rmdir_asvr result => true
[2026-10-03 04:06:26.508][INFO ] [Deploy         :331] - execute db_p.z1.obs0.clean_asvr  result => true
[2026-10-03 04:06:26.509][INFO ] [Deploy         :362] - execute db_p.z1.clean_asvr  result => true [true]
[2026-10-03 04:06:26.509][INFO ] [Deploy         :362] - execute db_p.clean_asvr_everywhere result => true [true]
[2026-10-03 04:06:26.509][INFO ] [Deploy         :331] - execute db_p.clean_all_asvr result => true
[2026-10-03 04:06:26.510][INFO ] [Deploy         :287] - execute db_p.deploy_logservice
[2026-10-03 04:06:26.510][INFO ] [Deploy         :294] - execute db_p.deploy_logservice result => true
[2026-10-03 04:06:26.510][INFO ] [Deploy         :287] - execute db_p.bootstrap_logservice
[2026-10-03 04:06:26.510][INFO ] [Deploy         :294] - execute db_p.bootstrap_logservice result => true
[2026-10-03 04:06:26.511][INFO ] [Deploy         :331] - execute db_p.reboot_logservice result => true
[2026-10-03 04:06:26.512][INFO ] [Deploy         :287] - execute db_p.z1.check_local_bin
[2026-10-03 04:06:26.517][INFO ] [Deploy         :294] - execute db_p.z1.check_local_bin result => true
[2026-10-03 04:06:26.518][INFO ] [Deploy         :287] - execute db_p.z1.check_ssh
[2026-10-03 04:06:26.518][INFO ] [Deploy         :294] - execute db_p.z1.check_ssh result => true
[2026-10-03 04:06:26.519][INFO ] [Deploy         :287] - execute db_p.z1.obs0.check_dir 
[2026-10-03 04:06:26.528][INFO ] [Deploy         :294] - execute db_p.z1.obs0.check_dir  result => true
[2026-10-03 04:06:26.528][INFO ] [Deploy         :362] - execute db_p.z1.check_dir result => true [true]
[2026-10-03 04:06:26.529][INFO ] [Deploy         :287] - execute db_p.z1.obs0.force_stop 
[2026-10-03 04:06:26.546][INFO ] [Role           :1307] - pkill -9 -u nijia.nj -f '^/data/1/nijia.nj/test/namespace_standby_20261003_v1/work/db_p.z1.obs0/bin/observer|^/data/1/nijia.nj/test/namespace_standby_20261003_v1/work/db_p.z1.obs0/bin/obesi' on 6.12.232.130
[2026-10-03 04:06:26.562][INFO ] [Role           :1309] - pkill result is => 1
[2026-10-03 04:06:26.562][INFO ] [Role           :1142] - wait stop /data/1/nijia.nj/test/namespace_standby_20261003_v1/work/db_p.z1.obs0/bin/observer on 6.12.232.130
[2026-10-03 04:06:26.563][INFO ] [Role           :1190] - ps uxf | grep "/data/1/nijia.nj/test/namespace_standby_20261003_v1/work/db_p.z1.obs0/bin/observer" | grep -v grep
[2026-10-03 04:06:26.595][INFO ] [Role           :1154] - check port on 6.12.232.130
[2026-10-03 04:06:26.595][INFO ] [RemoteShell    :143] - netstat -lpnt 2>/dev/null | grep '0.0.0.0:42000 ' | awk -F ' ' '{print $7}'
[2026-10-03 04:06:26.633][INFO ] [RemoteShell    :143] - netstat -lpnt 2>/dev/null | grep '0.0.0.0:42035 ' | awk -F ' ' '{print $7}'
[2026-10-03 04:06:26.663][INFO ] [Role           :1164] - stop obs0 took 2 s
[2026-10-03 04:06:26.663][INFO ] [Deploy         :294] - execute db_p.z1.obs0.force_stop  result => true
[2026-10-03 04:06:26.663][INFO ] [Deploy         :362] - execute db_p.z1.force_stop result => true [true]
[2026-10-03 04:06:26.664][INFO ] [Deploy         :362] - execute db_p.z1.force_stop_logstore result => true []
[2026-10-03 04:06:26.665][INFO ] [Deploy         :331] - execute db_p.z1.force_stop_all result => true
[2026-10-03 04:06:26.666][INFO ] [Deploy         :287] - execute db_p.z1.obs0.rmdir 
[2026-10-03 04:06:26.667][INFO ] [Deploy         :381] - execute db_p.lite_mode result => true result type => java.lang.Boolean
[2026-10-03 04:06:26.668][INFO ] [Role           :1395] - rm -fr /data/1/nijia.nj/test/namespace_standby_20261003_v1/data/db_p.z1.obs0.nijia.nj/sstable /data/1/nijia.nj/test/namespace_standby_20261003_v1/clog/db_p.z1.obs0.nijia.nj/store /data/1/nijia.nj/test/namespace_standby_20261003_v1/clog/db_p.z1.obs0.nijia.nj/store/slog /data/1/nijia.nj/test/namespace_standby_20261003_v1/data/db_p.z1.obs0.nijia.nj/sort_dir , on => 6.12.232.130
[2026-10-03 04:06:26.675][INFO ] [Role           :1397] - rm -fr /data/1/nijia.nj/test/namespace_standby_20261003_v1/data/db_p.z1.obs0.nijia.nj/sstable /data/1/nijia.nj/test/namespace_standby_20261003_v1/clog/db_p.z1.obs0.nijia.nj/store /data/1/nijia.nj/test/namespace_standby_20261003_v1/clog/db_p.z1.obs0.nijia.nj/store/slog /data/1/nijia.nj/test/namespace_standby_20261003_v1/data/db_p.z1.obs0.nijia.nj/sort_dir , on => 6.12.232.130 rc => 0 stdout => null
[2026-10-03 04:06:26.693][INFO ] [Role           :1402] - rm -fr /data/1/nijia.nj/test/namespace_standby_20261003_v1/work/db_p.z1.obs0/log , on => 6.12.232.130 rc => 0 stdout => null
[2026-10-03 04:06:26.698][INFO ] [Role           :1407] - rm -fr /data/1/nijia.nj/test/namespace_standby_20261003_v1/work/db_p.z1.obs0/admin , on => 6.12.232.130 rc => 0 stdout => null
[2026-10-03 04:06:26.704][INFO ] [Role           :1412] - rm -fr /data/1/nijia.nj/test/namespace_standby_20261003_v1/work/db_p.z1.obs0/wallet , on => 6.12.232.130 rc => 0 stdout => null
[2026-10-03 04:06:26.708][INFO ] [Role           :1417] - rm -fr /data/1/nijia.nj/test/namespace_standby_20261003_v1/work/db_p.z1.obs0/etc/observer.c*nf*.bin* /data/1/nijia.nj/test/namespace_standby_20261003_v1/work/db_p.z1.obs0/etc/seekdb.c*nf*.bin* , on => 6.12.232.130 rc => 0 stdout => null
[2026-10-03 04:06:26.712][INFO ] [Role           :1423] - rm -fr /data/1/nijia.nj/test/namespace_standby_20261003_v1/work/db_p.z1.obs0/etc/observer.data_version.bin* /data/1/nijia.nj/test/namespace_standby_20261003_v1/work/db_p.z1.obs0/etc/seekdb.data_version.bin* , on => 6.12.232.130 rc => 0 stdout => null
[2026-10-03 04:06:26.716][INFO ] [Role           :1429] - rm -fr /data/1/nijia.nj/test/namespace_standby_20261003_v1/work/db_p.z1.obs0/etc2/observer.c*nf*.bin* , on => 6.12.232.130 rc => 0 stdout => null
[2026-10-03 04:06:26.721][INFO ] [Role           :1434] - rm -fr /data/1/nijia.nj/test/namespace_standby_20261003_v1/work/db_p.z1.obs0/etc3/observer.c*nf*.bin* , on => 6.12.232.130 rc => 0 stdout => null
[2026-10-03 04:06:26.725][INFO ] [Role           :1439] - rm -fr /data/1/nijia.nj/test/namespace_standby_20261003_v1/work/db_p.z1.obs0/run/observer.pid /data/1/nijia.nj/test/namespace_standby_20261003_v1/work/db_p.z1.obs0/run/seekdb.pid , on => 6.12.232.130 rc => 0 stdout => null
[2026-10-03 04:06:26.729][INFO ] [Role           :1444] - rm -fr /data/1/nijia.nj/test/namespace_standby_20261003_v1/work/db_p.z1.obs0/store/clog_shm , on => 6.12.232.130 rc => 0 stdout => null
[2026-10-03 04:06:26.734][INFO ] [Role           :1449] - rm -fr /data/1/nijia.nj/test/namespace_standby_20261003_v1/work/db_p.z1.obs0/store/ilog_shm , on => 6.12.232.130 rc => 0 stdout => null
[2026-10-03 04:06:26.738][INFO ] [Role           :1454] - rm -fr /data/1/nijia.nj/test/namespace_standby_20261003_v1/work/db_p.z1.obs0/store/manifest* , on => 6.12.232.130 rc => 0 stdout => null
[2026-10-03 04:06:26.747][INFO ] [Role           :1467] - rm -fr /data/1/nijia.nj/test/namespace_standby_20261003_v1/work/db_p.z1.obs0/core* , on => 6.12.232.130 rc => 0 stdout => null
[2026-10-03 04:06:26.753][INFO ] [Role           :1504] - rm -fr /data/1/nijia.nj/test/namespace_standby_20261003_v1/clog/db_p.z1.obs0.nijia.nj/ /data/1/nijia.nj/test/namespace_standby_20261003_v1/data/db_p.z1.obs0.nijia.nj/ , on => 6.12.232.130 rc => 0 stdout => null
[2026-10-03 04:06:26.989][INFO ] [Role           :1510] - rm -fr /data/1/nijia.nj/test/namespace_standby_20261003_v1/work/db_p.z1.obs0 , on => 6.12.232.130 rc => 0 stdout => null
[2026-10-03 04:06:26.993][INFO ] [Deploy         :294] - execute db_p.z1.obs0.rmdir  result => true
[2026-10-03 04:06:26.994][INFO ] [Deploy         :362] - execute db_p.z1.rmdir result => true [true]
[2026-10-03 04:06:26.994][INFO ] [Deploy         :331] - execute db_p.z1.cleanup result => true
[2026-10-03 04:06:26.995][INFO ] [Deploy         :362] - execute db_p.z1.cleanup_logstore result => true []
[2026-10-03 04:06:26.995][INFO ] [Deploy         :331] - execute db_p.z1.cleanup_all result => true
[2026-10-03 04:06:26.995][INFO ] [Deploy         :287] - execute db_p.z1.genconf
[2026-10-03 04:06:26.996][INFO ] [Deploy         :294] - execute db_p.z1.genconf result => true
[2026-10-03 04:06:26.996][INFO ] [Deploy         :287] - execute db_p.z1.obs0.mkdir 
[2026-10-03 04:06:26.997][INFO ] [Role           :1768] - mkdir -p /data/1/nijia.nj/test/namespace_standby_20261003_v1/work/db_p.z1.obs0/store/;mkdir -p /data/1/nijia.nj/test/namespace_standby_20261003_v1/clog/db_p.z1.obs0.nijia.nj/store/clog /data/1/nijia.nj/test/namespace_standby_20261003_v1/clog/db_p.z1.obs0.nijia.nj/store/ilog /data/1/nijia.nj/test/namespace_standby_20261003_v1/clog/db_p.z1.obs0.nijia.nj/store/slog /data/1/nijia.nj/test/namespace_standby_20261003_v1/data/db_p.z1.obs0.nijia.nj/sort_dir /data/1/nijia.nj/test/namespace_standby_20261003_v1/data/db_p.z1.obs0.nijia.nj/sstable;ln -sf /data/1/nijia.nj/test/namespace_standby_20261003_v1/data/db_p.z1.obs0.nijia.nj/sstable /data/1/nijia.nj/test/namespace_standby_20261003_v1/work/db_p.z1.obs0/store/;ln -sf /data/1/nijia.nj/test/namespace_standby_20261003_v1/clog/db_p.z1.obs0.nijia.nj/store/clog /data/1/nijia.nj/test/namespace_standby_20261003_v1/work/db_p.z1.obs0/store/;ln -sf /data/1/nijia.nj/test/namespace_standby_20261003_v1/clog/db_p.z1.obs0.nijia.nj/store/ilog /data/1/nijia.nj/test/namespace_standby_20261003_v1/work/db_p.z1.obs0/store/;ln -sf /data/1/nijia.nj/test/namespace_standby_20261003_v1/clog/db_p.z1.obs0.nijia.nj/store/slog /data/1/nijia.nj/test/namespace_standby_20261003_v1/work/db_p.z1.obs0/store/;ln -sf /data/1/nijia.nj/test/namespace_standby_20261003_v1/data/db_p.z1.obs0.nijia.nj/sort_dir /data/1/nijia.nj/test/namespace_standby_20261003_v1/work/db_p.z1.obs0/store/ on 6.12.232.130
[2026-10-03 04:06:27.12][INFO ] [Deploy         :294] - execute db_p.z1.obs0.mkdir  result => true
[2026-10-03 04:06:27.12][INFO ] [Deploy         :362] - execute db_p.z1.mkdir_obs result => true [true]
[2026-10-03 04:06:27.13][INFO ] [Deploy         :362] - execute db_p.z1.mkdir_logstore result => true []
[2026-10-03 04:06:27.13][INFO ] [Deploy         :331] - execute db_p.z1.mkdir result => true
[2026-10-03 04:06:27.14][INFO ] [Deploy         :287] - execute db_p.z1.obs0.rsync 
[2026-10-03 04:06:27.14][INFO ] [Role           :1648] - sync server finish, time = 0
[2026-10-03 04:06:27.15][INFO ] [Role           :1563] - rsync server => db_p.z1.obs0 version if specified => .
[2026-10-03 04:06:27.19][INFO ] [Role           :1635] - check disk dir ==> './admin' exist
[2026-10-03 04:06:27.25][WARN ] [Role           :1638] - check disk dir ==> './plugin_dir' not exist
[2026-10-03 04:06:27.29][INFO ] [Role           :1635] - check disk dir ==> './wallet' exist
[2026-10-03 04:06:27.29][INFO ] [Role           :1590] - transfer cmd to =>  rsync -WrptgoDRLv --timeout=600 bin etc lib  admin  wallet /data/1/nijia.nj/test/namespace_standby_20261003_v1/work/db_p.z1.obs0
[2026-10-03 04:06:31.891][INFO ] [Role           :1604] - rsync cmd =>  rsync -WrptgoDRLv --timeout=600 bin etc lib  admin  wallet /data/1/nijia.nj/test/namespace_standby_20261003_v1/work/db_p.z1.obs0
[2026-10-03 04:06:31.891][INFO ] [Deploy         :294] - execute db_p.z1.obs0.rsync  result => true
[2026-10-03 04:06:31.892][INFO ] [Deploy         :362] - execute db_p.z1.rsync_obs result => true [true]
[2026-10-03 04:06:31.892][INFO ] [Deploy         :362] - execute db_p.z1.rsync_logstore result => true []
[2026-10-03 04:06:31.893][INFO ] [Deploy         :331] - execute db_p.z1.rsync result => true
[2026-10-03 04:06:31.894][INFO ] [Deploy         :362] - execute db_p.z1.start_logstore result => true []
[2026-10-03 04:06:31.894][INFO ] [Deploy         :287] - execute db_p.z1.sleep 5
[2026-10-03 04:06:36.895][INFO ] [Deploy         :294] - execute db_p.z1.sleep 5 result => true
[2026-10-03 04:06:36.897][INFO ] [Deploy         :287] - execute db_p.z1.obs0.start 
[2026-10-03 04:06:36.897][INFO ] [Deploy         :381] - execute db_p.lite_mode result => true result type => java.lang.Boolean
[2026-10-03 04:06:36.898][INFO ] [Deploy         :381] - execute db_p.lite_mode result => true result type => java.lang.Boolean
6.12.232.130 is not a valid IPv6 address.
[2026-10-03 04:06:36.899][INFO ] [Role           :539] - cluster_id1
[2026-10-03 04:06:36.899][INFO ] [Deploy         :381] - execute db_p.z_num result => 1 result type => java.lang.Integer
[2026-10-03 04:06:36.899][INFO ] [Role           :552] - db_p have 1 ZONE
[2026-10-03 04:06:36.900][INFO ] [Role           :584] - ofs_list ofs_list='z1@' has_ofs_zone false
[2026-10-03 04:06:36.900][INFO ] [Role           :637] - ulimit -c unlimited -s 4096;cd /data/1/nijia.nj/test/namespace_standby_20261003_v1/work/db_p.z1.obs0;LD_LIBRARY_PATH=./lib:/usr/local/lib:/usr/lib:/usr/lib64:/usr/local/lib64:$LD_LIBRARY_PATH /data/1/nijia.nj/test/namespace_standby_20261003_v1/work/db_p.z1.obs0/bin/observer --port 42035 --data-dir /data/1/nijia.nj/test/namespace_standby_20261003_v1/work/db_p.z1.obs0/store --redo-dir /data/1/nijia.nj/test/namespace_standby_20261003_v1/work/db_p.z1.obs0/store/clog  --role=PRIMARY --parameter enable_rpc_service=true --parameter rpc_port=42000 --parameter datafile_size='2G' --parameter log_disk_size='2G' --parameter cpu_count=4 --parameter memory_limit='8G' on 6.12.232.130
[2026-10-03 04:06:36.964][INFO ] [Deploy         :294] - execute db_p.z1.obs0.start  result => true
[2026-10-03 04:06:36.965][INFO ] [Deploy         :362] - execute db_p.z1.start_obs result => true [true]
[2026-10-03 04:06:36.966][INFO ] [Deploy         :331] - execute db_p.z1.start result => true
[2026-10-03 04:06:36.967][INFO ] [Deploy         :287] - execute db_p.z1.sleep 8
[2026-10-03 04:06:44.967][INFO ] [Deploy         :294] - execute db_p.z1.sleep 8 result => true
[2026-10-03 04:06:44.968][INFO ] [Deploy         :331] - execute db_p.z1.reboot  result => true
[2026-10-03 04:06:44.968][INFO ] [Deploy         :362] - execute db_p.deploy result => true [true]
[2026-10-03 04:06:44.968][INFO ] [Deploy         :287] - execute db_p.sleep 5
[2026-10-03 04:06:49.969][INFO ] [Deploy         :294] - execute db_p.sleep 5 result => true
[2026-10-03 04:06:49.969][INFO ] [Deploy         :287] - execute db_p.bootstrap
[2026-10-03 04:06:49.969][INFO ] [Deploy         :381] - execute db_p.z_num result => 1 result type => java.lang.Integer
[2026-10-03 04:06:49.970][INFO ] [Deploy         :381] - execute db_p.zone_names result => [Ljava.lang.String;@215be6bb result type => [Ljava.lang.String;
[2026-10-03 04:06:49.970][INFO ] [Deploy         :381] - execute db_p.z1.obs_num result => 1 result type => java.lang.Integer
[2026-10-03 04:06:49.970][INFO ] [Deploy         :287] - execute db_p.z1.obs0.get status
[2026-10-03 04:06:49.970][WARN ] [Deploy         :298] - execute db_p.z1.obs0.get status result => null
[2026-10-03 04:06:49.971][INFO ] [Deploy         :381] - execute db_p.lite_mode result => true result type => java.lang.Boolean
[2026-10-03 04:06:49.971][INFO ] [Deploy         :294] - execute db_p.bootstrap result => true
[2026-10-03 04:06:49.971][INFO ] [Deploy         :287] - execute db_p.addserver
[2026-10-03 04:06:49.971][INFO ] [Deploy         :381] - execute db_p.z_num result => 1 result type => java.lang.Integer
[2026-10-03 04:06:49.971][INFO ] [Deploy         :381] - execute db_p.zone_names result => [Ljava.lang.String;@215be6bb result type => [Ljava.lang.String;
[2026-10-03 04:06:49.972][INFO ] [Deploy         :381] - execute db_p.z1.obs_num result => 1 result type => java.lang.Integer
[2026-10-03 04:06:49.972][INFO ] [Deploy         :294] - execute db_p.addserver result => true
[2026-10-03 04:06:49.972][INFO ] [Deploy         :287] - execute db_p.exec_init_sql
[2026-10-03 04:06:49.972][INFO ] [Deploy         :381] - execute db_p.lite_mode result => true result type => java.lang.Boolean
[2026-10-03 04:06:49.973][INFO ] [Deploy         :287] - execute db_p.z1.obs0.mysql_tenant_root create user 'admin' IDENTIFIED BY 'admin';use oceanbase;grant all on *.* to 'admin' WITH GRANT OPTION;create database if not exists test;
[2026-10-03 04:06:49.973][INFO ] [Role           :3182] - sql =>create user 'admin' IDENTIFIED BY 'admin';use oceanbase;grant all on *.* to 'admin' WITH GRANT OPTION;create database if not exists test;
 will be executed with connection[z1.obs0]root@sys:@6.12.232.130:42035
[2026-10-03 04:06:50.68][INFO ] [Deploy         :294] - execute db_p.z1.obs0.mysql_tenant_root create user 'admin' IDENTIFIED BY 'admin';use oceanbase;grant all on *.* to 'admin' WITH GRANT OPTION;create database if not exists test; result => true
[2026-10-03 04:06:50.68][INFO ] [Deploy         :381] - execute db_p.lite_mode result => true result type => java.lang.Boolean
[2026-10-03 04:06:50.68][INFO ] [Deploy         :381] - execute db_p.lite_mode result => true result type => java.lang.Boolean
[2026-10-03 04:06:50.69][INFO ] [Deploy         :287] - execute db_p.z1.obs0.mysql_tenant_root create user 'proxyro' IDENTIFIED BY '3u^0kCdpE';grant select on oceanbase.* to 'proxyro' WITH GRANT OPTION;
[2026-10-03 04:06:50.69][INFO ] [Role           :3182] - sql =>create user 'proxyro' IDENTIFIED BY '3u^0kCdpE';grant select on oceanbase.* to 'proxyro' WITH GRANT OPTION;
 will be executed with connection[z1.obs0]root@sys:@6.12.232.130:42035
[2026-10-03 04:06:50.131][INFO ] [Deploy         :294] - execute db_p.z1.obs0.mysql_tenant_root create user 'proxyro' IDENTIFIED BY '3u^0kCdpE';grant select on oceanbase.* to 'proxyro' WITH GRANT OPTION; result => true
[2026-10-03 04:06:50.132][INFO ] [Deploy         :287] - execute db_p.z1.obs0.mysql_tenant_root create user 'sysslaveuser' IDENTIFIED BY 'sysslaveuser';grant select on *.* to 'sysslaveuser' WITH GRANT OPTION;
[2026-10-03 04:06:50.132][INFO ] [Role           :3182] - sql =>create user 'sysslaveuser' IDENTIFIED BY 'sysslaveuser';grant select on *.* to 'sysslaveuser' WITH GRANT OPTION;
 will be executed with connection[z1.obs0]root@sys:@6.12.232.130:42035
[2026-10-03 04:06:50.189][INFO ] [Deploy         :294] - execute db_p.z1.obs0.mysql_tenant_root create user 'sysslaveuser' IDENTIFIED BY 'sysslaveuser';grant select on *.* to 'sysslaveuser' WITH GRANT OPTION; result => true
[2026-10-03 04:06:50.190][INFO ] [Deploy         :294] - execute db_p.exec_init_sql result => true
[2026-10-03 04:06:50.191][INFO ] [Deploy         :287] - execute db_p.register_proxy
[2026-10-03 04:06:50.191][INFO ] [Deploy         :294] - execute db_p.register_proxy result => true
[2026-10-03 04:06:50.191][INFO ] [Deploy         :287] - execute db_p.deploy_proxy
[2026-10-03 04:06:50.191][INFO ] [Deploy         :294] - execute db_p.deploy_proxy result => true
[2026-10-03 04:06:50.192][INFO ] [Deploy         :287] - execute db_p.sleep 5
[2026-10-03 04:06:55.192][INFO ] [Deploy         :294] - execute db_p.sleep 5 result => true
[2026-10-03 04:06:55.192][INFO ] [Deploy         :331] - execute db_p.reboot_proxy result => true
[2026-10-03 04:06:55.193][INFO ] [Deploy         :287] - execute db_p.deploy_asvr
[2026-10-03 04:06:55.193][INFO ] [Deploy         :294] - execute db_p.deploy_asvr result => true
[2026-10-03 04:06:55.193][INFO ] [Deploy         :287] - execute db_p.sleep 5
[2026-10-03 04:07:00.194][INFO ] [Deploy         :294] - execute db_p.sleep 5 result => true
[2026-10-03 04:07:00.194][INFO ] [Deploy         :331] - execute db_p.reboot_asvr result => true
[2026-10-03 04:07:00.194][INFO ] [Deploy         :287] - execute db_p.add_asvr
[2026-10-03 04:07:00.195][INFO ] [OBI            :1509] - There is no need to add asvr.
[2026-10-03 04:07:00.196][INFO ] [Deploy         :294] - execute db_p.add_asvr result => true
[2026-10-03 04:07:00.197][INFO ] [Deploy         :287] - execute db_p.prepare_agent
[2026-10-03 04:07:00.198][INFO ] [Deploy         :294] - execute db_p.prepare_agent result => true
[2026-10-03 04:07:00.198][INFO ] [Deploy         :331] - execute db_p.reboot result => true
[2026-10-03 04:07:00.198][INFO ] [Command        :353] - start[1790971586471] time[33727] tag[Q_DEPLOY]
[2026-10-03 04:07:00.199][INFO ] [Command        :536] - > LINE => 29, CMD => Q_DEPLOY, CONTENT => db_s1=OBI(cluster=1,proxy_num=0,primary=db_p);
[2026-10-03 04:07:00.199][INFO ] [DeployProcessor:78] - OBI define => db_s1=OBI(cluster=1,proxy_num=0,primary=db_p)
[2026-10-03 04:07:00.200][INFO ] [Deploy         :381] - execute db_s1.z_num result => 1 result type => java.lang.Integer
[2026-10-03 04:07:00.200][INFO ] [Deploy         :464] - assign rpc port. observer=>db_s1.z1.obs0, rpc_port=>42001
[2026-10-03 04:07:00.201][INFO ] [Deploy         :471] - assign mysql port. observer=>db_s1.z1.obs0, mysql_port=>42036
[2026-10-03 04:07:00.201][INFO ] [Deploy         :478] - assign backup io rpc port. observer=>db_s1.z1.obs0, obesi_port=>42071
[2026-10-03 04:07:00.202][INFO ] [OBLog          :99] - config.ob_version='.'
[2026-10-03 04:07:00.202][INFO ] [OBLog          :100] - config.oblog_version='default'
[2026-10-03 04:07:00.202][INFO ] [OBLog          :117] - set oblog version='.'
[2026-10-03 04:07:00.202][INFO ] [OBLog          :126] - set oblog work_dir=''
[2026-10-03 04:07:00.202][INFO ] [OBLog          :148] - oblog.is_obcdc_exist: false
[2026-10-03 04:07:00.202][INFO ] [OBLog          :149] - oblog.exec: oblog/oblog_tailf
[2026-10-03 04:07:00.203][INFO ] [OBLog          :150] - oblog.configFile: oblog/liboblog.conf
[2026-10-03 04:07:00.203][INFO ] [OBLog          :151] - oblog.dataFile: oblog/data.log
[2026-10-03 04:07:00.203][INFO ] [OBLog          :152] - oblog.envCon: LD_LIBRARY_PATH=oblog:$LD_LIBRARY_PATH
[2026-10-03 04:07:00.203][INFO ] [OBLog          :153] - oblog.startCmdHead: ulimit -c unlimited; LD_LIBRARY_PATH=oblog:$LD_LIBRARY_PATH oblog/oblog_tailf
[2026-10-03 04:07:00.203][INFO ] [OBLog          :154] - oblog.defaultStartCmd: ulimit -c unlimited; LD_LIBRARY_PATH=oblog:$LD_LIBRARY_PATH oblog/oblog_tailf  -f oblog/liboblog.conf -D oblog/data.log -H oblog/heartbeat.log -d
[2026-10-03 04:07:00.539][INFO ] [Deploy         :1128] - start observer version is lite mode: true
[2026-10-03 04:07:00.540][INFO ] [Command        :353] - start[1790971620199] time[340] tag[Q_DEPLOY]
[2026-10-03 04:07:00.540][INFO ] [Command        :536] - > LINE => 30, CMD => Q_DEPLOY, CONTENT => db_s1.reboot;
[2026-10-03 04:07:00.541][INFO ] [DeployProcessor:93] - deploy => db_s1.reboot
[2026-10-03 04:07:00.541][INFO ] [Deploy         :287] - execute db_s1.reset
[2026-10-03 04:07:00.541][INFO ] [Deploy         :381] - execute db_s1.lite_mode result => true result type => java.lang.Boolean
[2026-10-03 04:07:00.541][INFO ] [Deploy         :294] - execute db_s1.reset result => true
[2026-10-03 04:07:00.541][INFO ] [Deploy         :287] - execute db_s1.clean_asvr
[2026-10-03 04:07:00.542][INFO ] [Deploy         :294] - execute db_s1.clean_asvr result => true
[2026-10-03 04:07:00.544][INFO ] [Deploy         :287] - execute db_s1.z1.obs0.force_stop_asvr
[2026-10-03 04:07:00.544][INFO ] [Role           :1228] - pkill -9 -u nijia.nj -f '^/data/1/nijia.nj/test/namespace_standby_20261003_v1/work/db_s1.asvr0/bin/observer' on 6.12.232.130
[2026-10-03 04:07:00.562][INFO ] [Role           :1230] - pkill asvr result is => 1
[2026-10-03 04:07:00.562][INFO ] [Deploy         :294] - execute db_s1.z1.obs0.force_stop_asvr result => true
[2026-10-03 04:07:00.563][INFO ] [Deploy         :287] - execute db_s1.z1.obs0.rmdir_asvr
[2026-10-03 04:07:00.563][INFO ] [Role           :1237] - try to remove asvr dir server  => db_s1.z1.obs0
[2026-10-03 04:07:00.567][INFO ] [Role           :1264] - rm -fr /data/1/nijia.nj/test/namespace_standby_20261003_v1/work/db_s1.asvr0 , on => 6.12.232.130 rc => 0 stdout => null
[2026-10-03 04:07:00.568][INFO ] [Deploy         :294] - execute db_s1.z1.obs0.rmdir_asvr result => true
[2026-10-03 04:07:00.568][INFO ] [Deploy         :331] - execute db_s1.z1.obs0.clean_asvr  result => true
[2026-10-03 04:07:00.568][INFO ] [Deploy         :362] - execute db_s1.z1.clean_asvr  result => true [true]
[2026-10-03 04:07:00.568][INFO ] [Deploy         :362] - execute db_s1.clean_asvr_everywhere result => true [true]
[2026-10-03 04:07:00.569][INFO ] [Deploy         :331] - execute db_s1.clean_all_asvr result => true
[2026-10-03 04:07:00.569][INFO ] [Deploy         :287] - execute db_s1.deploy_logservice
[2026-10-03 04:07:00.569][INFO ] [Deploy         :294] - execute db_s1.deploy_logservice result => true
[2026-10-03 04:07:00.569][INFO ] [Deploy         :287] - execute db_s1.bootstrap_logservice
[2026-10-03 04:07:00.569][INFO ] [Deploy         :294] - execute db_s1.bootstrap_logservice result => true
[2026-10-03 04:07:00.569][INFO ] [Deploy         :331] - execute db_s1.reboot_logservice result => true
[2026-10-03 04:07:00.570][INFO ] [Deploy         :287] - execute db_s1.z1.check_local_bin
[2026-10-03 04:07:00.575][INFO ] [Deploy         :294] - execute db_s1.z1.check_local_bin result => true
[2026-10-03 04:07:00.576][INFO ] [Deploy         :287] - execute db_s1.z1.check_ssh
[2026-10-03 04:07:00.576][INFO ] [Deploy         :294] - execute db_s1.z1.check_ssh result => true
[2026-10-03 04:07:00.577][INFO ] [Deploy         :287] - execute db_s1.z1.obs0.check_dir 
[2026-10-03 04:07:00.584][INFO ] [Deploy         :294] - execute db_s1.z1.obs0.check_dir  result => true
[2026-10-03 04:07:00.585][INFO ] [Deploy         :362] - execute db_s1.z1.check_dir result => true [true]
[2026-10-03 04:07:00.586][INFO ] [Deploy         :287] - execute db_s1.z1.obs0.force_stop 
[2026-10-03 04:07:00.586][INFO ] [Role           :1307] - pkill -9 -u nijia.nj -f '^/data/1/nijia.nj/test/namespace_standby_20261003_v1/work/db_s1.z1.obs0/bin/observer|^/data/1/nijia.nj/test/namespace_standby_20261003_v1/work/db_s1.z1.obs0/bin/obesi' on 6.12.232.130
[2026-10-03 04:07:00.604][INFO ] [Role           :1309] - pkill result is => 1
[2026-10-03 04:07:00.604][INFO ] [Role           :1142] - wait stop /data/1/nijia.nj/test/namespace_standby_20261003_v1/work/db_s1.z1.obs0/bin/observer on 6.12.232.130
[2026-10-03 04:07:00.605][INFO ] [Role           :1190] - ps uxf | grep "/data/1/nijia.nj/test/namespace_standby_20261003_v1/work/db_s1.z1.obs0/bin/observer" | grep -v grep
[2026-10-03 04:07:00.651][INFO ] [Role           :1154] - check port on 6.12.232.130
[2026-10-03 04:07:00.652][INFO ] [RemoteShell    :143] - netstat -lpnt 2>/dev/null | grep '0.0.0.0:42001 ' | awk -F ' ' '{print $7}'
[2026-10-03 04:07:00.678][INFO ] [RemoteShell    :143] - netstat -lpnt 2>/dev/null | grep '0.0.0.0:42036 ' | awk -F ' ' '{print $7}'
[2026-10-03 04:07:00.730][INFO ] [Role           :1164] - stop obs0 took 2 s
[2026-10-03 04:07:00.730][INFO ] [Deploy         :294] - execute db_s1.z1.obs0.force_stop  result => true
[2026-10-03 04:07:00.730][INFO ] [Deploy         :362] - execute db_s1.z1.force_stop result => true [true]
[2026-10-03 04:07:00.731][INFO ] [Deploy         :362] - execute db_s1.z1.force_stop_logstore result => true []
[2026-10-03 04:07:00.731][INFO ] [Deploy         :331] - execute db_s1.z1.force_stop_all result => true
[2026-10-03 04:07:00.732][INFO ] [Deploy         :287] - execute db_s1.z1.obs0.rmdir 
[2026-10-03 04:07:00.733][INFO ] [Deploy         :381] - execute db_s1.lite_mode result => true result type => java.lang.Boolean
[2026-10-03 04:07:00.734][INFO ] [Role           :1395] - rm -fr /data/1/nijia.nj/test/namespace_standby_20261003_v1/data/db_s1.z1.obs0.nijia.nj/sstable /data/1/nijia.nj/test/namespace_standby_20261003_v1/clog/db_s1.z1.obs0.nijia.nj/store /data/1/nijia.nj/test/namespace_standby_20261003_v1/clog/db_s1.z1.obs0.nijia.nj/store/slog /data/1/nijia.nj/test/namespace_standby_20261003_v1/data/db_s1.z1.obs0.nijia.nj/sort_dir , on => 6.12.232.130
[2026-10-03 04:07:00.740][INFO ] [Role           :1397] - rm -fr /data/1/nijia.nj/test/namespace_standby_20261003_v1/data/db_s1.z1.obs0.nijia.nj/sstable /data/1/nijia.nj/test/namespace_standby_20261003_v1/clog/db_s1.z1.obs0.nijia.nj/store /data/1/nijia.nj/test/namespace_standby_20261003_v1/clog/db_s1.z1.obs0.nijia.nj/store/slog /data/1/nijia.nj/test/namespace_standby_20261003_v1/data/db_s1.z1.obs0.nijia.nj/sort_dir , on => 6.12.232.130 rc => 0 stdout => null
[2026-10-03 04:07:00.756][INFO ] [Role           :1402] - rm -fr /data/1/nijia.nj/test/namespace_standby_20261003_v1/work/db_s1.z1.obs0/log , on => 6.12.232.130 rc => 0 stdout => null
[2026-10-03 04:07:00.761][INFO ] [Role           :1407] - rm -fr /data/1/nijia.nj/test/namespace_standby_20261003_v1/work/db_s1.z1.obs0/admin , on => 6.12.232.130 rc => 0 stdout => null
[2026-10-03 04:07:00.767][INFO ] [Role           :1412] - rm -fr /data/1/nijia.nj/test/namespace_standby_20261003_v1/work/db_s1.z1.obs0/wallet , on => 6.12.232.130 rc => 0 stdout => null
[2026-10-03 04:07:00.772][INFO ] [Role           :1417] - rm -fr /data/1/nijia.nj/test/namespace_standby_20261003_v1/work/db_s1.z1.obs0/etc/observer.c*nf*.bin* /data/1/nijia.nj/test/namespace_standby_20261003_v1/work/db_s1.z1.obs0/etc/seekdb.c*nf*.bin* , on => 6.12.232.130 rc => 0 stdout => null
[2026-10-03 04:07:00.777][INFO ] [Role           :1423] - rm -fr /data/1/nijia.nj/test/namespace_standby_20261003_v1/work/db_s1.z1.obs0/etc/observer.data_version.bin* /data/1/nijia.nj/test/namespace_standby_20261003_v1/work/db_s1.z1.obs0/etc/seekdb.data_version.bin* , on => 6.12.232.130 rc => 0 stdout => null
[2026-10-03 04:07:00.783][INFO ] [Role           :1429] - rm -fr /data/1/nijia.nj/test/namespace_standby_20261003_v1/work/db_s1.z1.obs0/etc2/observer.c*nf*.bin* , on => 6.12.232.130 rc => 0 stdout => null
[2026-10-03 04:07:00.788][INFO ] [Role           :1434] - rm -fr /data/1/nijia.nj/test/namespace_standby_20261003_v1/work/db_s1.z1.obs0/etc3/observer.c*nf*.bin* , on => 6.12.232.130 rc => 0 stdout => null
[2026-10-03 04:07:00.793][INFO ] [Role           :1439] - rm -fr /data/1/nijia.nj/test/namespace_standby_20261003_v1/work/db_s1.z1.obs0/run/observer.pid /data/1/nijia.nj/test/namespace_standby_20261003_v1/work/db_s1.z1.obs0/run/seekdb.pid , on => 6.12.232.130 rc => 0 stdout => null
[2026-10-03 04:07:00.798][INFO ] [Role           :1444] - rm -fr /data/1/nijia.nj/test/namespace_standby_20261003_v1/work/db_s1.z1.obs0/store/clog_shm , on => 6.12.232.130 rc => 0 stdout => null
[2026-10-03 04:07:00.804][INFO ] [Role           :1449] - rm -fr /data/1/nijia.nj/test/namespace_standby_20261003_v1/work/db_s1.z1.obs0/store/ilog_shm , on => 6.12.232.130 rc => 0 stdout => null
[2026-10-03 04:07:00.819][INFO ] [Role           :1454] - rm -fr /data/1/nijia.nj/test/namespace_standby_20261003_v1/work/db_s1.z1.obs0/store/manifest* , on => 6.12.232.130 rc => 0 stdout => null
[2026-10-03 04:07:00.835][INFO ] [Role           :1467] - rm -fr /data/1/nijia.nj/test/namespace_standby_20261003_v1/work/db_s1.z1.obs0/core* , on => 6.12.232.130 rc => 0 stdout => null
[2026-10-03 04:07:00.842][INFO ] [Role           :1504] - rm -fr /data/1/nijia.nj/test/namespace_standby_20261003_v1/clog/db_s1.z1.obs0.nijia.nj/ /data/1/nijia.nj/test/namespace_standby_20261003_v1/data/db_s1.z1.obs0.nijia.nj/ , on => 6.12.232.130 rc => 0 stdout => null
[2026-10-03 04:07:01.170][INFO ] [Role           :1510] - rm -fr /data/1/nijia.nj/test/namespace_standby_20261003_v1/work/db_s1.z1.obs0 , on => 6.12.232.130 rc => 0 stdout => null
[2026-10-03 04:07:01.177][INFO ] [Deploy         :294] - execute db_s1.z1.obs0.rmdir  result => true
[2026-10-03 04:07:01.178][INFO ] [Deploy         :362] - execute db_s1.z1.rmdir result => true [true]
[2026-10-03 04:07:01.178][INFO ] [Deploy         :331] - execute db_s1.z1.cleanup result => true
[2026-10-03 04:07:01.178][INFO ] [Deploy         :362] - execute db_s1.z1.cleanup_logstore result => true []
[2026-10-03 04:07:01.179][INFO ] [Deploy         :331] - execute db_s1.z1.cleanup_all result => true
[2026-10-03 04:07:01.179][INFO ] [Deploy         :287] - execute db_s1.z1.genconf
[2026-10-03 04:07:01.179][INFO ] [Deploy         :294] - execute db_s1.z1.genconf result => true
[2026-10-03 04:07:01.180][INFO ] [Deploy         :287] - execute db_s1.z1.obs0.mkdir 
[2026-10-03 04:07:01.181][INFO ] [Role           :1768] - mkdir -p /data/1/nijia.nj/test/namespace_standby_20261003_v1/work/db_s1.z1.obs0/store/;mkdir -p /data/1/nijia.nj/test/namespace_standby_20261003_v1/clog/db_s1.z1.obs0.nijia.nj/store/clog /data/1/nijia.nj/test/namespace_standby_20261003_v1/clog/db_s1.z1.obs0.nijia.nj/store/ilog /data/1/nijia.nj/test/namespace_standby_20261003_v1/clog/db_s1.z1.obs0.nijia.nj/store/slog /data/1/nijia.nj/test/namespace_standby_20261003_v1/data/db_s1.z1.obs0.nijia.nj/sort_dir /data/1/nijia.nj/test/namespace_standby_20261003_v1/data/db_s1.z1.obs0.nijia.nj/sstable;ln -sf /data/1/nijia.nj/test/namespace_standby_20261003_v1/data/db_s1.z1.obs0.nijia.nj/sstable /data/1/nijia.nj/test/namespace_standby_20261003_v1/work/db_s1.z1.obs0/store/;ln -sf /data/1/nijia.nj/test/namespace_standby_20261003_v1/clog/db_s1.z1.obs0.nijia.nj/store/clog /data/1/nijia.nj/test/namespace_standby_20261003_v1/work/db_s1.z1.obs0/store/;ln -sf /data/1/nijia.nj/test/namespace_standby_20261003_v1/clog/db_s1.z1.obs0.nijia.nj/store/ilog /data/1/nijia.nj/test/namespace_standby_20261003_v1/work/db_s1.z1.obs0/store/;ln -sf /data/1/nijia.nj/test/namespace_standby_20261003_v1/clog/db_s1.z1.obs0.nijia.nj/store/slog /data/1/nijia.nj/test/namespace_standby_20261003_v1/work/db_s1.z1.obs0/store/;ln -sf /data/1/nijia.nj/test/namespace_standby_20261003_v1/data/db_s1.z1.obs0.nijia.nj/sort_dir /data/1/nijia.nj/test/namespace_standby_20261003_v1/work/db_s1.z1.obs0/store/ on 6.12.232.130
[2026-10-03 04:07:01.197][INFO ] [Deploy         :294] - execute db_s1.z1.obs0.mkdir  result => true
[2026-10-03 04:07:01.197][INFO ] [Deploy         :362] - execute db_s1.z1.mkdir_obs result => true [true]
[2026-10-03 04:07:01.198][INFO ] [Deploy         :362] - execute db_s1.z1.mkdir_logstore result => true []
[2026-10-03 04:07:01.198][INFO ] [Deploy         :331] - execute db_s1.z1.mkdir result => true
[2026-10-03 04:07:01.198][INFO ] [Deploy         :287] - execute db_s1.z1.obs0.rsync 
[2026-10-03 04:07:01.199][INFO ] [Role           :1648] - sync server finish, time = 0
[2026-10-03 04:07:01.199][INFO ] [Role           :1563] - rsync server => db_s1.z1.obs0 version if specified => .
[2026-10-03 04:07:01.205][INFO ] [Role           :1635] - check disk dir ==> './admin' exist
[2026-10-03 04:07:01.210][WARN ] [Role           :1638] - check disk dir ==> './plugin_dir' not exist
[2026-10-03 04:07:01.216][INFO ] [Role           :1635] - check disk dir ==> './wallet' exist
[2026-10-03 04:07:01.216][INFO ] [Role           :1590] - transfer cmd to =>  rsync -WrptgoDRLv --timeout=600 bin etc lib  admin  wallet /data/1/nijia.nj/test/namespace_standby_20261003_v1/work/db_s1.z1.obs0
[2026-10-03 04:07:14.587][INFO ] [Role           :1604] - rsync cmd =>  rsync -WrptgoDRLv --timeout=600 bin etc lib  admin  wallet /data/1/nijia.nj/test/namespace_standby_20261003_v1/work/db_s1.z1.obs0
[2026-10-03 04:07:14.588][INFO ] [Deploy         :294] - execute db_s1.z1.obs0.rsync  result => true
[2026-10-03 04:07:14.588][INFO ] [Deploy         :362] - execute db_s1.z1.rsync_obs result => true [true]
[2026-10-03 04:07:14.589][INFO ] [Deploy         :362] - execute db_s1.z1.rsync_logstore result => true []
[2026-10-03 04:07:14.589][INFO ] [Deploy         :331] - execute db_s1.z1.rsync result => true
[2026-10-03 04:07:14.589][INFO ] [Deploy         :362] - execute db_s1.z1.start_logstore result => true []
[2026-10-03 04:07:14.589][INFO ] [Deploy         :287] - execute db_s1.z1.sleep 5
[2026-10-03 04:07:19.589][INFO ] [Deploy         :294] - execute db_s1.z1.sleep 5 result => true
[2026-10-03 04:07:19.590][INFO ] [Deploy         :287] - execute db_s1.z1.obs0.start 
[2026-10-03 04:07:19.590][INFO ] [Deploy         :381] - execute db_s1.lite_mode result => true result type => java.lang.Boolean
[2026-10-03 04:07:19.591][INFO ] [Deploy         :381] - execute db_s1.lite_mode result => true result type => java.lang.Boolean
6.12.232.130 is not a valid IPv6 address.
[2026-10-03 04:07:19.592][INFO ] [Role           :539] - cluster_id1
[2026-10-03 04:07:19.592][INFO ] [Deploy         :381] - execute db_s1.z_num result => 1 result type => java.lang.Integer
[2026-10-03 04:07:19.592][INFO ] [Role           :552] - db_s1 have 1 ZONE
[2026-10-03 04:07:19.593][INFO ] [Role           :584] - ofs_list ofs_list='z1@' has_ofs_zone false
[2026-10-03 04:07:19.593][INFO ] [Role           :637] - ulimit -c unlimited -s 4096;cd /data/1/nijia.nj/test/namespace_standby_20261003_v1/work/db_s1.z1.obs0;LD_LIBRARY_PATH=./lib:/usr/local/lib:/usr/lib:/usr/lib64:/usr/local/lib64:$LD_LIBRARY_PATH /data/1/nijia.nj/test/namespace_standby_20261003_v1/work/db_s1.z1.obs0/bin/observer --port 42036 --data-dir /data/1/nijia.nj/test/namespace_standby_20261003_v1/work/db_s1.z1.obs0/store --redo-dir /data/1/nijia.nj/test/namespace_standby_20261003_v1/work/db_s1.z1.obs0/store/clog  --role=STANDBY --parameter log_restore_source=6.12.232.130:42000 --parameter enable_rpc_service=true --parameter rpc_port=42001 --parameter datafile_size='2G' --parameter log_disk_size='2G' --parameter cpu_count=4 --parameter memory_limit='8G' on 6.12.232.130
[2026-10-03 04:07:19.748][INFO ] [Deploy         :294] - execute db_s1.z1.obs0.start  result => true
[2026-10-03 04:07:19.748][INFO ] [Deploy         :362] - execute db_s1.z1.start_obs result => true [true]
[2026-10-03 04:07:19.749][INFO ] [Deploy         :331] - execute db_s1.z1.start result => true
[2026-10-03 04:07:19.749][INFO ] [Deploy         :287] - execute db_s1.z1.sleep 8
[2026-10-03 04:07:27.749][INFO ] [Deploy         :294] - execute db_s1.z1.sleep 8 result => true
[2026-10-03 04:07:27.750][INFO ] [Deploy         :331] - execute db_s1.z1.reboot  result => true
[2026-10-03 04:07:27.750][INFO ] [Deploy         :362] - execute db_s1.deploy result => true [true]
[2026-10-03 04:07:27.750][INFO ] [Deploy         :287] - execute db_s1.sleep 5
[2026-10-03 04:07:32.750][INFO ] [Deploy         :294] - execute db_s1.sleep 5 result => true
[2026-10-03 04:07:32.751][INFO ] [Deploy         :287] - execute db_s1.bootstrap
[2026-10-03 04:07:32.751][INFO ] [Deploy         :381] - execute db_s1.z_num result => 1 result type => java.lang.Integer
[2026-10-03 04:07:32.751][INFO ] [Deploy         :381] - execute db_s1.zone_names result => [Ljava.lang.String;@3bfdc050 result type => [Ljava.lang.String;
[2026-10-03 04:07:32.751][INFO ] [Deploy         :381] - execute db_s1.z1.obs_num result => 1 result type => java.lang.Integer
[2026-10-03 04:07:32.751][INFO ] [Deploy         :287] - execute db_s1.z1.obs0.get status
[2026-10-03 04:07:32.752][WARN ] [Deploy         :298] - execute db_s1.z1.obs0.get status result => null
[2026-10-03 04:07:32.752][INFO ] [Deploy         :381] - execute db_s1.lite_mode result => true result type => java.lang.Boolean
[2026-10-03 04:07:32.752][INFO ] [Deploy         :294] - execute db_s1.bootstrap result => true
[2026-10-03 04:07:32.752][INFO ] [Deploy         :287] - execute db_s1.addserver
[2026-10-03 04:07:32.752][INFO ] [Deploy         :381] - execute db_s1.z_num result => 1 result type => java.lang.Integer
[2026-10-03 04:07:32.752][INFO ] [Deploy         :381] - execute db_s1.zone_names result => [Ljava.lang.String;@3bfdc050 result type => [Ljava.lang.String;
[2026-10-03 04:07:32.752][INFO ] [Deploy         :381] - execute db_s1.z1.obs_num result => 1 result type => java.lang.Integer
[2026-10-03 04:07:32.752][INFO ] [Deploy         :294] - execute db_s1.addserver result => true
[2026-10-03 04:07:32.752][INFO ] [Deploy         :287] - execute db_s1.exec_init_sql
[2026-10-03 04:07:32.752][INFO ] [Deploy         :381] - execute db_s1.lite_mode result => true result type => java.lang.Boolean
[2026-10-03 04:07:32.752][INFO ] [Deploy         :294] - execute db_s1.exec_init_sql result => true
[2026-10-03 04:07:32.753][INFO ] [Deploy         :287] - execute db_s1.register_proxy
[2026-10-03 04:07:32.753][INFO ] [Deploy         :294] - execute db_s1.register_proxy result => true
[2026-10-03 04:07:32.753][INFO ] [Deploy         :287] - execute db_s1.deploy_proxy
[2026-10-03 04:07:32.753][INFO ] [Deploy         :294] - execute db_s1.deploy_proxy result => true
[2026-10-03 04:07:32.753][INFO ] [Deploy         :287] - execute db_s1.sleep 5
[2026-10-03 04:07:37.753][INFO ] [Deploy         :294] - execute db_s1.sleep 5 result => true
[2026-10-03 04:07:37.754][INFO ] [Deploy         :331] - execute db_s1.reboot_proxy result => true
[2026-10-03 04:07:37.754][INFO ] [Deploy         :287] - execute db_s1.deploy_asvr
[2026-10-03 04:07:37.754][INFO ] [Deploy         :294] - execute db_s1.deploy_asvr result => true
[2026-10-03 04:07:37.754][INFO ] [Deploy         :287] - execute db_s1.sleep 5
[2026-10-03 04:07:42.754][INFO ] [Deploy         :294] - execute db_s1.sleep 5 result => true
[2026-10-03 04:07:42.755][INFO ] [Deploy         :331] - execute db_s1.reboot_asvr result => true
[2026-10-03 04:07:42.755][INFO ] [Deploy         :287] - execute db_s1.add_asvr
[2026-10-03 04:07:42.755][INFO ] [OBI            :1509] - There is no need to add asvr.
[2026-10-03 04:07:42.755][INFO ] [Deploy         :294] - execute db_s1.add_asvr result => true
[2026-10-03 04:07:42.755][INFO ] [Deploy         :287] - execute db_s1.prepare_agent
[2026-10-03 04:07:42.755][INFO ] [Deploy         :294] - execute db_s1.prepare_agent result => true
[2026-10-03 04:07:42.755][INFO ] [Deploy         :331] - execute db_s1.reboot result => true
[2026-10-03 04:07:42.755][INFO ] [Command        :353] - start[1790971620540] time[42214] tag[Q_DEPLOY]
[2026-10-03 04:07:42.756][INFO ] [Command        :536] - > LINE => 32, CMD => Q_DEPLOY, CONTENT => db_s2=OBI(cluster=1,proxy_num=0,primary=db_p);
[2026-10-03 04:07:42.756][INFO ] [DeployProcessor:78] - OBI define => db_s2=OBI(cluster=1,proxy_num=0,primary=db_p)
[2026-10-03 04:07:42.757][INFO ] [Deploy         :381] - execute db_s2.z_num result => 1 result type => java.lang.Integer
[2026-10-03 04:07:42.757][INFO ] [Deploy         :464] - assign rpc port. observer=>db_s2.z1.obs0, rpc_port=>42002
[2026-10-03 04:07:42.757][INFO ] [Deploy         :471] - assign mysql port. observer=>db_s2.z1.obs0, mysql_port=>42037
[2026-10-03 04:07:42.757][INFO ] [Deploy         :478] - assign backup io rpc port. observer=>db_s2.z1.obs0, obesi_port=>42072
[2026-10-03 04:07:42.758][INFO ] [OBLog          :99] - config.ob_version='.'
[2026-10-03 04:07:42.758][INFO ] [OBLog          :100] - config.oblog_version='default'
[2026-10-03 04:07:42.758][INFO ] [OBLog          :117] - set oblog version='.'
[2026-10-03 04:07:42.758][INFO ] [OBLog          :126] - set oblog work_dir=''
[2026-10-03 04:07:42.758][INFO ] [OBLog          :148] - oblog.is_obcdc_exist: false
[2026-10-03 04:07:42.758][INFO ] [OBLog          :149] - oblog.exec: oblog/oblog_tailf
[2026-10-03 04:07:42.758][INFO ] [OBLog          :150] - oblog.configFile: oblog/liboblog.conf
[2026-10-03 04:07:42.758][INFO ] [OBLog          :151] - oblog.dataFile: oblog/data.log
[2026-10-03 04:07:42.758][INFO ] [OBLog          :152] - oblog.envCon: LD_LIBRARY_PATH=oblog:$LD_LIBRARY_PATH
[2026-10-03 04:07:42.759][INFO ] [OBLog          :153] - oblog.startCmdHead: ulimit -c unlimited; LD_LIBRARY_PATH=oblog:$LD_LIBRARY_PATH oblog/oblog_tailf
[2026-10-03 04:07:42.759][INFO ] [OBLog          :154] - oblog.defaultStartCmd: ulimit -c unlimited; LD_LIBRARY_PATH=oblog:$LD_LIBRARY_PATH oblog/oblog_tailf  -f oblog/liboblog.conf -D oblog/data.log -H oblog/heartbeat.log -d
[2026-10-03 04:07:43.39][INFO ] [Deploy         :1128] - start observer version is lite mode: true
[2026-10-03 04:07:43.40][INFO ] [Command        :353] - start[1790971662756] time[283] tag[Q_DEPLOY]
[2026-10-03 04:07:43.40][INFO ] [Command        :536] - > LINE => 33, CMD => Q_DEPLOY, CONTENT => db_s2.reboot;
[2026-10-03 04:07:43.41][INFO ] [DeployProcessor:93] - deploy => db_s2.reboot
[2026-10-03 04:07:43.41][INFO ] [Deploy         :287] - execute db_s2.reset
[2026-10-03 04:07:43.41][INFO ] [Deploy         :381] - execute db_s2.lite_mode result => true result type => java.lang.Boolean
[2026-10-03 04:07:43.41][INFO ] [Deploy         :294] - execute db_s2.reset result => true
[2026-10-03 04:07:43.41][INFO ] [Deploy         :287] - execute db_s2.clean_asvr
[2026-10-03 04:07:43.42][INFO ] [Deploy         :294] - execute db_s2.clean_asvr result => true
[2026-10-03 04:07:43.43][INFO ] [Deploy         :287] - execute db_s2.z1.obs0.force_stop_asvr
[2026-10-03 04:07:43.43][INFO ] [Role           :1228] - pkill -9 -u nijia.nj -f '^/data/1/nijia.nj/test/namespace_standby_20261003_v1/work/db_s2.asvr0/bin/observer' on 6.12.232.130
[2026-10-03 04:07:43.68][INFO ] [Role           :1230] - pkill asvr result is => 1
[2026-10-03 04:07:43.68][INFO ] [Deploy         :294] - execute db_s2.z1.obs0.force_stop_asvr result => true
[2026-10-03 04:07:43.68][INFO ] [Deploy         :287] - execute db_s2.z1.obs0.rmdir_asvr
[2026-10-03 04:07:43.69][INFO ] [Role           :1237] - try to remove asvr dir server  => db_s2.z1.obs0
[2026-10-03 04:07:43.74][INFO ] [Role           :1264] - rm -fr /data/1/nijia.nj/test/namespace_standby_20261003_v1/work/db_s2.asvr0 , on => 6.12.232.130 rc => 0 stdout => null
[2026-10-03 04:07:43.74][INFO ] [Deploy         :294] - execute db_s2.z1.obs0.rmdir_asvr result => true
[2026-10-03 04:07:43.75][INFO ] [Deploy         :331] - execute db_s2.z1.obs0.clean_asvr  result => true
[2026-10-03 04:07:43.75][INFO ] [Deploy         :362] - execute db_s2.z1.clean_asvr  result => true [true]
[2026-10-03 04:07:43.75][INFO ] [Deploy         :362] - execute db_s2.clean_asvr_everywhere result => true [true]
[2026-10-03 04:07:43.76][INFO ] [Deploy         :331] - execute db_s2.clean_all_asvr result => true
[2026-10-03 04:07:43.76][INFO ] [Deploy         :287] - execute db_s2.deploy_logservice
[2026-10-03 04:07:43.76][INFO ] [Deploy         :294] - execute db_s2.deploy_logservice result => true
[2026-10-03 04:07:43.76][INFO ] [Deploy         :287] - execute db_s2.bootstrap_logservice
[2026-10-03 04:07:43.76][INFO ] [Deploy         :294] - execute db_s2.bootstrap_logservice result => true
[2026-10-03 04:07:43.76][INFO ] [Deploy         :331] - execute db_s2.reboot_logservice result => true
[2026-10-03 04:07:43.77][INFO ] [Deploy         :287] - execute db_s2.z1.check_local_bin
[2026-10-03 04:07:43.86][INFO ] [Deploy         :294] - execute db_s2.z1.check_local_bin result => true
[2026-10-03 04:07:43.87][INFO ] [Deploy         :287] - execute db_s2.z1.check_ssh
[2026-10-03 04:07:43.87][INFO ] [Deploy         :294] - execute db_s2.z1.check_ssh result => true
[2026-10-03 04:07:43.87][INFO ] [Deploy         :287] - execute db_s2.z1.obs0.check_dir 
[2026-10-03 04:07:43.96][INFO ] [Deploy         :294] - execute db_s2.z1.obs0.check_dir  result => true
[2026-10-03 04:07:43.96][INFO ] [Deploy         :362] - execute db_s2.z1.check_dir result => true [true]
[2026-10-03 04:07:43.97][INFO ] [Deploy         :287] - execute db_s2.z1.obs0.force_stop 
[2026-10-03 04:07:43.97][INFO ] [Role           :1307] - pkill -9 -u nijia.nj -f '^/data/1/nijia.nj/test/namespace_standby_20261003_v1/work/db_s2.z1.obs0/bin/observer|^/data/1/nijia.nj/test/namespace_standby_20261003_v1/work/db_s2.z1.obs0/bin/obesi' on 6.12.232.130
[2026-10-03 04:07:43.113][INFO ] [Role           :1309] - pkill result is => 1
[2026-10-03 04:07:43.114][INFO ] [Role           :1142] - wait stop /data/1/nijia.nj/test/namespace_standby_20261003_v1/work/db_s2.z1.obs0/bin/observer on 6.12.232.130
[2026-10-03 04:07:43.114][INFO ] [Role           :1190] - ps uxf | grep "/data/1/nijia.nj/test/namespace_standby_20261003_v1/work/db_s2.z1.obs0/bin/observer" | grep -v grep
[2026-10-03 04:07:43.147][INFO ] [Role           :1154] - check port on 6.12.232.130
[2026-10-03 04:07:43.148][INFO ] [RemoteShell    :143] - netstat -lpnt 2>/dev/null | grep '0.0.0.0:42002 ' | awk -F ' ' '{print $7}'
[2026-10-03 04:07:43.179][INFO ] [RemoteShell    :143] - netstat -lpnt 2>/dev/null | grep '0.0.0.0:42037 ' | awk -F ' ' '{print $7}'
[2026-10-03 04:07:43.225][INFO ] [Role           :1164] - stop obs0 took 2 s
[2026-10-03 04:07:43.225][INFO ] [Deploy         :294] - execute db_s2.z1.obs0.force_stop  result => true
[2026-10-03 04:07:43.225][INFO ] [Deploy         :362] - execute db_s2.z1.force_stop result => true [true]
[2026-10-03 04:07:43.226][INFO ] [Deploy         :362] - execute db_s2.z1.force_stop_logstore result => true []
[2026-10-03 04:07:43.226][INFO ] [Deploy         :331] - execute db_s2.z1.force_stop_all result => true
[2026-10-03 04:07:43.227][INFO ] [Deploy         :287] - execute db_s2.z1.obs0.rmdir 
[2026-10-03 04:07:43.227][INFO ] [Deploy         :381] - execute db_s2.lite_mode result => true result type => java.lang.Boolean
[2026-10-03 04:07:43.228][INFO ] [Role           :1395] - rm -fr /data/1/nijia.nj/test/namespace_standby_20261003_v1/data/db_s2.z1.obs0.nijia.nj/sstable /data/1/nijia.nj/test/namespace_standby_20261003_v1/clog/db_s2.z1.obs0.nijia.nj/store /data/1/nijia.nj/test/namespace_standby_20261003_v1/clog/db_s2.z1.obs0.nijia.nj/store/slog /data/1/nijia.nj/test/namespace_standby_20261003_v1/data/db_s2.z1.obs0.nijia.nj/sort_dir , on => 6.12.232.130
[2026-10-03 04:07:43.234][INFO ] [Role           :1397] - rm -fr /data/1/nijia.nj/test/namespace_standby_20261003_v1/data/db_s2.z1.obs0.nijia.nj/sstable /data/1/nijia.nj/test/namespace_standby_20261003_v1/clog/db_s2.z1.obs0.nijia.nj/store /data/1/nijia.nj/test/namespace_standby_20261003_v1/clog/db_s2.z1.obs0.nijia.nj/store/slog /data/1/nijia.nj/test/namespace_standby_20261003_v1/data/db_s2.z1.obs0.nijia.nj/sort_dir , on => 6.12.232.130 rc => 0 stdout => null
[2026-10-03 04:07:43.256][INFO ] [Role           :1402] - rm -fr /data/1/nijia.nj/test/namespace_standby_20261003_v1/work/db_s2.z1.obs0/log , on => 6.12.232.130 rc => 0 stdout => null
[2026-10-03 04:07:43.261][INFO ] [Role           :1407] - rm -fr /data/1/nijia.nj/test/namespace_standby_20261003_v1/work/db_s2.z1.obs0/admin , on => 6.12.232.130 rc => 0 stdout => null
[2026-10-03 04:07:43.265][INFO ] [Role           :1412] - rm -fr /data/1/nijia.nj/test/namespace_standby_20261003_v1/work/db_s2.z1.obs0/wallet , on => 6.12.232.130 rc => 0 stdout => null
[2026-10-03 04:07:43.270][INFO ] [Role           :1417] - rm -fr /data/1/nijia.nj/test/namespace_standby_20261003_v1/work/db_s2.z1.obs0/etc/observer.c*nf*.bin* /data/1/nijia.nj/test/namespace_standby_20261003_v1/work/db_s2.z1.obs0/etc/seekdb.c*nf*.bin* , on => 6.12.232.130 rc => 0 stdout => null
[2026-10-03 04:07:43.275][INFO ] [Role           :1423] - rm -fr /data/1/nijia.nj/test/namespace_standby_20261003_v1/work/db_s2.z1.obs0/etc/observer.data_version.bin* /data/1/nijia.nj/test/namespace_standby_20261003_v1/work/db_s2.z1.obs0/etc/seekdb.data_version.bin* , on => 6.12.232.130 rc => 0 stdout => null
[2026-10-03 04:07:43.289][INFO ] [Role           :1429] - rm -fr /data/1/nijia.nj/test/namespace_standby_20261003_v1/work/db_s2.z1.obs0/etc2/observer.c*nf*.bin* , on => 6.12.232.130 rc => 0 stdout => null
[2026-10-03 04:07:43.293][INFO ] [Role           :1434] - rm -fr /data/1/nijia.nj/test/namespace_standby_20261003_v1/work/db_s2.z1.obs0/etc3/observer.c*nf*.bin* , on => 6.12.232.130 rc => 0 stdout => null
[2026-10-03 04:07:43.297][INFO ] [Role           :1439] - rm -fr /data/1/nijia.nj/test/namespace_standby_20261003_v1/work/db_s2.z1.obs0/run/observer.pid /data/1/nijia.nj/test/namespace_standby_20261003_v1/work/db_s2.z1.obs0/run/seekdb.pid , on => 6.12.232.130 rc => 0 stdout => null
[2026-10-03 04:07:43.301][INFO ] [Role           :1444] - rm -fr /data/1/nijia.nj/test/namespace_standby_20261003_v1/work/db_s2.z1.obs0/store/clog_shm , on => 6.12.232.130 rc => 0 stdout => null
[2026-10-03 04:07:43.305][INFO ] [Role           :1449] - rm -fr /data/1/nijia.nj/test/namespace_standby_20261003_v1/work/db_s2.z1.obs0/store/ilog_shm , on => 6.12.232.130 rc => 0 stdout => null
[2026-10-03 04:07:43.318][INFO ] [Role           :1454] - rm -fr /data/1/nijia.nj/test/namespace_standby_20261003_v1/work/db_s2.z1.obs0/store/manifest* , on => 6.12.232.130 rc => 0 stdout => null
[2026-10-03 04:07:43.325][INFO ] [Role           :1467] - rm -fr /data/1/nijia.nj/test/namespace_standby_20261003_v1/work/db_s2.z1.obs0/core* , on => 6.12.232.130 rc => 0 stdout => null
[2026-10-03 04:07:43.340][INFO ] [Role           :1504] - rm -fr /data/1/nijia.nj/test/namespace_standby_20261003_v1/clog/db_s2.z1.obs0.nijia.nj/ /data/1/nijia.nj/test/namespace_standby_20261003_v1/data/db_s2.z1.obs0.nijia.nj/ , on => 6.12.232.130 rc => 0 stdout => null
[2026-10-03 04:07:43.553][INFO ] [Role           :1510] - rm -fr /data/1/nijia.nj/test/namespace_standby_20261003_v1/work/db_s2.z1.obs0 , on => 6.12.232.130 rc => 0 stdout => null
[2026-10-03 04:07:43.559][INFO ] [Deploy         :294] - execute db_s2.z1.obs0.rmdir  result => true
[2026-10-03 04:07:43.559][INFO ] [Deploy         :362] - execute db_s2.z1.rmdir result => true [true]
[2026-10-03 04:07:43.560][INFO ] [Deploy         :331] - execute db_s2.z1.cleanup result => true
[2026-10-03 04:07:43.560][INFO ] [Deploy         :362] - execute db_s2.z1.cleanup_logstore result => true []
[2026-10-03 04:07:43.560][INFO ] [Deploy         :331] - execute db_s2.z1.cleanup_all result => true
[2026-10-03 04:07:43.560][INFO ] [Deploy         :287] - execute db_s2.z1.genconf
[2026-10-03 04:07:43.560][INFO ] [Deploy         :294] - execute db_s2.z1.genconf result => true
[2026-10-03 04:07:43.561][INFO ] [Deploy         :287] - execute db_s2.z1.obs0.mkdir 
[2026-10-03 04:07:43.562][INFO ] [Role           :1768] - mkdir -p /data/1/nijia.nj/test/namespace_standby_20261003_v1/work/db_s2.z1.obs0/store/;mkdir -p /data/1/nijia.nj/test/namespace_standby_20261003_v1/clog/db_s2.z1.obs0.nijia.nj/store/clog /data/1/nijia.nj/test/namespace_standby_20261003_v1/clog/db_s2.z1.obs0.nijia.nj/store/ilog /data/1/nijia.nj/test/namespace_standby_20261003_v1/clog/db_s2.z1.obs0.nijia.nj/store/slog /data/1/nijia.nj/test/namespace_standby_20261003_v1/data/db_s2.z1.obs0.nijia.nj/sort_dir /data/1/nijia.nj/test/namespace_standby_20261003_v1/data/db_s2.z1.obs0.nijia.nj/sstable;ln -sf /data/1/nijia.nj/test/namespace_standby_20261003_v1/data/db_s2.z1.obs0.nijia.nj/sstable /data/1/nijia.nj/test/namespace_standby_20261003_v1/work/db_s2.z1.obs0/store/;ln -sf /data/1/nijia.nj/test/namespace_standby_20261003_v1/clog/db_s2.z1.obs0.nijia.nj/store/clog /data/1/nijia.nj/test/namespace_standby_20261003_v1/work/db_s2.z1.obs0/store/;ln -sf /data/1/nijia.nj/test/namespace_standby_20261003_v1/clog/db_s2.z1.obs0.nijia.nj/store/ilog /data/1/nijia.nj/test/namespace_standby_20261003_v1/work/db_s2.z1.obs0/store/;ln -sf /data/1/nijia.nj/test/namespace_standby_20261003_v1/clog/db_s2.z1.obs0.nijia.nj/store/slog /data/1/nijia.nj/test/namespace_standby_20261003_v1/work/db_s2.z1.obs0/store/;ln -sf /data/1/nijia.nj/test/namespace_standby_20261003_v1/data/db_s2.z1.obs0.nijia.nj/sort_dir /data/1/nijia.nj/test/namespace_standby_20261003_v1/work/db_s2.z1.obs0/store/ on 6.12.232.130
[2026-10-03 04:07:43.578][INFO ] [Deploy         :294] - execute db_s2.z1.obs0.mkdir  result => true
[2026-10-03 04:07:43.579][INFO ] [Deploy         :362] - execute db_s2.z1.mkdir_obs result => true [true]
[2026-10-03 04:07:43.580][INFO ] [Deploy         :362] - execute db_s2.z1.mkdir_logstore result => true []
[2026-10-03 04:07:43.580][INFO ] [Deploy         :331] - execute db_s2.z1.mkdir result => true
[2026-10-03 04:07:43.580][INFO ] [Deploy         :287] - execute db_s2.z1.obs0.rsync 
[2026-10-03 04:07:43.580][INFO ] [Role           :1648] - sync server finish, time = 0
[2026-10-03 04:07:43.581][INFO ] [Role           :1563] - rsync server => db_s2.z1.obs0 version if specified => .
[2026-10-03 04:07:43.585][INFO ] [Role           :1635] - check disk dir ==> './admin' exist
[2026-10-03 04:07:43.590][WARN ] [Role           :1638] - check disk dir ==> './plugin_dir' not exist
[2026-10-03 04:07:43.611][INFO ] [Role           :1635] - check disk dir ==> './wallet' exist
[2026-10-03 04:07:43.611][INFO ] [Role           :1590] - transfer cmd to =>  rsync -WrptgoDRLv --timeout=600 bin etc lib  admin  wallet /data/1/nijia.nj/test/namespace_standby_20261003_v1/work/db_s2.z1.obs0
[2026-10-03 04:07:52.313][INFO ] [Role           :1604] - rsync cmd =>  rsync -WrptgoDRLv --timeout=600 bin etc lib  admin  wallet /data/1/nijia.nj/test/namespace_standby_20261003_v1/work/db_s2.z1.obs0
[2026-10-03 04:07:52.313][INFO ] [Deploy         :294] - execute db_s2.z1.obs0.rsync  result => true
[2026-10-03 04:07:52.313][INFO ] [Deploy         :362] - execute db_s2.z1.rsync_obs result => true [true]
[2026-10-03 04:07:52.314][INFO ] [Deploy         :362] - execute db_s2.z1.rsync_logstore result => true []
[2026-10-03 04:07:52.314][INFO ] [Deploy         :331] - execute db_s2.z1.rsync result => true
[2026-10-03 04:07:52.315][INFO ] [Deploy         :362] - execute db_s2.z1.start_logstore result => true []
[2026-10-03 04:07:52.315][INFO ] [Deploy         :287] - execute db_s2.z1.sleep 5
[2026-10-03 04:07:57.315][INFO ] [Deploy         :294] - execute db_s2.z1.sleep 5 result => true
[2026-10-03 04:07:57.316][INFO ] [Deploy         :287] - execute db_s2.z1.obs0.start 
[2026-10-03 04:07:57.316][INFO ] [Deploy         :381] - execute db_s2.lite_mode result => true result type => java.lang.Boolean
[2026-10-03 04:07:57.317][INFO ] [Deploy         :381] - execute db_s2.lite_mode result => true result type => java.lang.Boolean
6.12.232.130 is not a valid IPv6 address.
[2026-10-03 04:07:57.318][INFO ] [Role           :539] - cluster_id1
[2026-10-03 04:07:57.318][INFO ] [Deploy         :381] - execute db_s2.z_num result => 1 result type => java.lang.Integer
[2026-10-03 04:07:57.318][INFO ] [Role           :552] - db_s2 have 1 ZONE
[2026-10-03 04:07:57.318][INFO ] [Role           :584] - ofs_list ofs_list='z1@' has_ofs_zone false
[2026-10-03 04:07:57.319][INFO ] [Role           :637] - ulimit -c unlimited -s 4096;cd /data/1/nijia.nj/test/namespace_standby_20261003_v1/work/db_s2.z1.obs0;LD_LIBRARY_PATH=./lib:/usr/local/lib:/usr/lib:/usr/lib64:/usr/local/lib64:$LD_LIBRARY_PATH /data/1/nijia.nj/test/namespace_standby_20261003_v1/work/db_s2.z1.obs0/bin/observer --port 42037 --data-dir /data/1/nijia.nj/test/namespace_standby_20261003_v1/work/db_s2.z1.obs0/store --redo-dir /data/1/nijia.nj/test/namespace_standby_20261003_v1/work/db_s2.z1.obs0/store/clog  --role=STANDBY --parameter log_restore_source=6.12.232.130:42000 --parameter enable_rpc_service=true --parameter rpc_port=42002 --parameter datafile_size='2G' --parameter log_disk_size='2G' --parameter cpu_count=4 --parameter memory_limit='8G' on 6.12.232.130
[2026-10-03 04:07:57.387][INFO ] [Deploy         :294] - execute db_s2.z1.obs0.start  result => true
[2026-10-03 04:07:57.388][INFO ] [Deploy         :362] - execute db_s2.z1.start_obs result => true [true]
[2026-10-03 04:07:57.388][INFO ] [Deploy         :331] - execute db_s2.z1.start result => true
[2026-10-03 04:07:57.388][INFO ] [Deploy         :287] - execute db_s2.z1.sleep 8
[2026-10-03 04:08:05.389][INFO ] [Deploy         :294] - execute db_s2.z1.sleep 8 result => true
[2026-10-03 04:08:05.389][INFO ] [Deploy         :331] - execute db_s2.z1.reboot  result => true
[2026-10-03 04:08:05.389][INFO ] [Deploy         :362] - execute db_s2.deploy result => true [true]
[2026-10-03 04:08:05.390][INFO ] [Deploy         :287] - execute db_s2.sleep 5
[2026-10-03 04:08:10.390][INFO ] [Deploy         :294] - execute db_s2.sleep 5 result => true
[2026-10-03 04:08:10.390][INFO ] [Deploy         :287] - execute db_s2.bootstrap
[2026-10-03 04:08:10.391][INFO ] [Deploy         :381] - execute db_s2.z_num result => 1 result type => java.lang.Integer
[2026-10-03 04:08:10.391][INFO ] [Deploy         :381] - execute db_s2.zone_names result => [Ljava.lang.String;@4566e5bd result type => [Ljava.lang.String;
[2026-10-03 04:08:10.391][INFO ] [Deploy         :381] - execute db_s2.z1.obs_num result => 1 result type => java.lang.Integer
[2026-10-03 04:08:10.391][INFO ] [Deploy         :287] - execute db_s2.z1.obs0.get status
[2026-10-03 04:08:10.391][WARN ] [Deploy         :298] - execute db_s2.z1.obs0.get status result => null
[2026-10-03 04:08:10.391][INFO ] [Deploy         :381] - execute db_s2.lite_mode result => true result type => java.lang.Boolean
[2026-10-03 04:08:10.392][INFO ] [Deploy         :294] - execute db_s2.bootstrap result => true
[2026-10-03 04:08:10.392][INFO ] [Deploy         :287] - execute db_s2.addserver
[2026-10-03 04:08:10.392][INFO ] [Deploy         :381] - execute db_s2.z_num result => 1 result type => java.lang.Integer
[2026-10-03 04:08:10.392][INFO ] [Deploy         :381] - execute db_s2.zone_names result => [Ljava.lang.String;@4566e5bd result type => [Ljava.lang.String;
[2026-10-03 04:08:10.392][INFO ] [Deploy         :381] - execute db_s2.z1.obs_num result => 1 result type => java.lang.Integer
[2026-10-03 04:08:10.392][INFO ] [Deploy         :294] - execute db_s2.addserver result => true
[2026-10-03 04:08:10.392][INFO ] [Deploy         :287] - execute db_s2.exec_init_sql
[2026-10-03 04:08:10.392][INFO ] [Deploy         :381] - execute db_s2.lite_mode result => true result type => java.lang.Boolean
[2026-10-03 04:08:10.393][INFO ] [Deploy         :294] - execute db_s2.exec_init_sql result => true
[2026-10-03 04:08:10.393][INFO ] [Deploy         :287] - execute db_s2.register_proxy
[2026-10-03 04:08:10.393][INFO ] [Deploy         :294] - execute db_s2.register_proxy result => true
[2026-10-03 04:08:10.393][INFO ] [Deploy         :287] - execute db_s2.deploy_proxy
[2026-10-03 04:08:10.393][INFO ] [Deploy         :294] - execute db_s2.deploy_proxy result => true
[2026-10-03 04:08:10.393][INFO ] [Deploy         :287] - execute db_s2.sleep 5
[2026-10-03 04:08:15.394][INFO ] [Deploy         :294] - execute db_s2.sleep 5 result => true
[2026-10-03 04:08:15.394][INFO ] [Deploy         :331] - execute db_s2.reboot_proxy result => true
[2026-10-03 04:08:15.394][INFO ] [Deploy         :287] - execute db_s2.deploy_asvr
[2026-10-03 04:08:15.395][INFO ] [Deploy         :294] - execute db_s2.deploy_asvr result => true
[2026-10-03 04:08:15.395][INFO ] [Deploy         :287] - execute db_s2.sleep 5
[2026-10-03 04:08:20.395][INFO ] [Deploy         :294] - execute db_s2.sleep 5 result => true
[2026-10-03 04:08:20.396][INFO ] [Deploy         :331] - execute db_s2.reboot_asvr result => true
[2026-10-03 04:08:20.396][INFO ] [Deploy         :287] - execute db_s2.add_asvr
[2026-10-03 04:08:20.396][INFO ] [OBI            :1509] - There is no need to add asvr.
[2026-10-03 04:08:20.396][INFO ] [Deploy         :294] - execute db_s2.add_asvr result => true
[2026-10-03 04:08:20.396][INFO ] [Deploy         :287] - execute db_s2.prepare_agent
[2026-10-03 04:08:20.397][INFO ] [Deploy         :294] - execute db_s2.prepare_agent result => true
[2026-10-03 04:08:20.397][INFO ] [Deploy         :331] - execute db_s2.reboot result => true
[2026-10-03 04:08:20.397][INFO ] [Command        :353] - start[1790971663040] time[37356] tag[Q_DEPLOY]
[2026-10-03 04:08:20.397][INFO ] [Command        :536] - > LINE => 38, CMD => Q_ECHO, CONTENT => ========== Initialization: Verify One Primary Multi Standby Topology ==========
[2026-10-03 04:08:20.398][INFO ] [Command        :353] - start[1790971700397] time[0] tag[Q_ECHO]
[2026-10-03 04:08:20.398][INFO ] [Command        :536] - > LINE => 40, CMD => Q_DISABLE_QUERY_LOG, CONTENT => --disable_query_log
[2026-10-03 04:08:20.398][INFO ] [Command        :353] - start[1790971700398] time[0] tag[Q_DISABLE_QUERY_LOG]
[2026-10-03 04:08:20.398][INFO ] [Command        :536] - > LINE => 41, CMD => Q_DISABLE_RESULT_LOG, CONTENT => --disable_result_log
[2026-10-03 04:08:20.398][INFO ] [Command        :353] - start[1790971700398] time[0] tag[Q_DISABLE_RESULT_LOG]
[2026-10-03 04:08:20.399][INFO ] [Command        :536] - > LINE => 44, CMD => Q_DEPLOY, CONTENT => db_p.check_until_timeout select count(*) from oceanbase.__all_virtual_server_stat where role = 'PRIMARY', 1, 30;
[2026-10-03 04:08:20.399][INFO ] [DeployProcessor:93] - deploy => db_p.check_until_timeout select count(*) from oceanbase.__all_virtual_server_stat where role = 'PRIMARY', 1, 30
[2026-10-03 04:08:20.399][INFO ] [Deploy         :287] - execute db_p.check_until_timeout select count(*) from oceanbase.__all_virtual_server_stat where role = 'PRIMARY', 1, 30
[2026-10-03 04:08:20.399][INFO ] [Deploy         :287] - execute db_p.select_one_value select count(*) from oceanbase.__all_virtual_server_stat where role = 'PRIMARY'
Loading class `com.mysql.jdbc.Driver'. This is deprecated. The new driver class is `com.mysql.cj.jdbc.Driver'. The driver is automatically registered via the SPI and manual loading of the driver class is generally unnecessary.
[2026-10-03 04:08:20.671][INFO ] [SQLProcessor   :2086] - execute sql => select count(*) from oceanbase.__all_virtual_server_stat where role = 'PRIMARY'
[2026-10-03 04:08:21.22][INFO ] [Deploy         :294] - execute db_p.select_one_value select count(*) from oceanbase.__all_virtual_server_stat where role = 'PRIMARY' result => 1
[2026-10-03 04:08:21.23][INFO ] [OBI            :5345] - check success! use time = 0
[2026-10-03 04:08:21.23][INFO ] [Deploy         :294] - execute db_p.check_until_timeout select count(*) from oceanbase.__all_virtual_server_stat where role = 'PRIMARY', 1, 30 result => true
[2026-10-03 04:08:21.23][INFO ] [Command        :353] - start[1790971700399] time[623] tag[Q_DEPLOY]
[2026-10-03 04:08:21.24][INFO ] [Command        :536] - > LINE => 47, CMD => Q_DEPLOY, CONTENT => db_s1.check_until_timeout select count(*) from oceanbase.__all_virtual_server_stat where role = 'STANDBY', 1, 30;
[2026-10-03 04:08:21.24][INFO ] [DeployProcessor:93] - deploy => db_s1.check_until_timeout select count(*) from oceanbase.__all_virtual_server_stat where role = 'STANDBY', 1, 30
[2026-10-03 04:08:21.24][INFO ] [Deploy         :287] - execute db_s1.check_until_timeout select count(*) from oceanbase.__all_virtual_server_stat where role = 'STANDBY', 1, 30
[2026-10-03 04:08:21.25][INFO ] [Deploy         :287] - execute db_s1.select_one_value select count(*) from oceanbase.__all_virtual_server_stat where role = 'STANDBY'
[2026-10-03 04:08:21.26][INFO ] [SQLProcessor   :2086] - execute sql => select count(*) from oceanbase.__all_virtual_server_stat where role = 'STANDBY'
[2026-10-03 04:08:21.96][INFO ] [Deploy         :294] - execute db_s1.select_one_value select count(*) from oceanbase.__all_virtual_server_stat where role = 'STANDBY' result => 1
[2026-10-03 04:08:21.96][INFO ] [OBI            :5345] - check success! use time = 0
[2026-10-03 04:08:21.97][INFO ] [Deploy         :294] - execute db_s1.check_until_timeout select count(*) from oceanbase.__all_virtual_server_stat where role = 'STANDBY', 1, 30 result => true
[2026-10-03 04:08:21.97][INFO ] [Command        :353] - start[1790971701024] time[72] tag[Q_DEPLOY]
[2026-10-03 04:08:21.97][INFO ] [Command        :536] - > LINE => 50, CMD => Q_DEPLOY, CONTENT => db_s2.check_until_timeout select count(*) from oceanbase.__all_virtual_server_stat where role = 'STANDBY', 1, 30;
[2026-10-03 04:08:21.98][INFO ] [DeployProcessor:93] - deploy => db_s2.check_until_timeout select count(*) from oceanbase.__all_virtual_server_stat where role = 'STANDBY', 1, 30
[2026-10-03 04:08:21.98][INFO ] [Deploy         :287] - execute db_s2.check_until_timeout select count(*) from oceanbase.__all_virtual_server_stat where role = 'STANDBY', 1, 30
[2026-10-03 04:08:21.98][INFO ] [Deploy         :287] - execute db_s2.select_one_value select count(*) from oceanbase.__all_virtual_server_stat where role = 'STANDBY'
[2026-10-03 04:08:21.98][INFO ] [SQLProcessor   :2086] - execute sql => select count(*) from oceanbase.__all_virtual_server_stat where role = 'STANDBY'
[2026-10-03 04:08:21.133][INFO ] [Deploy         :294] - execute db_s2.select_one_value select count(*) from oceanbase.__all_virtual_server_stat where role = 'STANDBY' result => 1
[2026-10-03 04:08:21.134][INFO ] [OBI            :5345] - check success! use time = 0
[2026-10-03 04:08:21.134][INFO ] [Deploy         :294] - execute db_s2.check_until_timeout select count(*) from oceanbase.__all_virtual_server_stat where role = 'STANDBY', 1, 30 result => true
[2026-10-03 04:08:21.134][INFO ] [Command        :353] - start[1790971701097] time[36] tag[Q_DEPLOY]
[2026-10-03 04:08:21.134][INFO ] [Command        :536] - > LINE => 53, CMD => Q_LET_DEPLOY, CONTENT => $db_p_svr_ip
[2026-10-03 04:08:21.135][INFO ] [Deploy         :287] - execute db_p.select select svr_ip from oceanbase.__all_virtual_server_stat limit 1, svr_ip, 1
[2026-10-03 04:08:21.135][INFO ] [SQLProcessor   :2086] - execute sql => select svr_ip from oceanbase.__all_virtual_server_stat limit 1
[2026-10-03 04:08:21.145][INFO ] [Deploy         :294] - execute db_p.select select svr_ip from oceanbase.__all_virtual_server_stat limit 1, svr_ip, 1 result => 127.0.0.1
[2026-10-03 04:08:21.145][INFO ] [Command        :353] - start[1790971701134] time[10] tag[Q_LET_DEPLOY]
[2026-10-03 04:08:21.145][INFO ] [Command        :536] - > LINE => 54, CMD => Q_LET_DEPLOY, CONTENT => $db_p_rpc_port
[2026-10-03 04:08:21.146][INFO ] [Deploy         :287] - execute db_p.select select rpc_port from oceanbase.__all_virtual_server_stat limit 1, rpc_port, 1
[2026-10-03 04:08:21.146][INFO ] [SQLProcessor   :2086] - execute sql => select rpc_port from oceanbase.__all_virtual_server_stat limit 1
[2026-10-03 04:08:21.154][INFO ] [Deploy         :294] - execute db_p.select select rpc_port from oceanbase.__all_virtual_server_stat limit 1, rpc_port, 1 result => 42000
[2026-10-03 04:08:21.155][INFO ] [Command        :353] - start[1790971701145] time[9] tag[Q_LET_DEPLOY]
[2026-10-03 04:08:21.155][INFO ] [Command        :536] - > LINE => 57, CMD => Q_DEPLOY, CONTENT => db_s1.check_until_timeout select count(*) from oceanbase.__all_virtual_server_stat where log_restore_source like '%:$db_p_rpc_port', 1, 30;
[2026-10-03 04:08:21.158][INFO ] [DeployProcessor:93] - deploy => db_s1.check_until_timeout select count(*) from oceanbase.__all_virtual_server_stat where log_restore_source like '%:42000', 1, 30
[2026-10-03 04:08:21.158][INFO ] [Deploy         :287] - execute db_s1.check_until_timeout select count(*) from oceanbase.__all_virtual_server_stat where log_restore_source like '%:42000', 1, 30
[2026-10-03 04:08:21.158][INFO ] [Deploy         :287] - execute db_s1.select_one_value select count(*) from oceanbase.__all_virtual_server_stat where log_restore_source like '%:42000'
[2026-10-03 04:08:21.159][INFO ] [SQLProcessor   :2086] - execute sql => select count(*) from oceanbase.__all_virtual_server_stat where log_restore_source like '%:42000'
[2026-10-03 04:08:21.168][INFO ] [Deploy         :294] - execute db_s1.select_one_value select count(*) from oceanbase.__all_virtual_server_stat where log_restore_source like '%:42000' result => 1
[2026-10-03 04:08:21.168][INFO ] [OBI            :5345] - check success! use time = 0
[2026-10-03 04:08:21.168][INFO ] [Deploy         :294] - execute db_s1.check_until_timeout select count(*) from oceanbase.__all_virtual_server_stat where log_restore_source like '%:42000', 1, 30 result => true
[2026-10-03 04:08:21.168][INFO ] [Command        :353] - start[1790971701155] time[13] tag[Q_DEPLOY]
[2026-10-03 04:08:21.169][INFO ] [Command        :536] - > LINE => 60, CMD => Q_DEPLOY, CONTENT => db_s2.check_until_timeout select count(*) from oceanbase.__all_virtual_server_stat where log_restore_source like '%:$db_p_rpc_port', 1, 30;
[2026-10-03 04:08:21.170][INFO ] [DeployProcessor:93] - deploy => db_s2.check_until_timeout select count(*) from oceanbase.__all_virtual_server_stat where log_restore_source like '%:42000', 1, 30
[2026-10-03 04:08:21.170][INFO ] [Deploy         :287] - execute db_s2.check_until_timeout select count(*) from oceanbase.__all_virtual_server_stat where log_restore_source like '%:42000', 1, 30
[2026-10-03 04:08:21.170][INFO ] [Deploy         :287] - execute db_s2.select_one_value select count(*) from oceanbase.__all_virtual_server_stat where log_restore_source like '%:42000'
[2026-10-03 04:08:21.171][INFO ] [SQLProcessor   :2086] - execute sql => select count(*) from oceanbase.__all_virtual_server_stat where log_restore_source like '%:42000'
[2026-10-03 04:08:21.179][INFO ] [Deploy         :294] - execute db_s2.select_one_value select count(*) from oceanbase.__all_virtual_server_stat where log_restore_source like '%:42000' result => 1
[2026-10-03 04:08:21.180][INFO ] [OBI            :5345] - check success! use time = 0
[2026-10-03 04:08:21.180][INFO ] [Deploy         :294] - execute db_s2.check_until_timeout select count(*) from oceanbase.__all_virtual_server_stat where log_restore_source like '%:42000', 1, 30 result => true
[2026-10-03 04:08:21.180][INFO ] [Command        :353] - start[1790971701169] time[10] tag[Q_DEPLOY]
[2026-10-03 04:08:21.180][INFO ] [Command        :536] - > LINE => 62, CMD => Q_ENABLE_QUERY_LOG, CONTENT => --enable_query_log
[2026-10-03 04:08:21.180][INFO ] [Command        :353] - start[1790971701180] time[0] tag[Q_ENABLE_QUERY_LOG]
[2026-10-03 04:08:21.181][INFO ] [Command        :536] - > LINE => 63, CMD => Q_ENABLE_RESULT_LOG, CONTENT => --enable_result_log
[2026-10-03 04:08:21.181][INFO ] [Command        :353] - start[1790971701181] time[0] tag[Q_ENABLE_RESULT_LOG]
[2026-10-03 04:08:21.181][INFO ] [Command        :536] - > LINE => 65, CMD => Q_ECHO, CONTENT => Initialization completed: One primary multi standby topology verified (db_p -> db_s1, db_p -> db_s2)
[2026-10-03 04:08:21.181][INFO ] [Command        :353] - start[1790971701181] time[0] tag[Q_ECHO]
[2026-10-03 04:08:21.182][INFO ] [Command        :536] - > LINE => 70, CMD => Q_ECHO, CONTENT => ========== Case 1: Verify Parallel Sync ==========
[2026-10-03 04:08:21.182][INFO ] [Command        :353] - start[1790971701182] time[0] tag[Q_ECHO]
[2026-10-03 04:08:21.182][INFO ] [Command        :536] - > LINE => 72, CMD => Q_DISABLE_QUERY_LOG, CONTENT => --disable_query_log
[2026-10-03 04:08:21.182][INFO ] [Command        :353] - start[1790971701182] time[0] tag[Q_DISABLE_QUERY_LOG]
[2026-10-03 04:08:21.182][INFO ] [Command        :536] - > LINE => 73, CMD => Q_DISABLE_RESULT_LOG, CONTENT => --disable_result_log
[2026-10-03 04:08:21.182][INFO ] [Command        :353] - start[1790971701182] time[0] tag[Q_DISABLE_RESULT_LOG]
[2026-10-03 04:08:21.183][INFO ] [Command        :536] - > LINE => 76, CMD => Q_CONNECT, CONTENT => ob_connect(conn_sys_p, db_p.z1.obs0, root@sys, , oceanbase, , USE_MYSQL_CONNECTOR)
[2026-10-03 04:08:21.185][INFO ] [SQLProcessor   :1505] - conn_sys_p create a physical connection  using jdbc:mysql://6.12.232.130:42035/oceanbase?useAffectedRows=true&emulateUnsupportedPstmts=false&characterEncoding=utf8&useServerPrepStmts=true&prepStmtCacheSqlLimit=1000&enableQueryTimeouts=false&useLocalSessionState=false&useLocalTransactionState=false&rewriteBatchedStatements=true&allowMultiQueries=true&socketTimeout=1800000 user/pwd is root@sys/
[2026-10-03 04:08:21.202][INFO ] [SQLProcessor   :1519] - connection => conn_sys_p is mysql mode.
[2026-10-03 04:08:21.202][INFO ] [SQLProcessor   :1522] - put conn: dataid=conn_sys_p currentConn=com.mysql.cj.jdbc.ConnectionImpl@5fe94a96 hashcode => 1609124502
[2026-10-03 04:08:21.202][INFO ] [Command        :353] - start[1790971701183] time[19] tag[Q_CONNECT]
[2026-10-03 04:08:21.202][INFO ] [Command        :536] - > LINE => 77, CMD => Q_CONNECTION, CONTENT => connection conn_sys_p
[2026-10-03 04:08:21.203][INFO ] [SQLProcessor   :1128] - use connection => conn_sys_p hashcode => 1609124502
[2026-10-03 04:08:21.204][INFO ] [SQLProcessor   :1158] - connection => conn_sys_p is mysql mode. conn=com.mysql.cj.jdbc.ConnectionImpl@5fe94a96
[2026-10-03 04:08:21.204][INFO ] [Command        :353] - start[1790971701202] time[1] tag[Q_CONNECTION]
[2026-10-03 04:08:21.204][INFO ] [Command        :536] - > LINE => 79, CMD => Q_ENABLE_QUERY_LOG, CONTENT => --enable_query_log
[2026-10-03 04:08:21.205][INFO ] [Command        :353] - start[1790971701204] time[0] tag[Q_ENABLE_QUERY_LOG]
[2026-10-03 04:08:21.205][INFO ] [Command        :536] - > LINE => 80, CMD => Q_ENABLE_RESULT_LOG, CONTENT => --enable_result_log
[2026-10-03 04:08:21.205][INFO ] [Command        :353] - start[1790971701205] time[0] tag[Q_ENABLE_RESULT_LOG]
[2026-10-03 04:08:21.205][INFO ] [Command        :536] - > LINE => 83, CMD => Q_QUERY, CONTENT => create table if not exists test_multi_standby(id int primary key, name varchar(100), value int);
[2026-10-03 04:08:21.511][INFO ] [Command        :353] - start[1790971701205] time[305] tag[Q_QUERY]
[2026-10-03 04:08:21.512][INFO ] [Command        :536] - > LINE => 84, CMD => Q_QUERY, CONTENT => insert into test_multi_standby values(1, 'init_data', 100);
[2026-10-03 04:08:21.518][INFO ] [Command        :353] - start[1790971701512] time[6] tag[Q_QUERY]
[2026-10-03 04:08:21.519][INFO ] [Command        :536] - > LINE => 85, CMD => Q_QUERY, CONTENT => insert into test_multi_standby values(2, 'init_data_2', 200);
[2026-10-03 04:08:21.522][INFO ] [Command        :353] - start[1790971701519] time[3] tag[Q_QUERY]
[2026-10-03 04:08:21.523][INFO ] [Command        :536] - > LINE => 87, CMD => Q_DISABLE_QUERY_LOG, CONTENT => --disable_query_log
[2026-10-03 04:08:21.523][INFO ] [Command        :353] - start[1790971701523] time[0] tag[Q_DISABLE_QUERY_LOG]
[2026-10-03 04:08:21.523][INFO ] [Command        :536] - > LINE => 88, CMD => Q_DISABLE_RESULT_LOG, CONTENT => --disable_result_log
[2026-10-03 04:08:21.523][INFO ] [Command        :353] - start[1790971701523] time[0] tag[Q_DISABLE_RESULT_LOG]
[2026-10-03 04:08:21.524][INFO ] [Command        :536] - > LINE => 91, CMD => Q_QUERY, CONTENT => ALTER SYSTEM MINOR FREEZE;
[2026-10-03 04:08:21.528][INFO ] [Command        :353] - start[1790971701524] time[3] tag[Q_QUERY]
[2026-10-03 04:08:21.528][INFO ] [Command        :536] - > LINE => 94, CMD => Q_DEPLOY, CONTENT => db_s1.check_until_timeout select count(*) from test_multi_standby where id = 1, 1, 120;
[2026-10-03 04:08:21.529][INFO ] [DeployProcessor:93] - deploy => db_s1.check_until_timeout select count(*) from test_multi_standby where id = 1, 1, 120
[2026-10-03 04:08:21.529][INFO ] [Deploy         :287] - execute db_s1.check_until_timeout select count(*) from test_multi_standby where id = 1, 1, 120
[2026-10-03 04:08:21.529][INFO ] [Deploy         :287] - execute db_s1.select_one_value select count(*) from test_multi_standby where id = 1
[2026-10-03 04:08:21.530][INFO ] [SQLProcessor   :2086] - execute sql => select count(*) from test_multi_standby where id = 1
[2026-10-03 04:08:21.548][ERROR] [SQLProcessor   :2096] - user => admin@sys, passwd => admin, jdbcUrl => jdbc:mysql://6.12.232.130:42036/oceanbase?useAffectedRows=true&emulateUnsupportedPstmts=false&characterEncoding=utf8&useServerPrepStmts=false&prepStmtCacheSqlLimit=1000&enableQueryTimeouts=true&useLocalSessionState=false&useLocalTransactionState=false&rewriteBatchedStatements=true&allowMultiQueries=true&socketTimeout=600000
[2026-10-03 04:08:21.548][ERROR] [SQLProcessor   :2098] - execute sql => select count(*) from test_multi_standby where id = 1 failed
java.sql.SQLSyntaxErrorException: Table 'oceanbase.test_multi_standby' doesn't exist
	at com.mysql.cj.jdbc.exceptions.SQLError.createSQLException(SQLError.java:121)
	at com.mysql.cj.jdbc.exceptions.SQLExceptionsMapping.translateException(SQLExceptionsMapping.java:122)
	at com.mysql.cj.jdbc.StatementImpl.executeInternal(StatementImpl.java:763)
	at com.mysql.cj.jdbc.StatementImpl.execute(StatementImpl.java:648)
	at com.etao.mytest.processor.SQLProcessor.selectGetValue(SQLProcessor.java:2091)
	at com.etao.mytest.deploy.OBI.select_one_value(OBI.java:4540)
	at sun.reflect.NativeMethodAccessorImpl.invoke0(Native Method)
	at sun.reflect.NativeMethodAccessorImpl.invoke(NativeMethodAccessorImpl.java:62)
	at sun.reflect.DelegatingMethodAccessorImpl.invoke(DelegatingMethodAccessorImpl.java:43)
	at java.lang.reflect.Method.invoke(Method.java:498)
	at com.etao.mytest.deploy.Deploy.execute(Deploy.java:289)
	at com.etao.mytest.deploy.OBI.check_until_timeout(OBI.java:5340)
	at sun.reflect.NativeMethodAccessorImpl.invoke0(Native Method)
	at sun.reflect.NativeMethodAccessorImpl.invoke(NativeMethodAccessorImpl.java:62)
	at sun.reflect.DelegatingMethodAccessorImpl.invoke(DelegatingMethodAccessorImpl.java:43)
	at java.lang.reflect.Method.invoke(Method.java:498)
	at com.etao.mytest.deploy.Deploy.execute(Deploy.java:289)
	at com.etao.mytest.processor.DeployProcessor.process(DeployProcessor.java:157)
	at com.etao.mytest.command.Command.execute(Command.java:552)
	at com.etao.mytest.main.TestCase.run(TestCase.java:779)
	at com.etao.mytest.main.MyTest.main(MyTest.java:129)
[2026-10-03 04:08:21.548][WARN ] [Deploy         :298] - execute db_s1.select_one_value select count(*) from test_multi_standby where id = 1 result => null
[2026-10-03 04:08:21.549][WARN ] [OBI            :5348] - expect => 1, actual => null, left timeout => 120, totaltime => 120, file => 94/433, file_percent => 21
[2026-10-03 04:08:22.549][INFO ] [Deploy         :287] - execute db_s1.select_one_value select count(*) from test_multi_standby where id = 1
[2026-10-03 04:08:22.550][INFO ] [SQLProcessor   :2086] - execute sql => select count(*) from test_multi_standby where id = 1
[2026-10-03 04:08:22.568][INFO ] [Deploy         :294] - execute db_s1.select_one_value select count(*) from test_multi_standby where id = 1 result => 1
[2026-10-03 04:08:22.568][INFO ] [OBI            :5345] - check success! use time = 1
[2026-10-03 04:08:22.568][INFO ] [Deploy         :294] - execute db_s1.check_until_timeout select count(*) from test_multi_standby where id = 1, 1, 120 result => true
[2026-10-03 04:08:22.568][INFO ] [Command        :353] - start[1790971701529] time[1039] tag[Q_DEPLOY]
[2026-10-03 04:08:22.569][INFO ] [Command        :536] - > LINE => 95, CMD => Q_DEPLOY, CONTENT => db_s1.check_until_timeout select count(*) from test_multi_standby where id = 2, 1, 30;
[2026-10-03 04:08:22.569][INFO ] [DeployProcessor:93] - deploy => db_s1.check_until_timeout select count(*) from test_multi_standby where id = 2, 1, 30
[2026-10-03 04:08:22.569][INFO ] [Deploy         :287] - execute db_s1.check_until_timeout select count(*) from test_multi_standby where id = 2, 1, 30
[2026-10-03 04:08:22.569][INFO ] [Deploy         :287] - execute db_s1.select_one_value select count(*) from test_multi_standby where id = 2
[2026-10-03 04:08:22.570][INFO ] [SQLProcessor   :2086] - execute sql => select count(*) from test_multi_standby where id = 2
[2026-10-03 04:08:22.577][INFO ] [Deploy         :294] - execute db_s1.select_one_value select count(*) from test_multi_standby where id = 2 result => 1
[2026-10-03 04:08:22.577][INFO ] [OBI            :5345] - check success! use time = 0
[2026-10-03 04:08:22.577][INFO ] [Deploy         :294] - execute db_s1.check_until_timeout select count(*) from test_multi_standby where id = 2, 1, 30 result => true
[2026-10-03 04:08:22.577][INFO ] [Command        :353] - start[1790971702569] time[8] tag[Q_DEPLOY]
[2026-10-03 04:08:22.578][INFO ] [Command        :536] - > LINE => 97, CMD => Q_DEPLOY, CONTENT => db_s2.check_until_timeout select count(*) from test_multi_standby where id = 1, 1, 120;
[2026-10-03 04:08:22.578][INFO ] [DeployProcessor:93] - deploy => db_s2.check_until_timeout select count(*) from test_multi_standby where id = 1, 1, 120
[2026-10-03 04:08:22.578][INFO ] [Deploy         :287] - execute db_s2.check_until_timeout select count(*) from test_multi_standby where id = 1, 1, 120
[2026-10-03 04:08:22.579][INFO ] [Deploy         :287] - execute db_s2.select_one_value select count(*) from test_multi_standby where id = 1
[2026-10-03 04:08:22.579][INFO ] [SQLProcessor   :2086] - execute sql => select count(*) from test_multi_standby where id = 1
[2026-10-03 04:08:22.608][INFO ] [Deploy         :294] - execute db_s2.select_one_value select count(*) from test_multi_standby where id = 1 result => 1
[2026-10-03 04:08:22.608][INFO ] [OBI            :5345] - check success! use time = 0
[2026-10-03 04:08:22.608][INFO ] [Deploy         :294] - execute db_s2.check_until_timeout select count(*) from test_multi_standby where id = 1, 1, 120 result => true
[2026-10-03 04:08:22.608][INFO ] [Command        :353] - start[1790971702578] time[30] tag[Q_DEPLOY]
[2026-10-03 04:08:22.609][INFO ] [Command        :536] - > LINE => 98, CMD => Q_DEPLOY, CONTENT => db_s2.check_until_timeout select count(*) from test_multi_standby where id = 2, 1, 30;
[2026-10-03 04:08:22.609][INFO ] [DeployProcessor:93] - deploy => db_s2.check_until_timeout select count(*) from test_multi_standby where id = 2, 1, 30
[2026-10-03 04:08:22.609][INFO ] [Deploy         :287] - execute db_s2.check_until_timeout select count(*) from test_multi_standby where id = 2, 1, 30
[2026-10-03 04:08:22.609][INFO ] [Deploy         :287] - execute db_s2.select_one_value select count(*) from test_multi_standby where id = 2
[2026-10-03 04:08:22.610][INFO ] [SQLProcessor   :2086] - execute sql => select count(*) from test_multi_standby where id = 2
[2026-10-03 04:08:22.617][INFO ] [Deploy         :294] - execute db_s2.select_one_value select count(*) from test_multi_standby where id = 2 result => 1
[2026-10-03 04:08:22.617][INFO ] [OBI            :5345] - check success! use time = 0
[2026-10-03 04:08:22.617][INFO ] [Deploy         :294] - execute db_s2.check_until_timeout select count(*) from test_multi_standby where id = 2, 1, 30 result => true
[2026-10-03 04:08:22.617][INFO ] [Command        :353] - start[1790971702609] time[8] tag[Q_DEPLOY]
[2026-10-03 04:08:22.618][INFO ] [Command        :536] - > LINE => 100, CMD => Q_ENABLE_QUERY_LOG, CONTENT => --enable_query_log
[2026-10-03 04:08:22.618][INFO ] [Command        :353] - start[1790971702618] time[0] tag[Q_ENABLE_QUERY_LOG]
[2026-10-03 04:08:22.618][INFO ] [Command        :536] - > LINE => 101, CMD => Q_ENABLE_RESULT_LOG, CONTENT => --enable_result_log
[2026-10-03 04:08:22.618][INFO ] [Command        :353] - start[1790971702618] time[0] tag[Q_ENABLE_RESULT_LOG]
[2026-10-03 04:08:22.618][INFO ] [Command        :536] - > LINE => 104, CMD => Q_CONNECT, CONTENT => ob_connect(conn_sys_s1, db_s1.z1.obs0, root@sys, , oceanbase, , USE_MYSQL_CONNECTOR)
[2026-10-03 04:08:22.619][INFO ] [SQLProcessor   :1505] - conn_sys_s1 create a physical connection  using jdbc:mysql://6.12.232.130:42036/oceanbase?useAffectedRows=true&emulateUnsupportedPstmts=false&characterEncoding=utf8&useServerPrepStmts=true&prepStmtCacheSqlLimit=1000&enableQueryTimeouts=false&useLocalSessionState=false&useLocalTransactionState=false&rewriteBatchedStatements=true&allowMultiQueries=true&socketTimeout=1800000 user/pwd is root@sys/
[2026-10-03 04:08:22.632][INFO ] [SQLProcessor   :1519] - connection => conn_sys_s1 is mysql mode.
[2026-10-03 04:08:22.632][INFO ] [SQLProcessor   :1522] - put conn: dataid=conn_sys_s1 currentConn=com.mysql.cj.jdbc.ConnectionImpl@61322f9d hashcode => 1630678941
[2026-10-03 04:08:22.633][INFO ] [Command        :353] - start[1790971702618] time[14] tag[Q_CONNECT]
[2026-10-03 04:08:22.633][INFO ] [Command        :536] - > LINE => 105, CMD => Q_CONNECTION, CONTENT => connection conn_sys_s1
[2026-10-03 04:08:22.633][INFO ] [SQLProcessor   :1128] - use connection => conn_sys_s1 hashcode => 1630678941
[2026-10-03 04:08:22.634][INFO ] [SQLProcessor   :1158] - connection => conn_sys_s1 is mysql mode. conn=com.mysql.cj.jdbc.ConnectionImpl@61322f9d
[2026-10-03 04:08:22.634][INFO ] [Command        :353] - start[1790971702633] time[1] tag[Q_CONNECTION]
[2026-10-03 04:08:22.635][INFO ] [Command        :536] - > LINE => 106, CMD => Q_QUERY, CONTENT => select count(*) from test_multi_standby;
[2026-10-03 04:08:22.639][INFO ] [Command        :353] - start[1790971702635] time[3] tag[Q_QUERY]
[2026-10-03 04:08:22.639][INFO ] [Command        :536] - > LINE => 110, CMD => Q_CONNECT, CONTENT => ob_connect(conn_sys_s2, db_s2.z1.obs0, root@sys, , oceanbase, , USE_MYSQL_CONNECTOR)
[2026-10-03 04:08:22.640][INFO ] [SQLProcessor   :1505] - conn_sys_s2 create a physical connection  using jdbc:mysql://6.12.232.130:42037/oceanbase?useAffectedRows=true&emulateUnsupportedPstmts=false&characterEncoding=utf8&useServerPrepStmts=true&prepStmtCacheSqlLimit=1000&enableQueryTimeouts=false&useLocalSessionState=false&useLocalTransactionState=false&rewriteBatchedStatements=true&allowMultiQueries=true&socketTimeout=1800000 user/pwd is root@sys/
[2026-10-03 04:08:22.655][INFO ] [SQLProcessor   :1519] - connection => conn_sys_s2 is mysql mode.
[2026-10-03 04:08:22.655][INFO ] [SQLProcessor   :1522] - put conn: dataid=conn_sys_s2 currentConn=com.mysql.cj.jdbc.ConnectionImpl@7bedc48a hashcode => 2079179914
[2026-10-03 04:08:22.655][INFO ] [Command        :353] - start[1790971702639] time[15] tag[Q_CONNECT]
[2026-10-03 04:08:22.655][INFO ] [Command        :536] - > LINE => 111, CMD => Q_CONNECTION, CONTENT => connection conn_sys_s2
[2026-10-03 04:08:22.655][INFO ] [SQLProcessor   :1128] - use connection => conn_sys_s2 hashcode => 2079179914
[2026-10-03 04:08:22.656][INFO ] [SQLProcessor   :1158] - connection => conn_sys_s2 is mysql mode. conn=com.mysql.cj.jdbc.ConnectionImpl@7bedc48a
[2026-10-03 04:08:22.657][INFO ] [Command        :353] - start[1790971702655] time[1] tag[Q_CONNECTION]
[2026-10-03 04:08:22.657][INFO ] [Command        :536] - > LINE => 112, CMD => Q_QUERY, CONTENT => select count(*) from test_multi_standby;
[2026-10-03 04:08:22.661][INFO ] [Command        :353] - start[1790971702657] time[4] tag[Q_QUERY]
[2026-10-03 04:08:22.662][INFO ] [Command        :536] - > LINE => 115, CMD => Q_ECHO, CONTENT => Case 1 completed: Parallel sync verified (db_p -> db_s1, db_p -> db_s2)
[2026-10-03 04:08:22.662][INFO ] [Command        :353] - start[1790971702662] time[0] tag[Q_ECHO]
[2026-10-03 04:08:22.662][INFO ] [Command        :536] - > LINE => 120, CMD => Q_ECHO, CONTENT => ========== Case 2: Verify Independent Sync Progress ==========
[2026-10-03 04:08:22.662][INFO ] [Command        :353] - start[1790971702662] time[0] tag[Q_ECHO]
[2026-10-03 04:08:22.663][INFO ] [Command        :536] - > LINE => 122, CMD => Q_DISABLE_QUERY_LOG, CONTENT => --disable_query_log
[2026-10-03 04:08:22.663][INFO ] [Command        :353] - start[1790971702663] time[0] tag[Q_DISABLE_QUERY_LOG]
[2026-10-03 04:08:22.663][INFO ] [Command        :536] - > LINE => 123, CMD => Q_DISABLE_RESULT_LOG, CONTENT => --disable_result_log
[2026-10-03 04:08:22.663][INFO ] [Command        :353] - start[1790971702663] time[0] tag[Q_DISABLE_RESULT_LOG]
[2026-10-03 04:08:22.663][INFO ] [Command        :536] - > LINE => 126, CMD => Q_CONNECTION, CONTENT => connection conn_sys_p
[2026-10-03 04:08:22.663][INFO ] [SQLProcessor   :1128] - use connection => conn_sys_p hashcode => 1609124502
[2026-10-03 04:08:22.666][INFO ] [SQLProcessor   :1158] - connection => conn_sys_p is mysql mode. conn=com.mysql.cj.jdbc.ConnectionImpl@5fe94a96
[2026-10-03 04:08:22.666][INFO ] [Command        :353] - start[1790971702663] time[2] tag[Q_CONNECTION]
[2026-10-03 04:08:22.666][INFO ] [Command        :536] - > LINE => 127, CMD => Q_QUERY, CONTENT => insert into test_multi_standby values(3, 'sync_progress_test', 300);
[2026-10-03 04:08:22.670][INFO ] [Command        :353] - start[1790971702666] time[3] tag[Q_QUERY]
[2026-10-03 04:08:22.670][INFO ] [Command        :536] - > LINE => 128, CMD => Q_QUERY, CONTENT => insert into test_multi_standby values(4, 'sync_progress_test_2', 400);
[2026-10-03 04:08:22.672][INFO ] [Command        :353] - start[1790971702670] time[1] tag[Q_QUERY]
[2026-10-03 04:08:22.672][INFO ] [Command        :536] - > LINE => 131, CMD => Q_QUERY, CONTENT => ALTER SYSTEM MINOR FREEZE;
[2026-10-03 04:08:22.675][INFO ] [Command        :353] - start[1790971702672] time[3] tag[Q_QUERY]
[2026-10-03 04:08:22.676][INFO ] [Command        :536] - > LINE => 134, CMD => Q_LET_DEPLOY, CONTENT => $primary_sync_scn
[2026-10-03 04:08:22.676][INFO ] [Deploy         :287] - execute db_p.select select sync_scn from oceanbase.__all_virtual_server_stat where role = 'PRIMARY', sync_scn, 1
[2026-10-03 04:08:22.677][INFO ] [SQLProcessor   :2086] - execute sql => select sync_scn from oceanbase.__all_virtual_server_stat where role = 'PRIMARY'
[2026-10-03 04:08:22.687][INFO ] [Deploy         :294] - execute db_p.select select sync_scn from oceanbase.__all_virtual_server_stat where role = 'PRIMARY', sync_scn, 1 result => 1790971702664736004
[2026-10-03 04:08:22.687][INFO ] [Command        :353] - start[1790971702676] time[11] tag[Q_LET_DEPLOY]
[2026-10-03 04:08:22.688][INFO ] [Command        :536] - > LINE => 137, CMD => Q_DEPLOY, CONTENT => db_s1.check_until_timeout select count(*) from test_multi_standby where id = 3, 1, 120;
[2026-10-03 04:08:22.688][INFO ] [DeployProcessor:93] - deploy => db_s1.check_until_timeout select count(*) from test_multi_standby where id = 3, 1, 120
[2026-10-03 04:08:22.688][INFO ] [Deploy         :287] - execute db_s1.check_until_timeout select count(*) from test_multi_standby where id = 3, 1, 120
[2026-10-03 04:08:22.688][INFO ] [Deploy         :287] - execute db_s1.select_one_value select count(*) from test_multi_standby where id = 3
[2026-10-03 04:08:22.689][INFO ] [SQLProcessor   :2086] - execute sql => select count(*) from test_multi_standby where id = 3
[2026-10-03 04:08:22.695][INFO ] [Deploy         :294] - execute db_s1.select_one_value select count(*) from test_multi_standby where id = 3 result => 1
[2026-10-03 04:08:22.695][INFO ] [OBI            :5345] - check success! use time = 0
[2026-10-03 04:08:22.695][INFO ] [Deploy         :294] - execute db_s1.check_until_timeout select count(*) from test_multi_standby where id = 3, 1, 120 result => true
[2026-10-03 04:08:22.696][INFO ] [Command        :353] - start[1790971702688] time[7] tag[Q_DEPLOY]
[2026-10-03 04:08:22.696][INFO ] [Command        :536] - > LINE => 138, CMD => Q_DEPLOY, CONTENT => db_s1.check_until_timeout select count(*) from test_multi_standby where id = 4, 1, 30;
[2026-10-03 04:08:22.696][INFO ] [DeployProcessor:93] - deploy => db_s1.check_until_timeout select count(*) from test_multi_standby where id = 4, 1, 30
[2026-10-03 04:08:22.696][INFO ] [Deploy         :287] - execute db_s1.check_until_timeout select count(*) from test_multi_standby where id = 4, 1, 30
[2026-10-03 04:08:22.696][INFO ] [Deploy         :287] - execute db_s1.select_one_value select count(*) from test_multi_standby where id = 4
[2026-10-03 04:08:22.697][INFO ] [SQLProcessor   :2086] - execute sql => select count(*) from test_multi_standby where id = 4
[2026-10-03 04:08:22.702][INFO ] [Deploy         :294] - execute db_s1.select_one_value select count(*) from test_multi_standby where id = 4 result => 1
[2026-10-03 04:08:22.703][INFO ] [OBI            :5345] - check success! use time = 0
[2026-10-03 04:08:22.703][INFO ] [Deploy         :294] - execute db_s1.check_until_timeout select count(*) from test_multi_standby where id = 4, 1, 30 result => true
[2026-10-03 04:08:22.703][INFO ] [Command        :353] - start[1790971702696] time[6] tag[Q_DEPLOY]
[2026-10-03 04:08:22.703][INFO ] [Command        :536] - > LINE => 141, CMD => Q_DEPLOY, CONTENT => db_s2.check_until_timeout select count(*) from test_multi_standby where id = 3, 1, 120;
[2026-10-03 04:08:22.704][INFO ] [DeployProcessor:93] - deploy => db_s2.check_until_timeout select count(*) from test_multi_standby where id = 3, 1, 120
[2026-10-03 04:08:22.704][INFO ] [Deploy         :287] - execute db_s2.check_until_timeout select count(*) from test_multi_standby where id = 3, 1, 120
[2026-10-03 04:08:22.704][INFO ] [Deploy         :287] - execute db_s2.select_one_value select count(*) from test_multi_standby where id = 3
[2026-10-03 04:08:22.704][INFO ] [SQLProcessor   :2086] - execute sql => select count(*) from test_multi_standby where id = 3
[2026-10-03 04:08:22.711][INFO ] [Deploy         :294] - execute db_s2.select_one_value select count(*) from test_multi_standby where id = 3 result => 0
[2026-10-03 04:08:22.711][WARN ] [OBI            :5348] - expect => 1, actual => 0, left timeout => 120, totaltime => 120, file => 141/433, file_percent => 32
[2026-10-03 04:08:23.711][INFO ] [Deploy         :287] - execute db_s2.select_one_value select count(*) from test_multi_standby where id = 3
[2026-10-03 04:08:23.712][INFO ] [SQLProcessor   :2086] - execute sql => select count(*) from test_multi_standby where id = 3
[2026-10-03 04:08:23.720][INFO ] [Deploy         :294] - execute db_s2.select_one_value select count(*) from test_multi_standby where id = 3 result => 1
[2026-10-03 04:08:23.720][INFO ] [OBI            :5345] - check success! use time = 1
[2026-10-03 04:08:23.720][INFO ] [Deploy         :294] - execute db_s2.check_until_timeout select count(*) from test_multi_standby where id = 3, 1, 120 result => true
[2026-10-03 04:08:23.720][INFO ] [Command        :353] - start[1790971702703] time[1017] tag[Q_DEPLOY]
[2026-10-03 04:08:23.721][INFO ] [Command        :536] - > LINE => 142, CMD => Q_DEPLOY, CONTENT => db_s2.check_until_timeout select count(*) from test_multi_standby where id = 4, 1, 30;
[2026-10-03 04:08:23.721][INFO ] [DeployProcessor:93] - deploy => db_s2.check_until_timeout select count(*) from test_multi_standby where id = 4, 1, 30
[2026-10-03 04:08:23.722][INFO ] [Deploy         :287] - execute db_s2.check_until_timeout select count(*) from test_multi_standby where id = 4, 1, 30
[2026-10-03 04:08:23.722][INFO ] [Deploy         :287] - execute db_s2.select_one_value select count(*) from test_multi_standby where id = 4
[2026-10-03 04:08:23.722][INFO ] [SQLProcessor   :2086] - execute sql => select count(*) from test_multi_standby where id = 4
[2026-10-03 04:08:23.734][INFO ] [Deploy         :294] - execute db_s2.select_one_value select count(*) from test_multi_standby where id = 4 result => 1
[2026-10-03 04:08:23.735][INFO ] [OBI            :5345] - check success! use time = 0
[2026-10-03 04:08:23.735][INFO ] [Deploy         :294] - execute db_s2.check_until_timeout select count(*) from test_multi_standby where id = 4, 1, 30 result => true
[2026-10-03 04:08:23.735][INFO ] [Command        :353] - start[1790971703721] time[13] tag[Q_DEPLOY]
[2026-10-03 04:08:23.735][INFO ] [Command        :536] - > LINE => 144, CMD => Q_ENABLE_QUERY_LOG, CONTENT => --enable_query_log
[2026-10-03 04:08:23.735][INFO ] [Command        :353] - start[1790971703735] time[0] tag[Q_ENABLE_QUERY_LOG]
[2026-10-03 04:08:23.736][INFO ] [Command        :536] - > LINE => 145, CMD => Q_ENABLE_RESULT_LOG, CONTENT => --enable_result_log
[2026-10-03 04:08:23.736][INFO ] [Command        :353] - start[1790971703736] time[0] tag[Q_ENABLE_RESULT_LOG]
[2026-10-03 04:08:23.736][INFO ] [Command        :536] - > LINE => 148, CMD => Q_DEPLOY, CONTENT => db_s1.check_until_timeout select count(*) from oceanbase.__all_virtual_server_stat where role = 'STANDBY' and sync_scn >= $primary_sync_scn, 1, 120;
[2026-10-03 04:08:23.738][INFO ] [DeployProcessor:93] - deploy => db_s1.check_until_timeout select count(*) from oceanbase.__all_virtual_server_stat where role = 'STANDBY' and sync_scn >= 1790971702664736004, 1, 120
[2026-10-03 04:08:23.738][INFO ] [Deploy         :287] - execute db_s1.check_until_timeout select count(*) from oceanbase.__all_virtual_server_stat where role = 'STANDBY' and sync_scn >= 1790971702664736004, 1, 120
[2026-10-03 04:08:23.738][INFO ] [Deploy         :287] - execute db_s1.select_one_value select count(*) from oceanbase.__all_virtual_server_stat where role = 'STANDBY' and sync_scn >= 1790971702664736004
[2026-10-03 04:08:23.739][INFO ] [SQLProcessor   :2086] - execute sql => select count(*) from oceanbase.__all_virtual_server_stat where role = 'STANDBY' and sync_scn >= 1790971702664736004
[2026-10-03 04:08:23.749][INFO ] [Deploy         :294] - execute db_s1.select_one_value select count(*) from oceanbase.__all_virtual_server_stat where role = 'STANDBY' and sync_scn >= 1790971702664736004 result => 1
[2026-10-03 04:08:23.750][INFO ] [OBI            :5345] - check success! use time = 0
[2026-10-03 04:08:23.750][INFO ] [Deploy         :294] - execute db_s1.check_until_timeout select count(*) from oceanbase.__all_virtual_server_stat where role = 'STANDBY' and sync_scn >= 1790971702664736004, 1, 120 result => true
[2026-10-03 04:08:23.750][INFO ] [Command        :353] - start[1790971703736] time[13] tag[Q_DEPLOY]
[2026-10-03 04:08:23.751][INFO ] [Command        :536] - > LINE => 149, CMD => Q_DEPLOY, CONTENT => db_s2.check_until_timeout select count(*) from oceanbase.__all_virtual_server_stat where role = 'STANDBY' and sync_scn >= $primary_sync_scn, 1, 120;
[2026-10-03 04:08:23.752][INFO ] [DeployProcessor:93] - deploy => db_s2.check_until_timeout select count(*) from oceanbase.__all_virtual_server_stat where role = 'STANDBY' and sync_scn >= 1790971702664736004, 1, 120
[2026-10-03 04:08:23.752][INFO ] [Deploy         :287] - execute db_s2.check_until_timeout select count(*) from oceanbase.__all_virtual_server_stat where role = 'STANDBY' and sync_scn >= 1790971702664736004, 1, 120
[2026-10-03 04:08:23.752][INFO ] [Deploy         :287] - execute db_s2.select_one_value select count(*) from oceanbase.__all_virtual_server_stat where role = 'STANDBY' and sync_scn >= 1790971702664736004
[2026-10-03 04:08:23.752][INFO ] [SQLProcessor   :2086] - execute sql => select count(*) from oceanbase.__all_virtual_server_stat where role = 'STANDBY' and sync_scn >= 1790971702664736004
[2026-10-03 04:08:23.781][INFO ] [Deploy         :294] - execute db_s2.select_one_value select count(*) from oceanbase.__all_virtual_server_stat where role = 'STANDBY' and sync_scn >= 1790971702664736004 result => 1
[2026-10-03 04:08:23.782][INFO ] [OBI            :5345] - check success! use time = 0
[2026-10-03 04:08:23.782][INFO ] [Deploy         :294] - execute db_s2.check_until_timeout select count(*) from oceanbase.__all_virtual_server_stat where role = 'STANDBY' and sync_scn >= 1790971702664736004, 1, 120 result => true
[2026-10-03 04:08:23.782][INFO ] [Command        :353] - start[1790971703751] time[31] tag[Q_DEPLOY]
[2026-10-03 04:08:23.782][INFO ] [Command        :536] - > LINE => 151, CMD => Q_ECHO, CONTENT => Case 2 completed: Independent sync progress verified for each standby
[2026-10-03 04:08:23.786][INFO ] [Command        :353] - start[1790971703782] time[4] tag[Q_ECHO]
[2026-10-03 04:08:23.787][INFO ] [Command        :536] - > LINE => 156, CMD => Q_ECHO, CONTENT => ========== Case 3: Switchover with Multiple Standbys ==========
[2026-10-03 04:08:23.787][INFO ] [Command        :353] - start[1790971703787] time[0] tag[Q_ECHO]
[2026-10-03 04:08:23.787][INFO ] [Command        :536] - > LINE => 158, CMD => Q_DISABLE_QUERY_LOG, CONTENT => --disable_query_log
[2026-10-03 04:08:23.787][INFO ] [Command        :353] - start[1790971703787] time[0] tag[Q_DISABLE_QUERY_LOG]
[2026-10-03 04:08:23.788][INFO ] [Command        :536] - > LINE => 159, CMD => Q_DISABLE_RESULT_LOG, CONTENT => --disable_result_log
[2026-10-03 04:08:23.788][INFO ] [Command        :353] - start[1790971703788] time[0] tag[Q_DISABLE_RESULT_LOG]
[2026-10-03 04:08:23.791][INFO ] [Command        :536] - > LINE => 162, CMD => Q_LET_DEPLOY, CONTENT => $db_s1_svr_ip
[2026-10-03 04:08:23.792][INFO ] [Deploy         :287] - execute db_s1.select select svr_ip from oceanbase.__all_virtual_server_stat limit 1, svr_ip, 1
[2026-10-03 04:08:23.792][INFO ] [SQLProcessor   :2086] - execute sql => select svr_ip from oceanbase.__all_virtual_server_stat limit 1
[2026-10-03 04:08:23.805][INFO ] [Deploy         :294] - execute db_s1.select select svr_ip from oceanbase.__all_virtual_server_stat limit 1, svr_ip, 1 result => 127.0.0.1
[2026-10-03 04:08:23.806][INFO ] [Command        :353] - start[1790971703792] time[14] tag[Q_LET_DEPLOY]
[2026-10-03 04:08:23.806][INFO ] [Command        :536] - > LINE => 163, CMD => Q_LET_DEPLOY, CONTENT => $db_s1_rpc_port
[2026-10-03 04:08:23.806][INFO ] [Deploy         :287] - execute db_s1.select select rpc_port from oceanbase.__all_virtual_server_stat limit 1, rpc_port, 1
[2026-10-03 04:08:23.807][INFO ] [SQLProcessor   :2086] - execute sql => select rpc_port from oceanbase.__all_virtual_server_stat limit 1
[2026-10-03 04:08:23.817][INFO ] [Deploy         :294] - execute db_s1.select select rpc_port from oceanbase.__all_virtual_server_stat limit 1, rpc_port, 1 result => 42001
[2026-10-03 04:08:23.817][INFO ] [Command        :353] - start[1790971703806] time[10] tag[Q_LET_DEPLOY]
[2026-10-03 04:08:23.817][INFO ] [Command        :536] - > LINE => 165, CMD => Q_CONNECTION, CONTENT => connection conn_sys_p
[2026-10-03 04:08:23.817][INFO ] [SQLProcessor   :1128] - use connection => conn_sys_p hashcode => 1609124502
[2026-10-03 04:08:23.819][INFO ] [SQLProcessor   :1158] - connection => conn_sys_p is mysql mode. conn=com.mysql.cj.jdbc.ConnectionImpl@5fe94a96
[2026-10-03 04:08:23.819][INFO ] [Command        :353] - start[1790971703817] time[1] tag[Q_CONNECTION]
[2026-10-03 04:08:23.820][INFO ] [Command        :536] - > LINE => 166, CMD => Q_EVAL, CONTENT => alter system set log_restore_source = '$db_s1_svr_ip:$db_s1_rpc_port';
[2026-10-03 04:08:23.821][INFO ] [Command        :771] - eval => alter system set log_restore_source = '127.0.0.1:42001';
[2026-10-03 04:08:23.830][INFO ] [Command        :353] - start[1790971703820] time[10] tag[Q_EVAL]
[2026-10-03 04:08:23.830][INFO ] [Command        :536] - > LINE => 169, CMD => Q_DEPLOY, CONTENT => db_p.check_until_timeout select count(*) from oceanbase.__all_virtual_server_stat where log_restore_source like '%:$db_s1_rpc_port', 1, 30;
[2026-10-03 04:08:23.832][INFO ] [DeployProcessor:93] - deploy => db_p.check_until_timeout select count(*) from oceanbase.__all_virtual_server_stat where log_restore_source like '%:42001', 1, 30
[2026-10-03 04:08:23.832][INFO ] [Deploy         :287] - execute db_p.check_until_timeout select count(*) from oceanbase.__all_virtual_server_stat where log_restore_source like '%:42001', 1, 30
[2026-10-03 04:08:23.832][INFO ] [Deploy         :287] - execute db_p.select_one_value select count(*) from oceanbase.__all_virtual_server_stat where log_restore_source like '%:42001'
[2026-10-03 04:08:23.833][INFO ] [SQLProcessor   :2086] - execute sql => select count(*) from oceanbase.__all_virtual_server_stat where log_restore_source like '%:42001'
[2026-10-03 04:08:23.844][INFO ] [Deploy         :294] - execute db_p.select_one_value select count(*) from oceanbase.__all_virtual_server_stat where log_restore_source like '%:42001' result => 1
[2026-10-03 04:08:23.844][INFO ] [OBI            :5345] - check success! use time = 0
[2026-10-03 04:08:23.844][INFO ] [Deploy         :294] - execute db_p.check_until_timeout select count(*) from oceanbase.__all_virtual_server_stat where log_restore_source like '%:42001', 1, 30 result => true
[2026-10-03 04:08:23.845][INFO ] [Command        :353] - start[1790971703831] time[13] tag[Q_DEPLOY]
[2026-10-03 04:08:23.845][INFO ] [Command        :536] - > LINE => 172, CMD => Q_CONNECTION, CONTENT => connection conn_sys_s2
[2026-10-03 04:08:23.845][INFO ] [SQLProcessor   :1128] - use connection => conn_sys_s2 hashcode => 2079179914
[2026-10-03 04:08:23.848][INFO ] [SQLProcessor   :1158] - connection => conn_sys_s2 is mysql mode. conn=com.mysql.cj.jdbc.ConnectionImpl@7bedc48a
[2026-10-03 04:08:23.848][INFO ] [Command        :353] - start[1790971703845] time[2] tag[Q_CONNECTION]
[2026-10-03 04:08:23.848][INFO ] [Command        :536] - > LINE => 173, CMD => Q_EVAL, CONTENT => alter system set log_restore_source = '$db_s1_svr_ip:$db_s1_rpc_port';
[2026-10-03 04:08:23.848][INFO ] [Command        :771] - eval => alter system set log_restore_source = '127.0.0.1:42001';
[2026-10-03 04:08:23.858][INFO ] [Command        :353] - start[1790971703848] time[9] tag[Q_EVAL]
[2026-10-03 04:08:23.858][INFO ] [Command        :536] - > LINE => 176, CMD => Q_DEPLOY, CONTENT => db_s2.check_until_timeout select count(*) from oceanbase.__all_virtual_server_stat where log_restore_source like '%:$db_s1_rpc_port', 1, 30;
[2026-10-03 04:08:23.859][INFO ] [DeployProcessor:93] - deploy => db_s2.check_until_timeout select count(*) from oceanbase.__all_virtual_server_stat where log_restore_source like '%:42001', 1, 30
[2026-10-03 04:08:23.860][INFO ] [Deploy         :287] - execute db_s2.check_until_timeout select count(*) from oceanbase.__all_virtual_server_stat where log_restore_source like '%:42001', 1, 30
[2026-10-03 04:08:23.860][INFO ] [Deploy         :287] - execute db_s2.select_one_value select count(*) from oceanbase.__all_virtual_server_stat where log_restore_source like '%:42001'
[2026-10-03 04:08:23.860][INFO ] [SQLProcessor   :2086] - execute sql => select count(*) from oceanbase.__all_virtual_server_stat where log_restore_source like '%:42001'
[2026-10-03 04:08:23.869][INFO ] [Deploy         :294] - execute db_s2.select_one_value select count(*) from oceanbase.__all_virtual_server_stat where log_restore_source like '%:42001' result => 1
[2026-10-03 04:08:23.870][INFO ] [OBI            :5345] - check success! use time = 0
[2026-10-03 04:08:23.870][INFO ] [Deploy         :294] - execute db_s2.check_until_timeout select count(*) from oceanbase.__all_virtual_server_stat where log_restore_source like '%:42001', 1, 30 result => true
[2026-10-03 04:08:23.870][INFO ] [Command        :353] - start[1790971703859] time[11] tag[Q_DEPLOY]
[2026-10-03 04:08:23.871][INFO ] [Command        :536] - > LINE => 178, CMD => Q_ENABLE_QUERY_LOG, CONTENT => --enable_query_log
[2026-10-03 04:08:23.871][INFO ] [Command        :353] - start[1790971703871] time[0] tag[Q_ENABLE_QUERY_LOG]
[2026-10-03 04:08:23.871][INFO ] [Command        :536] - > LINE => 179, CMD => Q_ENABLE_RESULT_LOG, CONTENT => --enable_result_log
[2026-10-03 04:08:23.872][INFO ] [Command        :353] - start[1790971703872] time[0] tag[Q_ENABLE_RESULT_LOG]
[2026-10-03 04:08:23.872][INFO ] [Command        :536] - > LINE => 182, CMD => Q_CONNECTION, CONTENT => connection conn_sys_p
[2026-10-03 04:08:23.872][INFO ] [SQLProcessor   :1128] - use connection => conn_sys_p hashcode => 1609124502
[2026-10-03 04:08:23.874][INFO ] [SQLProcessor   :1158] - connection => conn_sys_p is mysql mode. conn=com.mysql.cj.jdbc.ConnectionImpl@5fe94a96
[2026-10-03 04:08:23.874][INFO ] [Command        :353] - start[1790971703872] time[2] tag[Q_CONNECTION]
[2026-10-03 04:08:23.875][INFO ] [Command        :536] - > LINE => 183, CMD => Q_QUERY, CONTENT => insert into test_multi_standby values(5, 'before_switchover', 500);
[2026-10-03 04:08:23.880][INFO ] [Command        :353] - start[1790971703875] time[4] tag[Q_QUERY]
[2026-10-03 04:08:23.880][INFO ] [Command        :536] - > LINE => 185, CMD => Q_DISABLE_QUERY_LOG, CONTENT => --disable_query_log
[2026-10-03 04:08:23.880][INFO ] [Command        :353] - start[1790971703880] time[0] tag[Q_DISABLE_QUERY_LOG]
[2026-10-03 04:08:23.880][INFO ] [Command        :536] - > LINE => 186, CMD => Q_DISABLE_RESULT_LOG, CONTENT => --disable_result_log
[2026-10-03 04:08:23.881][INFO ] [Command        :353] - start[1790971703881] time[0] tag[Q_DISABLE_RESULT_LOG]
[2026-10-03 04:08:23.881][INFO ] [Command        :536] - > LINE => 189, CMD => Q_DEPLOY, CONTENT => db_s1.check_until_timeout select count(*) from test_multi_standby where id = 5, 1, 120;
[2026-10-03 04:08:23.881][INFO ] [DeployProcessor:93] - deploy => db_s1.check_until_timeout select count(*) from test_multi_standby where id = 5, 1, 120
[2026-10-03 04:08:23.882][INFO ] [Deploy         :287] - execute db_s1.check_until_timeout select count(*) from test_multi_standby where id = 5, 1, 120
[2026-10-03 04:08:23.882][INFO ] [Deploy         :287] - execute db_s1.select_one_value select count(*) from test_multi_standby where id = 5
[2026-10-03 04:08:23.882][INFO ] [SQLProcessor   :2086] - execute sql => select count(*) from test_multi_standby where id = 5
[2026-10-03 04:08:23.891][INFO ] [Deploy         :294] - execute db_s1.select_one_value select count(*) from test_multi_standby where id = 5 result => 0
[2026-10-03 04:08:23.891][WARN ] [OBI            :5348] - expect => 1, actual => 0, left timeout => 120, totaltime => 120, file => 189/433, file_percent => 43
[2026-10-03 04:08:24.892][INFO ] [Deploy         :287] - execute db_s1.select_one_value select count(*) from test_multi_standby where id = 5
[2026-10-03 04:08:24.892][INFO ] [SQLProcessor   :2086] - execute sql => select count(*) from test_multi_standby where id = 5
[2026-10-03 04:08:24.902][INFO ] [Deploy         :294] - execute db_s1.select_one_value select count(*) from test_multi_standby where id = 5 result => 1
[2026-10-03 04:08:24.902][INFO ] [OBI            :5345] - check success! use time = 1
[2026-10-03 04:08:24.902][INFO ] [Deploy         :294] - execute db_s1.check_until_timeout select count(*) from test_multi_standby where id = 5, 1, 120 result => true
[2026-10-03 04:08:24.902][INFO ] [Command        :353] - start[1790971703881] time[1021] tag[Q_DEPLOY]
[2026-10-03 04:08:24.903][INFO ] [Command        :536] - > LINE => 190, CMD => Q_DEPLOY, CONTENT => db_s2.check_until_timeout select count(*) from test_multi_standby where id = 5, 1, 120;
[2026-10-03 04:08:24.903][INFO ] [DeployProcessor:93] - deploy => db_s2.check_until_timeout select count(*) from test_multi_standby where id = 5, 1, 120
[2026-10-03 04:08:24.903][INFO ] [Deploy         :287] - execute db_s2.check_until_timeout select count(*) from test_multi_standby where id = 5, 1, 120
[2026-10-03 04:08:24.903][INFO ] [Deploy         :287] - execute db_s2.select_one_value select count(*) from test_multi_standby where id = 5
[2026-10-03 04:08:24.904][INFO ] [SQLProcessor   :2086] - execute sql => select count(*) from test_multi_standby where id = 5
[2026-10-03 04:08:24.912][INFO ] [Deploy         :294] - execute db_s2.select_one_value select count(*) from test_multi_standby where id = 5 result => 1
[2026-10-03 04:08:24.913][INFO ] [OBI            :5345] - check success! use time = 0
[2026-10-03 04:08:24.913][INFO ] [Deploy         :294] - execute db_s2.check_until_timeout select count(*) from test_multi_standby where id = 5, 1, 120 result => true
[2026-10-03 04:08:24.913][INFO ] [Command        :353] - start[1790971704903] time[9] tag[Q_DEPLOY]
[2026-10-03 04:08:24.913][INFO ] [Command        :536] - > LINE => 192, CMD => Q_ENABLE_QUERY_LOG, CONTENT => --enable_query_log
[2026-10-03 04:08:24.913][INFO ] [Command        :353] - start[1790971704913] time[0] tag[Q_ENABLE_QUERY_LOG]
[2026-10-03 04:08:24.914][INFO ] [Command        :536] - > LINE => 193, CMD => Q_ENABLE_RESULT_LOG, CONTENT => --enable_result_log
[2026-10-03 04:08:24.914][INFO ] [Command        :353] - start[1790971704914] time[0] tag[Q_ENABLE_RESULT_LOG]
[2026-10-03 04:08:24.914][INFO ] [Command        :536] - > LINE => 196, CMD => Q_CONNECTION, CONTENT => connection conn_sys_p
[2026-10-03 04:08:24.914][INFO ] [SQLProcessor   :1128] - use connection => conn_sys_p hashcode => 1609124502
[2026-10-03 04:08:24.916][INFO ] [SQLProcessor   :1158] - connection => conn_sys_p is mysql mode. conn=com.mysql.cj.jdbc.ConnectionImpl@5fe94a96
[2026-10-03 04:08:24.916][INFO ] [Command        :353] - start[1790971704914] time[2] tag[Q_CONNECTION]
[2026-10-03 04:08:24.917][INFO ] [Command        :536] - > LINE => 197, CMD => Q_QUERY, CONTENT => ALTER SYSTEM SWITCHOVER TO STANDBY;
[2026-10-03 04:08:24.925][INFO ] [Command        :353] - start[1790971704917] time[7] tag[Q_QUERY]
[2026-10-03 04:08:24.925][INFO ] [Command        :536] - > LINE => 199, CMD => Q_DISABLE_QUERY_LOG, CONTENT => --disable_query_log
[2026-10-03 04:08:24.925][INFO ] [Command        :353] - start[1790971704925] time[0] tag[Q_DISABLE_QUERY_LOG]
[2026-10-03 04:08:24.926][INFO ] [Command        :536] - > LINE => 200, CMD => Q_DISABLE_RESULT_LOG, CONTENT => --disable_result_log
[2026-10-03 04:08:24.926][INFO ] [Command        :353] - start[1790971704926] time[0] tag[Q_DISABLE_RESULT_LOG]
[2026-10-03 04:08:24.927][INFO ] [Command        :536] - > LINE => 203, CMD => Q_DEPLOY, CONTENT => db_p.check_until_timeout select count(*) from oceanbase.__all_virtual_server_stat where role = 'PRIMARY' and pending_role = 'STANDBY' and switchover_status = 'PREPARING', 1, 60;
[2026-10-03 04:08:24.927][INFO ] [DeployProcessor:93] - deploy => db_p.check_until_timeout select count(*) from oceanbase.__all_virtual_server_stat where role = 'PRIMARY' and pending_role = 'STANDBY' and switchover_status = 'PREPARING', 1, 60
[2026-10-03 04:08:24.927][INFO ] [Deploy         :287] - execute db_p.check_until_timeout select count(*) from oceanbase.__all_virtual_server_stat where role = 'PRIMARY' and pending_role = 'STANDBY' and switchover_status = 'PREPARING', 1, 60
[2026-10-03 04:08:24.927][INFO ] [Deploy         :287] - execute db_p.select_one_value select count(*) from oceanbase.__all_virtual_server_stat where role = 'PRIMARY' and pending_role = 'STANDBY' and switchover_status = 'PREPARING'
[2026-10-03 04:08:24.928][INFO ] [SQLProcessor   :2086] - execute sql => select count(*) from oceanbase.__all_virtual_server_stat where role = 'PRIMARY' and pending_role = 'STANDBY' and switchover_status = 'PREPARING'
[2026-10-03 04:08:24.944][INFO ] [Deploy         :294] - execute db_p.select_one_value select count(*) from oceanbase.__all_virtual_server_stat where role = 'PRIMARY' and pending_role = 'STANDBY' and switchover_status = 'PREPARING' result => 1
[2026-10-03 04:08:24.944][INFO ] [OBI            :5345] - check success! use time = 0
[2026-10-03 04:08:24.945][INFO ] [Deploy         :294] - execute db_p.check_until_timeout select count(*) from oceanbase.__all_virtual_server_stat where role = 'PRIMARY' and pending_role = 'STANDBY' and switchover_status = 'PREPARING', 1, 60 result => true
[2026-10-03 04:08:24.945][INFO ] [Command        :353] - start[1790971704927] time[18] tag[Q_DEPLOY]
[2026-10-03 04:08:24.945][INFO ] [Command        :536] - > LINE => 205, CMD => Q_ENABLE_QUERY_LOG, CONTENT => --enable_query_log
[2026-10-03 04:08:24.945][INFO ] [Command        :353] - start[1790971704945] time[0] tag[Q_ENABLE_QUERY_LOG]
[2026-10-03 04:08:24.946][INFO ] [Command        :536] - > LINE => 206, CMD => Q_ENABLE_RESULT_LOG, CONTENT => --enable_result_log
[2026-10-03 04:08:24.946][INFO ] [Command        :353] - start[1790971704946] time[0] tag[Q_ENABLE_RESULT_LOG]
[2026-10-03 04:08:24.946][INFO ] [Command        :536] - > LINE => 209, CMD => Q_CONNECTION, CONTENT => connection conn_sys_s1
[2026-10-03 04:08:24.946][INFO ] [SQLProcessor   :1128] - use connection => conn_sys_s1 hashcode => 1630678941
[2026-10-03 04:08:24.948][INFO ] [SQLProcessor   :1158] - connection => conn_sys_s1 is mysql mode. conn=com.mysql.cj.jdbc.ConnectionImpl@61322f9d
[2026-10-03 04:08:24.949][INFO ] [Command        :353] - start[1790971704946] time[2] tag[Q_CONNECTION]
[2026-10-03 04:08:24.949][INFO ] [Command        :536] - > LINE => 210, CMD => Q_QUERY, CONTENT => ALTER SYSTEM SWITCHOVER TO PRIMARY;
[2026-10-03 04:08:24.968][INFO ] [Command        :353] - start[1790971704949] time[18] tag[Q_QUERY]
[2026-10-03 04:08:24.968][INFO ] [Command        :536] - > LINE => 212, CMD => Q_DISABLE_QUERY_LOG, CONTENT => --disable_query_log
[2026-10-03 04:08:24.969][INFO ] [Command        :353] - start[1790971704969] time[0] tag[Q_DISABLE_QUERY_LOG]
[2026-10-03 04:08:24.969][INFO ] [Command        :536] - > LINE => 213, CMD => Q_DISABLE_RESULT_LOG, CONTENT => --disable_result_log
[2026-10-03 04:08:24.969][INFO ] [Command        :353] - start[1790971704969] time[0] tag[Q_DISABLE_RESULT_LOG]
[2026-10-03 04:08:24.969][INFO ] [Command        :536] - > LINE => 216, CMD => Q_DEPLOY, CONTENT => db_s1.check_until_timeout select count(*) from oceanbase.__all_virtual_server_stat where role = 'PRIMARY' and pending_role = 'INVALID' and switchover_status = 'NORMAL', 1, 120;
[2026-10-03 04:08:24.970][INFO ] [DeployProcessor:93] - deploy => db_s1.check_until_timeout select count(*) from oceanbase.__all_virtual_server_stat where role = 'PRIMARY' and pending_role = 'INVALID' and switchover_status = 'NORMAL', 1, 120
[2026-10-03 04:08:24.970][INFO ] [Deploy         :287] - execute db_s1.check_until_timeout select count(*) from oceanbase.__all_virtual_server_stat where role = 'PRIMARY' and pending_role = 'INVALID' and switchover_status = 'NORMAL', 1, 120
[2026-10-03 04:08:24.970][INFO ] [Deploy         :287] - execute db_s1.select_one_value select count(*) from oceanbase.__all_virtual_server_stat where role = 'PRIMARY' and pending_role = 'INVALID' and switchover_status = 'NORMAL'
[2026-10-03 04:08:24.971][INFO ] [SQLProcessor   :2086] - execute sql => select count(*) from oceanbase.__all_virtual_server_stat where role = 'PRIMARY' and pending_role = 'INVALID' and switchover_status = 'NORMAL'
[2026-10-03 04:08:24.980][INFO ] [Deploy         :294] - execute db_s1.select_one_value select count(*) from oceanbase.__all_virtual_server_stat where role = 'PRIMARY' and pending_role = 'INVALID' and switchover_status = 'NORMAL' result => 1
[2026-10-03 04:08:24.981][INFO ] [OBI            :5345] - check success! use time = 0
[2026-10-03 04:08:24.981][INFO ] [Deploy         :294] - execute db_s1.check_until_timeout select count(*) from oceanbase.__all_virtual_server_stat where role = 'PRIMARY' and pending_role = 'INVALID' and switchover_status = 'NORMAL', 1, 120 result => true
[2026-10-03 04:08:24.981][INFO ] [Command        :353] - start[1790971704969] time[11] tag[Q_DEPLOY]
[2026-10-03 04:08:24.982][INFO ] [Command        :536] - > LINE => 219, CMD => Q_DEPLOY, CONTENT => db_p.force_stop;
[2026-10-03 04:08:24.982][INFO ] [DeployProcessor:93] - deploy => db_p.force_stop
[2026-10-03 04:08:24.984][INFO ] [Deploy         :287] - execute db_p.z1.obs0.force_stop 
[2026-10-03 04:08:24.984][INFO ] [Role           :1307] - pkill -9 -u nijia.nj -f '^/data/1/nijia.nj/test/namespace_standby_20261003_v1/work/db_p.z1.obs0/bin/observer|^/data/1/nijia.nj/test/namespace_standby_20261003_v1/work/db_p.z1.obs0/bin/obesi' on 6.12.232.130
[2026-10-03 04:08:25.02][INFO ] [Role           :1309] - pkill result is => 0
[2026-10-03 04:08:25.03][INFO ] [Role           :1142] - wait stop /data/1/nijia.nj/test/namespace_standby_20261003_v1/work/db_p.z1.obs0/bin/observer on 6.12.232.130
[2026-10-03 04:08:25.03][INFO ] [Role           :1190] - ps uxf | grep "/data/1/nijia.nj/test/namespace_standby_20261003_v1/work/db_p.z1.obs0/bin/observer" | grep -v grep
[2026-10-03 04:08:25.42][INFO ] [Role           :1154] - check port on 6.12.232.130
[2026-10-03 04:08:25.43][INFO ] [RemoteShell    :143] - netstat -lpnt 2>/dev/null | grep '0.0.0.0:42000 ' | awk -F ' ' '{print $7}'
[2026-10-03 04:08:25.87][INFO ] [RemoteShell    :143] - netstat -lpnt 2>/dev/null | grep '0.0.0.0:42035 ' | awk -F ' ' '{print $7}'
[2026-10-03 04:08:25.120][INFO ] [Role           :1164] - stop obs0 took 2 s
[2026-10-03 04:08:25.121][INFO ] [Deploy         :294] - execute db_p.z1.obs0.force_stop  result => true
[2026-10-03 04:08:25.121][INFO ] [Deploy         :362] - execute db_p.z1.force_stop  result => true [true]
[2026-10-03 04:08:25.121][INFO ] [Deploy         :362] - execute db_p.force_stop result => true [true]
[2026-10-03 04:08:25.122][INFO ] [Command        :353] - start[1790971704982] time[139] tag[Q_DEPLOY]
[2026-10-03 04:08:25.122][INFO ] [Command        :536] - > LINE => 220, CMD => Q_DEPLOY, CONTENT => db_p.nstart;
[2026-10-03 04:08:25.123][INFO ] [DeployProcessor:93] - deploy => db_p.nstart
[2026-10-03 04:08:25.124][INFO ] [Deploy         :287] - execute db_p.z1.obs0.nstart 
[2026-10-03 04:08:25.124][INFO ] [RemoteShell    :143] - netstat -lpnt 2>/dev/null | grep '0.0.0.0:42000 ' | awk -F ' ' '{print $7}'
[2026-10-03 04:08:25.157][INFO ] [RemoteShell    :143] - netstat -lpnt 2>/dev/null | grep '0.0.0.0:42035 ' | awk -F ' ' '{print $7}'
[2026-10-03 04:08:25.187][INFO ] [Deploy         :381] - execute db_p.lite_mode result => true result type => java.lang.Boolean
[2026-10-03 04:08:25.188][INFO ] [Role           :197] - ulimit -c unlimited -s 4096;cd /data/1/nijia.nj/test/namespace_standby_20261003_v1/work/db_p.z1.obs0;LD_LIBRARY_PATH=./lib:/usr/local/lib:/usr/lib:/usr/lib64:/usr/local/lib64:$LD_LIBRARY_PATH /data/1/nijia.nj/test/namespace_standby_20261003_v1/work/db_p.z1.obs0/bin/observer  on 6.12.232.130
[2026-10-03 04:08:25.257][INFO ] [Deploy         :294] - execute db_p.z1.obs0.nstart  result => true
[2026-10-03 04:08:25.257][INFO ] [Deploy         :362] - execute db_p.z1.nstart  result => true [true]
[2026-10-03 04:08:25.258][INFO ] [Deploy         :362] - execute db_p.nstart result => true [true]
[2026-10-03 04:08:25.258][INFO ] [Command        :353] - start[1790971705122] time[135] tag[Q_DEPLOY]
[2026-10-03 04:08:25.258][INFO ] [Command        :536] - > LINE => 221, CMD => Q_DEPLOY, CONTENT => db_p.check_until_timeout select count(*) from oceanbase.__all_virtual_server_stat where role = 'STANDBY' and pending_role = 'INVALID' and switchover_status = 'NORMAL', 1, 60;
[2026-10-03 04:08:25.259][INFO ] [DeployProcessor:93] - deploy => db_p.check_until_timeout select count(*) from oceanbase.__all_virtual_server_stat where role = 'STANDBY' and pending_role = 'INVALID' and switchover_status = 'NORMAL', 1, 60
[2026-10-03 04:08:25.259][INFO ] [Deploy         :287] - execute db_p.check_until_timeout select count(*) from oceanbase.__all_virtual_server_stat where role = 'STANDBY' and pending_role = 'INVALID' and switchover_status = 'NORMAL', 1, 60
[2026-10-03 04:08:25.259][INFO ] [Deploy         :287] - execute db_p.select_one_value select count(*) from oceanbase.__all_virtual_server_stat where role = 'STANDBY' and pending_role = 'INVALID' and switchover_status = 'NORMAL'
[2026-10-03 04:08:25.260][INFO ] [SQLProcessor   :2086] - execute sql => select count(*) from oceanbase.__all_virtual_server_stat where role = 'STANDBY' and pending_role = 'INVALID' and switchover_status = 'NORMAL'
[2026-10-03 04:08:25.263][ERROR] [SQLProcessor   :2096] - user => admin@sys, passwd => admin, jdbcUrl => jdbc:mysql://6.12.232.130:42035/oceanbase?useAffectedRows=true&emulateUnsupportedPstmts=false&characterEncoding=utf8&useServerPrepStmts=false&prepStmtCacheSqlLimit=1000&enableQueryTimeouts=true&useLocalSessionState=false&useLocalTransactionState=false&rewriteBatchedStatements=true&allowMultiQueries=true&socketTimeout=600000
[2026-10-03 04:08:25.263][ERROR] [SQLProcessor   :2098] - execute sql => select count(*) from oceanbase.__all_virtual_server_stat where role = 'STANDBY' and pending_role = 'INVALID' and switchover_status = 'NORMAL' failed
com.mysql.cj.jdbc.exceptions.CommunicationsException: Communications link failure

The last packet sent successfully to the server was 0 milliseconds ago. The driver has not received any packets from the server.
	at com.mysql.cj.jdbc.exceptions.SQLError.createCommunicationsException(SQLError.java:175)
	at com.mysql.cj.jdbc.exceptions.SQLExceptionsMapping.translateException(SQLExceptionsMapping.java:64)
	at com.mysql.cj.jdbc.ConnectionImpl.createNewIO(ConnectionImpl.java:825)
	at com.mysql.cj.jdbc.ConnectionImpl.<init>(ConnectionImpl.java:446)
	at com.mysql.cj.jdbc.ConnectionImpl.getInstance(ConnectionImpl.java:239)
	at com.mysql.cj.jdbc.NonRegisteringDriver.connect(NonRegisteringDriver.java:188)
	at java.sql.DriverManager.getConnection(DriverManager.java:664)
	at java.sql.DriverManager.getConnection(DriverManager.java:247)
	at com.etao.mytest.processor.SQLProcessor.selectGetValue(SQLProcessor.java:2088)
	at com.etao.mytest.deploy.OBI.select_one_value(OBI.java:4540)
	at sun.reflect.GeneratedMethodAccessor1.invoke(Unknown Source)
	at sun.reflect.DelegatingMethodAccessorImpl.invoke(DelegatingMethodAccessorImpl.java:43)
	at java.lang.reflect.Method.invoke(Method.java:498)
	at com.etao.mytest.deploy.Deploy.execute(Deploy.java:289)
	at com.etao.mytest.deploy.OBI.check_until_timeout(OBI.java:5340)
	at sun.reflect.GeneratedMethodAccessor2.invoke(Unknown Source)
	at sun.reflect.DelegatingMethodAccessorImpl.invoke(DelegatingMethodAccessorImpl.java:43)
	at java.lang.reflect.Method.invoke(Method.java:498)
	at com.etao.mytest.deploy.Deploy.execute(Deploy.java:289)
	at com.etao.mytest.processor.DeployProcessor.process(DeployProcessor.java:157)
	at com.etao.mytest.command.Command.execute(Command.java:552)
	at com.etao.mytest.main.TestCase.run(TestCase.java:779)
	at com.etao.mytest.main.MyTest.main(MyTest.java:129)
Caused by: com.mysql.cj.exceptions.CJCommunicationsException: Communications link failure

The last packet sent successfully to the server was 0 milliseconds ago. The driver has not received any packets from the server.
	at sun.reflect.NativeConstructorAccessorImpl.newInstance0(Native Method)
	at sun.reflect.NativeConstructorAccessorImpl.newInstance(NativeConstructorAccessorImpl.java:62)
	at sun.reflect.DelegatingConstructorAccessorImpl.newInstance(DelegatingConstructorAccessorImpl.java:45)
	at java.lang.reflect.Constructor.newInstance(Constructor.java:423)
	at com.mysql.cj.exceptions.ExceptionFactory.createException(ExceptionFactory.java:62)
	at com.mysql.cj.exceptions.ExceptionFactory.createException(ExceptionFactory.java:105)
	at com.mysql.cj.exceptions.ExceptionFactory.createException(ExceptionFactory.java:150)
	at com.mysql.cj.exceptions.ExceptionFactory.createCommunicationsException(ExceptionFactory.java:166)
	at com.mysql.cj.protocol.a.NativeSocketConnection.connect(NativeSocketConnection.java:89)
	at com.mysql.cj.NativeSession.connect(NativeSession.java:121)
	at com.mysql.cj.jdbc.ConnectionImpl.connectOneTryOnly(ConnectionImpl.java:945)
	at com.mysql.cj.jdbc.ConnectionImpl.createNewIO(ConnectionImpl.java:815)
	... 20 more
Caused by: java.net.ConnectException: Connection refused (Connection refused)
	at java.net.PlainSocketImpl.socketConnect(Native Method)
	at java.net.AbstractPlainSocketImpl.doConnect(AbstractPlainSocketImpl.java:350)
	at java.net.AbstractPlainSocketImpl.connectToAddress(AbstractPlainSocketImpl.java:206)
	at java.net.AbstractPlainSocketImpl.connect(AbstractPlainSocketImpl.java:188)
	at java.net.SocksSocketImpl.connect(SocksSocketImpl.java:392)
	at java.net.Socket.connect(Socket.java:607)
	at com.mysql.cj.protocol.StandardSocketFactory.connect(StandardSocketFactory.java:153)
	at com.mysql.cj.protocol.a.NativeSocketConnection.connect(NativeSocketConnection.java:63)
	... 23 more
[2026-10-03 04:08:25.264][WARN ] [Deploy         :298] - execute db_p.select_one_value select count(*) from oceanbase.__all_virtual_server_stat where role = 'STANDBY' and pending_role = 'INVALID' and switchover_status = 'NORMAL' result => null
[2026-10-03 04:08:25.264][WARN ] [OBI            :5348] - expect => 1, actual => null, left timeout => 60, totaltime => 60, file => 221/433, file_percent => 51
[2026-10-03 04:08:26.264][INFO ] [Deploy         :287] - execute db_p.select_one_value select count(*) from oceanbase.__all_virtual_server_stat where role = 'STANDBY' and pending_role = 'INVALID' and switchover_status = 'NORMAL'
[2026-10-03 04:08:26.265][INFO ] [SQLProcessor   :2086] - execute sql => select count(*) from oceanbase.__all_virtual_server_stat where role = 'STANDBY' and pending_role = 'INVALID' and switchover_status = 'NORMAL'
[2026-10-03 04:08:26.266][ERROR] [SQLProcessor   :2096] - user => admin@sys, passwd => admin, jdbcUrl => jdbc:mysql://6.12.232.130:42035/oceanbase?useAffectedRows=true&emulateUnsupportedPstmts=false&characterEncoding=utf8&useServerPrepStmts=false&prepStmtCacheSqlLimit=1000&enableQueryTimeouts=true&useLocalSessionState=false&useLocalTransactionState=false&rewriteBatchedStatements=true&allowMultiQueries=true&socketTimeout=600000
[2026-10-03 04:08:26.267][ERROR] [SQLProcessor   :2098] - execute sql => select count(*) from oceanbase.__all_virtual_server_stat where role = 'STANDBY' and pending_role = 'INVALID' and switchover_status = 'NORMAL' failed
com.mysql.cj.jdbc.exceptions.CommunicationsException: Communications link failure

The last packet sent successfully to the server was 0 milliseconds ago. The driver has not received any packets from the server.
	at com.mysql.cj.jdbc.exceptions.SQLError.createCommunicationsException(SQLError.java:175)
	at com.mysql.cj.jdbc.exceptions.SQLExceptionsMapping.translateException(SQLExceptionsMapping.java:64)
	at com.mysql.cj.jdbc.ConnectionImpl.createNewIO(ConnectionImpl.java:825)
	at com.mysql.cj.jdbc.ConnectionImpl.<init>(ConnectionImpl.java:446)
	at com.mysql.cj.jdbc.ConnectionImpl.getInstance(ConnectionImpl.java:239)
	at com.mysql.cj.jdbc.NonRegisteringDriver.connect(NonRegisteringDriver.java:188)
	at java.sql.DriverManager.getConnection(DriverManager.java:664)
	at java.sql.DriverManager.getConnection(DriverManager.java:247)
	at com.etao.mytest.processor.SQLProcessor.selectGetValue(SQLProcessor.java:2088)
	at com.etao.mytest.deploy.OBI.select_one_value(OBI.java:4540)
	at sun.reflect.GeneratedMethodAccessor1.invoke(Unknown Source)
	at sun.reflect.DelegatingMethodAccessorImpl.invoke(DelegatingMethodAccessorImpl.java:43)
	at java.lang.reflect.Method.invoke(Method.java:498)
	at com.etao.mytest.deploy.Deploy.execute(Deploy.java:289)
	at com.etao.mytest.deploy.OBI.check_until_timeout(OBI.java:5340)
	at sun.reflect.GeneratedMethodAccessor2.invoke(Unknown Source)
	at sun.reflect.DelegatingMethodAccessorImpl.invoke(DelegatingMethodAccessorImpl.java:43)
	at java.lang.reflect.Method.invoke(Method.java:498)
	at com.etao.mytest.deploy.Deploy.execute(Deploy.java:289)
	at com.etao.mytest.processor.DeployProcessor.process(DeployProcessor.java:157)
	at com.etao.mytest.command.Command.execute(Command.java:552)
	at com.etao.mytest.main.TestCase.run(TestCase.java:779)
	at com.etao.mytest.main.MyTest.main(MyTest.java:129)
Caused by: com.mysql.cj.exceptions.CJCommunicationsException: Communications link failure

The last packet sent successfully to the server was 0 milliseconds ago. The driver has not received any packets from the server.
	at sun.reflect.NativeConstructorAccessorImpl.newInstance0(Native Method)
	at sun.reflect.NativeConstructorAccessorImpl.newInstance(NativeConstructorAccessorImpl.java:62)
	at sun.reflect.DelegatingConstructorAccessorImpl.newInstance(DelegatingConstructorAccessorImpl.java:45)
	at java.lang.reflect.Constructor.newInstance(Constructor.java:423)
	at com.mysql.cj.exceptions.ExceptionFactory.createException(ExceptionFactory.java:62)
	at com.mysql.cj.exceptions.ExceptionFactory.createException(ExceptionFactory.java:105)
	at com.mysql.cj.exceptions.ExceptionFactory.createException(ExceptionFactory.java:150)
	at com.mysql.cj.exceptions.ExceptionFactory.createCommunicationsException(ExceptionFactory.java:166)
	at com.mysql.cj.protocol.a.NativeSocketConnection.connect(NativeSocketConnection.java:89)
	at com.mysql.cj.NativeSession.connect(NativeSession.java:121)
	at com.mysql.cj.jdbc.ConnectionImpl.connectOneTryOnly(ConnectionImpl.java:945)
	at com.mysql.cj.jdbc.ConnectionImpl.createNewIO(ConnectionImpl.java:815)
	... 20 more
Caused by: java.net.ConnectException: Connection refused (Connection refused)
	at java.net.PlainSocketImpl.socketConnect(Native Method)
	at java.net.AbstractPlainSocketImpl.doConnect(AbstractPlainSocketImpl.java:350)
	at java.net.AbstractPlainSocketImpl.connectToAddress(AbstractPlainSocketImpl.java:206)
	at java.net.AbstractPlainSocketImpl.connect(AbstractPlainSocketImpl.java:188)
	at java.net.SocksSocketImpl.connect(SocksSocketImpl.java:392)
	at java.net.Socket.connect(Socket.java:607)
	at com.mysql.cj.protocol.StandardSocketFactory.connect(StandardSocketFactory.java:153)
	at com.mysql.cj.protocol.a.NativeSocketConnection.connect(NativeSocketConnection.java:63)
	... 23 more
[2026-10-03 04:08:26.267][WARN ] [Deploy         :298] - execute db_p.select_one_value select count(*) from oceanbase.__all_virtual_server_stat where role = 'STANDBY' and pending_role = 'INVALID' and switchover_status = 'NORMAL' result => null
[2026-10-03 04:08:26.267][WARN ] [OBI            :5348] - expect => 1, actual => null, left timeout => 59, totaltime => 60, file => 221/433, file_percent => 51
[2026-10-03 04:08:27.268][INFO ] [Deploy         :287] - execute db_p.select_one_value select count(*) from oceanbase.__all_virtual_server_stat where role = 'STANDBY' and pending_role = 'INVALID' and switchover_status = 'NORMAL'
[2026-10-03 04:08:27.268][INFO ] [SQLProcessor   :2086] - execute sql => select count(*) from oceanbase.__all_virtual_server_stat where role = 'STANDBY' and pending_role = 'INVALID' and switchover_status = 'NORMAL'
[2026-10-03 04:08:27.270][ERROR] [SQLProcessor   :2096] - user => admin@sys, passwd => admin, jdbcUrl => jdbc:mysql://6.12.232.130:42035/oceanbase?useAffectedRows=true&emulateUnsupportedPstmts=false&characterEncoding=utf8&useServerPrepStmts=false&prepStmtCacheSqlLimit=1000&enableQueryTimeouts=true&useLocalSessionState=false&useLocalTransactionState=false&rewriteBatchedStatements=true&allowMultiQueries=true&socketTimeout=600000
[2026-10-03 04:08:27.270][ERROR] [SQLProcessor   :2098] - execute sql => select count(*) from oceanbase.__all_virtual_server_stat where role = 'STANDBY' and pending_role = 'INVALID' and switchover_status = 'NORMAL' failed
com.mysql.cj.jdbc.exceptions.CommunicationsException: Communications link failure

The last packet sent successfully to the server was 0 milliseconds ago. The driver has not received any packets from the server.
	at com.mysql.cj.jdbc.exceptions.SQLError.createCommunicationsException(SQLError.java:175)
	at com.mysql.cj.jdbc.exceptions.SQLExceptionsMapping.translateException(SQLExceptionsMapping.java:64)
	at com.mysql.cj.jdbc.ConnectionImpl.createNewIO(ConnectionImpl.java:825)
	at com.mysql.cj.jdbc.ConnectionImpl.<init>(ConnectionImpl.java:446)
	at com.mysql.cj.jdbc.ConnectionImpl.getInstance(ConnectionImpl.java:239)
	at com.mysql.cj.jdbc.NonRegisteringDriver.connect(NonRegisteringDriver.java:188)
	at java.sql.DriverManager.getConnection(DriverManager.java:664)
	at java.sql.DriverManager.getConnection(DriverManager.java:247)
	at com.etao.mytest.processor.SQLProcessor.selectGetValue(SQLProcessor.java:2088)
	at com.etao.mytest.deploy.OBI.select_one_value(OBI.java:4540)
	at sun.reflect.GeneratedMethodAccessor1.invoke(Unknown Source)
	at sun.reflect.DelegatingMethodAccessorImpl.invoke(DelegatingMethodAccessorImpl.java:43)
	at java.lang.reflect.Method.invoke(Method.java:498)
	at com.etao.mytest.deploy.Deploy.execute(Deploy.java:289)
	at com.etao.mytest.deploy.OBI.check_until_timeout(OBI.java:5340)
	at sun.reflect.GeneratedMethodAccessor2.invoke(Unknown Source)
	at sun.reflect.DelegatingMethodAccessorImpl.invoke(DelegatingMethodAccessorImpl.java:43)
	at java.lang.reflect.Method.invoke(Method.java:498)
	at com.etao.mytest.deploy.Deploy.execute(Deploy.java:289)
	at com.etao.mytest.processor.DeployProcessor.process(DeployProcessor.java:157)
	at com.etao.mytest.command.Command.execute(Command.java:552)
	at com.etao.mytest.main.TestCase.run(TestCase.java:779)
	at com.etao.mytest.main.MyTest.main(MyTest.java:129)
Caused by: com.mysql.cj.exceptions.CJCommunicationsException: Communications link failure

The last packet sent successfully to the server was 0 milliseconds ago. The driver has not received any packets from the server.
	at sun.reflect.NativeConstructorAccessorImpl.newInstance0(Native Method)
	at sun.reflect.NativeConstructorAccessorImpl.newInstance(NativeConstructorAccessorImpl.java:62)
	at sun.reflect.DelegatingConstructorAccessorImpl.newInstance(DelegatingConstructorAccessorImpl.java:45)
	at java.lang.reflect.Constructor.newInstance(Constructor.java:423)
	at com.mysql.cj.exceptions.ExceptionFactory.createException(ExceptionFactory.java:62)
	at com.mysql.cj.exceptions.ExceptionFactory.createException(ExceptionFactory.java:105)
	at com.mysql.cj.exceptions.ExceptionFactory.createException(ExceptionFactory.java:150)
	at com.mysql.cj.exceptions.ExceptionFactory.createCommunicationsException(ExceptionFactory.java:166)
	at com.mysql.cj.protocol.a.NativeSocketConnection.connect(NativeSocketConnection.java:89)
	at com.mysql.cj.NativeSession.connect(NativeSession.java:121)
	at com.mysql.cj.jdbc.ConnectionImpl.connectOneTryOnly(ConnectionImpl.java:945)
	at com.mysql.cj.jdbc.ConnectionImpl.createNewIO(ConnectionImpl.java:815)
	... 20 more
Caused by: java.net.ConnectException: Connection refused (Connection refused)
	at java.net.PlainSocketImpl.socketConnect(Native Method)
	at java.net.AbstractPlainSocketImpl.doConnect(AbstractPlainSocketImpl.java:350)
	at java.net.AbstractPlainSocketImpl.connectToAddress(AbstractPlainSocketImpl.java:206)
	at java.net.AbstractPlainSocketImpl.connect(AbstractPlainSocketImpl.java:188)
	at java.net.SocksSocketImpl.connect(SocksSocketImpl.java:392)
	at java.net.Socket.connect(Socket.java:607)
	at com.mysql.cj.protocol.StandardSocketFactory.connect(StandardSocketFactory.java:153)
	at com.mysql.cj.protocol.a.NativeSocketConnection.connect(NativeSocketConnection.java:63)
	... 23 more
[2026-10-03 04:08:27.271][WARN ] [Deploy         :298] - execute db_p.select_one_value select count(*) from oceanbase.__all_virtual_server_stat where role = 'STANDBY' and pending_role = 'INVALID' and switchover_status = 'NORMAL' result => null
[2026-10-03 04:08:27.271][WARN ] [OBI            :5348] - expect => 1, actual => null, left timeout => 58, totaltime => 60, file => 221/433, file_percent => 51
[2026-10-03 04:08:28.271][INFO ] [Deploy         :287] - execute db_p.select_one_value select count(*) from oceanbase.__all_virtual_server_stat where role = 'STANDBY' and pending_role = 'INVALID' and switchover_status = 'NORMAL'
[2026-10-03 04:08:28.272][INFO ] [SQLProcessor   :2086] - execute sql => select count(*) from oceanbase.__all_virtual_server_stat where role = 'STANDBY' and pending_role = 'INVALID' and switchover_status = 'NORMAL'
[2026-10-03 04:08:28.274][ERROR] [SQLProcessor   :2096] - user => admin@sys, passwd => admin, jdbcUrl => jdbc:mysql://6.12.232.130:42035/oceanbase?useAffectedRows=true&emulateUnsupportedPstmts=false&characterEncoding=utf8&useServerPrepStmts=false&prepStmtCacheSqlLimit=1000&enableQueryTimeouts=true&useLocalSessionState=false&useLocalTransactionState=false&rewriteBatchedStatements=true&allowMultiQueries=true&socketTimeout=600000
[2026-10-03 04:08:28.274][ERROR] [SQLProcessor   :2098] - execute sql => select count(*) from oceanbase.__all_virtual_server_stat where role = 'STANDBY' and pending_role = 'INVALID' and switchover_status = 'NORMAL' failed
com.mysql.cj.jdbc.exceptions.CommunicationsException: Communications link failure

The last packet sent successfully to the server was 0 milliseconds ago. The driver has not received any packets from the server.
	at com.mysql.cj.jdbc.exceptions.SQLError.createCommunicationsException(SQLError.java:175)
	at com.mysql.cj.jdbc.exceptions.SQLExceptionsMapping.translateException(SQLExceptionsMapping.java:64)
	at com.mysql.cj.jdbc.ConnectionImpl.createNewIO(ConnectionImpl.java:825)
	at com.mysql.cj.jdbc.ConnectionImpl.<init>(ConnectionImpl.java:446)
	at com.mysql.cj.jdbc.ConnectionImpl.getInstance(ConnectionImpl.java:239)
	at com.mysql.cj.jdbc.NonRegisteringDriver.connect(NonRegisteringDriver.java:188)
	at java.sql.DriverManager.getConnection(DriverManager.java:664)
	at java.sql.DriverManager.getConnection(DriverManager.java:247)
	at com.etao.mytest.processor.SQLProcessor.selectGetValue(SQLProcessor.java:2088)
	at com.etao.mytest.deploy.OBI.select_one_value(OBI.java:4540)
	at sun.reflect.GeneratedMethodAccessor1.invoke(Unknown Source)
	at sun.reflect.DelegatingMethodAccessorImpl.invoke(DelegatingMethodAccessorImpl.java:43)
	at java.lang.reflect.Method.invoke(Method.java:498)
	at com.etao.mytest.deploy.Deploy.execute(Deploy.java:289)
	at com.etao.mytest.deploy.OBI.check_until_timeout(OBI.java:5340)
	at sun.reflect.GeneratedMethodAccessor2.invoke(Unknown Source)
	at sun.reflect.DelegatingMethodAccessorImpl.invoke(DelegatingMethodAccessorImpl.java:43)
	at java.lang.reflect.Method.invoke(Method.java:498)
	at com.etao.mytest.deploy.Deploy.execute(Deploy.java:289)
	at com.etao.mytest.processor.DeployProcessor.process(DeployProcessor.java:157)
	at com.etao.mytest.command.Command.execute(Command.java:552)
	at com.etao.mytest.main.TestCase.run(TestCase.java:779)
	at com.etao.mytest.main.MyTest.main(MyTest.java:129)
Caused by: com.mysql.cj.exceptions.CJCommunicationsException: Communications link failure

The last packet sent successfully to the server was 0 milliseconds ago. The driver has not received any packets from the server.
	at sun.reflect.NativeConstructorAccessorImpl.newInstance0(Native Method)
	at sun.reflect.NativeConstructorAccessorImpl.newInstance(NativeConstructorAccessorImpl.java:62)
	at sun.reflect.DelegatingConstructorAccessorImpl.newInstance(DelegatingConstructorAccessorImpl.java:45)
	at java.lang.reflect.Constructor.newInstance(Constructor.java:423)
	at com.mysql.cj.exceptions.ExceptionFactory.createException(ExceptionFactory.java:62)
	at com.mysql.cj.exceptions.ExceptionFactory.createException(ExceptionFactory.java:105)
	at com.mysql.cj.exceptions.ExceptionFactory.createException(ExceptionFactory.java:150)
	at com.mysql.cj.exceptions.ExceptionFactory.createCommunicationsException(ExceptionFactory.java:166)
	at com.mysql.cj.protocol.a.NativeSocketConnection.connect(NativeSocketConnection.java:89)
	at com.mysql.cj.NativeSession.connect(NativeSession.java:121)
	at com.mysql.cj.jdbc.ConnectionImpl.connectOneTryOnly(ConnectionImpl.java:945)
	at com.mysql.cj.jdbc.ConnectionImpl.createNewIO(ConnectionImpl.java:815)
	... 20 more
Caused by: java.net.ConnectException: Connection refused (Connection refused)
	at java.net.PlainSocketImpl.socketConnect(Native Method)
	at java.net.AbstractPlainSocketImpl.doConnect(AbstractPlainSocketImpl.java:350)
	at java.net.AbstractPlainSocketImpl.connectToAddress(AbstractPlainSocketImpl.java:206)
	at java.net.AbstractPlainSocketImpl.connect(AbstractPlainSocketImpl.java:188)
	at java.net.SocksSocketImpl.connect(SocksSocketImpl.java:392)
	at java.net.Socket.connect(Socket.java:607)
	at com.mysql.cj.protocol.StandardSocketFactory.connect(StandardSocketFactory.java:153)
	at com.mysql.cj.protocol.a.NativeSocketConnection.connect(NativeSocketConnection.java:63)
	... 23 more
[2026-10-03 04:08:28.275][WARN ] [Deploy         :298] - execute db_p.select_one_value select count(*) from oceanbase.__all_virtual_server_stat where role = 'STANDBY' and pending_role = 'INVALID' and switchover_status = 'NORMAL' result => null
[2026-10-03 04:08:28.275][WARN ] [OBI            :5348] - expect => 1, actual => null, left timeout => 57, totaltime => 60, file => 221/433, file_percent => 51
[2026-10-03 04:08:29.275][INFO ] [Deploy         :287] - execute db_p.select_one_value select count(*) from oceanbase.__all_virtual_server_stat where role = 'STANDBY' and pending_role = 'INVALID' and switchover_status = 'NORMAL'
[2026-10-03 04:08:29.276][INFO ] [SQLProcessor   :2086] - execute sql => select count(*) from oceanbase.__all_virtual_server_stat where role = 'STANDBY' and pending_role = 'INVALID' and switchover_status = 'NORMAL'
[2026-10-03 04:08:29.314][INFO ] [Deploy         :294] - execute db_p.select_one_value select count(*) from oceanbase.__all_virtual_server_stat where role = 'STANDBY' and pending_role = 'INVALID' and switchover_status = 'NORMAL' result => 1
[2026-10-03 04:08:29.314][INFO ] [OBI            :5345] - check success! use time = 4
[2026-10-03 04:08:29.315][INFO ] [Deploy         :294] - execute db_p.check_until_timeout select count(*) from oceanbase.__all_virtual_server_stat where role = 'STANDBY' and pending_role = 'INVALID' and switchover_status = 'NORMAL', 1, 60 result => true
[2026-10-03 04:08:29.315][INFO ] [Command        :353] - start[1790971705259] time[4056] tag[Q_DEPLOY]
[2026-10-03 04:08:29.315][INFO ] [Command        :536] - > LINE => 222, CMD => Q_CONNECT, CONTENT => ob_connect(conn_sys_p, db_p.z1.obs0, root@sys, , oceanbase, , USE_MYSQL_CONNECTOR)
[2026-10-03 04:08:29.315][INFO ] [SQLProcessor   :1505] - conn_sys_p create a physical connection  using jdbc:mysql://6.12.232.130:42035/oceanbase?useAffectedRows=true&emulateUnsupportedPstmts=false&characterEncoding=utf8&useServerPrepStmts=true&prepStmtCacheSqlLimit=1000&enableQueryTimeouts=false&useLocalSessionState=false&useLocalTransactionState=false&rewriteBatchedStatements=true&allowMultiQueries=true&socketTimeout=1800000 user/pwd is root@sys/
[2026-10-03 04:08:29.329][INFO ] [SQLProcessor   :1519] - connection => conn_sys_p is mysql mode.
[2026-10-03 04:08:29.330][INFO ] [SQLProcessor   :1522] - put conn: dataid=conn_sys_p currentConn=com.mysql.cj.jdbc.ConnectionImpl@5562c41e hashcode => 1432536094
[2026-10-03 04:08:29.330][INFO ] [Command        :353] - start[1790971709315] time[14] tag[Q_CONNECT]
[2026-10-03 04:08:29.330][INFO ] [Command        :536] - > LINE => 224, CMD => Q_ENABLE_QUERY_LOG, CONTENT => --enable_query_log
[2026-10-03 04:08:29.330][INFO ] [Command        :353] - start[1790971709330] time[0] tag[Q_ENABLE_QUERY_LOG]
[2026-10-03 04:08:29.330][INFO ] [Command        :536] - > LINE => 225, CMD => Q_ENABLE_RESULT_LOG, CONTENT => --enable_result_log
[2026-10-03 04:08:29.330][INFO ] [Command        :353] - start[1790971709330] time[0] tag[Q_ENABLE_RESULT_LOG]
[2026-10-03 04:08:29.330][INFO ] [Command        :536] - > LINE => 228, CMD => Q_CONNECTION, CONTENT => connection conn_sys_s1
[2026-10-03 04:08:29.330][INFO ] [SQLProcessor   :1128] - use connection => conn_sys_s1 hashcode => 1630678941
[2026-10-03 04:08:29.333][INFO ] [SQLProcessor   :1158] - connection => conn_sys_s1 is mysql mode. conn=com.mysql.cj.jdbc.ConnectionImpl@61322f9d
[2026-10-03 04:08:29.334][INFO ] [Command        :353] - start[1790971709330] time[3] tag[Q_CONNECTION]
[2026-10-03 04:08:29.334][INFO ] [Command        :536] - > LINE => 229, CMD => Q_QUERY, CONTENT => insert into test_multi_standby values(6, 'after_switchover', 600);
[2026-10-03 04:08:29.340][INFO ] [Command        :353] - start[1790971709334] time[5] tag[Q_QUERY]
[2026-10-03 04:08:29.340][INFO ] [Command        :536] - > LINE => 231, CMD => Q_DISABLE_QUERY_LOG, CONTENT => --disable_query_log
[2026-10-03 04:08:29.340][INFO ] [Command        :353] - start[1790971709340] time[0] tag[Q_DISABLE_QUERY_LOG]
[2026-10-03 04:08:29.340][INFO ] [Command        :536] - > LINE => 232, CMD => Q_DISABLE_RESULT_LOG, CONTENT => --disable_result_log
[2026-10-03 04:08:29.340][INFO ] [Command        :353] - start[1790971709340] time[0] tag[Q_DISABLE_RESULT_LOG]
[2026-10-03 04:08:29.341][INFO ] [Command        :536] - > LINE => 235, CMD => Q_DEPLOY, CONTENT => db_p.check_until_timeout select count(*) from test_multi_standby where id = 6, 1, 120;
[2026-10-03 04:08:29.341][INFO ] [DeployProcessor:93] - deploy => db_p.check_until_timeout select count(*) from test_multi_standby where id = 6, 1, 120
[2026-10-03 04:08:29.341][INFO ] [Deploy         :287] - execute db_p.check_until_timeout select count(*) from test_multi_standby where id = 6, 1, 120
[2026-10-03 04:08:29.341][INFO ] [Deploy         :287] - execute db_p.select_one_value select count(*) from test_multi_standby where id = 6
[2026-10-03 04:08:29.342][INFO ] [SQLProcessor   :2086] - execute sql => select count(*) from test_multi_standby where id = 6
[2026-10-03 04:08:29.370][INFO ] [Deploy         :294] - execute db_p.select_one_value select count(*) from test_multi_standby where id = 6 result => 0
[2026-10-03 04:08:29.370][WARN ] [OBI            :5348] - expect => 1, actual => 0, left timeout => 120, totaltime => 120, file => 235/433, file_percent => 54
[2026-10-03 04:08:30.371][INFO ] [Deploy         :287] - execute db_p.select_one_value select count(*) from test_multi_standby where id = 6
[2026-10-03 04:08:30.371][INFO ] [SQLProcessor   :2086] - execute sql => select count(*) from test_multi_standby where id = 6
[2026-10-03 04:08:30.378][INFO ] [Deploy         :294] - execute db_p.select_one_value select count(*) from test_multi_standby where id = 6 result => 1
[2026-10-03 04:08:30.378][INFO ] [OBI            :5345] - check success! use time = 1
[2026-10-03 04:08:30.378][INFO ] [Deploy         :294] - execute db_p.check_until_timeout select count(*) from test_multi_standby where id = 6, 1, 120 result => true
[2026-10-03 04:08:30.378][INFO ] [Command        :353] - start[1790971709341] time[1037] tag[Q_DEPLOY]
[2026-10-03 04:08:30.379][INFO ] [Command        :536] - > LINE => 238, CMD => Q_DEPLOY, CONTENT => db_s2.check_until_timeout select count(*) from test_multi_standby where id = 6, 1, 120;
[2026-10-03 04:08:30.379][INFO ] [DeployProcessor:93] - deploy => db_s2.check_until_timeout select count(*) from test_multi_standby where id = 6, 1, 120
[2026-10-03 04:08:30.380][INFO ] [Deploy         :287] - execute db_s2.check_until_timeout select count(*) from test_multi_standby where id = 6, 1, 120
[2026-10-03 04:08:30.380][INFO ] [Deploy         :287] - execute db_s2.select_one_value select count(*) from test_multi_standby where id = 6
[2026-10-03 04:08:30.380][INFO ] [SQLProcessor   :2086] - execute sql => select count(*) from test_multi_standby where id = 6
[2026-10-03 04:08:30.386][INFO ] [Deploy         :294] - execute db_s2.select_one_value select count(*) from test_multi_standby where id = 6 result => 1
[2026-10-03 04:08:30.386][INFO ] [OBI            :5345] - check success! use time = 0
[2026-10-03 04:08:30.386][INFO ] [Deploy         :294] - execute db_s2.check_until_timeout select count(*) from test_multi_standby where id = 6, 1, 120 result => true
[2026-10-03 04:08:30.387][INFO ] [Command        :353] - start[1790971710379] time[7] tag[Q_DEPLOY]
[2026-10-03 04:08:30.387][INFO ] [Command        :536] - > LINE => 240, CMD => Q_ENABLE_QUERY_LOG, CONTENT => --enable_query_log
[2026-10-03 04:08:30.387][INFO ] [Command        :353] - start[1790971710387] time[0] tag[Q_ENABLE_QUERY_LOG]
[2026-10-03 04:08:30.387][INFO ] [Command        :536] - > LINE => 241, CMD => Q_ENABLE_RESULT_LOG, CONTENT => --enable_result_log
[2026-10-03 04:08:30.387][INFO ] [Command        :353] - start[1790971710387] time[0] tag[Q_ENABLE_RESULT_LOG]
[2026-10-03 04:08:30.387][INFO ] [Command        :536] - > LINE => 244, CMD => Q_CONNECTION, CONTENT => connection conn_sys_s1
[2026-10-03 04:08:30.388][INFO ] [SQLProcessor   :1128] - use connection => conn_sys_s1 hashcode => 1630678941
[2026-10-03 04:08:30.389][INFO ] [SQLProcessor   :1158] - connection => conn_sys_s1 is mysql mode. conn=com.mysql.cj.jdbc.ConnectionImpl@61322f9d
[2026-10-03 04:08:30.390][INFO ] [Command        :353] - start[1790971710387] time[2] tag[Q_CONNECTION]
[2026-10-03 04:08:30.390][INFO ] [Command        :536] - > LINE => 245, CMD => Q_QUERY, CONTENT => select count(*) from test_multi_standby;
[2026-10-03 04:08:30.395][INFO ] [Command        :353] - start[1790971710390] time[4] tag[Q_QUERY]
[2026-10-03 04:08:30.395][INFO ] [Command        :536] - > LINE => 248, CMD => Q_CONNECTION, CONTENT => connection conn_sys_p
[2026-10-03 04:08:30.395][INFO ] [SQLProcessor   :1128] - use connection => conn_sys_p hashcode => 1432536094
[2026-10-03 04:08:30.397][INFO ] [SQLProcessor   :1158] - connection => conn_sys_p is mysql mode. conn=com.mysql.cj.jdbc.ConnectionImpl@5562c41e
[2026-10-03 04:08:30.397][INFO ] [Command        :353] - start[1790971710395] time[1] tag[Q_CONNECTION]
[2026-10-03 04:08:30.397][INFO ] [Command        :536] - > LINE => 249, CMD => Q_QUERY, CONTENT => select count(*) from test_multi_standby;
[2026-10-03 04:08:30.402][INFO ] [Command        :353] - start[1790971710397] time[4] tag[Q_QUERY]
[2026-10-03 04:08:30.402][INFO ] [Command        :536] - > LINE => 252, CMD => Q_CONNECTION, CONTENT => connection conn_sys_s2
[2026-10-03 04:08:30.402][INFO ] [SQLProcessor   :1128] - use connection => conn_sys_s2 hashcode => 2079179914
[2026-10-03 04:08:30.404][INFO ] [SQLProcessor   :1158] - connection => conn_sys_s2 is mysql mode. conn=com.mysql.cj.jdbc.ConnectionImpl@7bedc48a
[2026-10-03 04:08:30.404][INFO ] [Command        :353] - start[1790971710402] time[2] tag[Q_CONNECTION]
[2026-10-03 04:08:30.405][INFO ] [Command        :536] - > LINE => 253, CMD => Q_QUERY, CONTENT => select count(*) from test_multi_standby;
[2026-10-03 04:08:30.408][INFO ] [Command        :353] - start[1790971710405] time[3] tag[Q_QUERY]
[2026-10-03 04:08:30.409][INFO ] [Command        :536] - > LINE => 256, CMD => Q_ECHO, CONTENT => Case 3 completed: Switchover with multiple standbys verified
[2026-10-03 04:08:30.409][INFO ] [Command        :353] - start[1790971710409] time[0] tag[Q_ECHO]
[2026-10-03 04:08:30.409][INFO ] [Command        :536] - > LINE => 261, CMD => Q_ECHO, CONTENT => ========== Case 4: Roundtrip Switchover with Multiple Standbys ==========
[2026-10-03 04:08:30.409][INFO ] [Command        :353] - start[1790971710409] time[0] tag[Q_ECHO]
[2026-10-03 04:08:30.410][INFO ] [Command        :536] - > LINE => 263, CMD => Q_DISABLE_QUERY_LOG, CONTENT => --disable_query_log
[2026-10-03 04:08:30.410][INFO ] [Command        :353] - start[1790971710410] time[0] tag[Q_DISABLE_QUERY_LOG]
[2026-10-03 04:08:30.410][INFO ] [Command        :536] - > LINE => 264, CMD => Q_DISABLE_RESULT_LOG, CONTENT => --disable_result_log
[2026-10-03 04:08:30.410][INFO ] [Command        :353] - start[1790971710410] time[0] tag[Q_DISABLE_RESULT_LOG]
[2026-10-03 04:08:30.410][INFO ] [Command        :536] - > LINE => 267, CMD => Q_LET_DEPLOY, CONTENT => $db_p_svr_ip
[2026-10-03 04:08:30.410][INFO ] [Deploy         :287] - execute db_p.select select svr_ip from oceanbase.__all_virtual_server_stat limit 1, svr_ip, 1
[2026-10-03 04:08:30.411][INFO ] [SQLProcessor   :2086] - execute sql => select svr_ip from oceanbase.__all_virtual_server_stat limit 1
[2026-10-03 04:08:30.419][INFO ] [Deploy         :294] - execute db_p.select select svr_ip from oceanbase.__all_virtual_server_stat limit 1, svr_ip, 1 result => 127.0.0.1
[2026-10-03 04:08:30.419][INFO ] [Command        :353] - start[1790971710410] time[8] tag[Q_LET_DEPLOY]
[2026-10-03 04:08:30.420][INFO ] [Command        :536] - > LINE => 268, CMD => Q_LET_DEPLOY, CONTENT => $db_p_rpc_port
[2026-10-03 04:08:30.420][INFO ] [Deploy         :287] - execute db_p.select select rpc_port from oceanbase.__all_virtual_server_stat limit 1, rpc_port, 1
[2026-10-03 04:08:30.420][INFO ] [SQLProcessor   :2086] - execute sql => select rpc_port from oceanbase.__all_virtual_server_stat limit 1
[2026-10-03 04:08:30.428][INFO ] [Deploy         :294] - execute db_p.select select rpc_port from oceanbase.__all_virtual_server_stat limit 1, rpc_port, 1 result => 42000
[2026-10-03 04:08:30.428][INFO ] [Command        :353] - start[1790971710420] time[8] tag[Q_LET_DEPLOY]
[2026-10-03 04:08:30.428][INFO ] [Command        :536] - > LINE => 270, CMD => Q_CONNECTION, CONTENT => connection conn_sys_s1
[2026-10-03 04:08:30.428][INFO ] [SQLProcessor   :1128] - use connection => conn_sys_s1 hashcode => 1630678941
[2026-10-03 04:08:30.429][INFO ] [SQLProcessor   :1158] - connection => conn_sys_s1 is mysql mode. conn=com.mysql.cj.jdbc.ConnectionImpl@61322f9d
[2026-10-03 04:08:30.429][INFO ] [Command        :353] - start[1790971710428] time[1] tag[Q_CONNECTION]
[2026-10-03 04:08:30.430][INFO ] [Command        :536] - > LINE => 271, CMD => Q_EVAL, CONTENT => alter system set log_restore_source = '$db_p_svr_ip:$db_p_rpc_port';
[2026-10-03 04:08:30.431][INFO ] [Command        :771] - eval => alter system set log_restore_source = '127.0.0.1:42000';
[2026-10-03 04:08:30.439][INFO ] [Command        :353] - start[1790971710430] time[9] tag[Q_EVAL]
[2026-10-03 04:08:30.439][INFO ] [Command        :536] - > LINE => 274, CMD => Q_DEPLOY, CONTENT => db_s1.check_until_timeout select count(*) from oceanbase.__all_virtual_server_stat where log_restore_source like '%:$db_p_rpc_port', 1, 30;
[2026-10-03 04:08:30.440][INFO ] [DeployProcessor:93] - deploy => db_s1.check_until_timeout select count(*) from oceanbase.__all_virtual_server_stat where log_restore_source like '%:42000', 1, 30
[2026-10-03 04:08:30.440][INFO ] [Deploy         :287] - execute db_s1.check_until_timeout select count(*) from oceanbase.__all_virtual_server_stat where log_restore_source like '%:42000', 1, 30
[2026-10-03 04:08:30.440][INFO ] [Deploy         :287] - execute db_s1.select_one_value select count(*) from oceanbase.__all_virtual_server_stat where log_restore_source like '%:42000'
[2026-10-03 04:08:30.440][INFO ] [SQLProcessor   :2086] - execute sql => select count(*) from oceanbase.__all_virtual_server_stat where log_restore_source like '%:42000'
[2026-10-03 04:08:30.448][INFO ] [Deploy         :294] - execute db_s1.select_one_value select count(*) from oceanbase.__all_virtual_server_stat where log_restore_source like '%:42000' result => 1
[2026-10-03 04:08:30.448][INFO ] [OBI            :5345] - check success! use time = 0
[2026-10-03 04:08:30.448][INFO ] [Deploy         :294] - execute db_s1.check_until_timeout select count(*) from oceanbase.__all_virtual_server_stat where log_restore_source like '%:42000', 1, 30 result => true
[2026-10-03 04:08:30.448][INFO ] [Command        :353] - start[1790971710439] time[8] tag[Q_DEPLOY]
[2026-10-03 04:08:30.448][INFO ] [Command        :536] - > LINE => 277, CMD => Q_CONNECTION, CONTENT => connection conn_sys_s2
[2026-10-03 04:08:30.448][INFO ] [SQLProcessor   :1128] - use connection => conn_sys_s2 hashcode => 2079179914
[2026-10-03 04:08:30.450][INFO ] [SQLProcessor   :1158] - connection => conn_sys_s2 is mysql mode. conn=com.mysql.cj.jdbc.ConnectionImpl@7bedc48a
[2026-10-03 04:08:30.450][INFO ] [Command        :353] - start[1790971710448] time[1] tag[Q_CONNECTION]
[2026-10-03 04:08:30.450][INFO ] [Command        :536] - > LINE => 278, CMD => Q_EVAL, CONTENT => alter system set log_restore_source = '$db_p_svr_ip:$db_p_rpc_port';
[2026-10-03 04:08:30.450][INFO ] [Command        :771] - eval => alter system set log_restore_source = '127.0.0.1:42000';
[2026-10-03 04:08:30.458][INFO ] [Command        :353] - start[1790971710450] time[8] tag[Q_EVAL]
[2026-10-03 04:08:30.459][INFO ] [Command        :536] - > LINE => 281, CMD => Q_DEPLOY, CONTENT => db_s2.check_until_timeout select count(*) from oceanbase.__all_virtual_server_stat where log_restore_source like '%:$db_p_rpc_port', 1, 30;
[2026-10-03 04:08:30.459][INFO ] [DeployProcessor:93] - deploy => db_s2.check_until_timeout select count(*) from oceanbase.__all_virtual_server_stat where log_restore_source like '%:42000', 1, 30
[2026-10-03 04:08:30.459][INFO ] [Deploy         :287] - execute db_s2.check_until_timeout select count(*) from oceanbase.__all_virtual_server_stat where log_restore_source like '%:42000', 1, 30
[2026-10-03 04:08:30.459][INFO ] [Deploy         :287] - execute db_s2.select_one_value select count(*) from oceanbase.__all_virtual_server_stat where log_restore_source like '%:42000'
[2026-10-03 04:08:30.459][INFO ] [SQLProcessor   :2086] - execute sql => select count(*) from oceanbase.__all_virtual_server_stat where log_restore_source like '%:42000'
[2026-10-03 04:08:30.467][INFO ] [Deploy         :294] - execute db_s2.select_one_value select count(*) from oceanbase.__all_virtual_server_stat where log_restore_source like '%:42000' result => 1
[2026-10-03 04:08:30.468][INFO ] [OBI            :5345] - check success! use time = 0
[2026-10-03 04:08:30.468][INFO ] [Deploy         :294] - execute db_s2.check_until_timeout select count(*) from oceanbase.__all_virtual_server_stat where log_restore_source like '%:42000', 1, 30 result => true
[2026-10-03 04:08:30.468][INFO ] [Command        :353] - start[1790971710459] time[9] tag[Q_DEPLOY]
[2026-10-03 04:08:30.468][INFO ] [Command        :536] - > LINE => 283, CMD => Q_ENABLE_QUERY_LOG, CONTENT => --enable_query_log
[2026-10-03 04:08:30.468][INFO ] [Command        :353] - start[1790971710468] time[0] tag[Q_ENABLE_QUERY_LOG]
[2026-10-03 04:08:30.469][INFO ] [Command        :536] - > LINE => 284, CMD => Q_ENABLE_RESULT_LOG, CONTENT => --enable_result_log
[2026-10-03 04:08:30.469][INFO ] [Command        :353] - start[1790971710469] time[0] tag[Q_ENABLE_RESULT_LOG]
[2026-10-03 04:08:30.469][INFO ] [Command        :536] - > LINE => 287, CMD => Q_CONNECTION, CONTENT => connection conn_sys_s1
[2026-10-03 04:08:30.469][INFO ] [SQLProcessor   :1128] - use connection => conn_sys_s1 hashcode => 1630678941
[2026-10-03 04:08:30.471][INFO ] [SQLProcessor   :1158] - connection => conn_sys_s1 is mysql mode. conn=com.mysql.cj.jdbc.ConnectionImpl@61322f9d
[2026-10-03 04:08:30.471][INFO ] [Command        :353] - start[1790971710469] time[1] tag[Q_CONNECTION]
[2026-10-03 04:08:30.471][INFO ] [Command        :536] - > LINE => 288, CMD => Q_QUERY, CONTENT => insert into test_multi_standby values(7, 'before_roundtrip', 700);
[2026-10-03 04:08:30.475][INFO ] [Command        :353] - start[1790971710471] time[4] tag[Q_QUERY]
[2026-10-03 04:08:30.476][INFO ] [Command        :536] - > LINE => 290, CMD => Q_DISABLE_QUERY_LOG, CONTENT => --disable_query_log
[2026-10-03 04:08:30.476][INFO ] [Command        :353] - start[1790971710476] time[0] tag[Q_DISABLE_QUERY_LOG]
[2026-10-03 04:08:30.476][INFO ] [Command        :536] - > LINE => 291, CMD => Q_DISABLE_RESULT_LOG, CONTENT => --disable_result_log
[2026-10-03 04:08:30.476][INFO ] [Command        :353] - start[1790971710476] time[0] tag[Q_DISABLE_RESULT_LOG]
[2026-10-03 04:08:30.477][INFO ] [Command        :536] - > LINE => 294, CMD => Q_DEPLOY, CONTENT => db_p.check_until_timeout select count(*) from test_multi_standby where id = 7, 1, 120;
[2026-10-03 04:08:30.477][INFO ] [DeployProcessor:93] - deploy => db_p.check_until_timeout select count(*) from test_multi_standby where id = 7, 1, 120
[2026-10-03 04:08:30.477][INFO ] [Deploy         :287] - execute db_p.check_until_timeout select count(*) from test_multi_standby where id = 7, 1, 120
[2026-10-03 04:08:30.477][INFO ] [Deploy         :287] - execute db_p.select_one_value select count(*) from test_multi_standby where id = 7
[2026-10-03 04:08:30.478][INFO ] [SQLProcessor   :2086] - execute sql => select count(*) from test_multi_standby where id = 7
[2026-10-03 04:08:30.485][INFO ] [Deploy         :294] - execute db_p.select_one_value select count(*) from test_multi_standby where id = 7 result => 0
[2026-10-03 04:08:30.485][WARN ] [OBI            :5348] - expect => 1, actual => 0, left timeout => 120, totaltime => 120, file => 294/433, file_percent => 67
[2026-10-03 04:08:31.485][INFO ] [Deploy         :287] - execute db_p.select_one_value select count(*) from test_multi_standby where id = 7
[2026-10-03 04:08:31.486][INFO ] [SQLProcessor   :2086] - execute sql => select count(*) from test_multi_standby where id = 7
[2026-10-03 04:08:31.493][INFO ] [Deploy         :294] - execute db_p.select_one_value select count(*) from test_multi_standby where id = 7 result => 1
[2026-10-03 04:08:31.493][INFO ] [OBI            :5345] - check success! use time = 1
[2026-10-03 04:08:31.493][INFO ] [Deploy         :294] - execute db_p.check_until_timeout select count(*) from test_multi_standby where id = 7, 1, 120 result => true
[2026-10-03 04:08:31.494][INFO ] [Command        :353] - start[1790971710477] time[1016] tag[Q_DEPLOY]
[2026-10-03 04:08:31.494][INFO ] [Command        :536] - > LINE => 295, CMD => Q_DEPLOY, CONTENT => db_s2.check_until_timeout select count(*) from test_multi_standby where id = 7, 1, 120;
[2026-10-03 04:08:31.495][INFO ] [DeployProcessor:93] - deploy => db_s2.check_until_timeout select count(*) from test_multi_standby where id = 7, 1, 120
[2026-10-03 04:08:31.495][INFO ] [Deploy         :287] - execute db_s2.check_until_timeout select count(*) from test_multi_standby where id = 7, 1, 120
[2026-10-03 04:08:31.495][INFO ] [Deploy         :287] - execute db_s2.select_one_value select count(*) from test_multi_standby where id = 7
[2026-10-03 04:08:31.495][INFO ] [SQLProcessor   :2086] - execute sql => select count(*) from test_multi_standby where id = 7
[2026-10-03 04:08:31.502][INFO ] [Deploy         :294] - execute db_s2.select_one_value select count(*) from test_multi_standby where id = 7 result => 1
[2026-10-03 04:08:31.502][INFO ] [OBI            :5345] - check success! use time = 0
[2026-10-03 04:08:31.503][INFO ] [Deploy         :294] - execute db_s2.check_until_timeout select count(*) from test_multi_standby where id = 7, 1, 120 result => true
[2026-10-03 04:08:31.503][INFO ] [Command        :353] - start[1790971711494] time[8] tag[Q_DEPLOY]
[2026-10-03 04:08:31.503][INFO ] [Command        :536] - > LINE => 297, CMD => Q_ENABLE_QUERY_LOG, CONTENT => --enable_query_log
[2026-10-03 04:08:31.503][INFO ] [Command        :353] - start[1790971711503] time[0] tag[Q_ENABLE_QUERY_LOG]
[2026-10-03 04:08:31.503][INFO ] [Command        :536] - > LINE => 298, CMD => Q_ENABLE_RESULT_LOG, CONTENT => --enable_result_log
[2026-10-03 04:08:31.504][INFO ] [Command        :353] - start[1790971711504] time[0] tag[Q_ENABLE_RESULT_LOG]
[2026-10-03 04:08:31.504][INFO ] [Command        :536] - > LINE => 301, CMD => Q_CONNECTION, CONTENT => connection conn_sys_s1
[2026-10-03 04:08:31.504][INFO ] [SQLProcessor   :1128] - use connection => conn_sys_s1 hashcode => 1630678941
[2026-10-03 04:08:31.506][INFO ] [SQLProcessor   :1158] - connection => conn_sys_s1 is mysql mode. conn=com.mysql.cj.jdbc.ConnectionImpl@61322f9d
[2026-10-03 04:08:31.506][INFO ] [Command        :353] - start[1790971711504] time[1] tag[Q_CONNECTION]
[2026-10-03 04:08:31.506][INFO ] [Command        :536] - > LINE => 302, CMD => Q_QUERY, CONTENT => ALTER SYSTEM SWITCHOVER TO STANDBY;
[2026-10-03 04:08:31.513][INFO ] [Command        :353] - start[1790971711506] time[6] tag[Q_QUERY]
[2026-10-03 04:08:31.514][INFO ] [Command        :536] - > LINE => 304, CMD => Q_DISABLE_QUERY_LOG, CONTENT => --disable_query_log
[2026-10-03 04:08:31.514][INFO ] [Command        :353] - start[1790971711514] time[0] tag[Q_DISABLE_QUERY_LOG]
[2026-10-03 04:08:31.514][INFO ] [Command        :536] - > LINE => 305, CMD => Q_DISABLE_RESULT_LOG, CONTENT => --disable_result_log
[2026-10-03 04:08:31.514][INFO ] [Command        :353] - start[1790971711514] time[0] tag[Q_DISABLE_RESULT_LOG]
[2026-10-03 04:08:31.515][INFO ] [Command        :536] - > LINE => 308, CMD => Q_DEPLOY, CONTENT => db_s1.check_until_timeout select count(*) from oceanbase.__all_virtual_server_stat where role = 'PRIMARY' and pending_role = 'STANDBY' and switchover_status = 'PREPARING', 1, 60;
[2026-10-03 04:08:31.515][INFO ] [DeployProcessor:93] - deploy => db_s1.check_until_timeout select count(*) from oceanbase.__all_virtual_server_stat where role = 'PRIMARY' and pending_role = 'STANDBY' and switchover_status = 'PREPARING', 1, 60
[2026-10-03 04:08:31.515][INFO ] [Deploy         :287] - execute db_s1.check_until_timeout select count(*) from oceanbase.__all_virtual_server_stat where role = 'PRIMARY' and pending_role = 'STANDBY' and switchover_status = 'PREPARING', 1, 60
[2026-10-03 04:08:31.515][INFO ] [Deploy         :287] - execute db_s1.select_one_value select count(*) from oceanbase.__all_virtual_server_stat where role = 'PRIMARY' and pending_role = 'STANDBY' and switchover_status = 'PREPARING'
[2026-10-03 04:08:31.516][INFO ] [SQLProcessor   :2086] - execute sql => select count(*) from oceanbase.__all_virtual_server_stat where role = 'PRIMARY' and pending_role = 'STANDBY' and switchover_status = 'PREPARING'
[2026-10-03 04:08:31.522][INFO ] [Deploy         :294] - execute db_s1.select_one_value select count(*) from oceanbase.__all_virtual_server_stat where role = 'PRIMARY' and pending_role = 'STANDBY' and switchover_status = 'PREPARING' result => 1
[2026-10-03 04:08:31.522][INFO ] [OBI            :5345] - check success! use time = 0
[2026-10-03 04:08:31.522][INFO ] [Deploy         :294] - execute db_s1.check_until_timeout select count(*) from oceanbase.__all_virtual_server_stat where role = 'PRIMARY' and pending_role = 'STANDBY' and switchover_status = 'PREPARING', 1, 60 result => true
[2026-10-03 04:08:31.522][INFO ] [Command        :353] - start[1790971711515] time[7] tag[Q_DEPLOY]
[2026-10-03 04:08:31.523][INFO ] [Command        :536] - > LINE => 310, CMD => Q_ENABLE_QUERY_LOG, CONTENT => --enable_query_log
[2026-10-03 04:08:31.523][INFO ] [Command        :353] - start[1790971711523] time[0] tag[Q_ENABLE_QUERY_LOG]
[2026-10-03 04:08:31.523][INFO ] [Command        :536] - > LINE => 311, CMD => Q_ENABLE_RESULT_LOG, CONTENT => --enable_result_log
[2026-10-03 04:08:31.523][INFO ] [Command        :353] - start[1790971711523] time[0] tag[Q_ENABLE_RESULT_LOG]
[2026-10-03 04:08:31.523][INFO ] [Command        :536] - > LINE => 314, CMD => Q_CONNECTION, CONTENT => connection conn_sys_p
[2026-10-03 04:08:31.523][INFO ] [SQLProcessor   :1128] - use connection => conn_sys_p hashcode => 1432536094
[2026-10-03 04:08:31.525][INFO ] [SQLProcessor   :1158] - connection => conn_sys_p is mysql mode. conn=com.mysql.cj.jdbc.ConnectionImpl@5562c41e
[2026-10-03 04:08:31.525][INFO ] [Command        :353] - start[1790971711523] time[1] tag[Q_CONNECTION]
[2026-10-03 04:08:31.525][INFO ] [Command        :536] - > LINE => 315, CMD => Q_QUERY, CONTENT => ALTER SYSTEM SWITCHOVER TO PRIMARY;
[2026-10-03 04:08:31.545][INFO ] [Command        :353] - start[1790971711525] time[19] tag[Q_QUERY]
[2026-10-03 04:08:31.545][INFO ] [Command        :536] - > LINE => 317, CMD => Q_DISABLE_QUERY_LOG, CONTENT => --disable_query_log
[2026-10-03 04:08:31.545][INFO ] [Command        :353] - start[1790971711545] time[0] tag[Q_DISABLE_QUERY_LOG]
[2026-10-03 04:08:31.545][INFO ] [Command        :536] - > LINE => 318, CMD => Q_DISABLE_RESULT_LOG, CONTENT => --disable_result_log
[2026-10-03 04:08:31.545][INFO ] [Command        :353] - start[1790971711545] time[0] tag[Q_DISABLE_RESULT_LOG]
[2026-10-03 04:08:31.546][INFO ] [Command        :536] - > LINE => 321, CMD => Q_DEPLOY, CONTENT => db_p.check_until_timeout select count(*) from oceanbase.__all_virtual_server_stat where role = 'PRIMARY' and pending_role = 'INVALID' and switchover_status = 'NORMAL', 1, 120;
[2026-10-03 04:08:31.546][INFO ] [DeployProcessor:93] - deploy => db_p.check_until_timeout select count(*) from oceanbase.__all_virtual_server_stat where role = 'PRIMARY' and pending_role = 'INVALID' and switchover_status = 'NORMAL', 1, 120
[2026-10-03 04:08:31.546][INFO ] [Deploy         :287] - execute db_p.check_until_timeout select count(*) from oceanbase.__all_virtual_server_stat where role = 'PRIMARY' and pending_role = 'INVALID' and switchover_status = 'NORMAL', 1, 120
[2026-10-03 04:08:31.546][INFO ] [Deploy         :287] - execute db_p.select_one_value select count(*) from oceanbase.__all_virtual_server_stat where role = 'PRIMARY' and pending_role = 'INVALID' and switchover_status = 'NORMAL'
[2026-10-03 04:08:31.547][INFO ] [SQLProcessor   :2086] - execute sql => select count(*) from oceanbase.__all_virtual_server_stat where role = 'PRIMARY' and pending_role = 'INVALID' and switchover_status = 'NORMAL'
[2026-10-03 04:08:31.566][INFO ] [Deploy         :294] - execute db_p.select_one_value select count(*) from oceanbase.__all_virtual_server_stat where role = 'PRIMARY' and pending_role = 'INVALID' and switchover_status = 'NORMAL' result => 1
[2026-10-03 04:08:31.566][INFO ] [OBI            :5345] - check success! use time = 0
[2026-10-03 04:08:31.566][INFO ] [Deploy         :294] - execute db_p.check_until_timeout select count(*) from oceanbase.__all_virtual_server_stat where role = 'PRIMARY' and pending_role = 'INVALID' and switchover_status = 'NORMAL', 1, 120 result => true
[2026-10-03 04:08:31.566][INFO ] [Command        :353] - start[1790971711546] time[20] tag[Q_DEPLOY]
[2026-10-03 04:08:31.566][INFO ] [Command        :536] - > LINE => 324, CMD => Q_DEPLOY, CONTENT => db_s1.force_stop;
[2026-10-03 04:08:31.567][INFO ] [DeployProcessor:93] - deploy => db_s1.force_stop
[2026-10-03 04:08:31.574][INFO ] [Deploy         :287] - execute db_s1.z1.obs0.force_stop 
[2026-10-03 04:08:31.574][INFO ] [Role           :1307] - pkill -9 -u nijia.nj -f '^/data/1/nijia.nj/test/namespace_standby_20261003_v1/work/db_s1.z1.obs0/bin/observer|^/data/1/nijia.nj/test/namespace_standby_20261003_v1/work/db_s1.z1.obs0/bin/obesi' on 6.12.232.130
[2026-10-03 04:08:31.594][INFO ] [Role           :1309] - pkill result is => 0
[2026-10-03 04:08:31.595][INFO ] [Role           :1142] - wait stop /data/1/nijia.nj/test/namespace_standby_20261003_v1/work/db_s1.z1.obs0/bin/observer on 6.12.232.130
[2026-10-03 04:08:31.595][INFO ] [Role           :1190] - ps uxf | grep "/data/1/nijia.nj/test/namespace_standby_20261003_v1/work/db_s1.z1.obs0/bin/observer" | grep -v grep
[2026-10-03 04:08:31.632][INFO ] [Role           :1154] - check port on 6.12.232.130
[2026-10-03 04:08:31.632][INFO ] [RemoteShell    :143] - netstat -lpnt 2>/dev/null | grep '0.0.0.0:42001 ' | awk -F ' ' '{print $7}'
[2026-10-03 04:08:31.662][INFO ] [RemoteShell    :143] - netstat -lpnt 2>/dev/null | grep '0.0.0.0:42036 ' | awk -F ' ' '{print $7}'
[2026-10-03 04:08:31.695][INFO ] [Role           :1164] - stop obs0 took 2 s
[2026-10-03 04:08:31.695][INFO ] [Deploy         :294] - execute db_s1.z1.obs0.force_stop  result => true
[2026-10-03 04:08:31.695][INFO ] [Deploy         :362] - execute db_s1.z1.force_stop  result => true [true]
[2026-10-03 04:08:31.695][INFO ] [Deploy         :362] - execute db_s1.force_stop result => true [true]
[2026-10-03 04:08:31.696][INFO ] [Command        :353] - start[1790971711566] time[129] tag[Q_DEPLOY]
[2026-10-03 04:08:31.696][INFO ] [Command        :536] - > LINE => 325, CMD => Q_DEPLOY, CONTENT => db_s1.nstart;
[2026-10-03 04:08:31.696][INFO ] [DeployProcessor:93] - deploy => db_s1.nstart
[2026-10-03 04:08:31.698][INFO ] [Deploy         :287] - execute db_s1.z1.obs0.nstart 
[2026-10-03 04:08:31.698][INFO ] [RemoteShell    :143] - netstat -lpnt 2>/dev/null | grep '0.0.0.0:42001 ' | awk -F ' ' '{print $7}'
[2026-10-03 04:08:31.728][INFO ] [RemoteShell    :143] - netstat -lpnt 2>/dev/null | grep '0.0.0.0:42036 ' | awk -F ' ' '{print $7}'
[2026-10-03 04:08:31.755][INFO ] [Deploy         :381] - execute db_s1.lite_mode result => true result type => java.lang.Boolean
[2026-10-03 04:08:31.755][INFO ] [Role           :197] - ulimit -c unlimited -s 4096;cd /data/1/nijia.nj/test/namespace_standby_20261003_v1/work/db_s1.z1.obs0;LD_LIBRARY_PATH=./lib:/usr/local/lib:/usr/lib:/usr/lib64:/usr/local/lib64:$LD_LIBRARY_PATH /data/1/nijia.nj/test/namespace_standby_20261003_v1/work/db_s1.z1.obs0/bin/observer  on 6.12.232.130
[2026-10-03 04:08:31.821][INFO ] [Deploy         :294] - execute db_s1.z1.obs0.nstart  result => true
[2026-10-03 04:08:31.822][INFO ] [Deploy         :362] - execute db_s1.z1.nstart  result => true [true]
[2026-10-03 04:08:31.822][INFO ] [Deploy         :362] - execute db_s1.nstart result => true [true]
[2026-10-03 04:08:31.822][INFO ] [Command        :353] - start[1790971711696] time[126] tag[Q_DEPLOY]
[2026-10-03 04:08:31.823][INFO ] [Command        :536] - > LINE => 326, CMD => Q_DEPLOY, CONTENT => db_s1.check_until_timeout select count(*) from oceanbase.__all_virtual_server_stat where role = 'STANDBY' and pending_role = 'INVALID' and switchover_status = 'NORMAL', 1, 60;
[2026-10-03 04:08:31.823][INFO ] [DeployProcessor:93] - deploy => db_s1.check_until_timeout select count(*) from oceanbase.__all_virtual_server_stat where role = 'STANDBY' and pending_role = 'INVALID' and switchover_status = 'NORMAL', 1, 60
[2026-10-03 04:08:31.823][INFO ] [Deploy         :287] - execute db_s1.check_until_timeout select count(*) from oceanbase.__all_virtual_server_stat where role = 'STANDBY' and pending_role = 'INVALID' and switchover_status = 'NORMAL', 1, 60
[2026-10-03 04:08:31.823][INFO ] [Deploy         :287] - execute db_s1.select_one_value select count(*) from oceanbase.__all_virtual_server_stat where role = 'STANDBY' and pending_role = 'INVALID' and switchover_status = 'NORMAL'
[2026-10-03 04:08:31.824][INFO ] [SQLProcessor   :2086] - execute sql => select count(*) from oceanbase.__all_virtual_server_stat where role = 'STANDBY' and pending_role = 'INVALID' and switchover_status = 'NORMAL'
[2026-10-03 04:08:31.825][ERROR] [SQLProcessor   :2096] - user => admin@sys, passwd => admin, jdbcUrl => jdbc:mysql://6.12.232.130:42036/oceanbase?useAffectedRows=true&emulateUnsupportedPstmts=false&characterEncoding=utf8&useServerPrepStmts=false&prepStmtCacheSqlLimit=1000&enableQueryTimeouts=true&useLocalSessionState=false&useLocalTransactionState=false&rewriteBatchedStatements=true&allowMultiQueries=true&socketTimeout=600000
[2026-10-03 04:08:31.826][ERROR] [SQLProcessor   :2098] - execute sql => select count(*) from oceanbase.__all_virtual_server_stat where role = 'STANDBY' and pending_role = 'INVALID' and switchover_status = 'NORMAL' failed
com.mysql.cj.jdbc.exceptions.CommunicationsException: Communications link failure

The last packet sent successfully to the server was 0 milliseconds ago. The driver has not received any packets from the server.
	at com.mysql.cj.jdbc.exceptions.SQLError.createCommunicationsException(SQLError.java:175)
	at com.mysql.cj.jdbc.exceptions.SQLExceptionsMapping.translateException(SQLExceptionsMapping.java:64)
	at com.mysql.cj.jdbc.ConnectionImpl.createNewIO(ConnectionImpl.java:825)
	at com.mysql.cj.jdbc.ConnectionImpl.<init>(ConnectionImpl.java:446)
	at com.mysql.cj.jdbc.ConnectionImpl.getInstance(ConnectionImpl.java:239)
	at com.mysql.cj.jdbc.NonRegisteringDriver.connect(NonRegisteringDriver.java:188)
	at java.sql.DriverManager.getConnection(DriverManager.java:664)
	at java.sql.DriverManager.getConnection(DriverManager.java:247)
	at com.etao.mytest.processor.SQLProcessor.selectGetValue(SQLProcessor.java:2088)
	at com.etao.mytest.deploy.OBI.select_one_value(OBI.java:4540)
	at sun.reflect.GeneratedMethodAccessor1.invoke(Unknown Source)
	at sun.reflect.DelegatingMethodAccessorImpl.invoke(DelegatingMethodAccessorImpl.java:43)
	at java.lang.reflect.Method.invoke(Method.java:498)
	at com.etao.mytest.deploy.Deploy.execute(Deploy.java:289)
	at com.etao.mytest.deploy.OBI.check_until_timeout(OBI.java:5340)
	at sun.reflect.GeneratedMethodAccessor2.invoke(Unknown Source)
	at sun.reflect.DelegatingMethodAccessorImpl.invoke(DelegatingMethodAccessorImpl.java:43)
	at java.lang.reflect.Method.invoke(Method.java:498)
	at com.etao.mytest.deploy.Deploy.execute(Deploy.java:289)
	at com.etao.mytest.processor.DeployProcessor.process(DeployProcessor.java:157)
	at com.etao.mytest.command.Command.execute(Command.java:552)
	at com.etao.mytest.main.TestCase.run(TestCase.java:779)
	at com.etao.mytest.main.MyTest.main(MyTest.java:129)
Caused by: com.mysql.cj.exceptions.CJCommunicationsException: Communications link failure

The last packet sent successfully to the server was 0 milliseconds ago. The driver has not received any packets from the server.
	at sun.reflect.NativeConstructorAccessorImpl.newInstance0(Native Method)
	at sun.reflect.NativeConstructorAccessorImpl.newInstance(NativeConstructorAccessorImpl.java:62)
	at sun.reflect.DelegatingConstructorAccessorImpl.newInstance(DelegatingConstructorAccessorImpl.java:45)
	at java.lang.reflect.Constructor.newInstance(Constructor.java:423)
	at com.mysql.cj.exceptions.ExceptionFactory.createException(ExceptionFactory.java:62)
	at com.mysql.cj.exceptions.ExceptionFactory.createException(ExceptionFactory.java:105)
	at com.mysql.cj.exceptions.ExceptionFactory.createException(ExceptionFactory.java:150)
	at com.mysql.cj.exceptions.ExceptionFactory.createCommunicationsException(ExceptionFactory.java:166)
	at com.mysql.cj.protocol.a.NativeSocketConnection.connect(NativeSocketConnection.java:89)
	at com.mysql.cj.NativeSession.connect(NativeSession.java:121)
	at com.mysql.cj.jdbc.ConnectionImpl.connectOneTryOnly(ConnectionImpl.java:945)
	at com.mysql.cj.jdbc.ConnectionImpl.createNewIO(ConnectionImpl.java:815)
	... 20 more
Caused by: java.net.ConnectException: Connection refused (Connection refused)
	at java.net.PlainSocketImpl.socketConnect(Native Method)
	at java.net.AbstractPlainSocketImpl.doConnect(AbstractPlainSocketImpl.java:350)
	at java.net.AbstractPlainSocketImpl.connectToAddress(AbstractPlainSocketImpl.java:206)
	at java.net.AbstractPlainSocketImpl.connect(AbstractPlainSocketImpl.java:188)
	at java.net.SocksSocketImpl.connect(SocksSocketImpl.java:392)
	at java.net.Socket.connect(Socket.java:607)
	at com.mysql.cj.protocol.StandardSocketFactory.connect(StandardSocketFactory.java:153)
	at com.mysql.cj.protocol.a.NativeSocketConnection.connect(NativeSocketConnection.java:63)
	... 23 more
[2026-10-03 04:08:31.826][WARN ] [Deploy         :298] - execute db_s1.select_one_value select count(*) from oceanbase.__all_virtual_server_stat where role = 'STANDBY' and pending_role = 'INVALID' and switchover_status = 'NORMAL' result => null
[2026-10-03 04:08:31.826][WARN ] [OBI            :5348] - expect => 1, actual => null, left timeout => 60, totaltime => 60, file => 326/433, file_percent => 75
[2026-10-03 04:08:32.826][INFO ] [Deploy         :287] - execute db_s1.select_one_value select count(*) from oceanbase.__all_virtual_server_stat where role = 'STANDBY' and pending_role = 'INVALID' and switchover_status = 'NORMAL'
[2026-10-03 04:08:32.827][INFO ] [SQLProcessor   :2086] - execute sql => select count(*) from oceanbase.__all_virtual_server_stat where role = 'STANDBY' and pending_role = 'INVALID' and switchover_status = 'NORMAL'
[2026-10-03 04:08:32.829][ERROR] [SQLProcessor   :2096] - user => admin@sys, passwd => admin, jdbcUrl => jdbc:mysql://6.12.232.130:42036/oceanbase?useAffectedRows=true&emulateUnsupportedPstmts=false&characterEncoding=utf8&useServerPrepStmts=false&prepStmtCacheSqlLimit=1000&enableQueryTimeouts=true&useLocalSessionState=false&useLocalTransactionState=false&rewriteBatchedStatements=true&allowMultiQueries=true&socketTimeout=600000
[2026-10-03 04:08:32.829][ERROR] [SQLProcessor   :2098] - execute sql => select count(*) from oceanbase.__all_virtual_server_stat where role = 'STANDBY' and pending_role = 'INVALID' and switchover_status = 'NORMAL' failed
com.mysql.cj.jdbc.exceptions.CommunicationsException: Communications link failure

The last packet sent successfully to the server was 0 milliseconds ago. The driver has not received any packets from the server.
	at com.mysql.cj.jdbc.exceptions.SQLError.createCommunicationsException(SQLError.java:175)
	at com.mysql.cj.jdbc.exceptions.SQLExceptionsMapping.translateException(SQLExceptionsMapping.java:64)
	at com.mysql.cj.jdbc.ConnectionImpl.createNewIO(ConnectionImpl.java:825)
	at com.mysql.cj.jdbc.ConnectionImpl.<init>(ConnectionImpl.java:446)
	at com.mysql.cj.jdbc.ConnectionImpl.getInstance(ConnectionImpl.java:239)
	at com.mysql.cj.jdbc.NonRegisteringDriver.connect(NonRegisteringDriver.java:188)
	at java.sql.DriverManager.getConnection(DriverManager.java:664)
	at java.sql.DriverManager.getConnection(DriverManager.java:247)
	at com.etao.mytest.processor.SQLProcessor.selectGetValue(SQLProcessor.java:2088)
	at com.etao.mytest.deploy.OBI.select_one_value(OBI.java:4540)
	at sun.reflect.GeneratedMethodAccessor1.invoke(Unknown Source)
	at sun.reflect.DelegatingMethodAccessorImpl.invoke(DelegatingMethodAccessorImpl.java:43)
	at java.lang.reflect.Method.invoke(Method.java:498)
	at com.etao.mytest.deploy.Deploy.execute(Deploy.java:289)
	at com.etao.mytest.deploy.OBI.check_until_timeout(OBI.java:5340)
	at sun.reflect.GeneratedMethodAccessor2.invoke(Unknown Source)
	at sun.reflect.DelegatingMethodAccessorImpl.invoke(DelegatingMethodAccessorImpl.java:43)
	at java.lang.reflect.Method.invoke(Method.java:498)
	at com.etao.mytest.deploy.Deploy.execute(Deploy.java:289)
	at com.etao.mytest.processor.DeployProcessor.process(DeployProcessor.java:157)
	at com.etao.mytest.command.Command.execute(Command.java:552)
	at com.etao.mytest.main.TestCase.run(TestCase.java:779)
	at com.etao.mytest.main.MyTest.main(MyTest.java:129)
Caused by: com.mysql.cj.exceptions.CJCommunicationsException: Communications link failure

The last packet sent successfully to the server was 0 milliseconds ago. The driver has not received any packets from the server.
	at sun.reflect.NativeConstructorAccessorImpl.newInstance0(Native Method)
	at sun.reflect.NativeConstructorAccessorImpl.newInstance(NativeConstructorAccessorImpl.java:62)
	at sun.reflect.DelegatingConstructorAccessorImpl.newInstance(DelegatingConstructorAccessorImpl.java:45)
	at java.lang.reflect.Constructor.newInstance(Constructor.java:423)
	at com.mysql.cj.exceptions.ExceptionFactory.createException(ExceptionFactory.java:62)
	at com.mysql.cj.exceptions.ExceptionFactory.createException(ExceptionFactory.java:105)
	at com.mysql.cj.exceptions.ExceptionFactory.createException(ExceptionFactory.java:150)
	at com.mysql.cj.exceptions.ExceptionFactory.createCommunicationsException(ExceptionFactory.java:166)
	at com.mysql.cj.protocol.a.NativeSocketConnection.connect(NativeSocketConnection.java:89)
	at com.mysql.cj.NativeSession.connect(NativeSession.java:121)
	at com.mysql.cj.jdbc.ConnectionImpl.connectOneTryOnly(ConnectionImpl.java:945)
	at com.mysql.cj.jdbc.ConnectionImpl.createNewIO(ConnectionImpl.java:815)
	... 20 more
Caused by: java.net.ConnectException: Connection refused (Connection refused)
	at java.net.PlainSocketImpl.socketConnect(Native Method)
	at java.net.AbstractPlainSocketImpl.doConnect(AbstractPlainSocketImpl.java:350)
	at java.net.AbstractPlainSocketImpl.connectToAddress(AbstractPlainSocketImpl.java:206)
	at java.net.AbstractPlainSocketImpl.connect(AbstractPlainSocketImpl.java:188)
	at java.net.SocksSocketImpl.connect(SocksSocketImpl.java:392)
	at java.net.Socket.connect(Socket.java:607)
	at com.mysql.cj.protocol.StandardSocketFactory.connect(StandardSocketFactory.java:153)
	at com.mysql.cj.protocol.a.NativeSocketConnection.connect(NativeSocketConnection.java:63)
	... 23 more
[2026-10-03 04:08:32.830][WARN ] [Deploy         :298] - execute db_s1.select_one_value select count(*) from oceanbase.__all_virtual_server_stat where role = 'STANDBY' and pending_role = 'INVALID' and switchover_status = 'NORMAL' result => null
[2026-10-03 04:08:32.830][WARN ] [OBI            :5348] - expect => 1, actual => null, left timeout => 59, totaltime => 60, file => 326/433, file_percent => 75
[2026-10-03 04:08:33.830][INFO ] [Deploy         :287] - execute db_s1.select_one_value select count(*) from oceanbase.__all_virtual_server_stat where role = 'STANDBY' and pending_role = 'INVALID' and switchover_status = 'NORMAL'
[2026-10-03 04:08:33.831][INFO ] [SQLProcessor   :2086] - execute sql => select count(*) from oceanbase.__all_virtual_server_stat where role = 'STANDBY' and pending_role = 'INVALID' and switchover_status = 'NORMAL'
[2026-10-03 04:08:33.833][ERROR] [SQLProcessor   :2096] - user => admin@sys, passwd => admin, jdbcUrl => jdbc:mysql://6.12.232.130:42036/oceanbase?useAffectedRows=true&emulateUnsupportedPstmts=false&characterEncoding=utf8&useServerPrepStmts=false&prepStmtCacheSqlLimit=1000&enableQueryTimeouts=true&useLocalSessionState=false&useLocalTransactionState=false&rewriteBatchedStatements=true&allowMultiQueries=true&socketTimeout=600000
[2026-10-03 04:08:33.833][ERROR] [SQLProcessor   :2098] - execute sql => select count(*) from oceanbase.__all_virtual_server_stat where role = 'STANDBY' and pending_role = 'INVALID' and switchover_status = 'NORMAL' failed
com.mysql.cj.jdbc.exceptions.CommunicationsException: Communications link failure

The last packet sent successfully to the server was 0 milliseconds ago. The driver has not received any packets from the server.
	at com.mysql.cj.jdbc.exceptions.SQLError.createCommunicationsException(SQLError.java:175)
	at com.mysql.cj.jdbc.exceptions.SQLExceptionsMapping.translateException(SQLExceptionsMapping.java:64)
	at com.mysql.cj.jdbc.ConnectionImpl.createNewIO(ConnectionImpl.java:825)
	at com.mysql.cj.jdbc.ConnectionImpl.<init>(ConnectionImpl.java:446)
	at com.mysql.cj.jdbc.ConnectionImpl.getInstance(ConnectionImpl.java:239)
	at com.mysql.cj.jdbc.NonRegisteringDriver.connect(NonRegisteringDriver.java:188)
	at java.sql.DriverManager.getConnection(DriverManager.java:664)
	at java.sql.DriverManager.getConnection(DriverManager.java:247)
	at com.etao.mytest.processor.SQLProcessor.selectGetValue(SQLProcessor.java:2088)
	at com.etao.mytest.deploy.OBI.select_one_value(OBI.java:4540)
	at sun.reflect.GeneratedMethodAccessor1.invoke(Unknown Source)
	at sun.reflect.DelegatingMethodAccessorImpl.invoke(DelegatingMethodAccessorImpl.java:43)
	at java.lang.reflect.Method.invoke(Method.java:498)
	at com.etao.mytest.deploy.Deploy.execute(Deploy.java:289)
	at com.etao.mytest.deploy.OBI.check_until_timeout(OBI.java:5340)
	at sun.reflect.GeneratedMethodAccessor2.invoke(Unknown Source)
	at sun.reflect.DelegatingMethodAccessorImpl.invoke(DelegatingMethodAccessorImpl.java:43)
	at java.lang.reflect.Method.invoke(Method.java:498)
	at com.etao.mytest.deploy.Deploy.execute(Deploy.java:289)
	at com.etao.mytest.processor.DeployProcessor.process(DeployProcessor.java:157)
	at com.etao.mytest.command.Command.execute(Command.java:552)
	at com.etao.mytest.main.TestCase.run(TestCase.java:779)
	at com.etao.mytest.main.MyTest.main(MyTest.java:129)
Caused by: com.mysql.cj.exceptions.CJCommunicationsException: Communications link failure

The last packet sent successfully to the server was 0 milliseconds ago. The driver has not received any packets from the server.
	at sun.reflect.NativeConstructorAccessorImpl.newInstance0(Native Method)
	at sun.reflect.NativeConstructorAccessorImpl.newInstance(NativeConstructorAccessorImpl.java:62)
	at sun.reflect.DelegatingConstructorAccessorImpl.newInstance(DelegatingConstructorAccessorImpl.java:45)
	at java.lang.reflect.Constructor.newInstance(Constructor.java:423)
	at com.mysql.cj.exceptions.ExceptionFactory.createException(ExceptionFactory.java:62)
	at com.mysql.cj.exceptions.ExceptionFactory.createException(ExceptionFactory.java:105)
	at com.mysql.cj.exceptions.ExceptionFactory.createException(ExceptionFactory.java:150)
	at com.mysql.cj.exceptions.ExceptionFactory.createCommunicationsException(ExceptionFactory.java:166)
	at com.mysql.cj.protocol.a.NativeSocketConnection.connect(NativeSocketConnection.java:89)
	at com.mysql.cj.NativeSession.connect(NativeSession.java:121)
	at com.mysql.cj.jdbc.ConnectionImpl.connectOneTryOnly(ConnectionImpl.java:945)
	at com.mysql.cj.jdbc.ConnectionImpl.createNewIO(ConnectionImpl.java:815)
	... 20 more
Caused by: java.net.ConnectException: Connection refused (Connection refused)
	at java.net.PlainSocketImpl.socketConnect(Native Method)
	at java.net.AbstractPlainSocketImpl.doConnect(AbstractPlainSocketImpl.java:350)
	at java.net.AbstractPlainSocketImpl.connectToAddress(AbstractPlainSocketImpl.java:206)
	at java.net.AbstractPlainSocketImpl.connect(AbstractPlainSocketImpl.java:188)
	at java.net.SocksSocketImpl.connect(SocksSocketImpl.java:392)
	at java.net.Socket.connect(Socket.java:607)
	at com.mysql.cj.protocol.StandardSocketFactory.connect(StandardSocketFactory.java:153)
	at com.mysql.cj.protocol.a.NativeSocketConnection.connect(NativeSocketConnection.java:63)
	... 23 more
[2026-10-03 04:08:33.834][WARN ] [Deploy         :298] - execute db_s1.select_one_value select count(*) from oceanbase.__all_virtual_server_stat where role = 'STANDBY' and pending_role = 'INVALID' and switchover_status = 'NORMAL' result => null
[2026-10-03 04:08:33.834][WARN ] [OBI            :5348] - expect => 1, actual => null, left timeout => 58, totaltime => 60, file => 326/433, file_percent => 75
[2026-10-03 04:08:34.834][INFO ] [Deploy         :287] - execute db_s1.select_one_value select count(*) from oceanbase.__all_virtual_server_stat where role = 'STANDBY' and pending_role = 'INVALID' and switchover_status = 'NORMAL'
[2026-10-03 04:08:34.835][INFO ] [SQLProcessor   :2086] - execute sql => select count(*) from oceanbase.__all_virtual_server_stat where role = 'STANDBY' and pending_role = 'INVALID' and switchover_status = 'NORMAL'
[2026-10-03 04:08:34.837][ERROR] [SQLProcessor   :2096] - user => admin@sys, passwd => admin, jdbcUrl => jdbc:mysql://6.12.232.130:42036/oceanbase?useAffectedRows=true&emulateUnsupportedPstmts=false&characterEncoding=utf8&useServerPrepStmts=false&prepStmtCacheSqlLimit=1000&enableQueryTimeouts=true&useLocalSessionState=false&useLocalTransactionState=false&rewriteBatchedStatements=true&allowMultiQueries=true&socketTimeout=600000
[2026-10-03 04:08:34.837][ERROR] [SQLProcessor   :2098] - execute sql => select count(*) from oceanbase.__all_virtual_server_stat where role = 'STANDBY' and pending_role = 'INVALID' and switchover_status = 'NORMAL' failed
com.mysql.cj.jdbc.exceptions.CommunicationsException: Communications link failure

The last packet sent successfully to the server was 0 milliseconds ago. The driver has not received any packets from the server.
	at com.mysql.cj.jdbc.exceptions.SQLError.createCommunicationsException(SQLError.java:175)
	at com.mysql.cj.jdbc.exceptions.SQLExceptionsMapping.translateException(SQLExceptionsMapping.java:64)
	at com.mysql.cj.jdbc.ConnectionImpl.createNewIO(ConnectionImpl.java:825)
	at com.mysql.cj.jdbc.ConnectionImpl.<init>(ConnectionImpl.java:446)
	at com.mysql.cj.jdbc.ConnectionImpl.getInstance(ConnectionImpl.java:239)
	at com.mysql.cj.jdbc.NonRegisteringDriver.connect(NonRegisteringDriver.java:188)
	at java.sql.DriverManager.getConnection(DriverManager.java:664)
	at java.sql.DriverManager.getConnection(DriverManager.java:247)
	at com.etao.mytest.processor.SQLProcessor.selectGetValue(SQLProcessor.java:2088)
	at com.etao.mytest.deploy.OBI.select_one_value(OBI.java:4540)
	at sun.reflect.GeneratedMethodAccessor1.invoke(Unknown Source)
	at sun.reflect.DelegatingMethodAccessorImpl.invoke(DelegatingMethodAccessorImpl.java:43)
	at java.lang.reflect.Method.invoke(Method.java:498)
	at com.etao.mytest.deploy.Deploy.execute(Deploy.java:289)
	at com.etao.mytest.deploy.OBI.check_until_timeout(OBI.java:5340)
	at sun.reflect.GeneratedMethodAccessor2.invoke(Unknown Source)
	at sun.reflect.DelegatingMethodAccessorImpl.invoke(DelegatingMethodAccessorImpl.java:43)
	at java.lang.reflect.Method.invoke(Method.java:498)
	at com.etao.mytest.deploy.Deploy.execute(Deploy.java:289)
	at com.etao.mytest.processor.DeployProcessor.process(DeployProcessor.java:157)
	at com.etao.mytest.command.Command.execute(Command.java:552)
	at com.etao.mytest.main.TestCase.run(TestCase.java:779)
	at com.etao.mytest.main.MyTest.main(MyTest.java:129)
Caused by: com.mysql.cj.exceptions.CJCommunicationsException: Communications link failure

The last packet sent successfully to the server was 0 milliseconds ago. The driver has not received any packets from the server.
	at sun.reflect.NativeConstructorAccessorImpl.newInstance0(Native Method)
	at sun.reflect.NativeConstructorAccessorImpl.newInstance(NativeConstructorAccessorImpl.java:62)
	at sun.reflect.DelegatingConstructorAccessorImpl.newInstance(DelegatingConstructorAccessorImpl.java:45)
	at java.lang.reflect.Constructor.newInstance(Constructor.java:423)
	at com.mysql.cj.exceptions.ExceptionFactory.createException(ExceptionFactory.java:62)
	at com.mysql.cj.exceptions.ExceptionFactory.createException(ExceptionFactory.java:105)
	at com.mysql.cj.exceptions.ExceptionFactory.createException(ExceptionFactory.java:150)
	at com.mysql.cj.exceptions.ExceptionFactory.createCommunicationsException(ExceptionFactory.java:166)
	at com.mysql.cj.protocol.a.NativeSocketConnection.connect(NativeSocketConnection.java:89)
	at com.mysql.cj.NativeSession.connect(NativeSession.java:121)
	at com.mysql.cj.jdbc.ConnectionImpl.connectOneTryOnly(ConnectionImpl.java:945)
	at com.mysql.cj.jdbc.ConnectionImpl.createNewIO(ConnectionImpl.java:815)
	... 20 more
Caused by: java.net.ConnectException: Connection refused (Connection refused)
	at java.net.PlainSocketImpl.socketConnect(Native Method)
	at java.net.AbstractPlainSocketImpl.doConnect(AbstractPlainSocketImpl.java:350)
	at java.net.AbstractPlainSocketImpl.connectToAddress(AbstractPlainSocketImpl.java:206)
	at java.net.AbstractPlainSocketImpl.connect(AbstractPlainSocketImpl.java:188)
	at java.net.SocksSocketImpl.connect(SocksSocketImpl.java:392)
	at java.net.Socket.connect(Socket.java:607)
	at com.mysql.cj.protocol.StandardSocketFactory.connect(StandardSocketFactory.java:153)
	at com.mysql.cj.protocol.a.NativeSocketConnection.connect(NativeSocketConnection.java:63)
	... 23 more
[2026-10-03 04:08:34.838][WARN ] [Deploy         :298] - execute db_s1.select_one_value select count(*) from oceanbase.__all_virtual_server_stat where role = 'STANDBY' and pending_role = 'INVALID' and switchover_status = 'NORMAL' result => null
[2026-10-03 04:08:34.838][WARN ] [OBI            :5348] - expect => 1, actual => null, left timeout => 57, totaltime => 60, file => 326/433, file_percent => 75
[2026-10-03 04:08:35.838][INFO ] [Deploy         :287] - execute db_s1.select_one_value select count(*) from oceanbase.__all_virtual_server_stat where role = 'STANDBY' and pending_role = 'INVALID' and switchover_status = 'NORMAL'
[2026-10-03 04:08:35.839][INFO ] [SQLProcessor   :2086] - execute sql => select count(*) from oceanbase.__all_virtual_server_stat where role = 'STANDBY' and pending_role = 'INVALID' and switchover_status = 'NORMAL'
[2026-10-03 04:08:35.878][INFO ] [Deploy         :294] - execute db_s1.select_one_value select count(*) from oceanbase.__all_virtual_server_stat where role = 'STANDBY' and pending_role = 'INVALID' and switchover_status = 'NORMAL' result => 1
[2026-10-03 04:08:35.879][INFO ] [OBI            :5345] - check success! use time = 4
[2026-10-03 04:08:35.879][INFO ] [Deploy         :294] - execute db_s1.check_until_timeout select count(*) from oceanbase.__all_virtual_server_stat where role = 'STANDBY' and pending_role = 'INVALID' and switchover_status = 'NORMAL', 1, 60 result => true
[2026-10-03 04:08:35.879][INFO ] [Command        :353] - start[1790971711823] time[4055] tag[Q_DEPLOY]
[2026-10-03 04:08:35.879][INFO ] [Command        :536] - > LINE => 327, CMD => Q_CONNECT, CONTENT => ob_connect(conn_sys_s1, db_s1.z1.obs0, root@sys, , oceanbase, , USE_MYSQL_CONNECTOR)
[2026-10-03 04:08:35.879][INFO ] [SQLProcessor   :1505] - conn_sys_s1 create a physical connection  using jdbc:mysql://6.12.232.130:42036/oceanbase?useAffectedRows=true&emulateUnsupportedPstmts=false&characterEncoding=utf8&useServerPrepStmts=true&prepStmtCacheSqlLimit=1000&enableQueryTimeouts=false&useLocalSessionState=false&useLocalTransactionState=false&rewriteBatchedStatements=true&allowMultiQueries=true&socketTimeout=1800000 user/pwd is root@sys/
[2026-10-03 04:08:35.891][INFO ] [SQLProcessor   :1519] - connection => conn_sys_s1 is mysql mode.
[2026-10-03 04:08:35.891][INFO ] [SQLProcessor   :1522] - put conn: dataid=conn_sys_s1 currentConn=com.mysql.cj.jdbc.ConnectionImpl@1caa0244 hashcode => 480903748
[2026-10-03 04:08:35.891][INFO ] [Command        :353] - start[1790971715879] time[12] tag[Q_CONNECT]
[2026-10-03 04:08:35.892][INFO ] [Command        :536] - > LINE => 329, CMD => Q_ENABLE_QUERY_LOG, CONTENT => --enable_query_log
[2026-10-03 04:08:35.892][INFO ] [Command        :353] - start[1790971715892] time[0] tag[Q_ENABLE_QUERY_LOG]
[2026-10-03 04:08:35.892][INFO ] [Command        :536] - > LINE => 330, CMD => Q_ENABLE_RESULT_LOG, CONTENT => --enable_result_log
[2026-10-03 04:08:35.892][INFO ] [Command        :353] - start[1790971715892] time[0] tag[Q_ENABLE_RESULT_LOG]
[2026-10-03 04:08:35.892][INFO ] [Command        :536] - > LINE => 333, CMD => Q_CONNECTION, CONTENT => connection conn_sys_p
[2026-10-03 04:08:35.892][INFO ] [SQLProcessor   :1128] - use connection => conn_sys_p hashcode => 1432536094
[2026-10-03 04:08:35.895][INFO ] [SQLProcessor   :1158] - connection => conn_sys_p is mysql mode. conn=com.mysql.cj.jdbc.ConnectionImpl@5562c41e
[2026-10-03 04:08:35.895][INFO ] [Command        :353] - start[1790971715892] time[3] tag[Q_CONNECTION]
[2026-10-03 04:08:35.896][INFO ] [Command        :536] - > LINE => 334, CMD => Q_QUERY, CONTENT => insert into test_multi_standby values(8, 'after_roundtrip', 800);
[2026-10-03 04:08:35.901][INFO ] [Command        :353] - start[1790971715896] time[5] tag[Q_QUERY]
[2026-10-03 04:08:35.901][INFO ] [Command        :536] - > LINE => 336, CMD => Q_DISABLE_QUERY_LOG, CONTENT => --disable_query_log
[2026-10-03 04:08:35.901][INFO ] [Command        :353] - start[1790971715901] time[0] tag[Q_DISABLE_QUERY_LOG]
[2026-10-03 04:08:35.902][INFO ] [Command        :536] - > LINE => 337, CMD => Q_DISABLE_RESULT_LOG, CONTENT => --disable_result_log
[2026-10-03 04:08:35.902][INFO ] [Command        :353] - start[1790971715902] time[0] tag[Q_DISABLE_RESULT_LOG]
[2026-10-03 04:08:35.902][INFO ] [Command        :536] - > LINE => 340, CMD => Q_DEPLOY, CONTENT => db_s1.check_until_timeout select count(*) from test_multi_standby where id = 8, 1, 120;
[2026-10-03 04:08:35.902][INFO ] [DeployProcessor:93] - deploy => db_s1.check_until_timeout select count(*) from test_multi_standby where id = 8, 1, 120
[2026-10-03 04:08:35.902][INFO ] [Deploy         :287] - execute db_s1.check_until_timeout select count(*) from test_multi_standby where id = 8, 1, 120
[2026-10-03 04:08:35.903][INFO ] [Deploy         :287] - execute db_s1.select_one_value select count(*) from test_multi_standby where id = 8
[2026-10-03 04:08:35.903][INFO ] [SQLProcessor   :2086] - execute sql => select count(*) from test_multi_standby where id = 8
[2026-10-03 04:08:35.939][INFO ] [Deploy         :294] - execute db_s1.select_one_value select count(*) from test_multi_standby where id = 8 result => 0
[2026-10-03 04:08:35.940][WARN ] [OBI            :5348] - expect => 1, actual => 0, left timeout => 120, totaltime => 120, file => 340/433, file_percent => 78
[2026-10-03 04:08:36.940][INFO ] [Deploy         :287] - execute db_s1.select_one_value select count(*) from test_multi_standby where id = 8
[2026-10-03 04:08:36.940][INFO ] [SQLProcessor   :2086] - execute sql => select count(*) from test_multi_standby where id = 8
[2026-10-03 04:08:36.947][INFO ] [Deploy         :294] - execute db_s1.select_one_value select count(*) from test_multi_standby where id = 8 result => 1
[2026-10-03 04:08:36.947][INFO ] [OBI            :5345] - check success! use time = 1
[2026-10-03 04:08:36.947][INFO ] [Deploy         :294] - execute db_s1.check_until_timeout select count(*) from test_multi_standby where id = 8, 1, 120 result => true
[2026-10-03 04:08:36.947][INFO ] [Command        :353] - start[1790971715902] time[1045] tag[Q_DEPLOY]
[2026-10-03 04:08:36.948][INFO ] [Command        :536] - > LINE => 341, CMD => Q_DEPLOY, CONTENT => db_s2.check_until_timeout select count(*) from test_multi_standby where id = 8, 1, 120;
[2026-10-03 04:08:36.948][INFO ] [DeployProcessor:93] - deploy => db_s2.check_until_timeout select count(*) from test_multi_standby where id = 8, 1, 120
[2026-10-03 04:08:36.948][INFO ] [Deploy         :287] - execute db_s2.check_until_timeout select count(*) from test_multi_standby where id = 8, 1, 120
[2026-10-03 04:08:36.948][INFO ] [Deploy         :287] - execute db_s2.select_one_value select count(*) from test_multi_standby where id = 8
[2026-10-03 04:08:36.949][INFO ] [SQLProcessor   :2086] - execute sql => select count(*) from test_multi_standby where id = 8
[2026-10-03 04:08:36.956][INFO ] [Deploy         :294] - execute db_s2.select_one_value select count(*) from test_multi_standby where id = 8 result => 1
[2026-10-03 04:08:36.957][INFO ] [OBI            :5345] - check success! use time = 0
[2026-10-03 04:08:36.957][INFO ] [Deploy         :294] - execute db_s2.check_until_timeout select count(*) from test_multi_standby where id = 8, 1, 120 result => true
[2026-10-03 04:08:36.957][INFO ] [Command        :353] - start[1790971716948] time[9] tag[Q_DEPLOY]
[2026-10-03 04:08:36.957][INFO ] [Command        :536] - > LINE => 343, CMD => Q_ENABLE_QUERY_LOG, CONTENT => --enable_query_log
[2026-10-03 04:08:36.957][INFO ] [Command        :353] - start[1790971716957] time[0] tag[Q_ENABLE_QUERY_LOG]
[2026-10-03 04:08:36.958][INFO ] [Command        :536] - > LINE => 344, CMD => Q_ENABLE_RESULT_LOG, CONTENT => --enable_result_log
[2026-10-03 04:08:36.958][INFO ] [Command        :353] - start[1790971716958] time[0] tag[Q_ENABLE_RESULT_LOG]
[2026-10-03 04:08:36.958][INFO ] [Command        :536] - > LINE => 347, CMD => Q_CONNECTION, CONTENT => connection conn_sys_p
[2026-10-03 04:08:36.958][INFO ] [SQLProcessor   :1128] - use connection => conn_sys_p hashcode => 1432536094
[2026-10-03 04:08:36.959][INFO ] [SQLProcessor   :1158] - connection => conn_sys_p is mysql mode. conn=com.mysql.cj.jdbc.ConnectionImpl@5562c41e
[2026-10-03 04:08:36.959][INFO ] [Command        :353] - start[1790971716958] time[1] tag[Q_CONNECTION]
[2026-10-03 04:08:36.960][INFO ] [Command        :536] - > LINE => 348, CMD => Q_QUERY, CONTENT => select count(*) from test_multi_standby;
[2026-10-03 04:08:36.964][INFO ] [Command        :353] - start[1790971716960] time[4] tag[Q_QUERY]
[2026-10-03 04:08:36.964][INFO ] [Command        :536] - > LINE => 351, CMD => Q_CONNECTION, CONTENT => connection conn_sys_s1
[2026-10-03 04:08:36.964][INFO ] [SQLProcessor   :1128] - use connection => conn_sys_s1 hashcode => 480903748
[2026-10-03 04:08:36.966][INFO ] [SQLProcessor   :1158] - connection => conn_sys_s1 is mysql mode. conn=com.mysql.cj.jdbc.ConnectionImpl@1caa0244
[2026-10-03 04:08:36.966][INFO ] [Command        :353] - start[1790971716964] time[2] tag[Q_CONNECTION]
[2026-10-03 04:08:36.967][INFO ] [Command        :536] - > LINE => 352, CMD => Q_QUERY, CONTENT => select count(*) from test_multi_standby;
[2026-10-03 04:08:36.974][INFO ] [Command        :353] - start[1790971716967] time[6] tag[Q_QUERY]
[2026-10-03 04:08:36.974][INFO ] [Command        :536] - > LINE => 355, CMD => Q_CONNECTION, CONTENT => connection conn_sys_s2
[2026-10-03 04:08:36.974][INFO ] [SQLProcessor   :1128] - use connection => conn_sys_s2 hashcode => 2079179914
[2026-10-03 04:08:36.976][INFO ] [SQLProcessor   :1158] - connection => conn_sys_s2 is mysql mode. conn=com.mysql.cj.jdbc.ConnectionImpl@7bedc48a
[2026-10-03 04:08:36.976][INFO ] [Command        :353] - start[1790971716974] time[2] tag[Q_CONNECTION]
[2026-10-03 04:08:36.976][INFO ] [Command        :536] - > LINE => 356, CMD => Q_QUERY, CONTENT => select count(*) from test_multi_standby;
[2026-10-03 04:08:36.979][INFO ] [Command        :353] - start[1790971716976] time[3] tag[Q_QUERY]
[2026-10-03 04:08:36.980][INFO ] [Command        :536] - > LINE => 359, CMD => Q_ECHO, CONTENT => Case 4 completed: Roundtrip switchover with multiple standbys verified
[2026-10-03 04:08:36.980][INFO ] [Command        :353] - start[1790971716980] time[0] tag[Q_ECHO]
[2026-10-03 04:08:36.980][INFO ] [Command        :536] - > LINE => 364, CMD => Q_ECHO, CONTENT => ========== Case 5: Failover with Multiple Standbys ==========
[2026-10-03 04:08:36.980][INFO ] [Command        :353] - start[1790971716980] time[0] tag[Q_ECHO]
[2026-10-03 04:08:36.981][INFO ] [Command        :536] - > LINE => 366, CMD => Q_DISABLE_QUERY_LOG, CONTENT => --disable_query_log
[2026-10-03 04:08:36.981][INFO ] [Command        :353] - start[1790971716981] time[0] tag[Q_DISABLE_QUERY_LOG]
[2026-10-03 04:08:36.981][INFO ] [Command        :536] - > LINE => 367, CMD => Q_DISABLE_RESULT_LOG, CONTENT => --disable_result_log
[2026-10-03 04:08:36.981][INFO ] [Command        :353] - start[1790971716981] time[0] tag[Q_DISABLE_RESULT_LOG]
[2026-10-03 04:08:36.981][INFO ] [Command        :536] - > LINE => 372, CMD => Q_CONNECTION, CONTENT => connection conn_sys_p
[2026-10-03 04:08:36.981][INFO ] [SQLProcessor   :1128] - use connection => conn_sys_p hashcode => 1432536094
[2026-10-03 04:08:36.982][INFO ] [SQLProcessor   :1158] - connection => conn_sys_p is mysql mode. conn=com.mysql.cj.jdbc.ConnectionImpl@5562c41e
[2026-10-03 04:08:36.982][INFO ] [Command        :353] - start[1790971716981] time[1] tag[Q_CONNECTION]
[2026-10-03 04:08:36.982][INFO ] [Command        :536] - > LINE => 373, CMD => Q_QUERY, CONTENT => insert into test_multi_standby values(9, 'before_failover', 900);
[2026-10-03 04:08:36.985][INFO ] [Command        :353] - start[1790971716982] time[2] tag[Q_QUERY]
[2026-10-03 04:08:36.985][INFO ] [Command        :536] - > LINE => 376, CMD => Q_DEPLOY, CONTENT => db_s1.check_until_timeout select count(*) from test_multi_standby where id = 9, 1, 120;
[2026-10-03 04:08:36.985][INFO ] [DeployProcessor:93] - deploy => db_s1.check_until_timeout select count(*) from test_multi_standby where id = 9, 1, 120
[2026-10-03 04:08:36.986][INFO ] [Deploy         :287] - execute db_s1.check_until_timeout select count(*) from test_multi_standby where id = 9, 1, 120
[2026-10-03 04:08:36.986][INFO ] [Deploy         :287] - execute db_s1.select_one_value select count(*) from test_multi_standby where id = 9
[2026-10-03 04:08:36.986][INFO ] [SQLProcessor   :2086] - execute sql => select count(*) from test_multi_standby where id = 9
[2026-10-03 04:08:36.998][INFO ] [Deploy         :294] - execute db_s1.select_one_value select count(*) from test_multi_standby where id = 9 result => 0
[2026-10-03 04:08:36.998][WARN ] [OBI            :5348] - expect => 1, actual => 0, left timeout => 120, totaltime => 120, file => 376/433, file_percent => 86
[2026-10-03 04:08:37.998][INFO ] [Deploy         :287] - execute db_s1.select_one_value select count(*) from test_multi_standby where id = 9
[2026-10-03 04:08:37.999][INFO ] [SQLProcessor   :2086] - execute sql => select count(*) from test_multi_standby where id = 9
[2026-10-03 04:08:38.05][INFO ] [Deploy         :294] - execute db_s1.select_one_value select count(*) from test_multi_standby where id = 9 result => 1
[2026-10-03 04:08:38.05][INFO ] [OBI            :5345] - check success! use time = 1
[2026-10-03 04:08:38.05][INFO ] [Deploy         :294] - execute db_s1.check_until_timeout select count(*) from test_multi_standby where id = 9, 1, 120 result => true
[2026-10-03 04:08:38.05][INFO ] [Command        :353] - start[1790971716985] time[1020] tag[Q_DEPLOY]
[2026-10-03 04:08:38.06][INFO ] [Command        :536] - > LINE => 377, CMD => Q_DEPLOY, CONTENT => db_s2.check_until_timeout select count(*) from test_multi_standby where id = 9, 1, 120;
[2026-10-03 04:08:38.06][INFO ] [DeployProcessor:93] - deploy => db_s2.check_until_timeout select count(*) from test_multi_standby where id = 9, 1, 120
[2026-10-03 04:08:38.06][INFO ] [Deploy         :287] - execute db_s2.check_until_timeout select count(*) from test_multi_standby where id = 9, 1, 120
[2026-10-03 04:08:38.06][INFO ] [Deploy         :287] - execute db_s2.select_one_value select count(*) from test_multi_standby where id = 9
[2026-10-03 04:08:38.07][INFO ] [SQLProcessor   :2086] - execute sql => select count(*) from test_multi_standby where id = 9
[2026-10-03 04:08:38.12][INFO ] [Deploy         :294] - execute db_s2.select_one_value select count(*) from test_multi_standby where id = 9 result => 1
[2026-10-03 04:08:38.13][INFO ] [OBI            :5345] - check success! use time = 0
[2026-10-03 04:08:38.13][INFO ] [Deploy         :294] - execute db_s2.check_until_timeout select count(*) from test_multi_standby where id = 9, 1, 120 result => true
[2026-10-03 04:08:38.13][INFO ] [Command        :353] - start[1790971718006] time[6] tag[Q_DEPLOY]
[2026-10-03 04:08:38.13][INFO ] [Command        :536] - > LINE => 379, CMD => Q_ENABLE_QUERY_LOG, CONTENT => --enable_query_log
[2026-10-03 04:08:38.13][INFO ] [Command        :353] - start[1790971718013] time[0] tag[Q_ENABLE_QUERY_LOG]
[2026-10-03 04:08:38.13][INFO ] [Command        :536] - > LINE => 380, CMD => Q_ENABLE_RESULT_LOG, CONTENT => --enable_result_log
[2026-10-03 04:08:38.13][INFO ] [Command        :353] - start[1790971718013] time[0] tag[Q_ENABLE_RESULT_LOG]
[2026-10-03 04:08:38.14][INFO ] [Command        :536] - > LINE => 383, CMD => Q_DEPLOY, CONTENT => db_p.force_stop;
[2026-10-03 04:08:38.14][INFO ] [DeployProcessor:93] - deploy => db_p.force_stop
[2026-10-03 04:08:38.15][INFO ] [Deploy         :287] - execute db_p.z1.obs0.force_stop 
[2026-10-03 04:08:38.16][INFO ] [Role           :1307] - pkill -9 -u nijia.nj -f '^/data/1/nijia.nj/test/namespace_standby_20261003_v1/work/db_p.z1.obs0/bin/observer|^/data/1/nijia.nj/test/namespace_standby_20261003_v1/work/db_p.z1.obs0/bin/obesi' on 6.12.232.130
[2026-10-03 04:08:38.33][INFO ] [Role           :1309] - pkill result is => 0
[2026-10-03 04:08:38.34][INFO ] [Role           :1142] - wait stop /data/1/nijia.nj/test/namespace_standby_20261003_v1/work/db_p.z1.obs0/bin/observer on 6.12.232.130
[2026-10-03 04:08:38.34][INFO ] [Role           :1190] - ps uxf | grep "/data/1/nijia.nj/test/namespace_standby_20261003_v1/work/db_p.z1.obs0/bin/observer" | grep -v grep
[2026-10-03 04:08:38.88][INFO ] [Role           :1154] - check port on 6.12.232.130
[2026-10-03 04:08:38.89][INFO ] [RemoteShell    :143] - netstat -lpnt 2>/dev/null | grep '0.0.0.0:42000 ' | awk -F ' ' '{print $7}'
[2026-10-03 04:08:38.121][INFO ] [RemoteShell    :143] - netstat -lpnt 2>/dev/null | grep '0.0.0.0:42035 ' | awk -F ' ' '{print $7}'
[2026-10-03 04:08:38.164][INFO ] [Role           :1164] - stop obs0 took 2 s
[2026-10-03 04:08:38.164][INFO ] [Deploy         :294] - execute db_p.z1.obs0.force_stop  result => true
[2026-10-03 04:08:38.165][INFO ] [Deploy         :362] - execute db_p.z1.force_stop  result => true [true]
[2026-10-03 04:08:38.165][INFO ] [Deploy         :362] - execute db_p.force_stop result => true [true]
[2026-10-03 04:08:38.165][INFO ] [Command        :353] - start[1790971718014] time[151] tag[Q_DEPLOY]
[2026-10-03 04:08:38.165][INFO ] [Command        :536] - > LINE => 386, CMD => Q_CONNECTION, CONTENT => connection conn_sys_s2
[2026-10-03 04:08:38.165][INFO ] [SQLProcessor   :1128] - use connection => conn_sys_s2 hashcode => 2079179914
[2026-10-03 04:08:38.167][INFO ] [SQLProcessor   :1158] - connection => conn_sys_s2 is mysql mode. conn=com.mysql.cj.jdbc.ConnectionImpl@7bedc48a
[2026-10-03 04:08:38.167][INFO ] [Command        :353] - start[1790971718165] time[1] tag[Q_CONNECTION]
[2026-10-03 04:08:38.168][INFO ] [Command        :536] - > LINE => 387, CMD => Q_QUERY, CONTENT => ALTER SYSTEM ACTIVATE STANDBY;
[2026-10-03 04:08:38.178][INFO ] [Command        :353] - start[1790971718168] time[10] tag[Q_QUERY]
[2026-10-03 04:08:38.179][INFO ] [Command        :536] - > LINE => 389, CMD => Q_DISABLE_QUERY_LOG, CONTENT => --disable_query_log
[2026-10-03 04:08:38.179][INFO ] [Command        :353] - start[1790971718179] time[0] tag[Q_DISABLE_QUERY_LOG]
[2026-10-03 04:08:38.179][INFO ] [Command        :536] - > LINE => 390, CMD => Q_DISABLE_RESULT_LOG, CONTENT => --disable_result_log
[2026-10-03 04:08:38.179][INFO ] [Command        :353] - start[1790971718179] time[0] tag[Q_DISABLE_RESULT_LOG]
[2026-10-03 04:08:38.179][INFO ] [Command        :536] - > LINE => 393, CMD => Q_DEPLOY, CONTENT => db_s2.check_until_timeout select count(*) from oceanbase.__all_virtual_server_stat where role = 'PRIMARY' and pending_role = 'INVALID' and switchover_status = 'NORMAL', 1, 60;
[2026-10-03 04:08:38.180][INFO ] [DeployProcessor:93] - deploy => db_s2.check_until_timeout select count(*) from oceanbase.__all_virtual_server_stat where role = 'PRIMARY' and pending_role = 'INVALID' and switchover_status = 'NORMAL', 1, 60
[2026-10-03 04:08:38.180][INFO ] [Deploy         :287] - execute db_s2.check_until_timeout select count(*) from oceanbase.__all_virtual_server_stat where role = 'PRIMARY' and pending_role = 'INVALID' and switchover_status = 'NORMAL', 1, 60
[2026-10-03 04:08:38.180][INFO ] [Deploy         :287] - execute db_s2.select_one_value select count(*) from oceanbase.__all_virtual_server_stat where role = 'PRIMARY' and pending_role = 'INVALID' and switchover_status = 'NORMAL'
[2026-10-03 04:08:38.180][INFO ] [SQLProcessor   :2086] - execute sql => select count(*) from oceanbase.__all_virtual_server_stat where role = 'PRIMARY' and pending_role = 'INVALID' and switchover_status = 'NORMAL'
[2026-10-03 04:08:38.190][INFO ] [Deploy         :294] - execute db_s2.select_one_value select count(*) from oceanbase.__all_virtual_server_stat where role = 'PRIMARY' and pending_role = 'INVALID' and switchover_status = 'NORMAL' result => 1
[2026-10-03 04:08:38.190][INFO ] [OBI            :5345] - check success! use time = 0
[2026-10-03 04:08:38.190][INFO ] [Deploy         :294] - execute db_s2.check_until_timeout select count(*) from oceanbase.__all_virtual_server_stat where role = 'PRIMARY' and pending_role = 'INVALID' and switchover_status = 'NORMAL', 1, 60 result => true
[2026-10-03 04:08:38.190][INFO ] [Command        :353] - start[1790971718180] time[10] tag[Q_DEPLOY]
[2026-10-03 04:08:38.190][INFO ] [Command        :536] - > LINE => 395, CMD => Q_ENABLE_QUERY_LOG, CONTENT => --enable_query_log
[2026-10-03 04:08:38.190][INFO ] [Command        :353] - start[1790971718190] time[0] tag[Q_ENABLE_QUERY_LOG]
[2026-10-03 04:08:38.190][INFO ] [Command        :536] - > LINE => 396, CMD => Q_ENABLE_RESULT_LOG, CONTENT => --enable_result_log
[2026-10-03 04:08:38.190][INFO ] [Command        :353] - start[1790971718190] time[0] tag[Q_ENABLE_RESULT_LOG]
[2026-10-03 04:08:38.191][INFO ] [Command        :536] - > LINE => 399, CMD => Q_CONNECTION, CONTENT => connection conn_sys_s2
[2026-10-03 04:08:38.191][INFO ] [SQLProcessor   :1128] - use connection => conn_sys_s2 hashcode => 2079179914
[2026-10-03 04:08:38.194][INFO ] [SQLProcessor   :1158] - connection => conn_sys_s2 is mysql mode. conn=com.mysql.cj.jdbc.ConnectionImpl@7bedc48a
[2026-10-03 04:08:38.194][INFO ] [Command        :353] - start[1790971718191] time[3] tag[Q_CONNECTION]
[2026-10-03 04:08:38.194][INFO ] [Command        :536] - > LINE => 400, CMD => Q_QUERY, CONTENT => insert into test_multi_standby values(10, 'after_failover', 1000);
[2026-10-03 04:08:38.199][INFO ] [Command        :353] - start[1790971718194] time[4] tag[Q_QUERY]
[2026-10-03 04:08:38.199][INFO ] [Command        :536] - > LINE => 402, CMD => Q_DISABLE_QUERY_LOG, CONTENT => --disable_query_log
[2026-10-03 04:08:38.199][INFO ] [Command        :353] - start[1790971718199] time[0] tag[Q_DISABLE_QUERY_LOG]
[2026-10-03 04:08:38.199][INFO ] [Command        :536] - > LINE => 403, CMD => Q_DISABLE_RESULT_LOG, CONTENT => --disable_result_log
[2026-10-03 04:08:38.199][INFO ] [Command        :353] - start[1790971718199] time[0] tag[Q_DISABLE_RESULT_LOG]
[2026-10-03 04:08:38.200][INFO ] [Command        :536] - > LINE => 406, CMD => Q_DEPLOY, CONTENT => db_s1.check_until_timeout select count(*) from oceanbase.__all_virtual_server_stat where role = 'STANDBY', 1, 30;
[2026-10-03 04:08:38.200][INFO ] [DeployProcessor:93] - deploy => db_s1.check_until_timeout select count(*) from oceanbase.__all_virtual_server_stat where role = 'STANDBY', 1, 30
[2026-10-03 04:08:38.200][INFO ] [Deploy         :287] - execute db_s1.check_until_timeout select count(*) from oceanbase.__all_virtual_server_stat where role = 'STANDBY', 1, 30
[2026-10-03 04:08:38.200][INFO ] [Deploy         :287] - execute db_s1.select_one_value select count(*) from oceanbase.__all_virtual_server_stat where role = 'STANDBY'
[2026-10-03 04:08:38.200][INFO ] [SQLProcessor   :2086] - execute sql => select count(*) from oceanbase.__all_virtual_server_stat where role = 'STANDBY'
[2026-10-03 04:08:38.209][INFO ] [Deploy         :294] - execute db_s1.select_one_value select count(*) from oceanbase.__all_virtual_server_stat where role = 'STANDBY' result => 1
[2026-10-03 04:08:38.209][INFO ] [OBI            :5345] - check success! use time = 0
[2026-10-03 04:08:38.209][INFO ] [Deploy         :294] - execute db_s1.check_until_timeout select count(*) from oceanbase.__all_virtual_server_stat where role = 'STANDBY', 1, 30 result => true
[2026-10-03 04:08:38.209][INFO ] [Command        :353] - start[1790971718200] time[9] tag[Q_DEPLOY]
[2026-10-03 04:08:38.209][INFO ] [Command        :536] - > LINE => 408, CMD => Q_ENABLE_QUERY_LOG, CONTENT => --enable_query_log
[2026-10-03 04:08:38.209][INFO ] [Command        :353] - start[1790971718209] time[0] tag[Q_ENABLE_QUERY_LOG]
[2026-10-03 04:08:38.209][INFO ] [Command        :536] - > LINE => 409, CMD => Q_ENABLE_RESULT_LOG, CONTENT => --enable_result_log
[2026-10-03 04:08:38.209][INFO ] [Command        :353] - start[1790971718209] time[0] tag[Q_ENABLE_RESULT_LOG]
[2026-10-03 04:08:38.209][INFO ] [Command        :536] - > LINE => 412, CMD => Q_CONNECTION, CONTENT => connection conn_sys_s2
[2026-10-03 04:08:38.209][INFO ] [SQLProcessor   :1128] - use connection => conn_sys_s2 hashcode => 2079179914
[2026-10-03 04:08:38.211][INFO ] [SQLProcessor   :1158] - connection => conn_sys_s2 is mysql mode. conn=com.mysql.cj.jdbc.ConnectionImpl@7bedc48a
[2026-10-03 04:08:38.211][INFO ] [Command        :353] - start[1790971718209] time[1] tag[Q_CONNECTION]
[2026-10-03 04:08:38.211][INFO ] [Command        :536] - > LINE => 413, CMD => Q_QUERY, CONTENT => select count(*) from test_multi_standby;
[2026-10-03 04:08:38.215][INFO ] [Command        :353] - start[1790971718211] time[3] tag[Q_QUERY]
[2026-10-03 04:08:38.215][INFO ] [Command        :536] - > LINE => 417, CMD => Q_CONNECTION, CONTENT => connection conn_sys_s1
[2026-10-03 04:08:38.215][INFO ] [SQLProcessor   :1128] - use connection => conn_sys_s1 hashcode => 480903748
[2026-10-03 04:08:38.216][INFO ] [SQLProcessor   :1158] - connection => conn_sys_s1 is mysql mode. conn=com.mysql.cj.jdbc.ConnectionImpl@1caa0244
[2026-10-03 04:08:38.216][INFO ] [Command        :353] - start[1790971718215] time[1] tag[Q_CONNECTION]
[2026-10-03 04:08:38.217][INFO ] [Command        :536] - > LINE => 418, CMD => Q_QUERY, CONTENT => select count(*) from test_multi_standby;
[2026-10-03 04:08:38.219][INFO ] [Command        :353] - start[1790971718217] time[2] tag[Q_QUERY]
[2026-10-03 04:08:38.219][INFO ] [Command        :536] - > LINE => 421, CMD => Q_ECHO, CONTENT => Case 5 completed: Failover with multiple standbys verified
[2026-10-03 04:08:38.220][INFO ] [Command        :353] - start[1790971718220] time[0] tag[Q_ECHO]
[2026-10-03 04:08:38.220][INFO ] [Command        :536] - > LINE => 426, CMD => Q_ECHO, CONTENT => ========== Test Summary ==========
[2026-10-03 04:08:38.220][INFO ] [Command        :353] - start[1790971718220] time[0] tag[Q_ECHO]
[2026-10-03 04:08:38.220][INFO ] [Command        :536] - > LINE => 427, CMD => Q_ECHO, CONTENT => All one primary multi standby test cases completed successfully:
[2026-10-03 04:08:38.220][INFO ] [Command        :353] - start[1790971718220] time[0] tag[Q_ECHO]
[2026-10-03 04:08:38.221][INFO ] [Command        :536] - > LINE => 428, CMD => Q_ECHO, CONTENT => 1. Parallel sync verification (db_p -> db_s1, db_p -> db_s2): PASSED
[2026-10-03 04:08:38.221][INFO ] [Command        :353] - start[1790971718221] time[0] tag[Q_ECHO]
[2026-10-03 04:08:38.221][INFO ] [Command        :536] - > LINE => 429, CMD => Q_ECHO, CONTENT => 2. Independent sync progress tracking: PASSED
[2026-10-03 04:08:38.221][INFO ] [Command        :353] - start[1790971718221] time[0] tag[Q_ECHO]
[2026-10-03 04:08:38.221][INFO ] [Command        :536] - > LINE => 430, CMD => Q_ECHO, CONTENT => 3. Switchover with multiple standbys: PASSED
[2026-10-03 04:08:38.222][INFO ] [Command        :353] - start[1790971718221] time[0] tag[Q_ECHO]
[2026-10-03 04:08:38.222][INFO ] [Command        :536] - > LINE => 431, CMD => Q_ECHO, CONTENT => 4. Roundtrip switchover with multiple standbys: PASSED
[2026-10-03 04:08:38.222][INFO ] [Command        :353] - start[1790971718222] time[0] tag[Q_ECHO]
[2026-10-03 04:08:38.222][INFO ] [Command        :536] - > LINE => 432, CMD => Q_ECHO, CONTENT => 5. Failover with multiple standbys: PASSED
[2026-10-03 04:08:38.222][INFO ] [Command        :353] - start[1790971718222] time[0] tag[Q_ECHO]
[2026-10-03 04:08:38.222][INFO ] [Command        :536] - > LINE => 433, CMD => Q_ECHO, CONTENT => One primary multi standby topology verified successfully
[2026-10-03 04:08:38.222][INFO ] [Command        :353] - start[1790971718222] time[0] tag[Q_ECHO]
[2026-10-03 04:08:38.228][INFO ] [TestCase       :832] - test success
[2026-10-03 04:08:38.228][INFO ] [MyTest         :151] - cost ts 132s exitcode 0
Shutdown hook ran!
