Run case stanby/tls_standby
[2026-10-03 04:25:14.432][INFO ] [MyTest         :78] - print args => [-use_ob_connector, true, -result_file, r/stanby/tls_standby.result, -test_file, t/stanby/tls_standby.test]
[-use_ob_connector, true, -result_file, r/stanby/tls_standby.result, -test_file, t/stanby/tls_standby.test]
[2026-10-03 04:25:14.435][INFO ] [MyTest         :81] - start case => t/stanby/tls_standby.test
[2026-10-03 04:25:14.440][INFO ] [MyTest         :84] - use data id => obtest_nijia.nj_6.12.232.130
[2026-10-03 04:25:14.548][INFO ] [TestCase       :107] - initilize deploy processor
[2026-10-03 04:25:14.560][INFO ] [DeployConfig   :590] - config port and dataid. port_base=>1124, obs_port=>1124, mysql_port=>1159, data_id=>obtest_nijia.nj_6.12.232.130_0, port_offset=>0
[2026-10-03 04:25:14.615][INFO ] [DeployConfig   :577] - config port and dataid. port_base=>42000, obs_port=>42000, mysql_port=>42035, data_id=>obtest_nijia.nj_6.12.232.130_042000
[2026-10-03 04:25:14.621][INFO ] [OfsProcessor   :53] - ofs_deployer: null/hap.py
[2026-10-03 04:25:14.622][INFO ] [OfsCreateTenantProcessor:32] - ofsshell: null/../../bin/ofsshell
[2026-10-03 04:25:14.622][INFO ] [TestCase       :761] - Read file => t/stanby/tls_standby.test
[2026-10-03 04:25:14.623][INFO ] [TestCase       :721] - Finish read case: file_lines => 137, lineNo => 83
[2026-10-03 04:25:14.634][INFO ] [Command        :536] - > LINE => 8, CMD => Q_DISABLE_ALL_RESULT_LOG, CONTENT => --disable_all_result_log
[2026-10-03 04:25:14.636][INFO ] [Command        :353] - start[1790972714635] time[0] tag[Q_DISABLE_ALL_RESULT_LOG]
[2026-10-03 04:25:14.640][INFO ] [Command        :536] - > LINE => 9, CMD => Q_DEPLOY, CONTENT => db_p=OBI(cluster=1,proxy_num=0,role=primary);
[2026-10-03 04:25:14.642][INFO ] [DeployProcessor:78] - OBI define => db_p=OBI(cluster=1,proxy_num=0,role=primary)
[2026-10-03 04:25:14.658][INFO ] [Deploy         :381] - execute db_p.z_num result => 1 result type => java.lang.Integer
[2026-10-03 04:25:14.724][INFO ] [Deploy         :464] - assign rpc port. observer=>db_p.z1.obs0, rpc_port=>42000
[2026-10-03 04:25:14.724][INFO ] [Deploy         :471] - assign mysql port. observer=>db_p.z1.obs0, mysql_port=>42035
[2026-10-03 04:25:14.725][INFO ] [Deploy         :478] - assign backup io rpc port. observer=>db_p.z1.obs0, obesi_port=>42070
[2026-10-03 04:25:14.729][INFO ] [OBLog          :99] - config.ob_version='.'
[2026-10-03 04:25:14.730][INFO ] [OBLog          :100] - config.oblog_version='default'
[2026-10-03 04:25:14.730][INFO ] [OBLog          :117] - set oblog version='.'
[2026-10-03 04:25:14.730][INFO ] [OBLog          :126] - set oblog work_dir=''
[2026-10-03 04:25:14.730][INFO ] [OBLog          :148] - oblog.is_obcdc_exist: false
[2026-10-03 04:25:14.731][INFO ] [OBLog          :149] - oblog.exec: oblog/oblog_tailf
[2026-10-03 04:25:14.731][INFO ] [OBLog          :150] - oblog.configFile: oblog/liboblog.conf
[2026-10-03 04:25:14.731][INFO ] [OBLog          :151] - oblog.dataFile: oblog/data.log
[2026-10-03 04:25:14.731][INFO ] [OBLog          :152] - oblog.envCon: LD_LIBRARY_PATH=oblog:$LD_LIBRARY_PATH
[2026-10-03 04:25:14.731][INFO ] [OBLog          :153] - oblog.startCmdHead: ulimit -c unlimited; LD_LIBRARY_PATH=oblog:$LD_LIBRARY_PATH oblog/oblog_tailf
[2026-10-03 04:25:14.731][INFO ] [OBLog          :154] - oblog.defaultStartCmd: ulimit -c unlimited; LD_LIBRARY_PATH=oblog:$LD_LIBRARY_PATH oblog/oblog_tailf  -f oblog/liboblog.conf -D oblog/data.log -H oblog/heartbeat.log -d
[2026-10-03 04:25:15.14][INFO ] [Deploy         :1128] - start observer version is lite mode: true
[2026-10-03 04:25:15.15][INFO ] [Command        :353] - start[1790972714640] time[374] tag[Q_DEPLOY]
[2026-10-03 04:25:15.17][INFO ] [Command        :536] - > LINE => 10, CMD => Q_DEPLOY, CONTENT => db_p.z1.obs0.set extra_config=enable_rpc_tls=true;
[2026-10-03 04:25:15.17][INFO ] [DeployProcessor:93] - deploy => db_p.z1.obs0.set extra_config=enable_rpc_tls=true
[2026-10-03 04:25:15.18][INFO ] [Deploy         :287] - execute db_p.z1.obs0.set extra_config=enable_rpc_tls=true
[2026-10-03 04:25:15.18][INFO ] [Role           :122] - db_p.z1.obs0 key => extra_config val => enable_rpc_tls=true
[2026-10-03 04:25:15.18][INFO ] [Deploy         :294] - execute db_p.z1.obs0.set extra_config=enable_rpc_tls=true result => true
[2026-10-03 04:25:15.18][INFO ] [Command        :353] - start[1790972715017] time[1] tag[Q_DEPLOY]
[2026-10-03 04:25:15.19][INFO ] [Command        :536] - > LINE => 11, CMD => Q_DEPLOY, CONTENT => db_p.reboot;
[2026-10-03 04:25:15.20][INFO ] [DeployProcessor:93] - deploy => db_p.reboot
[2026-10-03 04:25:15.20][INFO ] [Deploy         :287] - execute db_p.reset
[2026-10-03 04:25:15.20][INFO ] [Deploy         :381] - execute db_p.lite_mode result => true result type => java.lang.Boolean
[2026-10-03 04:25:15.21][INFO ] [Deploy         :294] - execute db_p.reset result => true
[2026-10-03 04:25:15.21][INFO ] [Deploy         :287] - execute db_p.clean_asvr
[2026-10-03 04:25:15.21][INFO ] [Deploy         :294] - execute db_p.clean_asvr result => true
[2026-10-03 04:25:15.25][INFO ] [Deploy         :287] - execute db_p.z1.obs0.force_stop_asvr
[2026-10-03 04:25:15.26][INFO ] [Role           :1228] - pkill -9 -u nijia.nj -f '^/data/1/nijia.nj/test/namespace_standby_20261003_v1/work/db_p.asvr0/bin/observer' on 6.12.232.130
[2026-10-03 04:25:15.49][INFO ] [Role           :1230] - pkill asvr result is => 1
[2026-10-03 04:25:15.49][INFO ] [Deploy         :294] - execute db_p.z1.obs0.force_stop_asvr result => true
[2026-10-03 04:25:15.49][INFO ] [Deploy         :287] - execute db_p.z1.obs0.rmdir_asvr
[2026-10-03 04:25:15.50][INFO ] [Role           :1237] - try to remove asvr dir server  => db_p.z1.obs0
[2026-10-03 04:25:15.54][INFO ] [Role           :1264] - rm -fr /data/1/nijia.nj/test/namespace_standby_20261003_v1/work/db_p.asvr0 , on => 6.12.232.130 rc => 0 stdout => null
[2026-10-03 04:25:15.54][INFO ] [Deploy         :294] - execute db_p.z1.obs0.rmdir_asvr result => true
[2026-10-03 04:25:15.54][INFO ] [Deploy         :331] - execute db_p.z1.obs0.clean_asvr  result => true
[2026-10-03 04:25:15.55][INFO ] [Deploy         :362] - execute db_p.z1.clean_asvr  result => true [true]
[2026-10-03 04:25:15.55][INFO ] [Deploy         :362] - execute db_p.clean_asvr_everywhere result => true [true]
[2026-10-03 04:25:15.55][INFO ] [Deploy         :331] - execute db_p.clean_all_asvr result => true
[2026-10-03 04:25:15.56][INFO ] [Deploy         :287] - execute db_p.deploy_logservice
[2026-10-03 04:25:15.56][INFO ] [Deploy         :294] - execute db_p.deploy_logservice result => true
[2026-10-03 04:25:15.56][INFO ] [Deploy         :287] - execute db_p.bootstrap_logservice
[2026-10-03 04:25:15.56][INFO ] [Deploy         :294] - execute db_p.bootstrap_logservice result => true
[2026-10-03 04:25:15.69][INFO ] [Deploy         :331] - execute db_p.reboot_logservice result => true
[2026-10-03 04:25:15.71][INFO ] [Deploy         :287] - execute db_p.z1.check_local_bin
[2026-10-03 04:25:15.78][INFO ] [Deploy         :294] - execute db_p.z1.check_local_bin result => true
[2026-10-03 04:25:15.78][INFO ] [Deploy         :287] - execute db_p.z1.check_ssh
[2026-10-03 04:25:15.79][INFO ] [Deploy         :294] - execute db_p.z1.check_ssh result => true
[2026-10-03 04:25:15.79][INFO ] [Deploy         :287] - execute db_p.z1.obs0.check_dir 
[2026-10-03 04:25:15.88][INFO ] [Deploy         :294] - execute db_p.z1.obs0.check_dir  result => true
[2026-10-03 04:25:15.88][INFO ] [Deploy         :362] - execute db_p.z1.check_dir result => true [true]
[2026-10-03 04:25:15.89][INFO ] [Deploy         :287] - execute db_p.z1.obs0.force_stop 
[2026-10-03 04:25:15.90][INFO ] [Role           :1307] - pkill -9 -u nijia.nj -f '^/data/1/nijia.nj/test/namespace_standby_20261003_v1/work/db_p.z1.obs0/bin/observer|^/data/1/nijia.nj/test/namespace_standby_20261003_v1/work/db_p.z1.obs0/bin/obesi' on 6.12.232.130
[2026-10-03 04:25:15.107][INFO ] [Role           :1309] - pkill result is => 1
[2026-10-03 04:25:15.107][INFO ] [Role           :1142] - wait stop /data/1/nijia.nj/test/namespace_standby_20261003_v1/work/db_p.z1.obs0/bin/observer on 6.12.232.130
[2026-10-03 04:25:15.108][INFO ] [Role           :1190] - ps uxf | grep "/data/1/nijia.nj/test/namespace_standby_20261003_v1/work/db_p.z1.obs0/bin/observer" | grep -v grep
[2026-10-03 04:25:15.146][INFO ] [Role           :1154] - check port on 6.12.232.130
[2026-10-03 04:25:15.147][INFO ] [RemoteShell    :143] - netstat -lpnt 2>/dev/null | grep '0.0.0.0:42000 ' | awk -F ' ' '{print $7}'
[2026-10-03 04:25:15.188][INFO ] [RemoteShell    :143] - netstat -lpnt 2>/dev/null | grep '0.0.0.0:42035 ' | awk -F ' ' '{print $7}'
[2026-10-03 04:25:15.233][INFO ] [Role           :1164] - stop obs0 took 2 s
[2026-10-03 04:25:15.234][INFO ] [Deploy         :294] - execute db_p.z1.obs0.force_stop  result => true
[2026-10-03 04:25:15.234][INFO ] [Deploy         :362] - execute db_p.z1.force_stop result => true [true]
[2026-10-03 04:25:15.235][INFO ] [Deploy         :362] - execute db_p.z1.force_stop_logstore result => true []
[2026-10-03 04:25:15.235][INFO ] [Deploy         :331] - execute db_p.z1.force_stop_all result => true
[2026-10-03 04:25:15.236][INFO ] [Deploy         :287] - execute db_p.z1.obs0.rmdir 
[2026-10-03 04:25:15.236][INFO ] [Deploy         :381] - execute db_p.lite_mode result => true result type => java.lang.Boolean
[2026-10-03 04:25:15.238][INFO ] [Role           :1395] - rm -fr /data/1/nijia.nj/test/namespace_standby_20261003_v1/data/db_p.z1.obs0.nijia.nj/sstable /data/1/nijia.nj/test/namespace_standby_20261003_v1/clog/db_p.z1.obs0.nijia.nj/store /data/1/nijia.nj/test/namespace_standby_20261003_v1/clog/db_p.z1.obs0.nijia.nj/store/slog /data/1/nijia.nj/test/namespace_standby_20261003_v1/data/db_p.z1.obs0.nijia.nj/sort_dir , on => 6.12.232.130
[2026-10-03 04:25:15.246][INFO ] [Role           :1397] - rm -fr /data/1/nijia.nj/test/namespace_standby_20261003_v1/data/db_p.z1.obs0.nijia.nj/sstable /data/1/nijia.nj/test/namespace_standby_20261003_v1/clog/db_p.z1.obs0.nijia.nj/store /data/1/nijia.nj/test/namespace_standby_20261003_v1/clog/db_p.z1.obs0.nijia.nj/store/slog /data/1/nijia.nj/test/namespace_standby_20261003_v1/data/db_p.z1.obs0.nijia.nj/sort_dir , on => 6.12.232.130 rc => 0 stdout => null
[2026-10-03 04:25:15.258][INFO ] [Role           :1402] - rm -fr /data/1/nijia.nj/test/namespace_standby_20261003_v1/work/db_p.z1.obs0/log , on => 6.12.232.130 rc => 0 stdout => null
[2026-10-03 04:25:15.264][INFO ] [Role           :1407] - rm -fr /data/1/nijia.nj/test/namespace_standby_20261003_v1/work/db_p.z1.obs0/admin , on => 6.12.232.130 rc => 0 stdout => null
[2026-10-03 04:25:15.276][INFO ] [Role           :1412] - rm -fr /data/1/nijia.nj/test/namespace_standby_20261003_v1/work/db_p.z1.obs0/wallet , on => 6.12.232.130 rc => 0 stdout => null
[2026-10-03 04:25:15.280][INFO ] [Role           :1417] - rm -fr /data/1/nijia.nj/test/namespace_standby_20261003_v1/work/db_p.z1.obs0/etc/observer.c*nf*.bin* /data/1/nijia.nj/test/namespace_standby_20261003_v1/work/db_p.z1.obs0/etc/seekdb.c*nf*.bin* , on => 6.12.232.130 rc => 0 stdout => null
[2026-10-03 04:25:15.284][INFO ] [Role           :1423] - rm -fr /data/1/nijia.nj/test/namespace_standby_20261003_v1/work/db_p.z1.obs0/etc/observer.data_version.bin* /data/1/nijia.nj/test/namespace_standby_20261003_v1/work/db_p.z1.obs0/etc/seekdb.data_version.bin* , on => 6.12.232.130 rc => 0 stdout => null
[2026-10-03 04:25:15.287][INFO ] [Role           :1429] - rm -fr /data/1/nijia.nj/test/namespace_standby_20261003_v1/work/db_p.z1.obs0/etc2/observer.c*nf*.bin* , on => 6.12.232.130 rc => 0 stdout => null
[2026-10-03 04:25:15.292][INFO ] [Role           :1434] - rm -fr /data/1/nijia.nj/test/namespace_standby_20261003_v1/work/db_p.z1.obs0/etc3/observer.c*nf*.bin* , on => 6.12.232.130 rc => 0 stdout => null
[2026-10-03 04:25:15.297][INFO ] [Role           :1439] - rm -fr /data/1/nijia.nj/test/namespace_standby_20261003_v1/work/db_p.z1.obs0/run/observer.pid /data/1/nijia.nj/test/namespace_standby_20261003_v1/work/db_p.z1.obs0/run/seekdb.pid , on => 6.12.232.130 rc => 0 stdout => null
[2026-10-03 04:25:15.316][INFO ] [Role           :1444] - rm -fr /data/1/nijia.nj/test/namespace_standby_20261003_v1/work/db_p.z1.obs0/store/clog_shm , on => 6.12.232.130 rc => 0 stdout => null
[2026-10-03 04:25:15.320][INFO ] [Role           :1449] - rm -fr /data/1/nijia.nj/test/namespace_standby_20261003_v1/work/db_p.z1.obs0/store/ilog_shm , on => 6.12.232.130 rc => 0 stdout => null
[2026-10-03 04:25:15.325][INFO ] [Role           :1454] - rm -fr /data/1/nijia.nj/test/namespace_standby_20261003_v1/work/db_p.z1.obs0/store/manifest* , on => 6.12.232.130 rc => 0 stdout => null
[2026-10-03 04:25:15.334][INFO ] [Role           :1467] - rm -fr /data/1/nijia.nj/test/namespace_standby_20261003_v1/work/db_p.z1.obs0/core* , on => 6.12.232.130 rc => 0 stdout => null
[2026-10-03 04:25:15.339][INFO ] [Role           :1504] - rm -fr /data/1/nijia.nj/test/namespace_standby_20261003_v1/clog/db_p.z1.obs0.nijia.nj/ /data/1/nijia.nj/test/namespace_standby_20261003_v1/data/db_p.z1.obs0.nijia.nj/ , on => 6.12.232.130 rc => 0 stdout => null
[2026-10-03 04:25:15.569][INFO ] [Role           :1510] - rm -fr /data/1/nijia.nj/test/namespace_standby_20261003_v1/work/db_p.z1.obs0 , on => 6.12.232.130 rc => 0 stdout => null
[2026-10-03 04:25:15.575][INFO ] [Deploy         :294] - execute db_p.z1.obs0.rmdir  result => true
[2026-10-03 04:25:15.575][INFO ] [Deploy         :362] - execute db_p.z1.rmdir result => true [true]
[2026-10-03 04:25:15.575][INFO ] [Deploy         :331] - execute db_p.z1.cleanup result => true
[2026-10-03 04:25:15.576][INFO ] [Deploy         :362] - execute db_p.z1.cleanup_logstore result => true []
[2026-10-03 04:25:15.576][INFO ] [Deploy         :331] - execute db_p.z1.cleanup_all result => true
[2026-10-03 04:25:15.576][INFO ] [Deploy         :287] - execute db_p.z1.genconf
[2026-10-03 04:25:15.577][INFO ] [Deploy         :294] - execute db_p.z1.genconf result => true
[2026-10-03 04:25:15.578][INFO ] [Deploy         :287] - execute db_p.z1.obs0.mkdir 
[2026-10-03 04:25:15.579][INFO ] [Role           :1768] - mkdir -p /data/1/nijia.nj/test/namespace_standby_20261003_v1/work/db_p.z1.obs0/store/;mkdir -p /data/1/nijia.nj/test/namespace_standby_20261003_v1/clog/db_p.z1.obs0.nijia.nj/store/clog /data/1/nijia.nj/test/namespace_standby_20261003_v1/clog/db_p.z1.obs0.nijia.nj/store/ilog /data/1/nijia.nj/test/namespace_standby_20261003_v1/clog/db_p.z1.obs0.nijia.nj/store/slog /data/1/nijia.nj/test/namespace_standby_20261003_v1/data/db_p.z1.obs0.nijia.nj/sort_dir /data/1/nijia.nj/test/namespace_standby_20261003_v1/data/db_p.z1.obs0.nijia.nj/sstable;ln -sf /data/1/nijia.nj/test/namespace_standby_20261003_v1/data/db_p.z1.obs0.nijia.nj/sstable /data/1/nijia.nj/test/namespace_standby_20261003_v1/work/db_p.z1.obs0/store/;ln -sf /data/1/nijia.nj/test/namespace_standby_20261003_v1/clog/db_p.z1.obs0.nijia.nj/store/clog /data/1/nijia.nj/test/namespace_standby_20261003_v1/work/db_p.z1.obs0/store/;ln -sf /data/1/nijia.nj/test/namespace_standby_20261003_v1/clog/db_p.z1.obs0.nijia.nj/store/ilog /data/1/nijia.nj/test/namespace_standby_20261003_v1/work/db_p.z1.obs0/store/;ln -sf /data/1/nijia.nj/test/namespace_standby_20261003_v1/clog/db_p.z1.obs0.nijia.nj/store/slog /data/1/nijia.nj/test/namespace_standby_20261003_v1/work/db_p.z1.obs0/store/;ln -sf /data/1/nijia.nj/test/namespace_standby_20261003_v1/data/db_p.z1.obs0.nijia.nj/sort_dir /data/1/nijia.nj/test/namespace_standby_20261003_v1/work/db_p.z1.obs0/store/ on 6.12.232.130
[2026-10-03 04:25:15.593][INFO ] [Deploy         :294] - execute db_p.z1.obs0.mkdir  result => true
[2026-10-03 04:25:15.594][INFO ] [Deploy         :362] - execute db_p.z1.mkdir_obs result => true [true]
[2026-10-03 04:25:15.594][INFO ] [Deploy         :362] - execute db_p.z1.mkdir_logstore result => true []
[2026-10-03 04:25:15.594][INFO ] [Deploy         :331] - execute db_p.z1.mkdir result => true
[2026-10-03 04:25:15.595][INFO ] [Deploy         :287] - execute db_p.z1.obs0.rsync 
[2026-10-03 04:25:15.596][INFO ] [Role           :1648] - sync server finish, time = 1
[2026-10-03 04:25:15.596][INFO ] [Role           :1563] - rsync server => db_p.z1.obs0 version if specified => .
[2026-10-03 04:25:15.602][INFO ] [Role           :1635] - check disk dir ==> './admin' exist
[2026-10-03 04:25:15.606][WARN ] [Role           :1638] - check disk dir ==> './plugin_dir' not exist
[2026-10-03 04:25:15.611][INFO ] [Role           :1635] - check disk dir ==> './wallet' exist
[2026-10-03 04:25:15.611][INFO ] [Role           :1590] - transfer cmd to =>  rsync -WrptgoDRLv --timeout=600 bin etc lib  admin  wallet /data/1/nijia.nj/test/namespace_standby_20261003_v1/work/db_p.z1.obs0
[2026-10-03 04:25:20.663][INFO ] [Role           :1604] - rsync cmd =>  rsync -WrptgoDRLv --timeout=600 bin etc lib  admin  wallet /data/1/nijia.nj/test/namespace_standby_20261003_v1/work/db_p.z1.obs0
[2026-10-03 04:25:20.663][INFO ] [Deploy         :294] - execute db_p.z1.obs0.rsync  result => true
[2026-10-03 04:25:20.663][INFO ] [Deploy         :362] - execute db_p.z1.rsync_obs result => true [true]
[2026-10-03 04:25:20.664][INFO ] [Deploy         :362] - execute db_p.z1.rsync_logstore result => true []
[2026-10-03 04:25:20.664][INFO ] [Deploy         :331] - execute db_p.z1.rsync result => true
[2026-10-03 04:25:20.665][INFO ] [Deploy         :362] - execute db_p.z1.start_logstore result => true []
[2026-10-03 04:25:20.665][INFO ] [Deploy         :287] - execute db_p.z1.sleep 5
[2026-10-03 04:25:25.666][INFO ] [Deploy         :294] - execute db_p.z1.sleep 5 result => true
[2026-10-03 04:25:25.667][INFO ] [Deploy         :287] - execute db_p.z1.obs0.start 
[2026-10-03 04:25:25.668][INFO ] [Deploy         :381] - execute db_p.lite_mode result => true result type => java.lang.Boolean
[2026-10-03 04:25:25.669][INFO ] [Deploy         :381] - execute db_p.lite_mode result => true result type => java.lang.Boolean
6.12.232.130 is not a valid IPv6 address.
[2026-10-03 04:25:25.671][INFO ] [Role           :539] - cluster_id1
[2026-10-03 04:25:25.672][INFO ] [Deploy         :381] - execute db_p.z_num result => 1 result type => java.lang.Integer
[2026-10-03 04:25:25.672][INFO ] [Role           :552] - db_p have 1 ZONE
[2026-10-03 04:25:25.672][INFO ] [Role           :584] - ofs_list ofs_list='z1@' has_ofs_zone false
[2026-10-03 04:25:25.672][INFO ] [Role           :637] - ulimit -c unlimited -s 4096;cd /data/1/nijia.nj/test/namespace_standby_20261003_v1/work/db_p.z1.obs0;LD_LIBRARY_PATH=./lib:/usr/local/lib:/usr/lib:/usr/lib64:/usr/local/lib64:$LD_LIBRARY_PATH /data/1/nijia.nj/test/namespace_standby_20261003_v1/work/db_p.z1.obs0/bin/observer --port 42035 --data-dir /data/1/nijia.nj/test/namespace_standby_20261003_v1/work/db_p.z1.obs0/store --redo-dir /data/1/nijia.nj/test/namespace_standby_20261003_v1/work/db_p.z1.obs0/store/clog  --role=PRIMARY --parameter enable_rpc_service=true --parameter rpc_port=42000 --parameter datafile_size='2G' --parameter log_disk_size='2G' --parameter cpu_count=4 --parameter memory_limit='8G' --parameter enable_rpc_tls=true on 6.12.232.130
[2026-10-03 04:25:25.741][INFO ] [Deploy         :294] - execute db_p.z1.obs0.start  result => true
[2026-10-03 04:25:25.742][INFO ] [Deploy         :362] - execute db_p.z1.start_obs result => true [true]
[2026-10-03 04:25:25.743][INFO ] [Deploy         :331] - execute db_p.z1.start result => true
[2026-10-03 04:25:25.743][INFO ] [Deploy         :287] - execute db_p.z1.sleep 8
[2026-10-03 04:25:33.743][INFO ] [Deploy         :294] - execute db_p.z1.sleep 8 result => true
[2026-10-03 04:25:33.744][INFO ] [Deploy         :331] - execute db_p.z1.reboot  result => true
[2026-10-03 04:25:33.744][INFO ] [Deploy         :362] - execute db_p.deploy result => true [true]
[2026-10-03 04:25:33.745][INFO ] [Deploy         :287] - execute db_p.sleep 5
[2026-10-03 04:25:38.745][INFO ] [Deploy         :294] - execute db_p.sleep 5 result => true
[2026-10-03 04:25:38.746][INFO ] [Deploy         :287] - execute db_p.bootstrap
[2026-10-03 04:25:38.746][INFO ] [Deploy         :381] - execute db_p.z_num result => 1 result type => java.lang.Integer
[2026-10-03 04:25:38.746][INFO ] [Deploy         :381] - execute db_p.zone_names result => [Ljava.lang.String;@2ef5e5e3 result type => [Ljava.lang.String;
[2026-10-03 04:25:38.746][INFO ] [Deploy         :381] - execute db_p.z1.obs_num result => 1 result type => java.lang.Integer
[2026-10-03 04:25:38.747][INFO ] [Deploy         :287] - execute db_p.z1.obs0.get status
[2026-10-03 04:25:38.747][WARN ] [Deploy         :298] - execute db_p.z1.obs0.get status result => null
[2026-10-03 04:25:38.747][INFO ] [Deploy         :381] - execute db_p.lite_mode result => true result type => java.lang.Boolean
[2026-10-03 04:25:38.747][INFO ] [Deploy         :294] - execute db_p.bootstrap result => true
[2026-10-03 04:25:38.748][INFO ] [Deploy         :287] - execute db_p.addserver
[2026-10-03 04:25:38.748][INFO ] [Deploy         :381] - execute db_p.z_num result => 1 result type => java.lang.Integer
[2026-10-03 04:25:38.748][INFO ] [Deploy         :381] - execute db_p.zone_names result => [Ljava.lang.String;@2ef5e5e3 result type => [Ljava.lang.String;
[2026-10-03 04:25:38.748][INFO ] [Deploy         :381] - execute db_p.z1.obs_num result => 1 result type => java.lang.Integer
[2026-10-03 04:25:38.748][INFO ] [Deploy         :294] - execute db_p.addserver result => true
[2026-10-03 04:25:38.749][INFO ] [Deploy         :287] - execute db_p.exec_init_sql
[2026-10-03 04:25:38.749][INFO ] [Deploy         :381] - execute db_p.lite_mode result => true result type => java.lang.Boolean
[2026-10-03 04:25:38.749][INFO ] [Deploy         :287] - execute db_p.z1.obs0.mysql_tenant_root create user 'admin' IDENTIFIED BY 'admin';use oceanbase;grant all on *.* to 'admin' WITH GRANT OPTION;create database if not exists test;
[2026-10-03 04:25:38.750][INFO ] [Role           :3182] - sql =>create user 'admin' IDENTIFIED BY 'admin';use oceanbase;grant all on *.* to 'admin' WITH GRANT OPTION;create database if not exists test;
 will be executed with connection[z1.obs0]root@sys:@6.12.232.130:42035
[2026-10-03 04:25:38.856][INFO ] [Deploy         :294] - execute db_p.z1.obs0.mysql_tenant_root create user 'admin' IDENTIFIED BY 'admin';use oceanbase;grant all on *.* to 'admin' WITH GRANT OPTION;create database if not exists test; result => true
[2026-10-03 04:25:38.857][INFO ] [Deploy         :381] - execute db_p.lite_mode result => true result type => java.lang.Boolean
[2026-10-03 04:25:38.857][INFO ] [Deploy         :381] - execute db_p.lite_mode result => true result type => java.lang.Boolean
[2026-10-03 04:25:38.857][INFO ] [Deploy         :287] - execute db_p.z1.obs0.mysql_tenant_root create user 'proxyro' IDENTIFIED BY '3u^0kCdpE';grant select on oceanbase.* to 'proxyro' WITH GRANT OPTION;
[2026-10-03 04:25:38.858][INFO ] [Role           :3182] - sql =>create user 'proxyro' IDENTIFIED BY '3u^0kCdpE';grant select on oceanbase.* to 'proxyro' WITH GRANT OPTION;
 will be executed with connection[z1.obs0]root@sys:@6.12.232.130:42035
[2026-10-03 04:25:38.914][INFO ] [Deploy         :294] - execute db_p.z1.obs0.mysql_tenant_root create user 'proxyro' IDENTIFIED BY '3u^0kCdpE';grant select on oceanbase.* to 'proxyro' WITH GRANT OPTION; result => true
[2026-10-03 04:25:38.915][INFO ] [Deploy         :287] - execute db_p.z1.obs0.mysql_tenant_root create user 'sysslaveuser' IDENTIFIED BY 'sysslaveuser';grant select on *.* to 'sysslaveuser' WITH GRANT OPTION;
[2026-10-03 04:25:38.915][INFO ] [Role           :3182] - sql =>create user 'sysslaveuser' IDENTIFIED BY 'sysslaveuser';grant select on *.* to 'sysslaveuser' WITH GRANT OPTION;
 will be executed with connection[z1.obs0]root@sys:@6.12.232.130:42035
[2026-10-03 04:25:38.983][INFO ] [Deploy         :294] - execute db_p.z1.obs0.mysql_tenant_root create user 'sysslaveuser' IDENTIFIED BY 'sysslaveuser';grant select on *.* to 'sysslaveuser' WITH GRANT OPTION; result => true
[2026-10-03 04:25:38.987][INFO ] [Deploy         :294] - execute db_p.exec_init_sql result => true
[2026-10-03 04:25:38.990][INFO ] [Deploy         :287] - execute db_p.register_proxy
[2026-10-03 04:25:38.991][INFO ] [Deploy         :294] - execute db_p.register_proxy result => true
[2026-10-03 04:25:38.991][INFO ] [Deploy         :287] - execute db_p.deploy_proxy
[2026-10-03 04:25:38.995][INFO ] [Deploy         :294] - execute db_p.deploy_proxy result => true
[2026-10-03 04:25:38.995][INFO ] [Deploy         :287] - execute db_p.sleep 5
[2026-10-03 04:25:43.995][INFO ] [Deploy         :294] - execute db_p.sleep 5 result => true
[2026-10-03 04:25:43.996][INFO ] [Deploy         :331] - execute db_p.reboot_proxy result => true
[2026-10-03 04:25:43.996][INFO ] [Deploy         :287] - execute db_p.deploy_asvr
[2026-10-03 04:25:43.996][INFO ] [Deploy         :294] - execute db_p.deploy_asvr result => true
[2026-10-03 04:25:43.996][INFO ] [Deploy         :287] - execute db_p.sleep 5
[2026-10-03 04:25:48.997][INFO ] [Deploy         :294] - execute db_p.sleep 5 result => true
[2026-10-03 04:25:48.997][INFO ] [Deploy         :331] - execute db_p.reboot_asvr result => true
[2026-10-03 04:25:48.997][INFO ] [Deploy         :287] - execute db_p.add_asvr
[2026-10-03 04:25:48.997][INFO ] [OBI            :1509] - There is no need to add asvr.
[2026-10-03 04:25:48.998][INFO ] [Deploy         :294] - execute db_p.add_asvr result => true
[2026-10-03 04:25:48.998][INFO ] [Deploy         :287] - execute db_p.prepare_agent
[2026-10-03 04:25:48.998][INFO ] [Deploy         :294] - execute db_p.prepare_agent result => true
[2026-10-03 04:25:48.998][INFO ] [Deploy         :331] - execute db_p.reboot result => true
[2026-10-03 04:25:48.998][INFO ] [Command        :353] - start[1790972715020] time[33978] tag[Q_DEPLOY]
[2026-10-03 04:25:48.999][INFO ] [Command        :536] - > LINE => 13, CMD => Q_DEPLOY, CONTENT => db_s1=OBI(cluster=1,proxy_num=0,primary=db_p);
[2026-10-03 04:25:49.00][INFO ] [DeployProcessor:78] - OBI define => db_s1=OBI(cluster=1,proxy_num=0,primary=db_p)
[2026-10-03 04:25:49.00][INFO ] [Deploy         :381] - execute db_s1.z_num result => 1 result type => java.lang.Integer
[2026-10-03 04:25:49.01][INFO ] [Deploy         :464] - assign rpc port. observer=>db_s1.z1.obs0, rpc_port=>42001
[2026-10-03 04:25:49.01][INFO ] [Deploy         :471] - assign mysql port. observer=>db_s1.z1.obs0, mysql_port=>42036
[2026-10-03 04:25:49.01][INFO ] [Deploy         :478] - assign backup io rpc port. observer=>db_s1.z1.obs0, obesi_port=>42071
[2026-10-03 04:25:49.02][INFO ] [OBLog          :99] - config.ob_version='.'
[2026-10-03 04:25:49.02][INFO ] [OBLog          :100] - config.oblog_version='default'
[2026-10-03 04:25:49.02][INFO ] [OBLog          :117] - set oblog version='.'
[2026-10-03 04:25:49.03][INFO ] [OBLog          :126] - set oblog work_dir=''
[2026-10-03 04:25:49.03][INFO ] [OBLog          :148] - oblog.is_obcdc_exist: false
[2026-10-03 04:25:49.03][INFO ] [OBLog          :149] - oblog.exec: oblog/oblog_tailf
[2026-10-03 04:25:49.03][INFO ] [OBLog          :150] - oblog.configFile: oblog/liboblog.conf
[2026-10-03 04:25:49.03][INFO ] [OBLog          :151] - oblog.dataFile: oblog/data.log
[2026-10-03 04:25:49.03][INFO ] [OBLog          :152] - oblog.envCon: LD_LIBRARY_PATH=oblog:$LD_LIBRARY_PATH
[2026-10-03 04:25:49.03][INFO ] [OBLog          :153] - oblog.startCmdHead: ulimit -c unlimited; LD_LIBRARY_PATH=oblog:$LD_LIBRARY_PATH oblog/oblog_tailf
[2026-10-03 04:25:49.03][INFO ] [OBLog          :154] - oblog.defaultStartCmd: ulimit -c unlimited; LD_LIBRARY_PATH=oblog:$LD_LIBRARY_PATH oblog/oblog_tailf  -f oblog/liboblog.conf -D oblog/data.log -H oblog/heartbeat.log -d
[2026-10-03 04:25:49.289][INFO ] [Deploy         :1128] - start observer version is lite mode: true
[2026-10-03 04:25:49.290][INFO ] [Command        :353] - start[1790972748999] time[290] tag[Q_DEPLOY]
[2026-10-03 04:25:49.290][INFO ] [Command        :536] - > LINE => 14, CMD => Q_DEPLOY, CONTENT => db_s1.z1.obs0.set extra_config=enable_rpc_tls=true;
[2026-10-03 04:25:49.291][INFO ] [DeployProcessor:93] - deploy => db_s1.z1.obs0.set extra_config=enable_rpc_tls=true
[2026-10-03 04:25:49.291][INFO ] [Deploy         :287] - execute db_s1.z1.obs0.set extra_config=enable_rpc_tls=true
[2026-10-03 04:25:49.292][INFO ] [Role           :122] - db_s1.z1.obs0 key => extra_config val => enable_rpc_tls=true
[2026-10-03 04:25:49.292][INFO ] [Deploy         :294] - execute db_s1.z1.obs0.set extra_config=enable_rpc_tls=true result => true
[2026-10-03 04:25:49.293][INFO ] [Command        :353] - start[1790972749290] time[2] tag[Q_DEPLOY]
[2026-10-03 04:25:49.294][INFO ] [Command        :536] - > LINE => 15, CMD => Q_DEPLOY, CONTENT => db_s1.reboot;
[2026-10-03 04:25:49.294][INFO ] [DeployProcessor:93] - deploy => db_s1.reboot
[2026-10-03 04:25:49.295][INFO ] [Deploy         :287] - execute db_s1.reset
[2026-10-03 04:25:49.295][INFO ] [Deploy         :381] - execute db_s1.lite_mode result => true result type => java.lang.Boolean
[2026-10-03 04:25:49.295][INFO ] [Deploy         :294] - execute db_s1.reset result => true
[2026-10-03 04:25:49.295][INFO ] [Deploy         :287] - execute db_s1.clean_asvr
[2026-10-03 04:25:49.296][INFO ] [Deploy         :294] - execute db_s1.clean_asvr result => true
[2026-10-03 04:25:49.298][INFO ] [Deploy         :287] - execute db_s1.z1.obs0.force_stop_asvr
[2026-10-03 04:25:49.298][INFO ] [Role           :1228] - pkill -9 -u nijia.nj -f '^/data/1/nijia.nj/test/namespace_standby_20261003_v1/work/db_s1.asvr0/bin/observer' on 6.12.232.130
[2026-10-03 04:25:49.322][INFO ] [Role           :1230] - pkill asvr result is => 1
[2026-10-03 04:25:49.323][INFO ] [Deploy         :294] - execute db_s1.z1.obs0.force_stop_asvr result => true
[2026-10-03 04:25:49.324][INFO ] [Deploy         :287] - execute db_s1.z1.obs0.rmdir_asvr
[2026-10-03 04:25:49.326][INFO ] [Role           :1237] - try to remove asvr dir server  => db_s1.z1.obs0
[2026-10-03 04:25:49.331][INFO ] [Role           :1264] - rm -fr /data/1/nijia.nj/test/namespace_standby_20261003_v1/work/db_s1.asvr0 , on => 6.12.232.130 rc => 0 stdout => null
[2026-10-03 04:25:49.332][INFO ] [Deploy         :294] - execute db_s1.z1.obs0.rmdir_asvr result => true
[2026-10-03 04:25:49.332][INFO ] [Deploy         :331] - execute db_s1.z1.obs0.clean_asvr  result => true
[2026-10-03 04:25:49.332][INFO ] [Deploy         :362] - execute db_s1.z1.clean_asvr  result => true [true]
[2026-10-03 04:25:49.333][INFO ] [Deploy         :362] - execute db_s1.clean_asvr_everywhere result => true [true]
[2026-10-03 04:25:49.333][INFO ] [Deploy         :331] - execute db_s1.clean_all_asvr result => true
[2026-10-03 04:25:49.333][INFO ] [Deploy         :287] - execute db_s1.deploy_logservice
[2026-10-03 04:25:49.333][INFO ] [Deploy         :294] - execute db_s1.deploy_logservice result => true
[2026-10-03 04:25:49.334][INFO ] [Deploy         :287] - execute db_s1.bootstrap_logservice
[2026-10-03 04:25:49.334][INFO ] [Deploy         :294] - execute db_s1.bootstrap_logservice result => true
[2026-10-03 04:25:49.334][INFO ] [Deploy         :331] - execute db_s1.reboot_logservice result => true
[2026-10-03 04:25:49.335][INFO ] [Deploy         :287] - execute db_s1.z1.check_local_bin
[2026-10-03 04:25:49.350][INFO ] [Deploy         :294] - execute db_s1.z1.check_local_bin result => true
[2026-10-03 04:25:49.350][INFO ] [Deploy         :287] - execute db_s1.z1.check_ssh
[2026-10-03 04:25:49.350][INFO ] [Deploy         :294] - execute db_s1.z1.check_ssh result => true
[2026-10-03 04:25:49.351][INFO ] [Deploy         :287] - execute db_s1.z1.obs0.check_dir 
[2026-10-03 04:25:49.358][INFO ] [Deploy         :294] - execute db_s1.z1.obs0.check_dir  result => true
[2026-10-03 04:25:49.358][INFO ] [Deploy         :362] - execute db_s1.z1.check_dir result => true [true]
[2026-10-03 04:25:49.359][INFO ] [Deploy         :287] - execute db_s1.z1.obs0.force_stop 
[2026-10-03 04:25:49.360][INFO ] [Role           :1307] - pkill -9 -u nijia.nj -f '^/data/1/nijia.nj/test/namespace_standby_20261003_v1/work/db_s1.z1.obs0/bin/observer|^/data/1/nijia.nj/test/namespace_standby_20261003_v1/work/db_s1.z1.obs0/bin/obesi' on 6.12.232.130
[2026-10-03 04:25:49.377][INFO ] [Role           :1309] - pkill result is => 1
[2026-10-03 04:25:49.378][INFO ] [Role           :1142] - wait stop /data/1/nijia.nj/test/namespace_standby_20261003_v1/work/db_s1.z1.obs0/bin/observer on 6.12.232.130
[2026-10-03 04:25:49.379][INFO ] [Role           :1190] - ps uxf | grep "/data/1/nijia.nj/test/namespace_standby_20261003_v1/work/db_s1.z1.obs0/bin/observer" | grep -v grep
[2026-10-03 04:25:49.417][INFO ] [Role           :1154] - check port on 6.12.232.130
[2026-10-03 04:25:49.419][INFO ] [RemoteShell    :143] - netstat -lpnt 2>/dev/null | grep '0.0.0.0:42001 ' | awk -F ' ' '{print $7}'
[2026-10-03 04:25:49.450][INFO ] [RemoteShell    :143] - netstat -lpnt 2>/dev/null | grep '0.0.0.0:42036 ' | awk -F ' ' '{print $7}'
[2026-10-03 04:25:49.487][INFO ] [Role           :1164] - stop obs0 took 2 s
[2026-10-03 04:25:49.488][INFO ] [Deploy         :294] - execute db_s1.z1.obs0.force_stop  result => true
[2026-10-03 04:25:49.488][INFO ] [Deploy         :362] - execute db_s1.z1.force_stop result => true [true]
[2026-10-03 04:25:49.489][INFO ] [Deploy         :362] - execute db_s1.z1.force_stop_logstore result => true []
[2026-10-03 04:25:49.490][INFO ] [Deploy         :331] - execute db_s1.z1.force_stop_all result => true
[2026-10-03 04:25:49.492][INFO ] [Deploy         :287] - execute db_s1.z1.obs0.rmdir 
[2026-10-03 04:25:49.492][INFO ] [Deploy         :381] - execute db_s1.lite_mode result => true result type => java.lang.Boolean
[2026-10-03 04:25:49.493][INFO ] [Role           :1395] - rm -fr /data/1/nijia.nj/test/namespace_standby_20261003_v1/data/db_s1.z1.obs0.nijia.nj/sstable /data/1/nijia.nj/test/namespace_standby_20261003_v1/clog/db_s1.z1.obs0.nijia.nj/store /data/1/nijia.nj/test/namespace_standby_20261003_v1/clog/db_s1.z1.obs0.nijia.nj/store/slog /data/1/nijia.nj/test/namespace_standby_20261003_v1/data/db_s1.z1.obs0.nijia.nj/sort_dir , on => 6.12.232.130
[2026-10-03 04:25:49.501][INFO ] [Role           :1397] - rm -fr /data/1/nijia.nj/test/namespace_standby_20261003_v1/data/db_s1.z1.obs0.nijia.nj/sstable /data/1/nijia.nj/test/namespace_standby_20261003_v1/clog/db_s1.z1.obs0.nijia.nj/store /data/1/nijia.nj/test/namespace_standby_20261003_v1/clog/db_s1.z1.obs0.nijia.nj/store/slog /data/1/nijia.nj/test/namespace_standby_20261003_v1/data/db_s1.z1.obs0.nijia.nj/sort_dir , on => 6.12.232.130 rc => 0 stdout => null
[2026-10-03 04:25:49.520][INFO ] [Role           :1402] - rm -fr /data/1/nijia.nj/test/namespace_standby_20261003_v1/work/db_s1.z1.obs0/log , on => 6.12.232.130 rc => 0 stdout => null
[2026-10-03 04:25:49.525][INFO ] [Role           :1407] - rm -fr /data/1/nijia.nj/test/namespace_standby_20261003_v1/work/db_s1.z1.obs0/admin , on => 6.12.232.130 rc => 0 stdout => null
[2026-10-03 04:25:49.530][INFO ] [Role           :1412] - rm -fr /data/1/nijia.nj/test/namespace_standby_20261003_v1/work/db_s1.z1.obs0/wallet , on => 6.12.232.130 rc => 0 stdout => null
[2026-10-03 04:25:49.534][INFO ] [Role           :1417] - rm -fr /data/1/nijia.nj/test/namespace_standby_20261003_v1/work/db_s1.z1.obs0/etc/observer.c*nf*.bin* /data/1/nijia.nj/test/namespace_standby_20261003_v1/work/db_s1.z1.obs0/etc/seekdb.c*nf*.bin* , on => 6.12.232.130 rc => 0 stdout => null
[2026-10-03 04:25:49.540][INFO ] [Role           :1423] - rm -fr /data/1/nijia.nj/test/namespace_standby_20261003_v1/work/db_s1.z1.obs0/etc/observer.data_version.bin* /data/1/nijia.nj/test/namespace_standby_20261003_v1/work/db_s1.z1.obs0/etc/seekdb.data_version.bin* , on => 6.12.232.130 rc => 0 stdout => null
[2026-10-03 04:25:49.545][INFO ] [Role           :1429] - rm -fr /data/1/nijia.nj/test/namespace_standby_20261003_v1/work/db_s1.z1.obs0/etc2/observer.c*nf*.bin* , on => 6.12.232.130 rc => 0 stdout => null
[2026-10-03 04:25:49.551][INFO ] [Role           :1434] - rm -fr /data/1/nijia.nj/test/namespace_standby_20261003_v1/work/db_s1.z1.obs0/etc3/observer.c*nf*.bin* , on => 6.12.232.130 rc => 0 stdout => null
[2026-10-03 04:25:49.555][INFO ] [Role           :1439] - rm -fr /data/1/nijia.nj/test/namespace_standby_20261003_v1/work/db_s1.z1.obs0/run/observer.pid /data/1/nijia.nj/test/namespace_standby_20261003_v1/work/db_s1.z1.obs0/run/seekdb.pid , on => 6.12.232.130 rc => 0 stdout => null
[2026-10-03 04:25:49.583][INFO ] [Role           :1444] - rm -fr /data/1/nijia.nj/test/namespace_standby_20261003_v1/work/db_s1.z1.obs0/store/clog_shm , on => 6.12.232.130 rc => 0 stdout => null
[2026-10-03 04:25:49.590][INFO ] [Role           :1449] - rm -fr /data/1/nijia.nj/test/namespace_standby_20261003_v1/work/db_s1.z1.obs0/store/ilog_shm , on => 6.12.232.130 rc => 0 stdout => null
[2026-10-03 04:25:49.599][INFO ] [Role           :1454] - rm -fr /data/1/nijia.nj/test/namespace_standby_20261003_v1/work/db_s1.z1.obs0/store/manifest* , on => 6.12.232.130 rc => 0 stdout => null
[2026-10-03 04:25:49.611][INFO ] [Role           :1467] - rm -fr /data/1/nijia.nj/test/namespace_standby_20261003_v1/work/db_s1.z1.obs0/core* , on => 6.12.232.130 rc => 0 stdout => null
[2026-10-03 04:25:49.616][INFO ] [Role           :1504] - rm -fr /data/1/nijia.nj/test/namespace_standby_20261003_v1/clog/db_s1.z1.obs0.nijia.nj/ /data/1/nijia.nj/test/namespace_standby_20261003_v1/data/db_s1.z1.obs0.nijia.nj/ , on => 6.12.232.130 rc => 0 stdout => null
[2026-10-03 04:25:49.815][INFO ] [Role           :1510] - rm -fr /data/1/nijia.nj/test/namespace_standby_20261003_v1/work/db_s1.z1.obs0 , on => 6.12.232.130 rc => 0 stdout => null
[2026-10-03 04:25:49.819][INFO ] [Deploy         :294] - execute db_s1.z1.obs0.rmdir  result => true
[2026-10-03 04:25:49.819][INFO ] [Deploy         :362] - execute db_s1.z1.rmdir result => true [true]
[2026-10-03 04:25:49.820][INFO ] [Deploy         :331] - execute db_s1.z1.cleanup result => true
[2026-10-03 04:25:49.820][INFO ] [Deploy         :362] - execute db_s1.z1.cleanup_logstore result => true []
[2026-10-03 04:25:49.820][INFO ] [Deploy         :331] - execute db_s1.z1.cleanup_all result => true
[2026-10-03 04:25:49.820][INFO ] [Deploy         :287] - execute db_s1.z1.genconf
[2026-10-03 04:25:49.820][INFO ] [Deploy         :294] - execute db_s1.z1.genconf result => true
[2026-10-03 04:25:49.821][INFO ] [Deploy         :287] - execute db_s1.z1.obs0.mkdir 
[2026-10-03 04:25:49.821][INFO ] [Role           :1768] - mkdir -p /data/1/nijia.nj/test/namespace_standby_20261003_v1/work/db_s1.z1.obs0/store/;mkdir -p /data/1/nijia.nj/test/namespace_standby_20261003_v1/clog/db_s1.z1.obs0.nijia.nj/store/clog /data/1/nijia.nj/test/namespace_standby_20261003_v1/clog/db_s1.z1.obs0.nijia.nj/store/ilog /data/1/nijia.nj/test/namespace_standby_20261003_v1/clog/db_s1.z1.obs0.nijia.nj/store/slog /data/1/nijia.nj/test/namespace_standby_20261003_v1/data/db_s1.z1.obs0.nijia.nj/sort_dir /data/1/nijia.nj/test/namespace_standby_20261003_v1/data/db_s1.z1.obs0.nijia.nj/sstable;ln -sf /data/1/nijia.nj/test/namespace_standby_20261003_v1/data/db_s1.z1.obs0.nijia.nj/sstable /data/1/nijia.nj/test/namespace_standby_20261003_v1/work/db_s1.z1.obs0/store/;ln -sf /data/1/nijia.nj/test/namespace_standby_20261003_v1/clog/db_s1.z1.obs0.nijia.nj/store/clog /data/1/nijia.nj/test/namespace_standby_20261003_v1/work/db_s1.z1.obs0/store/;ln -sf /data/1/nijia.nj/test/namespace_standby_20261003_v1/clog/db_s1.z1.obs0.nijia.nj/store/ilog /data/1/nijia.nj/test/namespace_standby_20261003_v1/work/db_s1.z1.obs0/store/;ln -sf /data/1/nijia.nj/test/namespace_standby_20261003_v1/clog/db_s1.z1.obs0.nijia.nj/store/slog /data/1/nijia.nj/test/namespace_standby_20261003_v1/work/db_s1.z1.obs0/store/;ln -sf /data/1/nijia.nj/test/namespace_standby_20261003_v1/data/db_s1.z1.obs0.nijia.nj/sort_dir /data/1/nijia.nj/test/namespace_standby_20261003_v1/work/db_s1.z1.obs0/store/ on 6.12.232.130
[2026-10-03 04:25:49.835][INFO ] [Deploy         :294] - execute db_s1.z1.obs0.mkdir  result => true
[2026-10-03 04:25:49.836][INFO ] [Deploy         :362] - execute db_s1.z1.mkdir_obs result => true [true]
[2026-10-03 04:25:49.836][INFO ] [Deploy         :362] - execute db_s1.z1.mkdir_logstore result => true []
[2026-10-03 04:25:49.836][INFO ] [Deploy         :331] - execute db_s1.z1.mkdir result => true
[2026-10-03 04:25:49.837][INFO ] [Deploy         :287] - execute db_s1.z1.obs0.rsync 
[2026-10-03 04:25:49.838][INFO ] [Role           :1648] - sync server finish, time = 1
[2026-10-03 04:25:49.838][INFO ] [Role           :1563] - rsync server => db_s1.z1.obs0 version if specified => .
[2026-10-03 04:25:49.843][INFO ] [Role           :1635] - check disk dir ==> './admin' exist
[2026-10-03 04:25:49.847][WARN ] [Role           :1638] - check disk dir ==> './plugin_dir' not exist
[2026-10-03 04:25:49.853][INFO ] [Role           :1635] - check disk dir ==> './wallet' exist
[2026-10-03 04:25:49.853][INFO ] [Role           :1590] - transfer cmd to =>  rsync -WrptgoDRLv --timeout=600 bin etc lib  admin  wallet /data/1/nijia.nj/test/namespace_standby_20261003_v1/work/db_s1.z1.obs0
[2026-10-03 04:25:55.204][INFO ] [Role           :1604] - rsync cmd =>  rsync -WrptgoDRLv --timeout=600 bin etc lib  admin  wallet /data/1/nijia.nj/test/namespace_standby_20261003_v1/work/db_s1.z1.obs0
[2026-10-03 04:25:55.205][INFO ] [Deploy         :294] - execute db_s1.z1.obs0.rsync  result => true
[2026-10-03 04:25:55.205][INFO ] [Deploy         :362] - execute db_s1.z1.rsync_obs result => true [true]
[2026-10-03 04:25:55.205][INFO ] [Deploy         :362] - execute db_s1.z1.rsync_logstore result => true []
[2026-10-03 04:25:55.206][INFO ] [Deploy         :331] - execute db_s1.z1.rsync result => true
[2026-10-03 04:25:55.206][INFO ] [Deploy         :362] - execute db_s1.z1.start_logstore result => true []
[2026-10-03 04:25:55.206][INFO ] [Deploy         :287] - execute db_s1.z1.sleep 5
[2026-10-03 04:26:00.206][INFO ] [Deploy         :294] - execute db_s1.z1.sleep 5 result => true
[2026-10-03 04:26:00.207][INFO ] [Deploy         :287] - execute db_s1.z1.obs0.start 
[2026-10-03 04:26:00.208][INFO ] [Deploy         :381] - execute db_s1.lite_mode result => true result type => java.lang.Boolean
[2026-10-03 04:26:00.208][INFO ] [Deploy         :381] - execute db_s1.lite_mode result => true result type => java.lang.Boolean
6.12.232.130 is not a valid IPv6 address.
[2026-10-03 04:26:00.214][INFO ] [Role           :539] - cluster_id1
[2026-10-03 04:26:00.214][INFO ] [Deploy         :381] - execute db_s1.z_num result => 1 result type => java.lang.Integer
[2026-10-03 04:26:00.214][INFO ] [Role           :552] - db_s1 have 1 ZONE
[2026-10-03 04:26:00.215][INFO ] [Role           :584] - ofs_list ofs_list='z1@' has_ofs_zone false
[2026-10-03 04:26:00.216][INFO ] [Role           :637] - ulimit -c unlimited -s 4096;cd /data/1/nijia.nj/test/namespace_standby_20261003_v1/work/db_s1.z1.obs0;LD_LIBRARY_PATH=./lib:/usr/local/lib:/usr/lib:/usr/lib64:/usr/local/lib64:$LD_LIBRARY_PATH /data/1/nijia.nj/test/namespace_standby_20261003_v1/work/db_s1.z1.obs0/bin/observer --port 42036 --data-dir /data/1/nijia.nj/test/namespace_standby_20261003_v1/work/db_s1.z1.obs0/store --redo-dir /data/1/nijia.nj/test/namespace_standby_20261003_v1/work/db_s1.z1.obs0/store/clog  --role=STANDBY --parameter log_restore_source=6.12.232.130:42000 --parameter enable_rpc_service=true --parameter rpc_port=42001 --parameter datafile_size='2G' --parameter log_disk_size='2G' --parameter cpu_count=4 --parameter memory_limit='8G' --parameter enable_rpc_tls=true on 6.12.232.130
[2026-10-03 04:26:00.283][INFO ] [Deploy         :294] - execute db_s1.z1.obs0.start  result => true
[2026-10-03 04:26:00.284][INFO ] [Deploy         :362] - execute db_s1.z1.start_obs result => true [true]
[2026-10-03 04:26:00.284][INFO ] [Deploy         :331] - execute db_s1.z1.start result => true
[2026-10-03 04:26:00.284][INFO ] [Deploy         :287] - execute db_s1.z1.sleep 8
[2026-10-03 04:26:08.285][INFO ] [Deploy         :294] - execute db_s1.z1.sleep 8 result => true
[2026-10-03 04:26:08.285][INFO ] [Deploy         :331] - execute db_s1.z1.reboot  result => true
[2026-10-03 04:26:08.285][INFO ] [Deploy         :362] - execute db_s1.deploy result => true [true]
[2026-10-03 04:26:08.286][INFO ] [Deploy         :287] - execute db_s1.sleep 5
[2026-10-03 04:26:13.286][INFO ] [Deploy         :294] - execute db_s1.sleep 5 result => true
[2026-10-03 04:26:13.286][INFO ] [Deploy         :287] - execute db_s1.bootstrap
[2026-10-03 04:26:13.287][INFO ] [Deploy         :381] - execute db_s1.z_num result => 1 result type => java.lang.Integer
[2026-10-03 04:26:13.287][INFO ] [Deploy         :381] - execute db_s1.zone_names result => [Ljava.lang.String;@42e26948 result type => [Ljava.lang.String;
[2026-10-03 04:26:13.287][INFO ] [Deploy         :381] - execute db_s1.z1.obs_num result => 1 result type => java.lang.Integer
[2026-10-03 04:26:13.287][INFO ] [Deploy         :287] - execute db_s1.z1.obs0.get status
[2026-10-03 04:26:13.288][WARN ] [Deploy         :298] - execute db_s1.z1.obs0.get status result => null
[2026-10-03 04:26:13.288][INFO ] [Deploy         :381] - execute db_s1.lite_mode result => true result type => java.lang.Boolean
[2026-10-03 04:26:13.288][INFO ] [Deploy         :294] - execute db_s1.bootstrap result => true
[2026-10-03 04:26:13.288][INFO ] [Deploy         :287] - execute db_s1.addserver
[2026-10-03 04:26:13.288][INFO ] [Deploy         :381] - execute db_s1.z_num result => 1 result type => java.lang.Integer
[2026-10-03 04:26:13.288][INFO ] [Deploy         :381] - execute db_s1.zone_names result => [Ljava.lang.String;@42e26948 result type => [Ljava.lang.String;
[2026-10-03 04:26:13.288][INFO ] [Deploy         :381] - execute db_s1.z1.obs_num result => 1 result type => java.lang.Integer
[2026-10-03 04:26:13.288][INFO ] [Deploy         :294] - execute db_s1.addserver result => true
[2026-10-03 04:26:13.288][INFO ] [Deploy         :287] - execute db_s1.exec_init_sql
[2026-10-03 04:26:13.289][INFO ] [Deploy         :381] - execute db_s1.lite_mode result => true result type => java.lang.Boolean
[2026-10-03 04:26:13.289][INFO ] [Deploy         :294] - execute db_s1.exec_init_sql result => true
[2026-10-03 04:26:13.289][INFO ] [Deploy         :287] - execute db_s1.register_proxy
[2026-10-03 04:26:13.289][INFO ] [Deploy         :294] - execute db_s1.register_proxy result => true
[2026-10-03 04:26:13.289][INFO ] [Deploy         :287] - execute db_s1.deploy_proxy
[2026-10-03 04:26:13.289][INFO ] [Deploy         :294] - execute db_s1.deploy_proxy result => true
[2026-10-03 04:26:13.289][INFO ] [Deploy         :287] - execute db_s1.sleep 5
[2026-10-03 04:26:18.289][INFO ] [Deploy         :294] - execute db_s1.sleep 5 result => true
[2026-10-03 04:26:18.290][INFO ] [Deploy         :331] - execute db_s1.reboot_proxy result => true
[2026-10-03 04:26:18.290][INFO ] [Deploy         :287] - execute db_s1.deploy_asvr
[2026-10-03 04:26:18.290][INFO ] [Deploy         :294] - execute db_s1.deploy_asvr result => true
[2026-10-03 04:26:18.291][INFO ] [Deploy         :287] - execute db_s1.sleep 5
[2026-10-03 04:26:23.291][INFO ] [Deploy         :294] - execute db_s1.sleep 5 result => true
[2026-10-03 04:26:23.291][INFO ] [Deploy         :331] - execute db_s1.reboot_asvr result => true
[2026-10-03 04:26:23.291][INFO ] [Deploy         :287] - execute db_s1.add_asvr
[2026-10-03 04:26:23.291][INFO ] [OBI            :1509] - There is no need to add asvr.
[2026-10-03 04:26:23.292][INFO ] [Deploy         :294] - execute db_s1.add_asvr result => true
[2026-10-03 04:26:23.292][INFO ] [Deploy         :287] - execute db_s1.prepare_agent
[2026-10-03 04:26:23.292][INFO ] [Deploy         :294] - execute db_s1.prepare_agent result => true
[2026-10-03 04:26:23.292][INFO ] [Deploy         :331] - execute db_s1.reboot result => true
[2026-10-03 04:26:23.292][INFO ] [Command        :353] - start[1790972749294] time[33998] tag[Q_DEPLOY]
[2026-10-03 04:26:23.292][INFO ] [Command        :536] - > LINE => 17, CMD => Q_DEPLOY, CONTENT => db_s2=OBI(cluster=1,proxy_num=0,primary=db_s1);
[2026-10-03 04:26:23.293][INFO ] [DeployProcessor:78] - OBI define => db_s2=OBI(cluster=1,proxy_num=0,primary=db_s1)
[2026-10-03 04:26:23.293][INFO ] [Deploy         :381] - execute db_s2.z_num result => 1 result type => java.lang.Integer
[2026-10-03 04:26:23.294][INFO ] [Deploy         :464] - assign rpc port. observer=>db_s2.z1.obs0, rpc_port=>42002
[2026-10-03 04:26:23.294][INFO ] [Deploy         :471] - assign mysql port. observer=>db_s2.z1.obs0, mysql_port=>42037
[2026-10-03 04:26:23.294][INFO ] [Deploy         :478] - assign backup io rpc port. observer=>db_s2.z1.obs0, obesi_port=>42072
[2026-10-03 04:26:23.295][INFO ] [OBLog          :99] - config.ob_version='.'
[2026-10-03 04:26:23.295][INFO ] [OBLog          :100] - config.oblog_version='default'
[2026-10-03 04:26:23.295][INFO ] [OBLog          :117] - set oblog version='.'
[2026-10-03 04:26:23.295][INFO ] [OBLog          :126] - set oblog work_dir=''
[2026-10-03 04:26:23.295][INFO ] [OBLog          :148] - oblog.is_obcdc_exist: false
[2026-10-03 04:26:23.295][INFO ] [OBLog          :149] - oblog.exec: oblog/oblog_tailf
[2026-10-03 04:26:23.295][INFO ] [OBLog          :150] - oblog.configFile: oblog/liboblog.conf
[2026-10-03 04:26:23.295][INFO ] [OBLog          :151] - oblog.dataFile: oblog/data.log
[2026-10-03 04:26:23.295][INFO ] [OBLog          :152] - oblog.envCon: LD_LIBRARY_PATH=oblog:$LD_LIBRARY_PATH
[2026-10-03 04:26:23.295][INFO ] [OBLog          :153] - oblog.startCmdHead: ulimit -c unlimited; LD_LIBRARY_PATH=oblog:$LD_LIBRARY_PATH oblog/oblog_tailf
[2026-10-03 04:26:23.295][INFO ] [OBLog          :154] - oblog.defaultStartCmd: ulimit -c unlimited; LD_LIBRARY_PATH=oblog:$LD_LIBRARY_PATH oblog/oblog_tailf  -f oblog/liboblog.conf -D oblog/data.log -H oblog/heartbeat.log -d
[2026-10-03 04:26:23.580][INFO ] [Deploy         :1128] - start observer version is lite mode: true
[2026-10-03 04:26:23.580][INFO ] [Command        :353] - start[1790972783293] time[287] tag[Q_DEPLOY]
[2026-10-03 04:26:23.580][INFO ] [Command        :536] - > LINE => 18, CMD => Q_DEPLOY, CONTENT => db_s2.z1.obs0.set extra_config=enable_rpc_tls=true;
[2026-10-03 04:26:23.581][INFO ] [DeployProcessor:93] - deploy => db_s2.z1.obs0.set extra_config=enable_rpc_tls=true
[2026-10-03 04:26:23.581][INFO ] [Deploy         :287] - execute db_s2.z1.obs0.set extra_config=enable_rpc_tls=true
[2026-10-03 04:26:23.581][INFO ] [Role           :122] - db_s2.z1.obs0 key => extra_config val => enable_rpc_tls=true
[2026-10-03 04:26:23.581][INFO ] [Deploy         :294] - execute db_s2.z1.obs0.set extra_config=enable_rpc_tls=true result => true
[2026-10-03 04:26:23.581][INFO ] [Command        :353] - start[1790972783580] time[0] tag[Q_DEPLOY]
[2026-10-03 04:26:23.582][INFO ] [Command        :536] - > LINE => 19, CMD => Q_DEPLOY, CONTENT => db_s2.reboot;
[2026-10-03 04:26:23.582][INFO ] [DeployProcessor:93] - deploy => db_s2.reboot
[2026-10-03 04:26:23.582][INFO ] [Deploy         :287] - execute db_s2.reset
[2026-10-03 04:26:23.582][INFO ] [Deploy         :381] - execute db_s2.lite_mode result => true result type => java.lang.Boolean
[2026-10-03 04:26:23.582][INFO ] [Deploy         :294] - execute db_s2.reset result => true
[2026-10-03 04:26:23.583][INFO ] [Deploy         :287] - execute db_s2.clean_asvr
[2026-10-03 04:26:23.583][INFO ] [Deploy         :294] - execute db_s2.clean_asvr result => true
[2026-10-03 04:26:23.584][INFO ] [Deploy         :287] - execute db_s2.z1.obs0.force_stop_asvr
[2026-10-03 04:26:23.585][INFO ] [Role           :1228] - pkill -9 -u nijia.nj -f '^/data/1/nijia.nj/test/namespace_standby_20261003_v1/work/db_s2.asvr0/bin/observer' on 6.12.232.130
[2026-10-03 04:26:23.667][INFO ] [Role           :1230] - pkill asvr result is => 1
[2026-10-03 04:26:23.667][INFO ] [Deploy         :294] - execute db_s2.z1.obs0.force_stop_asvr result => true
[2026-10-03 04:26:23.667][INFO ] [Deploy         :287] - execute db_s2.z1.obs0.rmdir_asvr
[2026-10-03 04:26:23.667][INFO ] [Role           :1237] - try to remove asvr dir server  => db_s2.z1.obs0
[2026-10-03 04:26:23.688][INFO ] [Role           :1264] - rm -fr /data/1/nijia.nj/test/namespace_standby_20261003_v1/work/db_s2.asvr0 , on => 6.12.232.130 rc => 0 stdout => null
[2026-10-03 04:26:23.688][INFO ] [Deploy         :294] - execute db_s2.z1.obs0.rmdir_asvr result => true
[2026-10-03 04:26:23.688][INFO ] [Deploy         :331] - execute db_s2.z1.obs0.clean_asvr  result => true
[2026-10-03 04:26:23.688][INFO ] [Deploy         :362] - execute db_s2.z1.clean_asvr  result => true [true]
[2026-10-03 04:26:23.689][INFO ] [Deploy         :362] - execute db_s2.clean_asvr_everywhere result => true [true]
[2026-10-03 04:26:23.689][INFO ] [Deploy         :331] - execute db_s2.clean_all_asvr result => true
[2026-10-03 04:26:23.689][INFO ] [Deploy         :287] - execute db_s2.deploy_logservice
[2026-10-03 04:26:23.689][INFO ] [Deploy         :294] - execute db_s2.deploy_logservice result => true
[2026-10-03 04:26:23.689][INFO ] [Deploy         :287] - execute db_s2.bootstrap_logservice
[2026-10-03 04:26:23.690][INFO ] [Deploy         :294] - execute db_s2.bootstrap_logservice result => true
[2026-10-03 04:26:23.690][INFO ] [Deploy         :331] - execute db_s2.reboot_logservice result => true
[2026-10-03 04:26:23.691][INFO ] [Deploy         :287] - execute db_s2.z1.check_local_bin
[2026-10-03 04:26:23.696][INFO ] [Deploy         :294] - execute db_s2.z1.check_local_bin result => true
[2026-10-03 04:26:23.696][INFO ] [Deploy         :287] - execute db_s2.z1.check_ssh
[2026-10-03 04:26:23.697][INFO ] [Deploy         :294] - execute db_s2.z1.check_ssh result => true
[2026-10-03 04:26:23.697][INFO ] [Deploy         :287] - execute db_s2.z1.obs0.check_dir 
[2026-10-03 04:26:23.706][INFO ] [Deploy         :294] - execute db_s2.z1.obs0.check_dir  result => true
[2026-10-03 04:26:23.706][INFO ] [Deploy         :362] - execute db_s2.z1.check_dir result => true [true]
[2026-10-03 04:26:23.707][INFO ] [Deploy         :287] - execute db_s2.z1.obs0.force_stop 
[2026-10-03 04:26:23.707][INFO ] [Role           :1307] - pkill -9 -u nijia.nj -f '^/data/1/nijia.nj/test/namespace_standby_20261003_v1/work/db_s2.z1.obs0/bin/observer|^/data/1/nijia.nj/test/namespace_standby_20261003_v1/work/db_s2.z1.obs0/bin/obesi' on 6.12.232.130
[2026-10-03 04:26:23.734][INFO ] [Role           :1309] - pkill result is => 1
[2026-10-03 04:26:23.735][INFO ] [Role           :1142] - wait stop /data/1/nijia.nj/test/namespace_standby_20261003_v1/work/db_s2.z1.obs0/bin/observer on 6.12.232.130
[2026-10-03 04:26:23.735][INFO ] [Role           :1190] - ps uxf | grep "/data/1/nijia.nj/test/namespace_standby_20261003_v1/work/db_s2.z1.obs0/bin/observer" | grep -v grep
[2026-10-03 04:26:23.788][INFO ] [Role           :1154] - check port on 6.12.232.130
[2026-10-03 04:26:23.788][INFO ] [RemoteShell    :143] - netstat -lpnt 2>/dev/null | grep '0.0.0.0:42002 ' | awk -F ' ' '{print $7}'
[2026-10-03 04:26:23.937][INFO ] [RemoteShell    :143] - netstat -lpnt 2>/dev/null | grep '0.0.0.0:42037 ' | awk -F ' ' '{print $7}'
[2026-10-03 04:26:23.968][INFO ] [Role           :1164] - stop obs0 took 2 s
[2026-10-03 04:26:23.969][INFO ] [Deploy         :294] - execute db_s2.z1.obs0.force_stop  result => true
[2026-10-03 04:26:23.969][INFO ] [Deploy         :362] - execute db_s2.z1.force_stop result => true [true]
[2026-10-03 04:26:23.970][INFO ] [Deploy         :362] - execute db_s2.z1.force_stop_logstore result => true []
[2026-10-03 04:26:23.970][INFO ] [Deploy         :331] - execute db_s2.z1.force_stop_all result => true
[2026-10-03 04:26:23.971][INFO ] [Deploy         :287] - execute db_s2.z1.obs0.rmdir 
[2026-10-03 04:26:23.971][INFO ] [Deploy         :381] - execute db_s2.lite_mode result => true result type => java.lang.Boolean
[2026-10-03 04:26:23.972][INFO ] [Role           :1395] - rm -fr /data/1/nijia.nj/test/namespace_standby_20261003_v1/data/db_s2.z1.obs0.nijia.nj/sstable /data/1/nijia.nj/test/namespace_standby_20261003_v1/clog/db_s2.z1.obs0.nijia.nj/store /data/1/nijia.nj/test/namespace_standby_20261003_v1/clog/db_s2.z1.obs0.nijia.nj/store/slog /data/1/nijia.nj/test/namespace_standby_20261003_v1/data/db_s2.z1.obs0.nijia.nj/sort_dir , on => 6.12.232.130
[2026-10-03 04:26:23.977][INFO ] [Role           :1397] - rm -fr /data/1/nijia.nj/test/namespace_standby_20261003_v1/data/db_s2.z1.obs0.nijia.nj/sstable /data/1/nijia.nj/test/namespace_standby_20261003_v1/clog/db_s2.z1.obs0.nijia.nj/store /data/1/nijia.nj/test/namespace_standby_20261003_v1/clog/db_s2.z1.obs0.nijia.nj/store/slog /data/1/nijia.nj/test/namespace_standby_20261003_v1/data/db_s2.z1.obs0.nijia.nj/sort_dir , on => 6.12.232.130 rc => 0 stdout => null
[2026-10-03 04:26:24.48][INFO ] [Role           :1402] - rm -fr /data/1/nijia.nj/test/namespace_standby_20261003_v1/work/db_s2.z1.obs0/log , on => 6.12.232.130 rc => 0 stdout => null
[2026-10-03 04:26:24.53][INFO ] [Role           :1407] - rm -fr /data/1/nijia.nj/test/namespace_standby_20261003_v1/work/db_s2.z1.obs0/admin , on => 6.12.232.130 rc => 0 stdout => null
[2026-10-03 04:26:24.68][INFO ] [Role           :1412] - rm -fr /data/1/nijia.nj/test/namespace_standby_20261003_v1/work/db_s2.z1.obs0/wallet , on => 6.12.232.130 rc => 0 stdout => null
[2026-10-03 04:26:24.72][INFO ] [Role           :1417] - rm -fr /data/1/nijia.nj/test/namespace_standby_20261003_v1/work/db_s2.z1.obs0/etc/observer.c*nf*.bin* /data/1/nijia.nj/test/namespace_standby_20261003_v1/work/db_s2.z1.obs0/etc/seekdb.c*nf*.bin* , on => 6.12.232.130 rc => 0 stdout => null
[2026-10-03 04:26:24.76][INFO ] [Role           :1423] - rm -fr /data/1/nijia.nj/test/namespace_standby_20261003_v1/work/db_s2.z1.obs0/etc/observer.data_version.bin* /data/1/nijia.nj/test/namespace_standby_20261003_v1/work/db_s2.z1.obs0/etc/seekdb.data_version.bin* , on => 6.12.232.130 rc => 0 stdout => null
[2026-10-03 04:26:24.80][INFO ] [Role           :1429] - rm -fr /data/1/nijia.nj/test/namespace_standby_20261003_v1/work/db_s2.z1.obs0/etc2/observer.c*nf*.bin* , on => 6.12.232.130 rc => 0 stdout => null
[2026-10-03 04:26:24.85][INFO ] [Role           :1434] - rm -fr /data/1/nijia.nj/test/namespace_standby_20261003_v1/work/db_s2.z1.obs0/etc3/observer.c*nf*.bin* , on => 6.12.232.130 rc => 0 stdout => null
[2026-10-03 04:26:24.102][INFO ] [Role           :1439] - rm -fr /data/1/nijia.nj/test/namespace_standby_20261003_v1/work/db_s2.z1.obs0/run/observer.pid /data/1/nijia.nj/test/namespace_standby_20261003_v1/work/db_s2.z1.obs0/run/seekdb.pid , on => 6.12.232.130 rc => 0 stdout => null
[2026-10-03 04:26:24.107][INFO ] [Role           :1444] - rm -fr /data/1/nijia.nj/test/namespace_standby_20261003_v1/work/db_s2.z1.obs0/store/clog_shm , on => 6.12.232.130 rc => 0 stdout => null
[2026-10-03 04:26:24.111][INFO ] [Role           :1449] - rm -fr /data/1/nijia.nj/test/namespace_standby_20261003_v1/work/db_s2.z1.obs0/store/ilog_shm , on => 6.12.232.130 rc => 0 stdout => null
[2026-10-03 04:26:24.114][INFO ] [Role           :1454] - rm -fr /data/1/nijia.nj/test/namespace_standby_20261003_v1/work/db_s2.z1.obs0/store/manifest* , on => 6.12.232.130 rc => 0 stdout => null
[2026-10-03 04:26:24.123][INFO ] [Role           :1467] - rm -fr /data/1/nijia.nj/test/namespace_standby_20261003_v1/work/db_s2.z1.obs0/core* , on => 6.12.232.130 rc => 0 stdout => null
[2026-10-03 04:26:24.127][INFO ] [Role           :1504] - rm -fr /data/1/nijia.nj/test/namespace_standby_20261003_v1/clog/db_s2.z1.obs0.nijia.nj/ /data/1/nijia.nj/test/namespace_standby_20261003_v1/data/db_s2.z1.obs0.nijia.nj/ , on => 6.12.232.130 rc => 0 stdout => null
[2026-10-03 04:26:24.346][INFO ] [Role           :1510] - rm -fr /data/1/nijia.nj/test/namespace_standby_20261003_v1/work/db_s2.z1.obs0 , on => 6.12.232.130 rc => 0 stdout => null
[2026-10-03 04:26:24.351][INFO ] [Deploy         :294] - execute db_s2.z1.obs0.rmdir  result => true
[2026-10-03 04:26:24.352][INFO ] [Deploy         :362] - execute db_s2.z1.rmdir result => true [true]
[2026-10-03 04:26:24.352][INFO ] [Deploy         :331] - execute db_s2.z1.cleanup result => true
[2026-10-03 04:26:24.353][INFO ] [Deploy         :362] - execute db_s2.z1.cleanup_logstore result => true []
[2026-10-03 04:26:24.353][INFO ] [Deploy         :331] - execute db_s2.z1.cleanup_all result => true
[2026-10-03 04:26:24.353][INFO ] [Deploy         :287] - execute db_s2.z1.genconf
[2026-10-03 04:26:24.353][INFO ] [Deploy         :294] - execute db_s2.z1.genconf result => true
[2026-10-03 04:26:24.354][INFO ] [Deploy         :287] - execute db_s2.z1.obs0.mkdir 
[2026-10-03 04:26:24.354][INFO ] [Role           :1768] - mkdir -p /data/1/nijia.nj/test/namespace_standby_20261003_v1/work/db_s2.z1.obs0/store/;mkdir -p /data/1/nijia.nj/test/namespace_standby_20261003_v1/clog/db_s2.z1.obs0.nijia.nj/store/clog /data/1/nijia.nj/test/namespace_standby_20261003_v1/clog/db_s2.z1.obs0.nijia.nj/store/ilog /data/1/nijia.nj/test/namespace_standby_20261003_v1/clog/db_s2.z1.obs0.nijia.nj/store/slog /data/1/nijia.nj/test/namespace_standby_20261003_v1/data/db_s2.z1.obs0.nijia.nj/sort_dir /data/1/nijia.nj/test/namespace_standby_20261003_v1/data/db_s2.z1.obs0.nijia.nj/sstable;ln -sf /data/1/nijia.nj/test/namespace_standby_20261003_v1/data/db_s2.z1.obs0.nijia.nj/sstable /data/1/nijia.nj/test/namespace_standby_20261003_v1/work/db_s2.z1.obs0/store/;ln -sf /data/1/nijia.nj/test/namespace_standby_20261003_v1/clog/db_s2.z1.obs0.nijia.nj/store/clog /data/1/nijia.nj/test/namespace_standby_20261003_v1/work/db_s2.z1.obs0/store/;ln -sf /data/1/nijia.nj/test/namespace_standby_20261003_v1/clog/db_s2.z1.obs0.nijia.nj/store/ilog /data/1/nijia.nj/test/namespace_standby_20261003_v1/work/db_s2.z1.obs0/store/;ln -sf /data/1/nijia.nj/test/namespace_standby_20261003_v1/clog/db_s2.z1.obs0.nijia.nj/store/slog /data/1/nijia.nj/test/namespace_standby_20261003_v1/work/db_s2.z1.obs0/store/;ln -sf /data/1/nijia.nj/test/namespace_standby_20261003_v1/data/db_s2.z1.obs0.nijia.nj/sort_dir /data/1/nijia.nj/test/namespace_standby_20261003_v1/work/db_s2.z1.obs0/store/ on 6.12.232.130
[2026-10-03 04:26:24.371][INFO ] [Deploy         :294] - execute db_s2.z1.obs0.mkdir  result => true
[2026-10-03 04:26:24.371][INFO ] [Deploy         :362] - execute db_s2.z1.mkdir_obs result => true [true]
[2026-10-03 04:26:24.372][INFO ] [Deploy         :362] - execute db_s2.z1.mkdir_logstore result => true []
[2026-10-03 04:26:24.372][INFO ] [Deploy         :331] - execute db_s2.z1.mkdir result => true
[2026-10-03 04:26:24.372][INFO ] [Deploy         :287] - execute db_s2.z1.obs0.rsync 
[2026-10-03 04:26:24.373][INFO ] [Role           :1648] - sync server finish, time = 1
[2026-10-03 04:26:24.373][INFO ] [Role           :1563] - rsync server => db_s2.z1.obs0 version if specified => .
[2026-10-03 04:26:24.377][INFO ] [Role           :1635] - check disk dir ==> './admin' exist
[2026-10-03 04:26:24.383][WARN ] [Role           :1638] - check disk dir ==> './plugin_dir' not exist
[2026-10-03 04:26:24.387][INFO ] [Role           :1635] - check disk dir ==> './wallet' exist
[2026-10-03 04:26:24.387][INFO ] [Role           :1590] - transfer cmd to =>  rsync -WrptgoDRLv --timeout=600 bin etc lib  admin  wallet /data/1/nijia.nj/test/namespace_standby_20261003_v1/work/db_s2.z1.obs0
[2026-10-03 04:26:29.943][INFO ] [Role           :1604] - rsync cmd =>  rsync -WrptgoDRLv --timeout=600 bin etc lib  admin  wallet /data/1/nijia.nj/test/namespace_standby_20261003_v1/work/db_s2.z1.obs0
[2026-10-03 04:26:29.944][INFO ] [Deploy         :294] - execute db_s2.z1.obs0.rsync  result => true
[2026-10-03 04:26:29.944][INFO ] [Deploy         :362] - execute db_s2.z1.rsync_obs result => true [true]
[2026-10-03 04:26:29.945][INFO ] [Deploy         :362] - execute db_s2.z1.rsync_logstore result => true []
[2026-10-03 04:26:29.945][INFO ] [Deploy         :331] - execute db_s2.z1.rsync result => true
[2026-10-03 04:26:29.945][INFO ] [Deploy         :362] - execute db_s2.z1.start_logstore result => true []
[2026-10-03 04:26:29.945][INFO ] [Deploy         :287] - execute db_s2.z1.sleep 5
[2026-10-03 04:26:34.945][INFO ] [Deploy         :294] - execute db_s2.z1.sleep 5 result => true
[2026-10-03 04:26:34.946][INFO ] [Deploy         :287] - execute db_s2.z1.obs0.start 
[2026-10-03 04:26:34.946][INFO ] [Deploy         :381] - execute db_s2.lite_mode result => true result type => java.lang.Boolean
[2026-10-03 04:26:34.947][INFO ] [Deploy         :381] - execute db_s2.lite_mode result => true result type => java.lang.Boolean
6.12.232.130 is not a valid IPv6 address.
[2026-10-03 04:26:34.948][INFO ] [Role           :539] - cluster_id1
[2026-10-03 04:26:34.948][INFO ] [Deploy         :381] - execute db_s2.z_num result => 1 result type => java.lang.Integer
[2026-10-03 04:26:34.948][INFO ] [Role           :552] - db_s2 have 1 ZONE
[2026-10-03 04:26:34.948][INFO ] [Role           :584] - ofs_list ofs_list='z1@' has_ofs_zone false
[2026-10-03 04:26:34.949][INFO ] [Role           :637] - ulimit -c unlimited -s 4096;cd /data/1/nijia.nj/test/namespace_standby_20261003_v1/work/db_s2.z1.obs0;LD_LIBRARY_PATH=./lib:/usr/local/lib:/usr/lib:/usr/lib64:/usr/local/lib64:$LD_LIBRARY_PATH /data/1/nijia.nj/test/namespace_standby_20261003_v1/work/db_s2.z1.obs0/bin/observer --port 42037 --data-dir /data/1/nijia.nj/test/namespace_standby_20261003_v1/work/db_s2.z1.obs0/store --redo-dir /data/1/nijia.nj/test/namespace_standby_20261003_v1/work/db_s2.z1.obs0/store/clog  --role=STANDBY --parameter log_restore_source=6.12.232.130:42001 --parameter enable_rpc_service=true --parameter rpc_port=42002 --parameter datafile_size='2G' --parameter log_disk_size='2G' --parameter cpu_count=4 --parameter memory_limit='8G' --parameter enable_rpc_tls=true on 6.12.232.130
[2026-10-03 04:26:35.18][INFO ] [Deploy         :294] - execute db_s2.z1.obs0.start  result => true
[2026-10-03 04:26:35.18][INFO ] [Deploy         :362] - execute db_s2.z1.start_obs result => true [true]
[2026-10-03 04:26:35.18][INFO ] [Deploy         :331] - execute db_s2.z1.start result => true
[2026-10-03 04:26:35.19][INFO ] [Deploy         :287] - execute db_s2.z1.sleep 8
[2026-10-03 04:26:43.19][INFO ] [Deploy         :294] - execute db_s2.z1.sleep 8 result => true
[2026-10-03 04:26:43.19][INFO ] [Deploy         :331] - execute db_s2.z1.reboot  result => true
[2026-10-03 04:26:43.21][INFO ] [Deploy         :362] - execute db_s2.deploy result => true [true]
[2026-10-03 04:26:43.21][INFO ] [Deploy         :287] - execute db_s2.sleep 5
[2026-10-03 04:26:48.21][INFO ] [Deploy         :294] - execute db_s2.sleep 5 result => true
[2026-10-03 04:26:48.21][INFO ] [Deploy         :287] - execute db_s2.bootstrap
[2026-10-03 04:26:48.22][INFO ] [Deploy         :381] - execute db_s2.z_num result => 1 result type => java.lang.Integer
[2026-10-03 04:26:48.22][INFO ] [Deploy         :381] - execute db_s2.zone_names result => [Ljava.lang.String;@6e1ec318 result type => [Ljava.lang.String;
[2026-10-03 04:26:48.22][INFO ] [Deploy         :381] - execute db_s2.z1.obs_num result => 1 result type => java.lang.Integer
[2026-10-03 04:26:48.22][INFO ] [Deploy         :287] - execute db_s2.z1.obs0.get status
[2026-10-03 04:26:48.22][WARN ] [Deploy         :298] - execute db_s2.z1.obs0.get status result => null
[2026-10-03 04:26:48.22][INFO ] [Deploy         :381] - execute db_s2.lite_mode result => true result type => java.lang.Boolean
[2026-10-03 04:26:48.22][INFO ] [Deploy         :294] - execute db_s2.bootstrap result => true
[2026-10-03 04:26:48.22][INFO ] [Deploy         :287] - execute db_s2.addserver
[2026-10-03 04:26:48.23][INFO ] [Deploy         :381] - execute db_s2.z_num result => 1 result type => java.lang.Integer
[2026-10-03 04:26:48.23][INFO ] [Deploy         :381] - execute db_s2.zone_names result => [Ljava.lang.String;@6e1ec318 result type => [Ljava.lang.String;
[2026-10-03 04:26:48.23][INFO ] [Deploy         :381] - execute db_s2.z1.obs_num result => 1 result type => java.lang.Integer
[2026-10-03 04:26:48.23][INFO ] [Deploy         :294] - execute db_s2.addserver result => true
[2026-10-03 04:26:48.23][INFO ] [Deploy         :287] - execute db_s2.exec_init_sql
[2026-10-03 04:26:48.23][INFO ] [Deploy         :381] - execute db_s2.lite_mode result => true result type => java.lang.Boolean
[2026-10-03 04:26:48.23][INFO ] [Deploy         :294] - execute db_s2.exec_init_sql result => true
[2026-10-03 04:26:48.23][INFO ] [Deploy         :287] - execute db_s2.register_proxy
[2026-10-03 04:26:48.23][INFO ] [Deploy         :294] - execute db_s2.register_proxy result => true
[2026-10-03 04:26:48.23][INFO ] [Deploy         :287] - execute db_s2.deploy_proxy
[2026-10-03 04:26:48.24][INFO ] [Deploy         :294] - execute db_s2.deploy_proxy result => true
[2026-10-03 04:26:48.24][INFO ] [Deploy         :287] - execute db_s2.sleep 5
[2026-10-03 04:26:53.24][INFO ] [Deploy         :294] - execute db_s2.sleep 5 result => true
[2026-10-03 04:26:53.24][INFO ] [Deploy         :331] - execute db_s2.reboot_proxy result => true
[2026-10-03 04:26:53.25][INFO ] [Deploy         :287] - execute db_s2.deploy_asvr
[2026-10-03 04:26:53.25][INFO ] [Deploy         :294] - execute db_s2.deploy_asvr result => true
[2026-10-03 04:26:53.25][INFO ] [Deploy         :287] - execute db_s2.sleep 5
[2026-10-03 04:26:58.25][INFO ] [Deploy         :294] - execute db_s2.sleep 5 result => true
[2026-10-03 04:26:58.26][INFO ] [Deploy         :331] - execute db_s2.reboot_asvr result => true
[2026-10-03 04:26:58.26][INFO ] [Deploy         :287] - execute db_s2.add_asvr
[2026-10-03 04:26:58.26][INFO ] [OBI            :1509] - There is no need to add asvr.
[2026-10-03 04:26:58.26][INFO ] [Deploy         :294] - execute db_s2.add_asvr result => true
[2026-10-03 04:26:58.26][INFO ] [Deploy         :287] - execute db_s2.prepare_agent
[2026-10-03 04:26:58.26][INFO ] [Deploy         :294] - execute db_s2.prepare_agent result => true
[2026-10-03 04:26:58.27][INFO ] [Deploy         :331] - execute db_s2.reboot result => true
[2026-10-03 04:26:58.27][INFO ] [Command        :353] - start[1790972783582] time[34444] tag[Q_DEPLOY]
[2026-10-03 04:26:58.27][INFO ] [Command        :536] - > LINE => 20, CMD => Q_ENABLE_ALL_RESULT_LOG, CONTENT => --enable_all_result_log
[2026-10-03 04:26:58.27][INFO ] [Command        :353] - start[1790972818027] time[0] tag[Q_ENABLE_ALL_RESULT_LOG]
[2026-10-03 04:26:58.28][INFO ] [Command        :536] - > LINE => 25, CMD => Q_ECHO, CONTENT => ========== Initialization: TLS cascade bootstrap ==========
[2026-10-03 04:26:58.28][INFO ] [Command        :353] - start[1790972818028] time[0] tag[Q_ECHO]
[2026-10-03 04:26:58.29][INFO ] [Command        :536] - > LINE => 27, CMD => Q_DISABLE_QUERY_LOG, CONTENT => --disable_query_log
[2026-10-03 04:26:58.29][INFO ] [Command        :353] - start[1790972818029] time[0] tag[Q_DISABLE_QUERY_LOG]
[2026-10-03 04:26:58.30][INFO ] [Command        :536] - > LINE => 28, CMD => Q_DISABLE_RESULT_LOG, CONTENT => --disable_result_log
[2026-10-03 04:26:58.30][INFO ] [Command        :353] - start[1790972818030] time[0] tag[Q_DISABLE_RESULT_LOG]
[2026-10-03 04:26:58.31][INFO ] [Command        :536] - > LINE => 30, CMD => Q_DEPLOY, CONTENT => db_p.check_until_timeout select count(*) from oceanbase.__all_virtual_server_stat where role = 'PRIMARY', 1, 30;
[2026-10-03 04:26:58.31][INFO ] [DeployProcessor:93] - deploy => db_p.check_until_timeout select count(*) from oceanbase.__all_virtual_server_stat where role = 'PRIMARY', 1, 30
[2026-10-03 04:26:58.32][INFO ] [Deploy         :287] - execute db_p.check_until_timeout select count(*) from oceanbase.__all_virtual_server_stat where role = 'PRIMARY', 1, 30
[2026-10-03 04:26:58.32][INFO ] [Deploy         :287] - execute db_p.select_one_value select count(*) from oceanbase.__all_virtual_server_stat where role = 'PRIMARY'
Loading class `com.mysql.jdbc.Driver'. This is deprecated. The new driver class is `com.mysql.cj.jdbc.Driver'. The driver is automatically registered via the SPI and manual loading of the driver class is generally unnecessary.
[2026-10-03 04:26:58.208][INFO ] [SQLProcessor   :2086] - execute sql => select count(*) from oceanbase.__all_virtual_server_stat where role = 'PRIMARY'
[2026-10-03 04:26:58.664][INFO ] [Deploy         :294] - execute db_p.select_one_value select count(*) from oceanbase.__all_virtual_server_stat where role = 'PRIMARY' result => 1
[2026-10-03 04:26:58.664][INFO ] [OBI            :5345] - check success! use time = 0
[2026-10-03 04:26:58.664][INFO ] [Deploy         :294] - execute db_p.check_until_timeout select count(*) from oceanbase.__all_virtual_server_stat where role = 'PRIMARY', 1, 30 result => true
[2026-10-03 04:26:58.664][INFO ] [Command        :353] - start[1790972818031] time[633] tag[Q_DEPLOY]
[2026-10-03 04:26:58.665][INFO ] [Command        :536] - > LINE => 31, CMD => Q_DEPLOY, CONTENT => db_s1.check_until_timeout select count(*) from oceanbase.__all_virtual_server_stat where role = 'STANDBY', 1, 30;
[2026-10-03 04:26:58.665][INFO ] [DeployProcessor:93] - deploy => db_s1.check_until_timeout select count(*) from oceanbase.__all_virtual_server_stat where role = 'STANDBY', 1, 30
[2026-10-03 04:26:58.666][INFO ] [Deploy         :287] - execute db_s1.check_until_timeout select count(*) from oceanbase.__all_virtual_server_stat where role = 'STANDBY', 1, 30
[2026-10-03 04:26:58.666][INFO ] [Deploy         :287] - execute db_s1.select_one_value select count(*) from oceanbase.__all_virtual_server_stat where role = 'STANDBY'
[2026-10-03 04:26:58.666][INFO ] [SQLProcessor   :2086] - execute sql => select count(*) from oceanbase.__all_virtual_server_stat where role = 'STANDBY'
[2026-10-03 04:26:58.750][INFO ] [Deploy         :294] - execute db_s1.select_one_value select count(*) from oceanbase.__all_virtual_server_stat where role = 'STANDBY' result => 1
[2026-10-03 04:26:58.750][INFO ] [OBI            :5345] - check success! use time = 0
[2026-10-03 04:26:58.750][INFO ] [Deploy         :294] - execute db_s1.check_until_timeout select count(*) from oceanbase.__all_virtual_server_stat where role = 'STANDBY', 1, 30 result => true
[2026-10-03 04:26:58.750][INFO ] [Command        :353] - start[1790972818665] time[85] tag[Q_DEPLOY]
[2026-10-03 04:26:58.751][INFO ] [Command        :536] - > LINE => 32, CMD => Q_DEPLOY, CONTENT => db_s2.check_until_timeout select count(*) from oceanbase.__all_virtual_server_stat where role = 'STANDBY', 1, 30;
[2026-10-03 04:26:58.751][INFO ] [DeployProcessor:93] - deploy => db_s2.check_until_timeout select count(*) from oceanbase.__all_virtual_server_stat where role = 'STANDBY', 1, 30
[2026-10-03 04:26:58.752][INFO ] [Deploy         :287] - execute db_s2.check_until_timeout select count(*) from oceanbase.__all_virtual_server_stat where role = 'STANDBY', 1, 30
[2026-10-03 04:26:58.752][INFO ] [Deploy         :287] - execute db_s2.select_one_value select count(*) from oceanbase.__all_virtual_server_stat where role = 'STANDBY'
[2026-10-03 04:26:58.752][INFO ] [SQLProcessor   :2086] - execute sql => select count(*) from oceanbase.__all_virtual_server_stat where role = 'STANDBY'
[2026-10-03 04:26:58.798][INFO ] [Deploy         :294] - execute db_s2.select_one_value select count(*) from oceanbase.__all_virtual_server_stat where role = 'STANDBY' result => 1
[2026-10-03 04:26:58.798][INFO ] [OBI            :5345] - check success! use time = 0
[2026-10-03 04:26:58.799][INFO ] [Deploy         :294] - execute db_s2.check_until_timeout select count(*) from oceanbase.__all_virtual_server_stat where role = 'STANDBY', 1, 30 result => true
[2026-10-03 04:26:58.799][INFO ] [Command        :353] - start[1790972818751] time[47] tag[Q_DEPLOY]
[2026-10-03 04:26:58.799][INFO ] [Command        :536] - > LINE => 34, CMD => Q_LET_DEPLOY, CONTENT => $db_p_rpc_port
[2026-10-03 04:26:58.800][INFO ] [Deploy         :287] - execute db_p.select select rpc_port from oceanbase.__all_virtual_server_stat limit 1, rpc_port, 1
[2026-10-03 04:26:58.800][INFO ] [SQLProcessor   :2086] - execute sql => select rpc_port from oceanbase.__all_virtual_server_stat limit 1
[2026-10-03 04:26:58.812][INFO ] [Deploy         :294] - execute db_p.select select rpc_port from oceanbase.__all_virtual_server_stat limit 1, rpc_port, 1 result => 42000
[2026-10-03 04:26:58.812][INFO ] [Command        :353] - start[1790972818799] time[12] tag[Q_LET_DEPLOY]
[2026-10-03 04:26:58.812][INFO ] [Command        :536] - > LINE => 35, CMD => Q_LET_DEPLOY, CONTENT => $db_s1_rpc_port
[2026-10-03 04:26:58.813][INFO ] [Deploy         :287] - execute db_s1.select select rpc_port from oceanbase.__all_virtual_server_stat limit 1, rpc_port, 1
[2026-10-03 04:26:58.813][INFO ] [SQLProcessor   :2086] - execute sql => select rpc_port from oceanbase.__all_virtual_server_stat limit 1
[2026-10-03 04:26:58.824][INFO ] [Deploy         :294] - execute db_s1.select select rpc_port from oceanbase.__all_virtual_server_stat limit 1, rpc_port, 1 result => 42001
[2026-10-03 04:26:58.825][INFO ] [Command        :353] - start[1790972818812] time[12] tag[Q_LET_DEPLOY]
[2026-10-03 04:26:58.825][INFO ] [Command        :536] - > LINE => 36, CMD => Q_DEPLOY, CONTENT => db_s1.check_until_timeout select count(*) from oceanbase.__all_virtual_server_stat where log_restore_source like '%:$db_p_rpc_port', 1, 30;
[2026-10-03 04:26:58.828][INFO ] [DeployProcessor:93] - deploy => db_s1.check_until_timeout select count(*) from oceanbase.__all_virtual_server_stat where log_restore_source like '%:42000', 1, 30
[2026-10-03 04:26:58.828][INFO ] [Deploy         :287] - execute db_s1.check_until_timeout select count(*) from oceanbase.__all_virtual_server_stat where log_restore_source like '%:42000', 1, 30
[2026-10-03 04:26:58.828][INFO ] [Deploy         :287] - execute db_s1.select_one_value select count(*) from oceanbase.__all_virtual_server_stat where log_restore_source like '%:42000'
[2026-10-03 04:26:58.829][INFO ] [SQLProcessor   :2086] - execute sql => select count(*) from oceanbase.__all_virtual_server_stat where log_restore_source like '%:42000'
[2026-10-03 04:26:58.838][INFO ] [Deploy         :294] - execute db_s1.select_one_value select count(*) from oceanbase.__all_virtual_server_stat where log_restore_source like '%:42000' result => 1
[2026-10-03 04:26:58.839][INFO ] [OBI            :5345] - check success! use time = 0
[2026-10-03 04:26:58.839][INFO ] [Deploy         :294] - execute db_s1.check_until_timeout select count(*) from oceanbase.__all_virtual_server_stat where log_restore_source like '%:42000', 1, 30 result => true
[2026-10-03 04:26:58.839][INFO ] [Command        :353] - start[1790972818825] time[13] tag[Q_DEPLOY]
[2026-10-03 04:26:58.839][INFO ] [Command        :536] - > LINE => 37, CMD => Q_DEPLOY, CONTENT => db_s2.check_until_timeout select count(*) from oceanbase.__all_virtual_server_stat where log_restore_source like '%:$db_s1_rpc_port', 1, 30;
[2026-10-03 04:26:58.840][INFO ] [DeployProcessor:93] - deploy => db_s2.check_until_timeout select count(*) from oceanbase.__all_virtual_server_stat where log_restore_source like '%:42001', 1, 30
[2026-10-03 04:26:58.840][INFO ] [Deploy         :287] - execute db_s2.check_until_timeout select count(*) from oceanbase.__all_virtual_server_stat where log_restore_source like '%:42001', 1, 30
[2026-10-03 04:26:58.840][INFO ] [Deploy         :287] - execute db_s2.select_one_value select count(*) from oceanbase.__all_virtual_server_stat where log_restore_source like '%:42001'
[2026-10-03 04:26:58.841][INFO ] [SQLProcessor   :2086] - execute sql => select count(*) from oceanbase.__all_virtual_server_stat where log_restore_source like '%:42001'
[2026-10-03 04:26:58.851][INFO ] [Deploy         :294] - execute db_s2.select_one_value select count(*) from oceanbase.__all_virtual_server_stat where log_restore_source like '%:42001' result => 1
[2026-10-03 04:26:58.851][INFO ] [OBI            :5345] - check success! use time = 0
[2026-10-03 04:26:58.851][INFO ] [Deploy         :294] - execute db_s2.check_until_timeout select count(*) from oceanbase.__all_virtual_server_stat where log_restore_source like '%:42001', 1, 30 result => true
[2026-10-03 04:26:58.851][INFO ] [Command        :353] - start[1790972818839] time[11] tag[Q_DEPLOY]
[2026-10-03 04:26:58.851][INFO ] [Command        :536] - > LINE => 39, CMD => Q_CONNECT, CONTENT => ob_connect(conn_sys_p, db_p.z1.obs0, root@sys, , oceanbase, , USE_MYSQL_CONNECTOR)
[2026-10-03 04:26:58.853][INFO ] [SQLProcessor   :1505] - conn_sys_p create a physical connection  using jdbc:mysql://6.12.232.130:42035/oceanbase?useAffectedRows=true&emulateUnsupportedPstmts=false&characterEncoding=utf8&useServerPrepStmts=true&prepStmtCacheSqlLimit=1000&enableQueryTimeouts=false&useLocalSessionState=false&useLocalTransactionState=false&rewriteBatchedStatements=true&allowMultiQueries=true&socketTimeout=1800000 user/pwd is root@sys/
[2026-10-03 04:26:58.870][INFO ] [SQLProcessor   :1519] - connection => conn_sys_p is mysql mode.
[2026-10-03 04:26:58.870][INFO ] [SQLProcessor   :1522] - put conn: dataid=conn_sys_p currentConn=com.mysql.cj.jdbc.ConnectionImpl@51399530 hashcode => 1362728240
[2026-10-03 04:26:58.871][INFO ] [Command        :353] - start[1790972818852] time[19] tag[Q_CONNECT]
[2026-10-03 04:26:58.871][INFO ] [Command        :536] - > LINE => 40, CMD => Q_CONNECTION, CONTENT => connection conn_sys_p
[2026-10-03 04:26:58.871][INFO ] [SQLProcessor   :1128] - use connection => conn_sys_p hashcode => 1362728240
[2026-10-03 04:26:58.872][INFO ] [SQLProcessor   :1158] - connection => conn_sys_p is mysql mode. conn=com.mysql.cj.jdbc.ConnectionImpl@51399530
[2026-10-03 04:26:58.872][INFO ] [Command        :353] - start[1790972818871] time[1] tag[Q_CONNECTION]
[2026-10-03 04:26:58.873][INFO ] [Command        :536] - > LINE => 42, CMD => Q_ENABLE_QUERY_LOG, CONTENT => --enable_query_log
[2026-10-03 04:26:58.873][INFO ] [Command        :353] - start[1790972818873] time[0] tag[Q_ENABLE_QUERY_LOG]
[2026-10-03 04:26:58.873][INFO ] [Command        :536] - > LINE => 43, CMD => Q_ENABLE_RESULT_LOG, CONTENT => --enable_result_log
[2026-10-03 04:26:58.874][INFO ] [Command        :353] - start[1790972818874] time[0] tag[Q_ENABLE_RESULT_LOG]
[2026-10-03 04:26:58.874][INFO ] [Command        :536] - > LINE => 45, CMD => Q_DEPLOY, CONTENT => db_p.mysql_p select 1 from oceanbase.__all_virtual_server_stat where rpc_cert_expire_time > 0 and rpc_tls_enabled = 1;
[2026-10-03 04:26:58.874][INFO ] [DeployProcessor:93] - deploy => db_p.mysql_p select 1 from oceanbase.__all_virtual_server_stat where rpc_cert_expire_time > 0 and rpc_tls_enabled = 1
[2026-10-03 04:26:58.875][INFO ] [Deploy         :287] - execute db_p.mysql_p select 1 from oceanbase.__all_virtual_server_stat where rpc_cert_expire_time > 0 and rpc_tls_enabled = 1
[2026-10-03 04:26:58.875][INFO ] [Deploy         :287] - execute db_p.z1.obs0.mysql_p select 1 from oceanbase.__all_virtual_server_stat where rpc_cert_expire_time > 0 and rpc_tls_enabled = 1
[2026-10-03 04:26:58.875][INFO ] [Role           :3304] - sql =>select 1 from oceanbase.__all_virtual_server_stat where rpc_cert_expire_time > 0 and rpc_tls_enabled = 1
 will be executed with connection[z1.obs0]admin:admin@6.12.232.130:42035
[2026-10-03 04:26:58.898][INFO ] [Deploy         :294] - execute db_p.z1.obs0.mysql_p select 1 from oceanbase.__all_virtual_server_stat where rpc_cert_expire_time > 0 and rpc_tls_enabled = 1 result => 1
1
[2026-10-03 04:26:58.899][INFO ] [Deploy         :294] - execute db_p.mysql_p select 1 from oceanbase.__all_virtual_server_stat where rpc_cert_expire_time > 0 and rpc_tls_enabled = 1 result => 1
1
[2026-10-03 04:26:58.899][INFO ] [Command        :353] - start[1790972818874] time[24] tag[Q_DEPLOY]
[2026-10-03 04:26:58.899][INFO ] [Command        :536] - > LINE => 46, CMD => Q_DEPLOY, CONTENT => db_s1.mysql_p select 1 from oceanbase.__all_virtual_server_stat where rpc_cert_expire_time > 0 and rpc_tls_enabled = 1;
[2026-10-03 04:26:58.900][INFO ] [DeployProcessor:93] - deploy => db_s1.mysql_p select 1 from oceanbase.__all_virtual_server_stat where rpc_cert_expire_time > 0 and rpc_tls_enabled = 1
[2026-10-03 04:26:58.900][INFO ] [Deploy         :287] - execute db_s1.mysql_p select 1 from oceanbase.__all_virtual_server_stat where rpc_cert_expire_time > 0 and rpc_tls_enabled = 1
[2026-10-03 04:26:58.900][INFO ] [Deploy         :287] - execute db_s1.z1.obs0.mysql_p select 1 from oceanbase.__all_virtual_server_stat where rpc_cert_expire_time > 0 and rpc_tls_enabled = 1
[2026-10-03 04:26:58.900][INFO ] [Role           :3304] - sql =>select 1 from oceanbase.__all_virtual_server_stat where rpc_cert_expire_time > 0 and rpc_tls_enabled = 1
 will be executed with connection[z1.obs0]admin:admin@6.12.232.130:42036
[2026-10-03 04:26:58.921][INFO ] [Deploy         :294] - execute db_s1.z1.obs0.mysql_p select 1 from oceanbase.__all_virtual_server_stat where rpc_cert_expire_time > 0 and rpc_tls_enabled = 1 result => 1
1
[2026-10-03 04:26:58.922][INFO ] [Deploy         :294] - execute db_s1.mysql_p select 1 from oceanbase.__all_virtual_server_stat where rpc_cert_expire_time > 0 and rpc_tls_enabled = 1 result => 1
1
[2026-10-03 04:26:58.922][INFO ] [Command        :353] - start[1790972818900] time[22] tag[Q_DEPLOY]
[2026-10-03 04:26:58.922][INFO ] [Command        :536] - > LINE => 47, CMD => Q_DEPLOY, CONTENT => db_s2.mysql_p select 1 from oceanbase.__all_virtual_server_stat where rpc_cert_expire_time > 0 and rpc_tls_enabled = 1;
[2026-10-03 04:26:58.923][INFO ] [DeployProcessor:93] - deploy => db_s2.mysql_p select 1 from oceanbase.__all_virtual_server_stat where rpc_cert_expire_time > 0 and rpc_tls_enabled = 1
[2026-10-03 04:26:58.923][INFO ] [Deploy         :287] - execute db_s2.mysql_p select 1 from oceanbase.__all_virtual_server_stat where rpc_cert_expire_time > 0 and rpc_tls_enabled = 1
[2026-10-03 04:26:58.923][INFO ] [Deploy         :287] - execute db_s2.z1.obs0.mysql_p select 1 from oceanbase.__all_virtual_server_stat where rpc_cert_expire_time > 0 and rpc_tls_enabled = 1
[2026-10-03 04:26:58.923][INFO ] [Role           :3304] - sql =>select 1 from oceanbase.__all_virtual_server_stat where rpc_cert_expire_time > 0 and rpc_tls_enabled = 1
 will be executed with connection[z1.obs0]admin:admin@6.12.232.130:42037
[2026-10-03 04:26:58.948][INFO ] [Deploy         :294] - execute db_s2.z1.obs0.mysql_p select 1 from oceanbase.__all_virtual_server_stat where rpc_cert_expire_time > 0 and rpc_tls_enabled = 1 result => 1
1
[2026-10-03 04:26:58.948][INFO ] [Deploy         :294] - execute db_s2.mysql_p select 1 from oceanbase.__all_virtual_server_stat where rpc_cert_expire_time > 0 and rpc_tls_enabled = 1 result => 1
1
[2026-10-03 04:26:58.948][INFO ] [Command        :353] - start[1790972818922] time[25] tag[Q_DEPLOY]
[2026-10-03 04:26:58.948][INFO ] [Command        :536] - > LINE => 49, CMD => Q_ECHO, CONTENT => Initialization completed: primary and cascade standbys use TLS
[2026-10-03 04:26:58.949][INFO ] [Command        :353] - start[1790972818948] time[0] tag[Q_ECHO]
[2026-10-03 04:26:58.949][INFO ] [Command        :536] - > LINE => 54, CMD => Q_ECHO, CONTENT => ========== Case 1: Verify TLS cascade sync ==========
[2026-10-03 04:26:58.949][INFO ] [Command        :353] - start[1790972818949] time[0] tag[Q_ECHO]
[2026-10-03 04:26:58.950][INFO ] [Command        :536] - > LINE => 56, CMD => Q_QUERY, CONTENT => create table if not exists test_tls_standby(id int primary key, value int);
[2026-10-03 04:26:59.328][INFO ] [Command        :353] - start[1790972818950] time[378] tag[Q_QUERY]
[2026-10-03 04:26:59.329][INFO ] [Command        :536] - > LINE => 57, CMD => Q_QUERY, CONTENT => insert into test_tls_standby values(1, 100);
[2026-10-03 04:26:59.340][INFO ] [Command        :353] - start[1790972819329] time[10] tag[Q_QUERY]
[2026-10-03 04:26:59.341][INFO ] [Command        :536] - > LINE => 58, CMD => Q_QUERY, CONTENT => select count(*) from test_tls_standby;
[2026-10-03 04:26:59.346][INFO ] [Command        :353] - start[1790972819341] time[4] tag[Q_QUERY]
[2026-10-03 04:26:59.346][INFO ] [Command        :536] - > LINE => 60, CMD => Q_DISABLE_QUERY_LOG, CONTENT => --disable_query_log
[2026-10-03 04:26:59.347][INFO ] [Command        :353] - start[1790972819347] time[0] tag[Q_DISABLE_QUERY_LOG]
[2026-10-03 04:26:59.347][INFO ] [Command        :536] - > LINE => 61, CMD => Q_DISABLE_RESULT_LOG, CONTENT => --disable_result_log
[2026-10-03 04:26:59.347][INFO ] [Command        :353] - start[1790972819347] time[0] tag[Q_DISABLE_RESULT_LOG]
[2026-10-03 04:26:59.348][INFO ] [Command        :536] - > LINE => 63, CMD => Q_QUERY, CONTENT => ALTER SYSTEM MINOR FREEZE;
[2026-10-03 04:26:59.353][INFO ] [Command        :353] - start[1790972819348] time[4] tag[Q_QUERY]
[2026-10-03 04:26:59.353][INFO ] [Command        :536] - > LINE => 65, CMD => Q_LET_DEPLOY, CONTENT => $primary_sync_scn_before
[2026-10-03 04:26:59.354][INFO ] [Deploy         :287] - execute db_p.select select sync_scn from oceanbase.__all_virtual_server_stat where role = 'PRIMARY', sync_scn, 1
[2026-10-03 04:26:59.354][INFO ] [SQLProcessor   :2086] - execute sql => select sync_scn from oceanbase.__all_virtual_server_stat where role = 'PRIMARY'
[2026-10-03 04:26:59.369][INFO ] [Deploy         :294] - execute db_p.select select sync_scn from oceanbase.__all_virtual_server_stat where role = 'PRIMARY', sync_scn, 1 result => 1790972819335727000
[2026-10-03 04:26:59.369][INFO ] [Command        :353] - start[1790972819353] time[15] tag[Q_LET_DEPLOY]
[2026-10-03 04:26:59.370][INFO ] [Command        :536] - > LINE => 66, CMD => Q_DEPLOY, CONTENT => db_s1.check_until_timeout select count(*) from oceanbase.__all_virtual_server_stat where role = 'STANDBY' and sync_scn >= $primary_sync_scn_before, 1, 120;
[2026-10-03 04:26:59.372][INFO ] [DeployProcessor:93] - deploy => db_s1.check_until_timeout select count(*) from oceanbase.__all_virtual_server_stat where role = 'STANDBY' and sync_scn >= 1790972819335727000, 1, 120
[2026-10-03 04:26:59.372][INFO ] [Deploy         :287] - execute db_s1.check_until_timeout select count(*) from oceanbase.__all_virtual_server_stat where role = 'STANDBY' and sync_scn >= 1790972819335727000, 1, 120
[2026-10-03 04:26:59.372][INFO ] [Deploy         :287] - execute db_s1.select_one_value select count(*) from oceanbase.__all_virtual_server_stat where role = 'STANDBY' and sync_scn >= 1790972819335727000
[2026-10-03 04:26:59.373][INFO ] [SQLProcessor   :2086] - execute sql => select count(*) from oceanbase.__all_virtual_server_stat where role = 'STANDBY' and sync_scn >= 1790972819335727000
[2026-10-03 04:26:59.474][INFO ] [Deploy         :294] - execute db_s1.select_one_value select count(*) from oceanbase.__all_virtual_server_stat where role = 'STANDBY' and sync_scn >= 1790972819335727000 result => 1
[2026-10-03 04:26:59.474][INFO ] [OBI            :5345] - check success! use time = 0
[2026-10-03 04:26:59.475][INFO ] [Deploy         :294] - execute db_s1.check_until_timeout select count(*) from oceanbase.__all_virtual_server_stat where role = 'STANDBY' and sync_scn >= 1790972819335727000, 1, 120 result => true
[2026-10-03 04:26:59.475][INFO ] [Command        :353] - start[1790972819370] time[104] tag[Q_DEPLOY]
[2026-10-03 04:26:59.475][INFO ] [Command        :536] - > LINE => 67, CMD => Q_DEPLOY, CONTENT => db_s1.check_until_timeout select count(*) from test_tls_standby where id = 1, 1, 120;
[2026-10-03 04:26:59.476][INFO ] [DeployProcessor:93] - deploy => db_s1.check_until_timeout select count(*) from test_tls_standby where id = 1, 1, 120
[2026-10-03 04:26:59.477][INFO ] [Deploy         :287] - execute db_s1.check_until_timeout select count(*) from test_tls_standby where id = 1, 1, 120
[2026-10-03 04:26:59.477][INFO ] [Deploy         :287] - execute db_s1.select_one_value select count(*) from test_tls_standby where id = 1
[2026-10-03 04:26:59.478][INFO ] [SQLProcessor   :2086] - execute sql => select count(*) from test_tls_standby where id = 1
[2026-10-03 04:26:59.499][INFO ] [Deploy         :294] - execute db_s1.select_one_value select count(*) from test_tls_standby where id = 1 result => 1
[2026-10-03 04:26:59.500][INFO ] [OBI            :5345] - check success! use time = 0
[2026-10-03 04:26:59.500][INFO ] [Deploy         :294] - execute db_s1.check_until_timeout select count(*) from test_tls_standby where id = 1, 1, 120 result => true
[2026-10-03 04:26:59.500][INFO ] [Command        :353] - start[1790972819476] time[24] tag[Q_DEPLOY]
[2026-10-03 04:26:59.500][INFO ] [Command        :536] - > LINE => 68, CMD => Q_DEPLOY, CONTENT => db_s2.check_until_timeout select count(*) from test_tls_standby where id = 1, 1, 180;
[2026-10-03 04:26:59.501][INFO ] [DeployProcessor:93] - deploy => db_s2.check_until_timeout select count(*) from test_tls_standby where id = 1, 1, 180
[2026-10-03 04:26:59.501][INFO ] [Deploy         :287] - execute db_s2.check_until_timeout select count(*) from test_tls_standby where id = 1, 1, 180
[2026-10-03 04:26:59.501][INFO ] [Deploy         :287] - execute db_s2.select_one_value select count(*) from test_tls_standby where id = 1
[2026-10-03 04:26:59.501][INFO ] [SQLProcessor   :2086] - execute sql => select count(*) from test_tls_standby where id = 1
[2026-10-03 04:26:59.597][INFO ] [Deploy         :294] - execute db_s2.select_one_value select count(*) from test_tls_standby where id = 1 result => 1
[2026-10-03 04:26:59.597][INFO ] [OBI            :5345] - check success! use time = 0
[2026-10-03 04:26:59.597][INFO ] [Deploy         :294] - execute db_s2.check_until_timeout select count(*) from test_tls_standby where id = 1, 1, 180 result => true
[2026-10-03 04:26:59.598][INFO ] [Command        :353] - start[1790972819500] time[97] tag[Q_DEPLOY]
[2026-10-03 04:26:59.598][INFO ] [Command        :536] - > LINE => 70, CMD => Q_ENABLE_QUERY_LOG, CONTENT => --enable_query_log
[2026-10-03 04:26:59.598][INFO ] [Command        :353] - start[1790972819598] time[0] tag[Q_ENABLE_QUERY_LOG]
[2026-10-03 04:26:59.598][INFO ] [Command        :536] - > LINE => 71, CMD => Q_ENABLE_RESULT_LOG, CONTENT => --enable_result_log
[2026-10-03 04:26:59.598][INFO ] [Command        :353] - start[1790972819598] time[0] tag[Q_ENABLE_RESULT_LOG]
[2026-10-03 04:26:59.599][INFO ] [Command        :536] - > LINE => 73, CMD => Q_DEPLOY, CONTENT => db_s1.mysql_p select count(*) from oceanbase.test_tls_standby;
[2026-10-03 04:26:59.599][INFO ] [DeployProcessor:93] - deploy => db_s1.mysql_p select count(*) from oceanbase.test_tls_standby
[2026-10-03 04:26:59.599][INFO ] [Deploy         :287] - execute db_s1.mysql_p select count(*) from oceanbase.test_tls_standby
[2026-10-03 04:26:59.600][INFO ] [Deploy         :287] - execute db_s1.z1.obs0.mysql_p select count(*) from oceanbase.test_tls_standby
[2026-10-03 04:26:59.600][INFO ] [Role           :3304] - sql =>select count(*) from oceanbase.test_tls_standby
 will be executed with connection[z1.obs0]admin:admin@6.12.232.130:42036
[2026-10-03 04:26:59.625][INFO ] [Deploy         :294] - execute db_s1.z1.obs0.mysql_p select count(*) from oceanbase.test_tls_standby result => count(*)
1
[2026-10-03 04:26:59.625][INFO ] [Deploy         :294] - execute db_s1.mysql_p select count(*) from oceanbase.test_tls_standby result => count(*)
1
[2026-10-03 04:26:59.625][INFO ] [Command        :353] - start[1790972819599] time[26] tag[Q_DEPLOY]
[2026-10-03 04:26:59.626][INFO ] [Command        :536] - > LINE => 74, CMD => Q_DEPLOY, CONTENT => db_s2.mysql_p select count(*) from oceanbase.test_tls_standby;
[2026-10-03 04:26:59.626][INFO ] [DeployProcessor:93] - deploy => db_s2.mysql_p select count(*) from oceanbase.test_tls_standby
[2026-10-03 04:26:59.626][INFO ] [Deploy         :287] - execute db_s2.mysql_p select count(*) from oceanbase.test_tls_standby
[2026-10-03 04:26:59.627][INFO ] [Deploy         :287] - execute db_s2.z1.obs0.mysql_p select count(*) from oceanbase.test_tls_standby
[2026-10-03 04:26:59.627][INFO ] [Role           :3304] - sql =>select count(*) from oceanbase.test_tls_standby
 will be executed with connection[z1.obs0]admin:admin@6.12.232.130:42037
[2026-10-03 04:26:59.653][INFO ] [Deploy         :294] - execute db_s2.z1.obs0.mysql_p select count(*) from oceanbase.test_tls_standby result => count(*)
1
[2026-10-03 04:26:59.653][INFO ] [Deploy         :294] - execute db_s2.mysql_p select count(*) from oceanbase.test_tls_standby result => count(*)
1
[2026-10-03 04:26:59.653][INFO ] [Command        :353] - start[1790972819626] time[27] tag[Q_DEPLOY]
[2026-10-03 04:26:59.654][INFO ] [Command        :536] - > LINE => 76, CMD => Q_ECHO, CONTENT => Case 1 completed: TLS cascade sync is healthy
[2026-10-03 04:26:59.654][INFO ] [Command        :353] - start[1790972819654] time[0] tag[Q_ECHO]
[2026-10-03 04:26:59.654][INFO ] [Command        :536] - > LINE => 81, CMD => Q_ECHO, CONTENT => ========== Case 2: Reject TLS standby client ==========
[2026-10-03 04:26:59.654][INFO ] [Command        :353] - start[1790972819654] time[0] tag[Q_ECHO]
[2026-10-03 04:26:59.655][INFO ] [Command        :536] - > LINE => 83, CMD => Q_DISABLE_QUERY_LOG, CONTENT => --disable_query_log
[2026-10-03 04:26:59.655][INFO ] [Command        :353] - start[1790972819655] time[0] tag[Q_DISABLE_QUERY_LOG]
[2026-10-03 04:26:59.655][INFO ] [Command        :536] - > LINE => 84, CMD => Q_DISABLE_RESULT_LOG, CONTENT => --disable_result_log
[2026-10-03 04:26:59.655][INFO ] [Command        :353] - start[1790972819655] time[0] tag[Q_DISABLE_RESULT_LOG]
[2026-10-03 04:26:59.655][INFO ] [Command        :536] - > LINE => 86, CMD => Q_QUERY, CONTENT => ALTER SYSTEM SET enable_rpc_tls=false;
[2026-10-03 04:26:59.665][INFO ] [Command        :353] - start[1790972819656] time[9] tag[Q_QUERY]
[2026-10-03 04:26:59.666][INFO ] [Command        :536] - > LINE => 87, CMD => Q_DEPLOY, CONTENT => db_p.force_stop;
[2026-10-03 04:26:59.666][INFO ] [DeployProcessor:93] - deploy => db_p.force_stop
[2026-10-03 04:26:59.667][INFO ] [Deploy         :287] - execute db_p.z1.obs0.force_stop 
[2026-10-03 04:26:59.668][INFO ] [Role           :1307] - pkill -9 -u nijia.nj -f '^/data/1/nijia.nj/test/namespace_standby_20261003_v1/work/db_p.z1.obs0/bin/observer|^/data/1/nijia.nj/test/namespace_standby_20261003_v1/work/db_p.z1.obs0/bin/obesi' on 6.12.232.130
[2026-10-03 04:26:59.683][INFO ] [Role           :1309] - pkill result is => 0
[2026-10-03 04:26:59.684][INFO ] [Role           :1142] - wait stop /data/1/nijia.nj/test/namespace_standby_20261003_v1/work/db_p.z1.obs0/bin/observer on 6.12.232.130
[2026-10-03 04:26:59.684][INFO ] [Role           :1190] - ps uxf | grep "/data/1/nijia.nj/test/namespace_standby_20261003_v1/work/db_p.z1.obs0/bin/observer" | grep -v grep
[2026-10-03 04:26:59.716][INFO ] [Role           :1154] - check port on 6.12.232.130
[2026-10-03 04:26:59.716][INFO ] [RemoteShell    :143] - netstat -lpnt 2>/dev/null | grep '0.0.0.0:42000 ' | awk -F ' ' '{print $7}'
[2026-10-03 04:26:59.764][INFO ] [RemoteShell    :143] - netstat -lpnt 2>/dev/null | grep '0.0.0.0:42035 ' | awk -F ' ' '{print $7}'
[2026-10-03 04:26:59.812][INFO ] [Role           :1164] - stop obs0 took 2 s
[2026-10-03 04:26:59.812][INFO ] [Deploy         :294] - execute db_p.z1.obs0.force_stop  result => true
[2026-10-03 04:26:59.812][INFO ] [Deploy         :362] - execute db_p.z1.force_stop  result => true [true]
[2026-10-03 04:26:59.813][INFO ] [Deploy         :362] - execute db_p.force_stop result => true [true]
[2026-10-03 04:26:59.813][INFO ] [Command        :353] - start[1790972819666] time[146] tag[Q_DEPLOY]
[2026-10-03 04:26:59.813][INFO ] [Command        :536] - > LINE => 88, CMD => Q_DEPLOY, CONTENT => db_p.nstart;
[2026-10-03 04:26:59.814][INFO ] [DeployProcessor:93] - deploy => db_p.nstart
[2026-10-03 04:26:59.815][INFO ] [Deploy         :287] - execute db_p.z1.obs0.nstart 
[2026-10-03 04:26:59.815][INFO ] [RemoteShell    :143] - netstat -lpnt 2>/dev/null | grep '0.0.0.0:42000 ' | awk -F ' ' '{print $7}'
[2026-10-03 04:26:59.851][INFO ] [RemoteShell    :143] - netstat -lpnt 2>/dev/null | grep '0.0.0.0:42035 ' | awk -F ' ' '{print $7}'
[2026-10-03 04:26:59.886][INFO ] [Deploy         :381] - execute db_p.lite_mode result => true result type => java.lang.Boolean
[2026-10-03 04:26:59.887][INFO ] [Role           :197] - ulimit -c unlimited -s 4096;cd /data/1/nijia.nj/test/namespace_standby_20261003_v1/work/db_p.z1.obs0;LD_LIBRARY_PATH=./lib:/usr/local/lib:/usr/lib:/usr/lib64:/usr/local/lib64:$LD_LIBRARY_PATH /data/1/nijia.nj/test/namespace_standby_20261003_v1/work/db_p.z1.obs0/bin/observer  on 6.12.232.130
[2026-10-03 04:26:59.960][INFO ] [Deploy         :294] - execute db_p.z1.obs0.nstart  result => true
[2026-10-03 04:26:59.961][INFO ] [Deploy         :362] - execute db_p.z1.nstart  result => true [true]
[2026-10-03 04:26:59.961][INFO ] [Deploy         :362] - execute db_p.nstart result => true [true]
[2026-10-03 04:26:59.962][INFO ] [Command        :353] - start[1790972819813] time[148] tag[Q_DEPLOY]
[2026-10-03 04:26:59.962][INFO ] [Command        :536] - > LINE => 90, CMD => Q_DEPLOY, CONTENT => db_p.check_until_timeout select count(*) from oceanbase.__all_virtual_server_stat where role = 'PRIMARY', 1, 180;
[2026-10-03 04:26:59.963][INFO ] [DeployProcessor:93] - deploy => db_p.check_until_timeout select count(*) from oceanbase.__all_virtual_server_stat where role = 'PRIMARY', 1, 180
[2026-10-03 04:26:59.963][INFO ] [Deploy         :287] - execute db_p.check_until_timeout select count(*) from oceanbase.__all_virtual_server_stat where role = 'PRIMARY', 1, 180
[2026-10-03 04:26:59.963][INFO ] [Deploy         :287] - execute db_p.select_one_value select count(*) from oceanbase.__all_virtual_server_stat where role = 'PRIMARY'
[2026-10-03 04:26:59.964][INFO ] [SQLProcessor   :2086] - execute sql => select count(*) from oceanbase.__all_virtual_server_stat where role = 'PRIMARY'
[2026-10-03 04:26:59.971][ERROR] [SQLProcessor   :2096] - user => admin@sys, passwd => admin, jdbcUrl => jdbc:mysql://6.12.232.130:42035/oceanbase?useAffectedRows=true&emulateUnsupportedPstmts=false&characterEncoding=utf8&useServerPrepStmts=false&prepStmtCacheSqlLimit=1000&enableQueryTimeouts=true&useLocalSessionState=false&useLocalTransactionState=false&rewriteBatchedStatements=true&allowMultiQueries=true&socketTimeout=600000
[2026-10-03 04:26:59.971][ERROR] [SQLProcessor   :2098] - execute sql => select count(*) from oceanbase.__all_virtual_server_stat where role = 'PRIMARY' failed
com.mysql.cj.jdbc.exceptions.CommunicationsException: Communications link failure

The last packet sent successfully to the server was 0 milliseconds ago. The driver has not received any packets from the server.
	at com.mysql.cj.jdbc.exceptions.SQLError.createCommunicationsException(SQLError.java:175)
	at com.mysql.cj.jdbc.exceptions.SQLExceptionsMapping.translateException(SQLExceptionsMapping.java:64)
	at com.mysql.cj.jdbc.ConnectionImpl.createNewIO(ConnectionImpl.java:825)
	at com.mysql.cj.jdbc.ConnectionImpl.<init>(ConnectionImpl.java:446)
	at com.mysql.cj.jdbc.ConnectionImpl.getInstance(ConnectionImpl.java:239)
	at com.mysql.cj.jdbc.NonRegisteringDriver.connect(NonRegisteringDriver.java:188)
	at java.sql.DriverManager.getConnection(DriverManager.java:664)
	at java.sql.DriverManager.getConnection(DriverManager.java:247)
	at com.etao.mytest.processor.SQLProcessor.selectGetValue(SQLProcessor.java:2088)
	at com.etao.mytest.deploy.OBI.select_one_value(OBI.java:4540)
	at sun.reflect.NativeMethodAccessorImpl.invoke0(Native Method)
	at sun.reflect.NativeMethodAccessorImpl.invoke(NativeMethodAccessorImpl.java:62)
	at sun.reflect.DelegatingMethodAccessorImpl.invoke(DelegatingMethodAccessorImpl.java:43)
	at java.lang.reflect.Method.invoke(Method.java:498)
	at com.etao.mytest.deploy.Deploy.execute(Deploy.java:289)
	at com.etao.mytest.deploy.OBI.check_until_timeout(OBI.java:5340)
	at sun.reflect.NativeMethodAccessorImpl.invoke0(Native Method)
	at sun.reflect.NativeMethodAccessorImpl.invoke(NativeMethodAccessorImpl.java:62)
	at sun.reflect.DelegatingMethodAccessorImpl.invoke(DelegatingMethodAccessorImpl.java:43)
	at java.lang.reflect.Method.invoke(Method.java:498)
	at com.etao.mytest.deploy.Deploy.execute(Deploy.java:289)
	at com.etao.mytest.processor.DeployProcessor.process(DeployProcessor.java:157)
	at com.etao.mytest.command.Command.execute(Command.java:552)
	at com.etao.mytest.main.TestCase.run(TestCase.java:779)
	at com.etao.mytest.main.MyTest.main(MyTest.java:129)
Caused by: com.mysql.cj.exceptions.CJCommunicationsException: Communications link failure

The last packet sent successfully to the server was 0 milliseconds ago. The driver has not received any packets from the server.
	at sun.reflect.NativeConstructorAccessorImpl.newInstance0(Native Method)
	at sun.reflect.NativeConstructorAccessorImpl.newInstance(NativeConstructorAccessorImpl.java:62)
	at sun.reflect.DelegatingConstructorAccessorImpl.newInstance(DelegatingConstructorAccessorImpl.java:45)
	at java.lang.reflect.Constructor.newInstance(Constructor.java:423)
	at com.mysql.cj.exceptions.ExceptionFactory.createException(ExceptionFactory.java:62)
	at com.mysql.cj.exceptions.ExceptionFactory.createException(ExceptionFactory.java:105)
	at com.mysql.cj.exceptions.ExceptionFactory.createException(ExceptionFactory.java:150)
	at com.mysql.cj.exceptions.ExceptionFactory.createCommunicationsException(ExceptionFactory.java:166)
	at com.mysql.cj.protocol.a.NativeSocketConnection.connect(NativeSocketConnection.java:89)
	at com.mysql.cj.NativeSession.connect(NativeSession.java:121)
	at com.mysql.cj.jdbc.ConnectionImpl.connectOneTryOnly(ConnectionImpl.java:945)
	at com.mysql.cj.jdbc.ConnectionImpl.createNewIO(ConnectionImpl.java:815)
	... 22 more
Caused by: java.net.ConnectException: Connection refused (Connection refused)
	at java.net.PlainSocketImpl.socketConnect(Native Method)
	at java.net.AbstractPlainSocketImpl.doConnect(AbstractPlainSocketImpl.java:350)
	at java.net.AbstractPlainSocketImpl.connectToAddress(AbstractPlainSocketImpl.java:206)
	at java.net.AbstractPlainSocketImpl.connect(AbstractPlainSocketImpl.java:188)
	at java.net.SocksSocketImpl.connect(SocksSocketImpl.java:392)
	at java.net.Socket.connect(Socket.java:607)
	at com.mysql.cj.protocol.StandardSocketFactory.connect(StandardSocketFactory.java:153)
	at com.mysql.cj.protocol.a.NativeSocketConnection.connect(NativeSocketConnection.java:63)
	... 25 more
[2026-10-03 04:26:59.972][WARN ] [Deploy         :298] - execute db_p.select_one_value select count(*) from oceanbase.__all_virtual_server_stat where role = 'PRIMARY' result => null
[2026-10-03 04:26:59.972][WARN ] [OBI            :5348] - expect => 1, actual => null, left timeout => 180, totaltime => 180, file => 90/137, file_percent => 65
[2026-10-03 04:27:00.972][INFO ] [Deploy         :287] - execute db_p.select_one_value select count(*) from oceanbase.__all_virtual_server_stat where role = 'PRIMARY'
[2026-10-03 04:27:00.973][INFO ] [SQLProcessor   :2086] - execute sql => select count(*) from oceanbase.__all_virtual_server_stat where role = 'PRIMARY'
[2026-10-03 04:27:00.975][ERROR] [SQLProcessor   :2096] - user => admin@sys, passwd => admin, jdbcUrl => jdbc:mysql://6.12.232.130:42035/oceanbase?useAffectedRows=true&emulateUnsupportedPstmts=false&characterEncoding=utf8&useServerPrepStmts=false&prepStmtCacheSqlLimit=1000&enableQueryTimeouts=true&useLocalSessionState=false&useLocalTransactionState=false&rewriteBatchedStatements=true&allowMultiQueries=true&socketTimeout=600000
[2026-10-03 04:27:00.975][ERROR] [SQLProcessor   :2098] - execute sql => select count(*) from oceanbase.__all_virtual_server_stat where role = 'PRIMARY' failed
com.mysql.cj.jdbc.exceptions.CommunicationsException: Communications link failure

The last packet sent successfully to the server was 0 milliseconds ago. The driver has not received any packets from the server.
	at com.mysql.cj.jdbc.exceptions.SQLError.createCommunicationsException(SQLError.java:175)
	at com.mysql.cj.jdbc.exceptions.SQLExceptionsMapping.translateException(SQLExceptionsMapping.java:64)
	at com.mysql.cj.jdbc.ConnectionImpl.createNewIO(ConnectionImpl.java:825)
	at com.mysql.cj.jdbc.ConnectionImpl.<init>(ConnectionImpl.java:446)
	at com.mysql.cj.jdbc.ConnectionImpl.getInstance(ConnectionImpl.java:239)
	at com.mysql.cj.jdbc.NonRegisteringDriver.connect(NonRegisteringDriver.java:188)
	at java.sql.DriverManager.getConnection(DriverManager.java:664)
	at java.sql.DriverManager.getConnection(DriverManager.java:247)
	at com.etao.mytest.processor.SQLProcessor.selectGetValue(SQLProcessor.java:2088)
	at com.etao.mytest.deploy.OBI.select_one_value(OBI.java:4540)
	at sun.reflect.NativeMethodAccessorImpl.invoke0(Native Method)
	at sun.reflect.NativeMethodAccessorImpl.invoke(NativeMethodAccessorImpl.java:62)
	at sun.reflect.DelegatingMethodAccessorImpl.invoke(DelegatingMethodAccessorImpl.java:43)
	at java.lang.reflect.Method.invoke(Method.java:498)
	at com.etao.mytest.deploy.Deploy.execute(Deploy.java:289)
	at com.etao.mytest.deploy.OBI.check_until_timeout(OBI.java:5340)
	at sun.reflect.NativeMethodAccessorImpl.invoke0(Native Method)
	at sun.reflect.NativeMethodAccessorImpl.invoke(NativeMethodAccessorImpl.java:62)
	at sun.reflect.DelegatingMethodAccessorImpl.invoke(DelegatingMethodAccessorImpl.java:43)
	at java.lang.reflect.Method.invoke(Method.java:498)
	at com.etao.mytest.deploy.Deploy.execute(Deploy.java:289)
	at com.etao.mytest.processor.DeployProcessor.process(DeployProcessor.java:157)
	at com.etao.mytest.command.Command.execute(Command.java:552)
	at com.etao.mytest.main.TestCase.run(TestCase.java:779)
	at com.etao.mytest.main.MyTest.main(MyTest.java:129)
Caused by: com.mysql.cj.exceptions.CJCommunicationsException: Communications link failure

The last packet sent successfully to the server was 0 milliseconds ago. The driver has not received any packets from the server.
	at sun.reflect.NativeConstructorAccessorImpl.newInstance0(Native Method)
	at sun.reflect.NativeConstructorAccessorImpl.newInstance(NativeConstructorAccessorImpl.java:62)
	at sun.reflect.DelegatingConstructorAccessorImpl.newInstance(DelegatingConstructorAccessorImpl.java:45)
	at java.lang.reflect.Constructor.newInstance(Constructor.java:423)
	at com.mysql.cj.exceptions.ExceptionFactory.createException(ExceptionFactory.java:62)
	at com.mysql.cj.exceptions.ExceptionFactory.createException(ExceptionFactory.java:105)
	at com.mysql.cj.exceptions.ExceptionFactory.createException(ExceptionFactory.java:150)
	at com.mysql.cj.exceptions.ExceptionFactory.createCommunicationsException(ExceptionFactory.java:166)
	at com.mysql.cj.protocol.a.NativeSocketConnection.connect(NativeSocketConnection.java:89)
	at com.mysql.cj.NativeSession.connect(NativeSession.java:121)
	at com.mysql.cj.jdbc.ConnectionImpl.connectOneTryOnly(ConnectionImpl.java:945)
	at com.mysql.cj.jdbc.ConnectionImpl.createNewIO(ConnectionImpl.java:815)
	... 22 more
Caused by: java.net.ConnectException: Connection refused (Connection refused)
	at java.net.PlainSocketImpl.socketConnect(Native Method)
	at java.net.AbstractPlainSocketImpl.doConnect(AbstractPlainSocketImpl.java:350)
	at java.net.AbstractPlainSocketImpl.connectToAddress(AbstractPlainSocketImpl.java:206)
	at java.net.AbstractPlainSocketImpl.connect(AbstractPlainSocketImpl.java:188)
	at java.net.SocksSocketImpl.connect(SocksSocketImpl.java:392)
	at java.net.Socket.connect(Socket.java:607)
	at com.mysql.cj.protocol.StandardSocketFactory.connect(StandardSocketFactory.java:153)
	at com.mysql.cj.protocol.a.NativeSocketConnection.connect(NativeSocketConnection.java:63)
	... 25 more
[2026-10-03 04:27:00.976][WARN ] [Deploy         :298] - execute db_p.select_one_value select count(*) from oceanbase.__all_virtual_server_stat where role = 'PRIMARY' result => null
[2026-10-03 04:27:00.976][WARN ] [OBI            :5348] - expect => 1, actual => null, left timeout => 179, totaltime => 180, file => 90/137, file_percent => 65
[2026-10-03 04:27:01.977][INFO ] [Deploy         :287] - execute db_p.select_one_value select count(*) from oceanbase.__all_virtual_server_stat where role = 'PRIMARY'
[2026-10-03 04:27:01.978][INFO ] [SQLProcessor   :2086] - execute sql => select count(*) from oceanbase.__all_virtual_server_stat where role = 'PRIMARY'
[2026-10-03 04:27:01.980][ERROR] [SQLProcessor   :2096] - user => admin@sys, passwd => admin, jdbcUrl => jdbc:mysql://6.12.232.130:42035/oceanbase?useAffectedRows=true&emulateUnsupportedPstmts=false&characterEncoding=utf8&useServerPrepStmts=false&prepStmtCacheSqlLimit=1000&enableQueryTimeouts=true&useLocalSessionState=false&useLocalTransactionState=false&rewriteBatchedStatements=true&allowMultiQueries=true&socketTimeout=600000
[2026-10-03 04:27:01.980][ERROR] [SQLProcessor   :2098] - execute sql => select count(*) from oceanbase.__all_virtual_server_stat where role = 'PRIMARY' failed
com.mysql.cj.jdbc.exceptions.CommunicationsException: Communications link failure

The last packet sent successfully to the server was 0 milliseconds ago. The driver has not received any packets from the server.
	at com.mysql.cj.jdbc.exceptions.SQLError.createCommunicationsException(SQLError.java:175)
	at com.mysql.cj.jdbc.exceptions.SQLExceptionsMapping.translateException(SQLExceptionsMapping.java:64)
	at com.mysql.cj.jdbc.ConnectionImpl.createNewIO(ConnectionImpl.java:825)
	at com.mysql.cj.jdbc.ConnectionImpl.<init>(ConnectionImpl.java:446)
	at com.mysql.cj.jdbc.ConnectionImpl.getInstance(ConnectionImpl.java:239)
	at com.mysql.cj.jdbc.NonRegisteringDriver.connect(NonRegisteringDriver.java:188)
	at java.sql.DriverManager.getConnection(DriverManager.java:664)
	at java.sql.DriverManager.getConnection(DriverManager.java:247)
	at com.etao.mytest.processor.SQLProcessor.selectGetValue(SQLProcessor.java:2088)
	at com.etao.mytest.deploy.OBI.select_one_value(OBI.java:4540)
	at sun.reflect.NativeMethodAccessorImpl.invoke0(Native Method)
	at sun.reflect.NativeMethodAccessorImpl.invoke(NativeMethodAccessorImpl.java:62)
	at sun.reflect.DelegatingMethodAccessorImpl.invoke(DelegatingMethodAccessorImpl.java:43)
	at java.lang.reflect.Method.invoke(Method.java:498)
	at com.etao.mytest.deploy.Deploy.execute(Deploy.java:289)
	at com.etao.mytest.deploy.OBI.check_until_timeout(OBI.java:5340)
	at sun.reflect.NativeMethodAccessorImpl.invoke0(Native Method)
	at sun.reflect.NativeMethodAccessorImpl.invoke(NativeMethodAccessorImpl.java:62)
	at sun.reflect.DelegatingMethodAccessorImpl.invoke(DelegatingMethodAccessorImpl.java:43)
	at java.lang.reflect.Method.invoke(Method.java:498)
	at com.etao.mytest.deploy.Deploy.execute(Deploy.java:289)
	at com.etao.mytest.processor.DeployProcessor.process(DeployProcessor.java:157)
	at com.etao.mytest.command.Command.execute(Command.java:552)
	at com.etao.mytest.main.TestCase.run(TestCase.java:779)
	at com.etao.mytest.main.MyTest.main(MyTest.java:129)
Caused by: com.mysql.cj.exceptions.CJCommunicationsException: Communications link failure

The last packet sent successfully to the server was 0 milliseconds ago. The driver has not received any packets from the server.
	at sun.reflect.NativeConstructorAccessorImpl.newInstance0(Native Method)
	at sun.reflect.NativeConstructorAccessorImpl.newInstance(NativeConstructorAccessorImpl.java:62)
	at sun.reflect.DelegatingConstructorAccessorImpl.newInstance(DelegatingConstructorAccessorImpl.java:45)
	at java.lang.reflect.Constructor.newInstance(Constructor.java:423)
	at com.mysql.cj.exceptions.ExceptionFactory.createException(ExceptionFactory.java:62)
	at com.mysql.cj.exceptions.ExceptionFactory.createException(ExceptionFactory.java:105)
	at com.mysql.cj.exceptions.ExceptionFactory.createException(ExceptionFactory.java:150)
	at com.mysql.cj.exceptions.ExceptionFactory.createCommunicationsException(ExceptionFactory.java:166)
	at com.mysql.cj.protocol.a.NativeSocketConnection.connect(NativeSocketConnection.java:89)
	at com.mysql.cj.NativeSession.connect(NativeSession.java:121)
	at com.mysql.cj.jdbc.ConnectionImpl.connectOneTryOnly(ConnectionImpl.java:945)
	at com.mysql.cj.jdbc.ConnectionImpl.createNewIO(ConnectionImpl.java:815)
	... 22 more
Caused by: java.net.ConnectException: Connection refused (Connection refused)
	at java.net.PlainSocketImpl.socketConnect(Native Method)
	at java.net.AbstractPlainSocketImpl.doConnect(AbstractPlainSocketImpl.java:350)
	at java.net.AbstractPlainSocketImpl.connectToAddress(AbstractPlainSocketImpl.java:206)
	at java.net.AbstractPlainSocketImpl.connect(AbstractPlainSocketImpl.java:188)
	at java.net.SocksSocketImpl.connect(SocksSocketImpl.java:392)
	at java.net.Socket.connect(Socket.java:607)
	at com.mysql.cj.protocol.StandardSocketFactory.connect(StandardSocketFactory.java:153)
	at com.mysql.cj.protocol.a.NativeSocketConnection.connect(NativeSocketConnection.java:63)
	... 25 more
[2026-10-03 04:27:01.981][WARN ] [Deploy         :298] - execute db_p.select_one_value select count(*) from oceanbase.__all_virtual_server_stat where role = 'PRIMARY' result => null
[2026-10-03 04:27:01.981][WARN ] [OBI            :5348] - expect => 1, actual => null, left timeout => 178, totaltime => 180, file => 90/137, file_percent => 65
[2026-10-03 04:27:02.982][INFO ] [Deploy         :287] - execute db_p.select_one_value select count(*) from oceanbase.__all_virtual_server_stat where role = 'PRIMARY'
[2026-10-03 04:27:02.983][INFO ] [SQLProcessor   :2086] - execute sql => select count(*) from oceanbase.__all_virtual_server_stat where role = 'PRIMARY'
[2026-10-03 04:27:02.985][ERROR] [SQLProcessor   :2096] - user => admin@sys, passwd => admin, jdbcUrl => jdbc:mysql://6.12.232.130:42035/oceanbase?useAffectedRows=true&emulateUnsupportedPstmts=false&characterEncoding=utf8&useServerPrepStmts=false&prepStmtCacheSqlLimit=1000&enableQueryTimeouts=true&useLocalSessionState=false&useLocalTransactionState=false&rewriteBatchedStatements=true&allowMultiQueries=true&socketTimeout=600000
[2026-10-03 04:27:02.986][ERROR] [SQLProcessor   :2098] - execute sql => select count(*) from oceanbase.__all_virtual_server_stat where role = 'PRIMARY' failed
com.mysql.cj.jdbc.exceptions.CommunicationsException: Communications link failure

The last packet sent successfully to the server was 0 milliseconds ago. The driver has not received any packets from the server.
	at com.mysql.cj.jdbc.exceptions.SQLError.createCommunicationsException(SQLError.java:175)
	at com.mysql.cj.jdbc.exceptions.SQLExceptionsMapping.translateException(SQLExceptionsMapping.java:64)
	at com.mysql.cj.jdbc.ConnectionImpl.createNewIO(ConnectionImpl.java:825)
	at com.mysql.cj.jdbc.ConnectionImpl.<init>(ConnectionImpl.java:446)
	at com.mysql.cj.jdbc.ConnectionImpl.getInstance(ConnectionImpl.java:239)
	at com.mysql.cj.jdbc.NonRegisteringDriver.connect(NonRegisteringDriver.java:188)
	at java.sql.DriverManager.getConnection(DriverManager.java:664)
	at java.sql.DriverManager.getConnection(DriverManager.java:247)
	at com.etao.mytest.processor.SQLProcessor.selectGetValue(SQLProcessor.java:2088)
	at com.etao.mytest.deploy.OBI.select_one_value(OBI.java:4540)
	at sun.reflect.NativeMethodAccessorImpl.invoke0(Native Method)
	at sun.reflect.NativeMethodAccessorImpl.invoke(NativeMethodAccessorImpl.java:62)
	at sun.reflect.DelegatingMethodAccessorImpl.invoke(DelegatingMethodAccessorImpl.java:43)
	at java.lang.reflect.Method.invoke(Method.java:498)
	at com.etao.mytest.deploy.Deploy.execute(Deploy.java:289)
	at com.etao.mytest.deploy.OBI.check_until_timeout(OBI.java:5340)
	at sun.reflect.NativeMethodAccessorImpl.invoke0(Native Method)
	at sun.reflect.NativeMethodAccessorImpl.invoke(NativeMethodAccessorImpl.java:62)
	at sun.reflect.DelegatingMethodAccessorImpl.invoke(DelegatingMethodAccessorImpl.java:43)
	at java.lang.reflect.Method.invoke(Method.java:498)
	at com.etao.mytest.deploy.Deploy.execute(Deploy.java:289)
	at com.etao.mytest.processor.DeployProcessor.process(DeployProcessor.java:157)
	at com.etao.mytest.command.Command.execute(Command.java:552)
	at com.etao.mytest.main.TestCase.run(TestCase.java:779)
	at com.etao.mytest.main.MyTest.main(MyTest.java:129)
Caused by: com.mysql.cj.exceptions.CJCommunicationsException: Communications link failure

The last packet sent successfully to the server was 0 milliseconds ago. The driver has not received any packets from the server.
	at sun.reflect.NativeConstructorAccessorImpl.newInstance0(Native Method)
	at sun.reflect.NativeConstructorAccessorImpl.newInstance(NativeConstructorAccessorImpl.java:62)
	at sun.reflect.DelegatingConstructorAccessorImpl.newInstance(DelegatingConstructorAccessorImpl.java:45)
	at java.lang.reflect.Constructor.newInstance(Constructor.java:423)
	at com.mysql.cj.exceptions.ExceptionFactory.createException(ExceptionFactory.java:62)
	at com.mysql.cj.exceptions.ExceptionFactory.createException(ExceptionFactory.java:105)
	at com.mysql.cj.exceptions.ExceptionFactory.createException(ExceptionFactory.java:150)
	at com.mysql.cj.exceptions.ExceptionFactory.createCommunicationsException(ExceptionFactory.java:166)
	at com.mysql.cj.protocol.a.NativeSocketConnection.connect(NativeSocketConnection.java:89)
	at com.mysql.cj.NativeSession.connect(NativeSession.java:121)
	at com.mysql.cj.jdbc.ConnectionImpl.connectOneTryOnly(ConnectionImpl.java:945)
	at com.mysql.cj.jdbc.ConnectionImpl.createNewIO(ConnectionImpl.java:815)
	... 22 more
Caused by: java.net.ConnectException: Connection refused (Connection refused)
	at java.net.PlainSocketImpl.socketConnect(Native Method)
	at java.net.AbstractPlainSocketImpl.doConnect(AbstractPlainSocketImpl.java:350)
	at java.net.AbstractPlainSocketImpl.connectToAddress(AbstractPlainSocketImpl.java:206)
	at java.net.AbstractPlainSocketImpl.connect(AbstractPlainSocketImpl.java:188)
	at java.net.SocksSocketImpl.connect(SocksSocketImpl.java:392)
	at java.net.Socket.connect(Socket.java:607)
	at com.mysql.cj.protocol.StandardSocketFactory.connect(StandardSocketFactory.java:153)
	at com.mysql.cj.protocol.a.NativeSocketConnection.connect(NativeSocketConnection.java:63)
	... 25 more
[2026-10-03 04:27:02.986][WARN ] [Deploy         :298] - execute db_p.select_one_value select count(*) from oceanbase.__all_virtual_server_stat where role = 'PRIMARY' result => null
[2026-10-03 04:27:02.986][WARN ] [OBI            :5348] - expect => 1, actual => null, left timeout => 177, totaltime => 180, file => 90/137, file_percent => 65
[2026-10-03 04:27:03.987][INFO ] [Deploy         :287] - execute db_p.select_one_value select count(*) from oceanbase.__all_virtual_server_stat where role = 'PRIMARY'
[2026-10-03 04:27:03.988][INFO ] [SQLProcessor   :2086] - execute sql => select count(*) from oceanbase.__all_virtual_server_stat where role = 'PRIMARY'
[2026-10-03 04:27:03.990][ERROR] [SQLProcessor   :2096] - user => admin@sys, passwd => admin, jdbcUrl => jdbc:mysql://6.12.232.130:42035/oceanbase?useAffectedRows=true&emulateUnsupportedPstmts=false&characterEncoding=utf8&useServerPrepStmts=false&prepStmtCacheSqlLimit=1000&enableQueryTimeouts=true&useLocalSessionState=false&useLocalTransactionState=false&rewriteBatchedStatements=true&allowMultiQueries=true&socketTimeout=600000
[2026-10-03 04:27:03.991][ERROR] [SQLProcessor   :2098] - execute sql => select count(*) from oceanbase.__all_virtual_server_stat where role = 'PRIMARY' failed
com.mysql.cj.jdbc.exceptions.CommunicationsException: Communications link failure

The last packet sent successfully to the server was 0 milliseconds ago. The driver has not received any packets from the server.
	at com.mysql.cj.jdbc.exceptions.SQLError.createCommunicationsException(SQLError.java:175)
	at com.mysql.cj.jdbc.exceptions.SQLExceptionsMapping.translateException(SQLExceptionsMapping.java:64)
	at com.mysql.cj.jdbc.ConnectionImpl.createNewIO(ConnectionImpl.java:825)
	at com.mysql.cj.jdbc.ConnectionImpl.<init>(ConnectionImpl.java:446)
	at com.mysql.cj.jdbc.ConnectionImpl.getInstance(ConnectionImpl.java:239)
	at com.mysql.cj.jdbc.NonRegisteringDriver.connect(NonRegisteringDriver.java:188)
	at java.sql.DriverManager.getConnection(DriverManager.java:664)
	at java.sql.DriverManager.getConnection(DriverManager.java:247)
	at com.etao.mytest.processor.SQLProcessor.selectGetValue(SQLProcessor.java:2088)
	at com.etao.mytest.deploy.OBI.select_one_value(OBI.java:4540)
	at sun.reflect.NativeMethodAccessorImpl.invoke0(Native Method)
	at sun.reflect.NativeMethodAccessorImpl.invoke(NativeMethodAccessorImpl.java:62)
	at sun.reflect.DelegatingMethodAccessorImpl.invoke(DelegatingMethodAccessorImpl.java:43)
	at java.lang.reflect.Method.invoke(Method.java:498)
	at com.etao.mytest.deploy.Deploy.execute(Deploy.java:289)
	at com.etao.mytest.deploy.OBI.check_until_timeout(OBI.java:5340)
	at sun.reflect.NativeMethodAccessorImpl.invoke0(Native Method)
	at sun.reflect.NativeMethodAccessorImpl.invoke(NativeMethodAccessorImpl.java:62)
	at sun.reflect.DelegatingMethodAccessorImpl.invoke(DelegatingMethodAccessorImpl.java:43)
	at java.lang.reflect.Method.invoke(Method.java:498)
	at com.etao.mytest.deploy.Deploy.execute(Deploy.java:289)
	at com.etao.mytest.processor.DeployProcessor.process(DeployProcessor.java:157)
	at com.etao.mytest.command.Command.execute(Command.java:552)
	at com.etao.mytest.main.TestCase.run(TestCase.java:779)
	at com.etao.mytest.main.MyTest.main(MyTest.java:129)
Caused by: com.mysql.cj.exceptions.CJCommunicationsException: Communications link failure

The last packet sent successfully to the server was 0 milliseconds ago. The driver has not received any packets from the server.
	at sun.reflect.NativeConstructorAccessorImpl.newInstance0(Native Method)
	at sun.reflect.NativeConstructorAccessorImpl.newInstance(NativeConstructorAccessorImpl.java:62)
	at sun.reflect.DelegatingConstructorAccessorImpl.newInstance(DelegatingConstructorAccessorImpl.java:45)
	at java.lang.reflect.Constructor.newInstance(Constructor.java:423)
	at com.mysql.cj.exceptions.ExceptionFactory.createException(ExceptionFactory.java:62)
	at com.mysql.cj.exceptions.ExceptionFactory.createException(ExceptionFactory.java:105)
	at com.mysql.cj.exceptions.ExceptionFactory.createException(ExceptionFactory.java:150)
	at com.mysql.cj.exceptions.ExceptionFactory.createCommunicationsException(ExceptionFactory.java:166)
	at com.mysql.cj.protocol.a.NativeProtocol.readMessage(NativeProtocol.java:582)
	at com.mysql.cj.protocol.a.NativeProtocol.readServerCapabilities(NativeProtocol.java:537)
	at com.mysql.cj.protocol.a.NativeProtocol.beforeHandshake(NativeProtocol.java:424)
	at com.mysql.cj.protocol.a.NativeProtocol.connect(NativeProtocol.java:1428)
	at com.mysql.cj.NativeSession.connect(NativeSession.java:134)
	at com.mysql.cj.jdbc.ConnectionImpl.connectOneTryOnly(ConnectionImpl.java:945)
	at com.mysql.cj.jdbc.ConnectionImpl.createNewIO(ConnectionImpl.java:815)
	... 22 more
Caused by: java.io.EOFException: Can not read response from server. Expected to read 4 bytes, read 0 bytes before connection was unexpectedly lost.
	at com.mysql.cj.protocol.FullReadInputStream.readFully(FullReadInputStream.java:67)
	at com.mysql.cj.protocol.a.SimplePacketReader.readHeaderLocal(SimplePacketReader.java:81)
	at com.mysql.cj.protocol.a.SimplePacketReader.readHeader(SimplePacketReader.java:63)
	at com.mysql.cj.protocol.a.SimplePacketReader.readHeader(SimplePacketReader.java:45)
	at com.mysql.cj.protocol.a.NativeProtocol.readMessage(NativeProtocol.java:576)
	... 28 more
[2026-10-03 04:27:03.991][WARN ] [Deploy         :298] - execute db_p.select_one_value select count(*) from oceanbase.__all_virtual_server_stat where role = 'PRIMARY' result => null
[2026-10-03 04:27:03.992][WARN ] [OBI            :5348] - expect => 1, actual => null, left timeout => 176, totaltime => 180, file => 90/137, file_percent => 65
[2026-10-03 04:27:04.993][INFO ] [Deploy         :287] - execute db_p.select_one_value select count(*) from oceanbase.__all_virtual_server_stat where role = 'PRIMARY'
[2026-10-03 04:27:04.993][INFO ] [SQLProcessor   :2086] - execute sql => select count(*) from oceanbase.__all_virtual_server_stat where role = 'PRIMARY'
[2026-10-03 04:27:05.38][INFO ] [Deploy         :294] - execute db_p.select_one_value select count(*) from oceanbase.__all_virtual_server_stat where role = 'PRIMARY' result => 1
[2026-10-03 04:27:05.39][INFO ] [OBI            :5345] - check success! use time = 5
[2026-10-03 04:27:05.39][INFO ] [Deploy         :294] - execute db_p.check_until_timeout select count(*) from oceanbase.__all_virtual_server_stat where role = 'PRIMARY', 1, 180 result => true
[2026-10-03 04:27:05.39][INFO ] [Command        :353] - start[1790972819962] time[5076] tag[Q_DEPLOY]
[2026-10-03 04:27:05.39][INFO ] [Command        :536] - > LINE => 91, CMD => Q_CONNECT, CONTENT => ob_connect(conn_sys_p2, db_p.z1.obs0, root@sys, , oceanbase, , USE_MYSQL_CONNECTOR)
[2026-10-03 04:27:05.40][INFO ] [SQLProcessor   :1505] - conn_sys_p2 create a physical connection  using jdbc:mysql://6.12.232.130:42035/oceanbase?useAffectedRows=true&emulateUnsupportedPstmts=false&characterEncoding=utf8&useServerPrepStmts=true&prepStmtCacheSqlLimit=1000&enableQueryTimeouts=false&useLocalSessionState=false&useLocalTransactionState=false&rewriteBatchedStatements=true&allowMultiQueries=true&socketTimeout=1800000 user/pwd is root@sys/
[2026-10-03 04:27:05.55][INFO ] [SQLProcessor   :1519] - connection => conn_sys_p2 is mysql mode.
[2026-10-03 04:27:05.55][INFO ] [SQLProcessor   :1522] - put conn: dataid=conn_sys_p2 currentConn=com.mysql.cj.jdbc.ConnectionImpl@548e6d58 hashcode => 1418620248
[2026-10-03 04:27:05.55][INFO ] [Command        :353] - start[1790972825039] time[16] tag[Q_CONNECT]
[2026-10-03 04:27:05.56][INFO ] [Command        :536] - > LINE => 92, CMD => Q_CONNECTION, CONTENT => connection conn_sys_p2
[2026-10-03 04:27:05.56][INFO ] [SQLProcessor   :1128] - use connection => conn_sys_p2 hashcode => 1418620248
[2026-10-03 04:27:05.57][INFO ] [SQLProcessor   :1158] - connection => conn_sys_p2 is mysql mode. conn=com.mysql.cj.jdbc.ConnectionImpl@548e6d58
[2026-10-03 04:27:05.57][INFO ] [Command        :353] - start[1790972825056] time[1] tag[Q_CONNECTION]
[2026-10-03 04:27:05.58][INFO ] [Command        :536] - > LINE => 94, CMD => Q_ENABLE_QUERY_LOG, CONTENT => --enable_query_log
[2026-10-03 04:27:05.58][INFO ] [Command        :353] - start[1790972825058] time[0] tag[Q_ENABLE_QUERY_LOG]
[2026-10-03 04:27:05.58][INFO ] [Command        :536] - > LINE => 95, CMD => Q_ENABLE_RESULT_LOG, CONTENT => --enable_result_log
[2026-10-03 04:27:05.58][INFO ] [Command        :353] - start[1790972825058] time[0] tag[Q_ENABLE_RESULT_LOG]
[2026-10-03 04:27:05.59][INFO ] [Command        :536] - > LINE => 97, CMD => Q_DEPLOY, CONTENT => db_p.mysql_p select 1 from oceanbase.__all_virtual_server_stat where rpc_tls_enabled = 0;
[2026-10-03 04:27:05.59][INFO ] [DeployProcessor:93] - deploy => db_p.mysql_p select 1 from oceanbase.__all_virtual_server_stat where rpc_tls_enabled = 0
[2026-10-03 04:27:05.59][INFO ] [Deploy         :287] - execute db_p.mysql_p select 1 from oceanbase.__all_virtual_server_stat where rpc_tls_enabled = 0
[2026-10-03 04:27:05.59][INFO ] [Deploy         :287] - execute db_p.z1.obs0.mysql_p select 1 from oceanbase.__all_virtual_server_stat where rpc_tls_enabled = 0
[2026-10-03 04:27:05.60][INFO ] [Role           :3304] - sql =>select 1 from oceanbase.__all_virtual_server_stat where rpc_tls_enabled = 0
 will be executed with connection[z1.obs0]admin:admin@6.12.232.130:42035
[2026-10-03 04:27:05.83][INFO ] [Deploy         :294] - execute db_p.z1.obs0.mysql_p select 1 from oceanbase.__all_virtual_server_stat where rpc_tls_enabled = 0 result => 1
1
[2026-10-03 04:27:05.83][INFO ] [Deploy         :294] - execute db_p.mysql_p select 1 from oceanbase.__all_virtual_server_stat where rpc_tls_enabled = 0 result => 1
1
[2026-10-03 04:27:05.83][INFO ] [Command        :353] - start[1790972825059] time[24] tag[Q_DEPLOY]
[2026-10-03 04:27:05.84][INFO ] [Command        :536] - > LINE => 98, CMD => Q_DEPLOY, CONTENT => db_s1.mysql_p select 1 from oceanbase.__all_virtual_server_stat where rpc_cert_expire_time > 0 and rpc_tls_enabled = 1;
[2026-10-03 04:27:05.84][INFO ] [DeployProcessor:93] - deploy => db_s1.mysql_p select 1 from oceanbase.__all_virtual_server_stat where rpc_cert_expire_time > 0 and rpc_tls_enabled = 1
[2026-10-03 04:27:05.84][INFO ] [Deploy         :287] - execute db_s1.mysql_p select 1 from oceanbase.__all_virtual_server_stat where rpc_cert_expire_time > 0 and rpc_tls_enabled = 1
[2026-10-03 04:27:05.84][INFO ] [Deploy         :287] - execute db_s1.z1.obs0.mysql_p select 1 from oceanbase.__all_virtual_server_stat where rpc_cert_expire_time > 0 and rpc_tls_enabled = 1
[2026-10-03 04:27:05.85][INFO ] [Role           :3304] - sql =>select 1 from oceanbase.__all_virtual_server_stat where rpc_cert_expire_time > 0 and rpc_tls_enabled = 1
 will be executed with connection[z1.obs0]admin:admin@6.12.232.130:42036
[2026-10-03 04:27:05.110][INFO ] [Deploy         :294] - execute db_s1.z1.obs0.mysql_p select 1 from oceanbase.__all_virtual_server_stat where rpc_cert_expire_time > 0 and rpc_tls_enabled = 1 result => 1
1
[2026-10-03 04:27:05.110][INFO ] [Deploy         :294] - execute db_s1.mysql_p select 1 from oceanbase.__all_virtual_server_stat where rpc_cert_expire_time > 0 and rpc_tls_enabled = 1 result => 1
1
[2026-10-03 04:27:05.110][INFO ] [Command        :353] - start[1790972825084] time[26] tag[Q_DEPLOY]
[2026-10-03 04:27:05.111][INFO ] [Command        :536] - > LINE => 99, CMD => Q_DEPLOY, CONTENT => db_s2.mysql_p select 1 from oceanbase.__all_virtual_server_stat where rpc_cert_expire_time > 0 and rpc_tls_enabled = 1;
[2026-10-03 04:27:05.111][INFO ] [DeployProcessor:93] - deploy => db_s2.mysql_p select 1 from oceanbase.__all_virtual_server_stat where rpc_cert_expire_time > 0 and rpc_tls_enabled = 1
[2026-10-03 04:27:05.111][INFO ] [Deploy         :287] - execute db_s2.mysql_p select 1 from oceanbase.__all_virtual_server_stat where rpc_cert_expire_time > 0 and rpc_tls_enabled = 1
[2026-10-03 04:27:05.111][INFO ] [Deploy         :287] - execute db_s2.z1.obs0.mysql_p select 1 from oceanbase.__all_virtual_server_stat where rpc_cert_expire_time > 0 and rpc_tls_enabled = 1
[2026-10-03 04:27:05.112][INFO ] [Role           :3304] - sql =>select 1 from oceanbase.__all_virtual_server_stat where rpc_cert_expire_time > 0 and rpc_tls_enabled = 1
 will be executed with connection[z1.obs0]admin:admin@6.12.232.130:42037
[2026-10-03 04:27:05.137][INFO ] [Deploy         :294] - execute db_s2.z1.obs0.mysql_p select 1 from oceanbase.__all_virtual_server_stat where rpc_cert_expire_time > 0 and rpc_tls_enabled = 1 result => 1
1
[2026-10-03 04:27:05.137][INFO ] [Deploy         :294] - execute db_s2.mysql_p select 1 from oceanbase.__all_virtual_server_stat where rpc_cert_expire_time > 0 and rpc_tls_enabled = 1 result => 1
1
[2026-10-03 04:27:05.137][INFO ] [Command        :353] - start[1790972825111] time[26] tag[Q_DEPLOY]
[2026-10-03 04:27:05.138][INFO ] [Command        :536] - > LINE => 101, CMD => Q_DISABLE_QUERY_LOG, CONTENT => --disable_query_log
[2026-10-03 04:27:05.138][INFO ] [Command        :353] - start[1790972825138] time[0] tag[Q_DISABLE_QUERY_LOG]
[2026-10-03 04:27:05.138][INFO ] [Command        :536] - > LINE => 102, CMD => Q_DISABLE_RESULT_LOG, CONTENT => --disable_result_log
[2026-10-03 04:27:05.138][INFO ] [Command        :353] - start[1790972825138] time[0] tag[Q_DISABLE_RESULT_LOG]
[2026-10-03 04:27:05.139][INFO ] [Command        :536] - > LINE => 104, CMD => Q_LET_DEPLOY, CONTENT => $primary_sync_scn_before_reject
[2026-10-03 04:27:05.139][INFO ] [Deploy         :287] - execute db_p.select select sync_scn from oceanbase.__all_virtual_server_stat where role = 'PRIMARY', sync_scn, 1
[2026-10-03 04:27:05.139][INFO ] [SQLProcessor   :2086] - execute sql => select sync_scn from oceanbase.__all_virtual_server_stat where role = 'PRIMARY'
[2026-10-03 04:27:05.149][INFO ] [Deploy         :294] - execute db_p.select select sync_scn from oceanbase.__all_virtual_server_stat where role = 'PRIMARY', sync_scn, 1 result => 1790972826333134681
[2026-10-03 04:27:05.149][INFO ] [Command        :353] - start[1790972825139] time[10] tag[Q_LET_DEPLOY]
[2026-10-03 04:27:05.150][INFO ] [Command        :536] - > LINE => 106, CMD => Q_ENABLE_QUERY_LOG, CONTENT => --enable_query_log
[2026-10-03 04:27:05.150][INFO ] [Command        :353] - start[1790972825150] time[0] tag[Q_ENABLE_QUERY_LOG]
[2026-10-03 04:27:05.150][INFO ] [Command        :536] - > LINE => 107, CMD => Q_ENABLE_RESULT_LOG, CONTENT => --enable_result_log
[2026-10-03 04:27:05.150][INFO ] [Command        :353] - start[1790972825150] time[0] tag[Q_ENABLE_RESULT_LOG]
[2026-10-03 04:27:05.150][INFO ] [Command        :536] - > LINE => 109, CMD => Q_QUERY, CONTENT => insert into test_tls_standby values(2, 200);
[2026-10-03 04:27:05.182][INFO ] [Command        :353] - start[1790972825150] time[31] tag[Q_QUERY]
[2026-10-03 04:27:05.182][INFO ] [Command        :536] - > LINE => 110, CMD => Q_QUERY, CONTENT => select count(*) from test_tls_standby;
[2026-10-03 04:27:05.187][INFO ] [Command        :353] - start[1790972825182] time[4] tag[Q_QUERY]
[2026-10-03 04:27:05.187][INFO ] [Command        :536] - > LINE => 112, CMD => Q_DISABLE_QUERY_LOG, CONTENT => --disable_query_log
[2026-10-03 04:27:05.187][INFO ] [Command        :353] - start[1790972825187] time[0] tag[Q_DISABLE_QUERY_LOG]
[2026-10-03 04:27:05.188][INFO ] [Command        :536] - > LINE => 113, CMD => Q_DISABLE_RESULT_LOG, CONTENT => --disable_result_log
[2026-10-03 04:27:05.188][INFO ] [Command        :353] - start[1790972825188] time[0] tag[Q_DISABLE_RESULT_LOG]
[2026-10-03 04:27:05.188][INFO ] [Command        :536] - > LINE => 115, CMD => Q_QUERY, CONTENT => ALTER SYSTEM MINOR FREEZE;
[2026-10-03 04:27:05.192][INFO ] [Command        :353] - start[1790972825188] time[3] tag[Q_QUERY]
[2026-10-03 04:27:05.192][INFO ] [Command        :536] - > LINE => 117, CMD => Q_DEPLOY, CONTENT => db_p.check_until_timeout select count(*) from oceanbase.__all_virtual_server_stat where role = 'PRIMARY' and sync_scn > $primary_sync_scn_before_reject, 1, 30;
[2026-10-03 04:27:05.194][INFO ] [DeployProcessor:93] - deploy => db_p.check_until_timeout select count(*) from oceanbase.__all_virtual_server_stat where role = 'PRIMARY' and sync_scn > 1790972826333134681, 1, 30
[2026-10-03 04:27:05.194][INFO ] [Deploy         :287] - execute db_p.check_until_timeout select count(*) from oceanbase.__all_virtual_server_stat where role = 'PRIMARY' and sync_scn > 1790972826333134681, 1, 30
[2026-10-03 04:27:05.194][INFO ] [Deploy         :287] - execute db_p.select_one_value select count(*) from oceanbase.__all_virtual_server_stat where role = 'PRIMARY' and sync_scn > 1790972826333134681
[2026-10-03 04:27:05.194][INFO ] [SQLProcessor   :2086] - execute sql => select count(*) from oceanbase.__all_virtual_server_stat where role = 'PRIMARY' and sync_scn > 1790972826333134681
[2026-10-03 04:27:05.205][INFO ] [Deploy         :294] - execute db_p.select_one_value select count(*) from oceanbase.__all_virtual_server_stat where role = 'PRIMARY' and sync_scn > 1790972826333134681 result => 1
[2026-10-03 04:27:05.206][INFO ] [OBI            :5345] - check success! use time = 0
[2026-10-03 04:27:05.206][INFO ] [Deploy         :294] - execute db_p.check_until_timeout select count(*) from oceanbase.__all_virtual_server_stat where role = 'PRIMARY' and sync_scn > 1790972826333134681, 1, 30 result => true
[2026-10-03 04:27:05.206][INFO ] [Command        :353] - start[1790972825193] time[13] tag[Q_DEPLOY]
[2026-10-03 04:27:05.207][INFO ] [Command        :536] - > LINE => 118, CMD => Q_LET_DEPLOY, CONTENT => $primary_end_scn_after
[2026-10-03 04:27:05.207][INFO ] [Deploy         :287] - execute db_p.select select max(end_scn) as end_scn from oceanbase.__all_virtual_log_stat, end_scn, 1
[2026-10-03 04:27:05.208][INFO ] [SQLProcessor   :2086] - execute sql => select max(end_scn) as end_scn from oceanbase.__all_virtual_log_stat
[2026-10-03 04:27:05.222][INFO ] [Deploy         :294] - execute db_p.select select max(end_scn) as end_scn from oceanbase.__all_virtual_log_stat, end_scn, 1 result => 1790972826402176481
[2026-10-03 04:27:05.223][INFO ] [Command        :353] - start[1790972825207] time[16] tag[Q_LET_DEPLOY]
[2026-10-03 04:27:05.223][INFO ] [Command        :536] - > LINE => 119, CMD => Q_LET_DEPLOY, CONTENT => $primary_sync_scn_after
[2026-10-03 04:27:05.223][INFO ] [Deploy         :287] - execute db_p.select select sync_scn from oceanbase.__all_virtual_server_stat where role = 'PRIMARY', sync_scn, 1
[2026-10-03 04:27:05.224][INFO ] [SQLProcessor   :2086] - execute sql => select sync_scn from oceanbase.__all_virtual_server_stat where role = 'PRIMARY'
[2026-10-03 04:27:05.234][INFO ] [Deploy         :294] - execute db_p.select select sync_scn from oceanbase.__all_virtual_server_stat where role = 'PRIMARY', sync_scn, 1 result => 1790972826402176481
[2026-10-03 04:27:05.234][INFO ] [Command        :353] - start[1790972825223] time[10] tag[Q_LET_DEPLOY]
[2026-10-03 04:27:05.234][INFO ] [Command        :536] - > LINE => 121, CMD => Q_ENABLE_QUERY_LOG, CONTENT => --enable_query_log
[2026-10-03 04:27:05.234][INFO ] [Command        :353] - start[1790972825234] time[0] tag[Q_ENABLE_QUERY_LOG]
[2026-10-03 04:27:05.235][INFO ] [Command        :536] - > LINE => 122, CMD => Q_ENABLE_RESULT_LOG, CONTENT => --enable_result_log
[2026-10-03 04:27:05.235][INFO ] [Command        :353] - start[1790972825235] time[0] tag[Q_ENABLE_RESULT_LOG]
[2026-10-03 04:27:05.235][INFO ] [Command        :536] - > LINE => 124, CMD => Q_DEPLOY, CONTENT => db_s1.mysql_p select count(*) from oceanbase.test_tls_standby;
[2026-10-03 04:27:05.236][INFO ] [DeployProcessor:93] - deploy => db_s1.mysql_p select count(*) from oceanbase.test_tls_standby
[2026-10-03 04:27:05.236][INFO ] [Deploy         :287] - execute db_s1.mysql_p select count(*) from oceanbase.test_tls_standby
[2026-10-03 04:27:05.236][INFO ] [Deploy         :287] - execute db_s1.z1.obs0.mysql_p select count(*) from oceanbase.test_tls_standby
[2026-10-03 04:27:05.236][INFO ] [Role           :3304] - sql =>select count(*) from oceanbase.test_tls_standby
 will be executed with connection[z1.obs0]admin:admin@6.12.232.130:42036
[2026-10-03 04:27:05.270][INFO ] [Deploy         :294] - execute db_s1.z1.obs0.mysql_p select count(*) from oceanbase.test_tls_standby result => count(*)
1
[2026-10-03 04:27:05.270][INFO ] [Deploy         :294] - execute db_s1.mysql_p select count(*) from oceanbase.test_tls_standby result => count(*)
1
[2026-10-03 04:27:05.270][INFO ] [Command        :353] - start[1790972825235] time[34] tag[Q_DEPLOY]
[2026-10-03 04:27:05.271][INFO ] [Command        :536] - > LINE => 125, CMD => Q_DEPLOY, CONTENT => db_s2.mysql_p select count(*) from oceanbase.test_tls_standby;
[2026-10-03 04:27:05.271][INFO ] [DeployProcessor:93] - deploy => db_s2.mysql_p select count(*) from oceanbase.test_tls_standby
[2026-10-03 04:27:05.271][INFO ] [Deploy         :287] - execute db_s2.mysql_p select count(*) from oceanbase.test_tls_standby
[2026-10-03 04:27:05.271][INFO ] [Deploy         :287] - execute db_s2.z1.obs0.mysql_p select count(*) from oceanbase.test_tls_standby
[2026-10-03 04:27:05.272][INFO ] [Role           :3304] - sql =>select count(*) from oceanbase.test_tls_standby
 will be executed with connection[z1.obs0]admin:admin@6.12.232.130:42037
[2026-10-03 04:27:05.299][INFO ] [Deploy         :294] - execute db_s2.z1.obs0.mysql_p select count(*) from oceanbase.test_tls_standby result => count(*)
1
[2026-10-03 04:27:05.299][INFO ] [Deploy         :294] - execute db_s2.mysql_p select count(*) from oceanbase.test_tls_standby result => count(*)
1
[2026-10-03 04:27:05.299][INFO ] [Command        :353] - start[1790972825271] time[28] tag[Q_DEPLOY]
[2026-10-03 04:27:05.300][INFO ] [Command        :536] - > LINE => 126, CMD => Q_DEPLOY, CONTENT => db_s1.mysql_p select max(end_scn) < $primary_end_scn_after as log_sync_blocked from oceanbase.__all_virtual_log_stat;
[2026-10-03 04:27:05.301][INFO ] [DeployProcessor:93] - deploy => db_s1.mysql_p select max(end_scn) < 1790972826402176481 as log_sync_blocked from oceanbase.__all_virtual_log_stat
[2026-10-03 04:27:05.302][INFO ] [Deploy         :287] - execute db_s1.mysql_p select max(end_scn) < 1790972826402176481 as log_sync_blocked from oceanbase.__all_virtual_log_stat
[2026-10-03 04:27:05.302][INFO ] [Deploy         :287] - execute db_s1.z1.obs0.mysql_p select max(end_scn) < 1790972826402176481 as log_sync_blocked from oceanbase.__all_virtual_log_stat
[2026-10-03 04:27:05.302][INFO ] [Role           :3304] - sql =>select max(end_scn) < 1790972826402176481 as log_sync_blocked from oceanbase.__all_virtual_log_stat
 will be executed with connection[z1.obs0]admin:admin@6.12.232.130:42036
[2026-10-03 04:27:05.332][INFO ] [Deploy         :294] - execute db_s1.z1.obs0.mysql_p select max(end_scn) < 1790972826402176481 as log_sync_blocked from oceanbase.__all_virtual_log_stat result => log_sync_blocked
1
[2026-10-03 04:27:05.333][INFO ] [Deploy         :294] - execute db_s1.mysql_p select max(end_scn) < 1790972826402176481 as log_sync_blocked from oceanbase.__all_virtual_log_stat result => log_sync_blocked
1
[2026-10-03 04:27:05.333][INFO ] [Command        :353] - start[1790972825300] time[32] tag[Q_DEPLOY]
[2026-10-03 04:27:05.333][INFO ] [Command        :536] - > LINE => 127, CMD => Q_DEPLOY, CONTENT => db_s1.mysql_p select sync_scn < $primary_sync_scn_after as replay_blocked from oceanbase.__all_virtual_server_stat where role = 'STANDBY';
[2026-10-03 04:27:05.335][INFO ] [DeployProcessor:93] - deploy => db_s1.mysql_p select sync_scn < 1790972826402176481 as replay_blocked from oceanbase.__all_virtual_server_stat where role = 'STANDBY'
[2026-10-03 04:27:05.335][INFO ] [Deploy         :287] - execute db_s1.mysql_p select sync_scn < 1790972826402176481 as replay_blocked from oceanbase.__all_virtual_server_stat where role = 'STANDBY'
[2026-10-03 04:27:05.335][INFO ] [Deploy         :287] - execute db_s1.z1.obs0.mysql_p select sync_scn < 1790972826402176481 as replay_blocked from oceanbase.__all_virtual_server_stat where role = 'STANDBY'
[2026-10-03 04:27:05.335][INFO ] [Role           :3304] - sql =>select sync_scn < 1790972826402176481 as replay_blocked from oceanbase.__all_virtual_server_stat where role = 'STANDBY'
 will be executed with connection[z1.obs0]admin:admin@6.12.232.130:42036
[2026-10-03 04:27:05.363][INFO ] [Deploy         :294] - execute db_s1.z1.obs0.mysql_p select sync_scn < 1790972826402176481 as replay_blocked from oceanbase.__all_virtual_server_stat where role = 'STANDBY' result => replay_blocked
1
[2026-10-03 04:27:05.363][INFO ] [Deploy         :294] - execute db_s1.mysql_p select sync_scn < 1790972826402176481 as replay_blocked from oceanbase.__all_virtual_server_stat where role = 'STANDBY' result => replay_blocked
1
[2026-10-03 04:27:05.363][INFO ] [Command        :353] - start[1790972825333] time[29] tag[Q_DEPLOY]
[2026-10-03 04:27:05.364][INFO ] [Command        :536] - > LINE => 129, CMD => Q_ECHO, CONTENT => Case 2 completed: TLS standby client is rejected by plaintext source
[2026-10-03 04:27:05.364][INFO ] [Command        :353] - start[1790972825364] time[0] tag[Q_ECHO]
[2026-10-03 04:27:05.364][INFO ] [Command        :536] - > LINE => 134, CMD => Q_ECHO, CONTENT => ========== Test Summary ==========
[2026-10-03 04:27:05.365][INFO ] [Command        :353] - start[1790972825364] time[0] tag[Q_ECHO]
[2026-10-03 04:27:05.365][INFO ] [Command        :536] - > LINE => 135, CMD => Q_ECHO, CONTENT => TLS standby cases completed successfully:
[2026-10-03 04:27:05.365][INFO ] [Command        :353] - start[1790972825365] time[0] tag[Q_ECHO]
[2026-10-03 04:27:05.365][INFO ] [Command        :536] - > LINE => 136, CMD => Q_ECHO, CONTENT => 1. Cascade standby can bootstrap and sync through TLS: PASSED
[2026-10-03 04:27:05.365][INFO ] [Command        :353] - start[1790972825365] time[0] tag[Q_ECHO]
[2026-10-03 04:27:05.366][INFO ] [Command        :536] - > LINE => 137, CMD => Q_ECHO, CONTENT => 2. TLS standby client is rejected after source disables TLS: PASSED
[2026-10-03 04:27:05.366][INFO ] [Command        :353] - start[1790972825366] time[0] tag[Q_ECHO]
[2026-10-03 04:27:05.372][INFO ] [TestCase       :832] - test success
[2026-10-03 04:27:05.372][INFO ] [MyTest         :151] - cost ts 110s exitcode 0
Shutdown hook ran!
